tick,phase,signal,channel,activity
0,waking,visual,0,0.0
0,waking,visual,1,0.0
0,waking,visual,2,0.0
0,waking,visual,3,0.0
0,waking,visual,4,0.0
0,waking,visual,5,0.0
0,waking,visual,6,0.0
0,waking,visual,7,0.0
0,waking,visual,8,0.5333333333333333
0,waking,visual,9,0.0
0,waking,visual,10,0.75
0,waking,visual,11,0.0
0,waking,visual,12,0.0
0,waking,visual,13,0.0
0,waking,visual,14,0.0
0,waking,visual,15,0.0
0,waking,visual,16,0.0
0,waking,visual,17,0.0
0,waking,visual,18,0.0
0,waking,visual,19,0.0
0,waking,visual,20,0.0
0,waking,visual,21,0.0
0,waking,visual,22,0.4033333333333333
0,waking,visual,23,0.0
0,waking,visual,24,0.0
0,waking,visual,25,0.36999999999999994
0,waking,visual,26,0.0
0,waking,visual,27,0.0
0,waking,visual,28,0.0
0,waking,visual,29,0.0
0,waking,visual,30,0.0
0,waking,visual,31,0.0
0,waking,visual,32,0.0
0,waking,visual,33,0.0
0,waking,visual,34,0.0
0,waking,visual,35,0.0
0,waking,visual,36,0.0
0,waking,visual,37,0.0
0,waking,visual,38,0.0
0,waking,visual,39,0.0
0,waking,visual,40,0.0
0,waking,visual,41,0.0
0,waking,visual,42,0.0
0,waking,visual,43,0.0
0,waking,visual,44,0.0
0,waking,visual,45,0.0
0,waking,visual,46,0.0
0,waking,visual,47,0.0
0,waking,visual,48,0.0
0,waking,visual,49,0.0
0,waking,visual,50,0.0
0,waking,visual,51,0.0
0,waking,visual,52,0.0
0,waking,visual,53,0.0
0,waking,visual,54,0.0
0,waking,visual,55,0.0
0,waking,visual,56,0.0
0,waking,visual,57,0.0
0,waking,visual,58,0.0
0,waking,visual,59,0.0
0,waking,visual,60,0.75
0,waking,visual,61,0.1
0,waking,visual,62,0.75
0,waking,visual,63,0.0
0,waking,visual,64,0.0
0,waking,visual,65,0.0
0,waking,visual,66,0.65
0,waking,visual,67,0.95
0,waking,visual,68,0.65
0,waking,visual,69,0.0
0,waking,visual,70,0.0
0,waking,visual,71,0.0
0,waking,visual,72,0.0
0,waking,visual,73,0.0
0,waking,visual,74,0.0
0,waking,visual,75,0.0
0,waking,visual,76,0.0
0,waking,visual,77,0.0
0,waking,visual,78,0.0
0,waking,visual,79,0.0
0,waking,visual,80,0.0
0,waking,visual,81,0.0
0,waking,visual,82,0.0
0,waking,visual,83,0.0
0,waking,visual,84,0.0
0,waking,visual,85,0.0
0,waking,visual,86,0.0
0,waking,visual,87,0.0
0,waking,visual,88,0.0
0,waking,visual,89,0.0
0,waking,visual,90,0.0
0,waking,visual,91,0.0
0,waking,visual,92,0.0
0,waking,visual,93,0.0
0,waking,visual,94,0.0
0,waking,visual,95,0.0
0,waking,visual,96,0.0
0,waking,visual,97,0.0
0,waking,visual,98,0.0
0,waking,visual,99,0.0
0,waking,visual,100,0.0
0,waking,visual,101,0.0
0,waking,visual,102,0.08
0,waking,visual,103,0.18
0,waking,visual,104,0.95
0,waking,visual,105,0.0
0,waking,visual,106,0.0
0,waking,visual,107,0.0
0,waking,visual,108,0.0
0,waking,visual,109,0.0
0,waking,visual,110,0.0
0,waking,visual,111,0.95
0,waking,visual,112,0.08
0,waking,visual,113,0.08
0,waking,visual,114,0.0
0,waking,visual,115,0.0
0,waking,visual,116,0.0
0,waking,visual,117,0.0
0,waking,visual,118,0.0
0,waking,visual,119,0.0
0,waking,visual,120,0.0
0,waking,visual,121,0.0
0,waking,visual,122,0.0
0,waking,visual,123,0.0
0,waking,visual,124,0.0
0,waking,visual,125,0.0
0,waking,visual,126,0.0
0,waking,visual,127,0.0
0,waking,visual,128,0.0
0,waking,visual,129,0.0
0,waking,visual,130,0.0
0,waking,visual,131,0.0
0,waking,visual,132,0.0
0,waking,visual,133,0.0
0,waking,visual,134,0.0
0,waking,visual,135,0.0
0,waking,visual,136,0.0
0,waking,visual,137,0.0
0,waking,visual,138,0.0
0,waking,visual,139,0.0
0,waking,visual,140,0.0
0,waking,visual,141,0.0
0,waking,visual,142,0.0
0,waking,visual,143,0.0
0,waking,visual,144,0.0
0,waking,visual,145,0.0
0,waking,visual,146,0.0
0,waking,visual,147,0.0
0,waking,visual,148,0.0
0,waking,visual,149,0.0
0,waking,visual,150,0.0
0,waking,visual,151,0.0
0,waking,visual,152,0.5333333333333333
0,waking,visual,153,0.0
0,waking,visual,154,0.75
0,waking,visual,155,0.0
0,waking,visual,156,0.0
0,waking,visual,157,0.0
0,waking,visual,158,0.0
0,waking,visual,159,0.0
0,waking,visual,160,0.0
0,waking,visual,161,0.0
0,waking,visual,162,0.0
0,waking,visual,163,0.0
0,waking,visual,164,0.0
0,waking,visual,165,0.0
0,waking,visual,166,0.4033333333333333
0,waking,visual,167,0.0
0,waking,visual,168,0.0
0,waking,visual,169,0.36999999999999994
0,waking,visual,170,0.0
0,waking,visual,171,0.0
0,waking,visual,172,0.0
0,waking,visual,173,0.0
0,waking,visual,174,0.0
0,waking,visual,175,0.0
0,waking,visual,176,0.0
0,waking,visual,177,0.0
0,waking,visual,178,0.0
0,waking,visual,179,0.0
0,waking,audio,0,0.2802312688166161
0,waking,audio,1,0.14068895537948511
0,waking,audio,2,0.2621541799427964
0,waking,audio,3,0.16212714665643685
0,waking,audio,4,0.23174213725919662
0,waking,audio,5,0.14621794454861703
0,waking,audio,6,0.23402918322859292
0,waking,audio,7,0.052845299438714535
0,waking,audio,8,0.2802312688166161
0,waking,audio,9,0.14068895537948511
0,waking,audio,10,0.2621541799427964
0,waking,audio,11,0.16212714665643685
0,waking,audio,12,0.23174213725919662
0,waking,audio,13,0.14621794454861703
0,waking,audio,14,0.23402918322859292
0,waking,audio,15,0.052845299438714535
0,waking,proprioceptive,0,0.5
0,waking,proprioceptive,1,0.5
0,waking,proprioceptive,2,0.0
0,waking,proprioceptive,3,0.0
0,waking,proprioceptive,4,0.0
0,waking,proprioceptive,5,0.5
0,waking,prediction,0,0.0
0,waking,prediction,1,0.0
0,waking,prediction,2,0.0
0,waking,prediction,3,0.0
0,waking,prediction,4,0.0
0,waking,prediction,5,0.0
0,waking,prediction,6,0.0
0,waking,prediction,7,0.0
0,waking,prediction,8,0.005858755703954378
0,waking,prediction,9,0.0
0,waking,prediction,10,0.00823284780850659
0,waking,prediction,11,0.0
0,waking,prediction,12,0.0
0,waking,prediction,13,0.0
0,waking,prediction,14,0.0
0,waking,prediction,15,0.0
0,waking,prediction,16,0.0
0,waking,prediction,17,0.0
0,waking,prediction,18,0.0
0,waking,prediction,19,0.0
0,waking,prediction,20,0.0
0,waking,prediction,21,0.0
0,waking,prediction,22,0.0037102223593777845
0,waking,prediction,23,0.0
0,waking,prediction,24,0.0
0,waking,prediction,25,0.0034018207898256067
0,waking,prediction,26,0.0
0,waking,prediction,27,0.0
0,waking,prediction,28,0.0
0,waking,prediction,29,0.0
0,waking,prediction,30,0.0
0,waking,prediction,31,0.0
0,waking,prediction,32,0.0
0,waking,prediction,33,0.0
0,waking,prediction,34,0.0
0,waking,prediction,35,0.0
0,waking,emotion,0,0.13863965168413592
0,waking,emotion,1,0.10042416417340203
0,waking,emotion,2,0.1533148725237083
0,waking,action,0,0.0035969190424283313
0,waking,action,1,0.0
0,waking,action,2,0.007280596560114513
0,waking,action,3,0.0
0,waking,action,4,0.0
0,waking,action,5,0.72
1,waking,visual,0,0.0
1,waking,visual,1,0.0
1,waking,visual,2,0.0
1,waking,visual,3,0.0
1,waking,visual,4,0.0
1,waking,visual,5,0.0
1,waking,visual,6,0.0
1,waking,visual,7,0.0
1,waking,visual,8,0.5333333333333333
1,waking,visual,9,0.0
1,waking,visual,10,0.75
1,waking,visual,11,0.0
1,waking,visual,12,0.0
1,waking,visual,13,0.0
1,waking,visual,14,0.0
1,waking,visual,15,0.0
1,waking,visual,16,0.0
1,waking,visual,17,0.0
1,waking,visual,18,0.0
1,waking,visual,19,0.0
1,waking,visual,20,0.0
1,waking,visual,21,0.0
1,waking,visual,22,0.4033333333333333
1,waking,visual,23,0.0
1,waking,visual,24,0.0
1,waking,visual,25,0.36999999999999994
1,waking,visual,26,0.0
1,waking,visual,27,0.0
1,waking,visual,28,0.0
1,waking,visual,29,0.0
1,waking,visual,30,0.0
1,waking,visual,31,0.0
1,waking,visual,32,0.0
1,waking,visual,33,0.0
1,waking,visual,34,0.0
1,waking,visual,35,0.0
1,waking,visual,36,0.0
1,waking,visual,37,0.0
1,waking,visual,38,0.0
1,waking,visual,39,0.0
1,waking,visual,40,0.0
1,waking,visual,41,0.0
1,waking,visual,42,0.0
1,waking,visual,43,0.0
1,waking,visual,44,0.0
1,waking,visual,45,0.0
1,waking,visual,46,0.0
1,waking,visual,47,0.0
1,waking,visual,48,0.0
1,waking,visual,49,0.0
1,waking,visual,50,0.0
1,waking,visual,51,0.0
1,waking,visual,52,0.0
1,waking,visual,53,0.0
1,waking,visual,54,0.0
1,waking,visual,55,0.0
1,waking,visual,56,0.0
1,waking,visual,57,0.0
1,waking,visual,58,0.0
1,waking,visual,59,0.0
1,waking,visual,60,0.75
1,waking,visual,61,0.1
1,waking,visual,62,0.75
1,waking,visual,63,0.0
1,waking,visual,64,0.0
1,waking,visual,65,0.0
1,waking,visual,66,0.65
1,waking,visual,67,0.95
1,waking,visual,68,0.65
1,waking,visual,69,0.0
1,waking,visual,70,0.0
1,waking,visual,71,0.0
1,waking,visual,72,0.0
1,waking,visual,73,0.0
1,waking,visual,74,0.0
1,waking,visual,75,0.0
1,waking,visual,76,0.0
1,waking,visual,77,0.0
1,waking,visual,78,0.0
1,waking,visual,79,0.0
1,waking,visual,80,0.0
1,waking,visual,81,0.0
1,waking,visual,82,0.0
1,waking,visual,83,0.0
1,waking,visual,84,0.0
1,waking,visual,85,0.0
1,waking,visual,86,0.0
1,waking,visual,87,0.0
1,waking,visual,88,0.0
1,waking,visual,89,0.0
1,waking,visual,90,0.0
1,waking,visual,91,0.0
1,waking,visual,92,0.0
1,waking,visual,93,0.0
1,waking,visual,94,0.0
1,waking,visual,95,0.0
1,waking,visual,96,0.0
1,waking,visual,97,0.0
1,waking,visual,98,0.0
1,waking,visual,99,0.0
1,waking,visual,100,0.0
1,waking,visual,101,0.0
1,waking,visual,102,0.08
1,waking,visual,103,0.18
1,waking,visual,104,0.95
1,waking,visual,105,0.0
1,waking,visual,106,0.0
1,waking,visual,107,0.0
1,waking,visual,108,0.0
1,waking,visual,109,0.0
1,waking,visual,110,0.0
1,waking,visual,111,0.95
1,waking,visual,112,0.08
1,waking,visual,113,0.08
1,waking,visual,114,0.0
1,waking,visual,115,0.0
1,waking,visual,116,0.0
1,waking,visual,117,0.0
1,waking,visual,118,0.0
1,waking,visual,119,0.0
1,waking,visual,120,0.0
1,waking,visual,121,0.0
1,waking,visual,122,0.0
1,waking,visual,123,0.0
1,waking,visual,124,0.0
1,waking,visual,125,0.0
1,waking,visual,126,0.0
1,waking,visual,127,0.0
1,waking,visual,128,0.0
1,waking,visual,129,0.0
1,waking,visual,130,0.0
1,waking,visual,131,0.0
1,waking,visual,132,0.0
1,waking,visual,133,0.0
1,waking,visual,134,0.0
1,waking,visual,135,0.0
1,waking,visual,136,0.0
1,waking,visual,137,0.0
1,waking,visual,138,0.0
1,waking,visual,139,0.0
1,waking,visual,140,0.0
1,waking,visual,141,0.0
1,waking,visual,142,0.0
1,waking,visual,143,0.0
1,waking,visual,144,0.0
1,waking,visual,145,0.0
1,waking,visual,146,0.0
1,waking,visual,147,0.0
1,waking,visual,148,0.0
1,waking,visual,149,0.0
1,waking,visual,150,0.0
1,waking,visual,151,0.0
1,waking,visual,152,0.0
1,waking,visual,153,0.0
1,waking,visual,154,0.0
1,waking,visual,155,0.0
1,waking,visual,156,0.0
1,waking,visual,157,0.0
1,waking,visual,158,0.0
1,waking,visual,159,0.0
1,waking,visual,160,0.0
1,waking,visual,161,0.0
1,waking,visual,162,0.0
1,waking,visual,163,0.0
1,waking,visual,164,0.0
1,waking,visual,165,0.0
1,waking,visual,166,0.0
1,waking,visual,167,0.0
1,waking,visual,168,0.0
1,waking,visual,169,0.0
1,waking,visual,170,0.0
1,waking,visual,171,0.0
1,waking,visual,172,0.0
1,waking,visual,173,0.0
1,waking,visual,174,0.0
1,waking,visual,175,0.0
1,waking,visual,176,0.0
1,waking,visual,177,0.0
1,waking,visual,178,0.0
1,waking,visual,179,0.0
1,waking,audio,0,0.285584370493794
1,waking,audio,1,0.14208058268400398
1,waking,audio,2,0.2598581911642413
1,waking,audio,3,0.16180634076791822
1,waking,audio,4,0.2323386174055191
1,waking,audio,5,0.1453508667181255
1,waking,audio,6,0.23179719047999164
1,waking,audio,7,0.05234130107612715
1,waking,audio,8,0.005353101677177896
1,waking,audio,9,0.001391627304518861
1,waking,audio,10,0.0022959887785550803
1,waking,audio,11,0.0003208058885186271
1,waking,audio,12,0.0005964801463224645
1,waking,audio,13,0.0008670778304915305
1,waking,audio,14,0.0022319927486012803
1,waking,audio,15,0.0005039983625873823
1,waking,proprioceptive,0,0.5
1,waking,proprioceptive,1,0.7800000000000007
1,waking,proprioceptive,2,0.5600000000000015
1,waking,proprioceptive,3,0.72
1,waking,proprioceptive,4,0.0
1,waking,proprioceptive,5,0.584591174533498
1,waking,prediction,0,0.0
1,waking,prediction,1,0.0
1,waking,prediction,2,0.0
1,waking,prediction,3,0.0
1,waking,prediction,4,0.0
1,waking,prediction,5,0.0
1,waking,prediction,6,0.0
1,waking,prediction,7,0.0
1,waking,prediction,8,0.014824498330205757
1,waking,prediction,9,0.0
1,waking,prediction,10,0.019693000918622583
1,waking,prediction,11,0.0
1,waking,prediction,12,0.0
1,waking,prediction,13,0.0
1,waking,prediction,14,0.0
1,waking,prediction,15,0.0
1,waking,prediction,16,0.0
1,waking,prediction,17,0.0
1,waking,prediction,18,0.0
1,waking,prediction,19,0.0
1,waking,prediction,20,0.0
1,waking,prediction,21,0.0
1,waking,prediction,22,0.009155842366900844
1,waking,prediction,23,0.0
1,waking,prediction,24,0.0
1,waking,prediction,25,0.008912605402195507
1,waking,prediction,26,0.0
1,waking,prediction,27,0.0
1,waking,prediction,28,0.0
1,waking,prediction,29,0.0
1,waking,prediction,30,0.0
1,waking,prediction,31,0.0
1,waking,prediction,32,0.0
1,waking,prediction,33,0.0
1,waking,prediction,34,0.0
1,waking,prediction,35,0.0
1,waking,emotion,0,0.2760571984779039
1,waking,emotion,1,0.16093051199232264
1,waking,emotion,2,0.3252108059025721
1,waking,action,0,0.006798545757593945
1,waking,action,1,0.0
1,waking,action,2,0.009627589100306425
1,waking,action,3,0.0
1,waking,action,4,0.1359784043830804
1,waking,action,5,0.7139245634746474
2,waking,visual,0,0.0
2,waking,visual,1,0.0
2,waking,visual,2,0.0
2,waking,visual,3,0.0
2,waking,visual,4,0.0
2,waking,visual,5,0.0
2,waking,visual,6,0.0
2,waking,visual,7,0.0
2,waking,visual,8,0.5333333333333333
2,waking,visual,9,0.0
2,waking,visual,10,0.75
2,waking,visual,11,0.0
2,waking,visual,12,0.0
2,waking,visual,13,0.0
2,waking,visual,14,0.0
2,waking,visual,15,0.0
2,waking,visual,16,0.0
2,waking,visual,17,0.0
2,waking,visual,18,0.0
2,waking,visual,19,0.0
2,waking,visual,20,0.0
2,waking,visual,21,0.0
2,waking,visual,22,0.4033333333333333
2,waking,visual,23,0.0
2,waking,visual,24,0.0
2,waking,visual,25,0.36999999999999994
2,waking,visual,26,0.0
2,waking,visual,27,0.0
2,waking,visual,28,0.0
2,waking,visual,29,0.0
2,waking,visual,30,0.0
2,waking,visual,31,0.0
2,waking,visual,32,0.0
2,waking,visual,33,0.0
2,waking,visual,34,0.0
2,waking,visual,35,0.0
2,waking,visual,36,0.0
2,waking,visual,37,0.0
2,waking,visual,38,0.0
2,waking,visual,39,0.0
2,waking,visual,40,0.0
2,waking,visual,41,0.0
2,waking,visual,42,0.0
2,waking,visual,43,0.0
2,waking,visual,44,0.0
2,waking,visual,45,0.0
2,waking,visual,46,0.0
2,waking,visual,47,0.0
2,waking,visual,48,0.0
2,waking,visual,49,0.0
2,waking,visual,50,0.0
2,waking,visual,51,0.0
2,waking,visual,52,0.0
2,waking,visual,53,0.0
2,waking,visual,54,0.0
2,waking,visual,55,0.0
2,waking,visual,56,0.0
2,waking,visual,57,0.0
2,waking,visual,58,0.0
2,waking,visual,59,0.0
2,waking,visual,60,0.75
2,waking,visual,61,0.1
2,waking,visual,62,0.75
2,waking,visual,63,0.0
2,waking,visual,64,0.0
2,waking,visual,65,0.0
2,waking,visual,66,0.65
2,waking,visual,67,0.95
2,waking,visual,68,0.65
2,waking,visual,69,0.0
2,waking,visual,70,0.0
2,waking,visual,71,0.0
2,waking,visual,72,0.0
2,waking,visual,73,0.0
2,waking,visual,74,0.0
2,waking,visual,75,0.0
2,waking,visual,76,0.0
2,waking,visual,77,0.0
2,waking,visual,78,0.0
2,waking,visual,79,0.0
2,waking,visual,80,0.0
2,waking,visual,81,0.0
2,waking,visual,82,0.0
2,waking,visual,83,0.0
2,waking,visual,84,0.0
2,waking,visual,85,0.0
2,waking,visual,86,0.0
2,waking,visual,87,0.0
2,waking,visual,88,0.0
2,waking,visual,89,0.0
2,waking,visual,90,0.0
2,waking,visual,91,0.0
2,waking,visual,92,0.0
2,waking,visual,93,0.0
2,waking,visual,94,0.0
2,waking,visual,95,0.0
2,waking,visual,96,0.0
2,waking,visual,97,0.0
2,waking,visual,98,0.0
2,waking,visual,99,0.0
2,waking,visual,100,0.0
2,waking,visual,101,0.0
2,waking,visual,102,0.08
2,waking,visual,103,0.18
2,waking,visual,104,0.95
2,waking,visual,105,0.0
2,waking,visual,106,0.0
2,waking,visual,107,0.0
2,waking,visual,108,0.0
2,waking,visual,109,0.0
2,waking,visual,110,0.0
2,waking,visual,111,0.95
2,waking,visual,112,0.08
2,waking,visual,113,0.08
2,waking,visual,114,0.0
2,waking,visual,115,0.0
2,waking,visual,116,0.0
2,waking,visual,117,0.0
2,waking,visual,118,0.0
2,waking,visual,119,0.0
2,waking,visual,120,0.0
2,waking,visual,121,0.0
2,waking,visual,122,0.0
2,waking,visual,123,0.0
2,waking,visual,124,0.0
2,waking,visual,125,0.0
2,waking,visual,126,0.0
2,waking,visual,127,0.0
2,waking,visual,128,0.0
2,waking,visual,129,0.0
2,waking,visual,130,0.0
2,waking,visual,131,0.0
2,waking,visual,132,0.0
2,waking,visual,133,0.0
2,waking,visual,134,0.0
2,waking,visual,135,0.0
2,waking,visual,136,0.0
2,waking,visual,137,0.0
2,waking,visual,138,0.0
2,waking,visual,139,0.0
2,waking,visual,140,0.0
2,waking,visual,141,0.0
2,waking,visual,142,0.0
2,waking,visual,143,0.0
2,waking,visual,144,0.0
2,waking,visual,145,0.0
2,waking,visual,146,0.0
2,waking,visual,147,0.0
2,waking,visual,148,0.0
2,waking,visual,149,0.0
2,waking,visual,150,0.0
2,waking,visual,151,0.0
2,waking,visual,152,0.0
2,waking,visual,153,0.0
2,waking,visual,154,0.0
2,waking,visual,155,0.0
2,waking,visual,156,0.0
2,waking,visual,157,0.0
2,waking,visual,158,0.0
2,waking,visual,159,0.0
2,waking,visual,160,0.0
2,waking,visual,161,0.0
2,waking,visual,162,0.0
2,waking,visual,163,0.0
2,waking,visual,164,0.0
2,waking,visual,165,0.0
2,waking,visual,166,0.0
2,waking,visual,167,0.0
2,waking,visual,168,0.0
2,waking,visual,169,0.0
2,waking,visual,170,0.0
2,waking,visual,171,0.0
2,waking,visual,172,0.0
2,waking,visual,173,0.0
2,waking,visual,174,0.0
2,waking,visual,175,0.0
2,waking,visual,176,0.0
2,waking,visual,177,0.0
2,waking,visual,178,0.0
2,waking,visual,179,0.0
2,waking,audio,0,0.29145124441270914
2,waking,audio,1,0.1437507879246153
2,waking,audio,2,0.25816044012827033
2,waking,audio,3,0.1618366288870705
2,waking,audio,4,0.2334199657844252
2,waking,audio,5,0.14477799138739747
2,waking,audio,6,0.2300305871432388
2,waking,audio,7,0.05194239064524747
2,waking,audio,8,0.005866873918915161
2,waking,audio,9,0.0016702052406113166
2,waking,audio,10,0.0016977510359709735
2,waking,audio,11,3.0288119152288573e-05
2,waking,audio,12,0.0010813483789061107
2,waking,audio,13,0.0005728753307280288
2,waking,audio,14,0.0017666033367528533
2,waking,audio,15,0.0003989104308796815
2,waking,proprioceptive,0,0.5528804905934206
2,waking,proprioceptive,1,0.7776373302401403
2,waking,proprioceptive,2,0.5652568740962771
2,waking,proprioceptive,3,0.7267588381237853
2,waking,proprioceptive,4,0.0
2,waking,proprioceptive,5,0.6667435460704072
2,waking,prediction,0,0.0
2,waking,prediction,1,0.0
2,waking,prediction,2,0.0
2,waking,prediction,3,0.0
2,waking,prediction,4,0.0
2,waking,prediction,5,0.0
2,waking,prediction,6,0.0
2,waking,prediction,7,0.0
2,waking,prediction,8,0.024148324788601273
2,waking,prediction,9,0.0
2,waking,prediction,10,0.030361259544769443
2,waking,prediction,11,1.8595647212779878e-05
2,waking,prediction,12,0.0
2,waking,prediction,13,0.0
2,waking,prediction,14,0.0
2,waking,prediction,15,0.0
2,waking,prediction,16,0.0
2,waking,prediction,17,0.0
2,waking,prediction,18,0.0
2,waking,prediction,19,0.0
2,waking,prediction,20,0.0
2,waking,prediction,21,0.0
2,waking,prediction,22,0.01387004945917302
2,waking,prediction,23,0.0
2,waking,prediction,24,0.0
2,waking,prediction,25,0.014560066037907732
2,waking,prediction,26,0.0
2,waking,prediction,27,0.0
2,waking,prediction,28,0.0
2,waking,prediction,29,0.0
2,waking,prediction,30,0.0
2,waking,prediction,31,0.0
2,waking,prediction,32,0.0
2,waking,prediction,33,0.0
2,waking,prediction,34,0.0
2,waking,prediction,35,0.0
2,waking,emotion,0,0.3620684597187418
2,waking,emotion,1,0.20308605935701707
2,waking,emotion,2,0.44298042702867824
2,waking,action,0,0.01007287407552775
2,waking,action,1,0.0
2,waking,action,2,0.008188352577201874
2,waking,action,3,0.0013663701364861646
2,waking,action,4,0.26706273797734753
2,waking,action,5,0.6958007842568494
3,waking,visual,0,0.0
3,waking,visual,1,0.0
3,waking,visual,2,0.0
3,waking,visual,3,0.0
3,waking,visual,4,0.0
3,waking,visual,5,0.0
3,waking,visual,6,0.0
3,waking,visual,7,0.0
3,waking,visual,8,0.5333333333333333
3,waking,visual,9,0.0
3,waking,visual,10,0.75
3,waking,visual,11,0.0
3,waking,visual,12,0.0
3,waking,visual,13,0.0
3,waking,visual,14,0.0
3,waking,visual,15,0.0
3,waking,visual,16,0.0
3,waking,visual,17,0.0
3,waking,visual,18,0.0
3,waking,visual,19,0.0
3,waking,visual,20,0.0
3,waking,visual,21,0.0
3,waking,visual,22,0.0
3,waking,visual,23,0.0
3,waking,visual,24,0.0
3,waking,visual,25,0.36999999999999994
3,waking,visual,26,0.0
3,waking,visual,27,0.0
3,waking,visual,28,0.4033333333333333
3,waking,visual,29,0.0
3,waking,visual,30,0.0
3,waking,visual,31,0.0
3,waking,visual,32,0.0
3,waking,visual,33,0.0
3,waking,visual,34,0.0
3,waking,visual,35,0.0
3,waking,visual,36,0.0
3,waking,visual,37,0.0
3,waking,visual,38,0.0
3,waking,visual,39,0.0
3,waking,visual,40,0.0
3,waking,visual,41,0.0
3,waking,visual,42,0.0
3,waking,visual,43,0.0
3,waking,visual,44,0.0
3,waking,visual,45,0.0
3,waking,visual,46,0.0
3,waking,visual,47,0.0
3,waking,visual,48,0.0
3,waking,visual,49,0.0
3,waking,visual,50,0.0
3,waking,visual,51,0.0
3,waking,visual,52,0.0
3,waking,visual,53,0.0
3,waking,visual,54,0.0
3,waking,visual,55,0.0
3,waking,visual,56,0.0
3,waking,visual,57,0.0
3,waking,visual,58,0.0
3,waking,visual,59,0.0
3,waking,visual,60,0.75
3,waking,visual,61,0.1
3,waking,visual,62,0.75
3,waking,visual,63,0.0
3,waking,visual,64,0.0
3,waking,visual,65,0.0
3,waking,visual,66,0.65
3,waking,visual,67,0.95
3,waking,visual,68,0.65
3,waking,visual,69,0.0
3,waking,visual,70,0.0
3,waking,visual,71,0.0
3,waking,visual,72,0.0
3,waking,visual,73,0.0
3,waking,visual,74,0.0
3,waking,visual,75,0.0
3,waking,visual,76,0.0
3,waking,visual,77,0.0
3,waking,visual,78,0.0
3,waking,visual,79,0.0
3,waking,visual,80,0.0
3,waking,visual,81,0.0
3,waking,visual,82,0.0
3,waking,visual,83,0.0
3,waking,visual,84,0.0
3,waking,visual,85,0.0
3,waking,visual,86,0.0
3,waking,visual,87,0.0
3,waking,visual,88,0.0
3,waking,visual,89,0.0
3,waking,visual,90,0.0
3,waking,visual,91,0.0
3,waking,visual,92,0.0
3,waking,visual,93,0.0
3,waking,visual,94,0.0
3,waking,visual,95,0.0
3,waking,visual,96,0.0
3,waking,visual,97,0.0
3,waking,visual,98,0.0
3,waking,visual,99,0.0
3,waking,visual,100,0.0
3,waking,visual,101,0.0
3,waking,visual,102,0.0
3,waking,visual,103,0.0
3,waking,visual,104,0.0
3,waking,visual,105,0.0
3,waking,visual,106,0.0
3,waking,visual,107,0.0
3,waking,visual,108,0.0
3,waking,visual,109,0.0
3,waking,visual,110,0.0
3,waking,visual,111,0.95
3,waking,visual,112,0.08
3,waking,visual,113,0.08
3,waking,visual,114,0.0
3,waking,visual,115,0.0
3,waking,visual,116,0.0
3,waking,visual,117,0.0
3,waking,visual,118,0.0
3,waking,visual,119,0.0
3,waking,visual,120,0.08
3,waking,visual,121,0.18
3,waking,visual,122,0.95
3,waking,visual,123,0.0
3,waking,visual,124,0.0
3,waking,visual,125,0.0
3,waking,visual,126,0.0
3,waking,visual,127,0.0
3,waking,visual,128,0.0
3,waking,visual,129,0.0
3,waking,visual,130,0.0
3,waking,visual,131,0.0
3,waking,visual,132,0.0
3,waking,visual,133,0.0
3,waking,visual,134,0.0
3,waking,visual,135,0.0
3,waking,visual,136,0.0
3,waking,visual,137,0.0
3,waking,visual,138,0.0
3,waking,visual,139,0.0
3,waking,visual,140,0.0
3,waking,visual,141,0.0
3,waking,visual,142,0.0
3,waking,visual,143,0.0
3,waking,visual,144,0.0
3,waking,visual,145,0.0
3,waking,visual,146,0.0
3,waking,visual,147,0.0
3,waking,visual,148,0.0
3,waking,visual,149,0.0
3,waking,visual,150,0.0
3,waking,visual,151,0.0
3,waking,visual,152,0.0
3,waking,visual,153,0.0
3,waking,visual,154,0.0
3,waking,visual,155,0.0
3,waking,visual,156,0.0
3,waking,visual,157,0.0
3,waking,visual,158,0.0
3,waking,visual,159,0.0
3,waking,visual,160,0.0
3,waking,visual,161,0.0
3,waking,visual,162,0.0
3,waking,visual,163,0.0
3,waking,visual,164,0.0
3,waking,visual,165,0.0
3,waking,visual,166,0.4033333333333333
3,waking,visual,167,0.0
3,waking,visual,168,0.0
3,waking,visual,169,0.0
3,waking,visual,170,0.0
3,waking,visual,171,0.0
3,waking,visual,172,0.4033333333333333
3,waking,visual,173,0.0
3,waking,visual,174,0.0
3,waking,visual,175,0.0
3,waking,visual,176,0.0
3,waking,visual,177,0.0
3,waking,visual,178,0.0
3,waking,visual,179,0.0
3,waking,audio,0,0.2978416934699855
3,waking,audio,1,0.1456985016763957
3,waking,audio,2,0.25703683459545407
3,waking,audio,3,0.1622116829977001
3,waking,audio,4,0.2349842467712214
3,waking,audio,5,0.14449900045539965
3,waking,audio,6,0.22872875655795968
3,waking,audio,7,0.05164842890018445
3,waking,audio,8,0.006390449057276371
3,waking,audio,9,0.0019477137517804055
3,waking,audio,10,0.001123605532816263
3,waking,audio,11,0.00037505411062960237
3,waking,audio,12,0.0015642809867962015
3,waking,audio,13,0.000278990931997819
3,waking,audio,14,0.0013018305852791068
3,waking,audio,15,0.00029396174506302053
3,waking,proprioceptive,0,0.603857731435635
3,waking,proprioceptive,1,0.7705891938776636
3,waking,proprioceptive,2,0.5796721149833597
3,waking,proprioceptive,3,0.7452927192643197
3,waking,proprioceptive,4,0.0
3,waking,proprioceptive,5,0.7440886234414538
3,waking,prediction,0,0.0
3,waking,prediction,1,0.0
3,waking,prediction,2,0.0
3,waking,prediction,3,0.0
3,waking,prediction,4,0.0
3,waking,prediction,5,0.0
3,waking,prediction,6,0.0
3,waking,prediction,7,0.0
3,waking,prediction,8,0.03271437328642704
3,waking,prediction,9,0.0
3,waking,prediction,10,0.03918444706314551
3,waking,prediction,11,8.08508201918462e-05
3,waking,prediction,12,0.0
3,waking,prediction,13,0.0
3,waking,prediction,14,0.0
3,waking,prediction,15,8.026688923081872e-06
3,waking,prediction,16,0.0
3,waking,prediction,17,0.0
3,waking,prediction,18,0.0
3,waking,prediction,19,0.0
3,waking,prediction,20,0.0
3,waking,prediction,21,0.0
3,waking,prediction,22,0.011882991183379198
3,waking,prediction,23,0.0
3,waking,prediction,24,0.0
3,waking,prediction,25,0.019732919480543513
3,waking,prediction,26,0.0
3,waking,prediction,27,0.0
3,waking,prediction,28,0.0052676588956466755
3,waking,prediction,29,0.0
3,waking,prediction,30,0.0
3,waking,prediction,31,0.0
3,waking,prediction,32,0.0
3,waking,prediction,33,0.0
3,waking,prediction,34,0.0
3,waking,prediction,35,0.0
3,waking,emotion,0,0.4241772254742344
3,waking,emotion,1,0.23438228646717724
3,waking,emotion,2,0.5302466602497348
3,waking,action,0,0.012889731848293907
3,waking,action,1,0.0017026033919282184
3,waking,action,2,0.005163098029241874
3,waking,action,3,0.003920196957541221
3,waking,action,4,0.38853507508845786
3,waking,action,5,0.6659345230972653
4,waking,visual,0,0.0
4,waking,visual,1,0.0
4,waking,visual,2,0.0
4,waking,visual,3,0.0
4,waking,visual,4,0.0
4,waking,visual,5,0.0
4,waking,visual,6,0.0
4,waking,visual,7,0.0
4,waking,visual,8,0.5333333333333333
4,waking,visual,9,0.0
4,waking,visual,10,0.75
4,waking,visual,11,0.0
4,waking,visual,12,0.0
4,waking,visual,13,0.0
4,waking,visual,14,0.0
4,waking,visual,15,0.0
4,waking,visual,16,0.0
4,waking,visual,17,0.0
4,waking,visual,18,0.0
4,waking,visual,19,0.0
4,waking,visual,20,0.0
4,waking,visual,21,0.0
4,waking,visual,22,0.0
4,waking,visual,23,0.0
4,waking,visual,24,0.0
4,waking,visual,25,0.36999999999999994
4,waking,visual,26,0.0
4,waking,visual,27,0.0
4,waking,visual,28,0.4033333333333333
4,waking,visual,29,0.0
4,waking,visual,30,0.0
4,waking,visual,31,0.0
4,waking,visual,32,0.0
4,waking,visual,33,0.0
4,waking,visual,34,0.0
4,waking,visual,35,0.0
4,waking,visual,36,0.0
4,waking,visual,37,0.0
4,waking,visual,38,0.0
4,waking,visual,39,0.0
4,waking,visual,40,0.0
4,waking,visual,41,0.0
4,waking,visual,42,0.0
4,waking,visual,43,0.0
4,waking,visual,44,0.0
4,waking,visual,45,0.0
4,waking,visual,46,0.0
4,waking,visual,47,0.0
4,waking,visual,48,0.0
4,waking,visual,49,0.0
4,waking,visual,50,0.0
4,waking,visual,51,0.0
4,waking,visual,52,0.0
4,waking,visual,53,0.0
4,waking,visual,54,0.0
4,waking,visual,55,0.0
4,waking,visual,56,0.0
4,waking,visual,57,0.0
4,waking,visual,58,0.0
4,waking,visual,59,0.0
4,waking,visual,60,0.75
4,waking,visual,61,0.1
4,waking,visual,62,0.75
4,waking,visual,63,0.0
4,waking,visual,64,0.0
4,waking,visual,65,0.0
4,waking,visual,66,0.65
4,waking,visual,67,0.95
4,waking,visual,68,0.65
4,waking,visual,69,0.0
4,waking,visual,70,0.0
4,waking,visual,71,0.0
4,waking,visual,72,0.0
4,waking,visual,73,0.0
4,waking,visual,74,0.0
4,waking,visual,75,0.0
4,waking,visual,76,0.0
4,waking,visual,77,0.0
4,waking,visual,78,0.0
4,waking,visual,79,0.0
4,waking,visual,80,0.0
4,waking,visual,81,0.0
4,waking,visual,82,0.0
4,waking,visual,83,0.0
4,waking,visual,84,0.0
4,waking,visual,85,0.0
4,waking,visual,86,0.0
4,waking,visual,87,0.0
4,waking,visual,88,0.0
4,waking,visual,89,0.0
4,waking,visual,90,0.0
4,waking,visual,91,0.0
4,waking,visual,92,0.0
4,waking,visual,93,0.0
4,waking,visual,94,0.0
4,waking,visual,95,0.0
4,waking,visual,96,0.0
4,waking,visual,97,0.0
4,waking,visual,98,0.0
4,waking,visual,99,0.0
4,waking,visual,100,0.0
4,waking,visual,101,0.0
4,waking,visual,102,0.0
4,waking,visual,103,0.0
4,waking,visual,104,0.0
4,waking,visual,105,0.0
4,waking,visual,106,0.0
4,waking,visual,107,0.0
4,waking,visual,108,0.0
4,waking,visual,109,0.0
4,waking,visual,110,0.0
4,waking,visual,111,0.95
4,waking,visual,112,0.08
4,waking,visual,113,0.08
4,waking,visual,114,0.0
4,waking,visual,115,0.0
4,waking,visual,116,0.0
4,waking,visual,117,0.0
4,waking,visual,118,0.0
4,waking,visual,119,0.0
4,waking,visual,120,0.08
4,waking,visual,121,0.18
4,waking,visual,122,0.95
4,waking,visual,123,0.0
4,waking,visual,124,0.0
4,waking,visual,125,0.0
4,waking,visual,126,0.0
4,waking,visual,127,0.0
4,waking,visual,128,0.0
4,waking,visual,129,0.0
4,waking,visual,130,0.0
4,waking,visual,131,0.0
4,waking,visual,132,0.0
4,waking,visual,133,0.0
4,waking,visual,134,0.0
4,waking,visual,135,0.0
4,waking,visual,136,0.0
4,waking,visual,137,0.0
4,waking,visual,138,0.0
4,waking,visual,139,0.0
4,waking,visual,140,0.0
4,waking,visual,141,0.0
4,waking,visual,142,0.0
4,waking,visual,143,0.0
4,waking,visual,144,0.0
4,waking,visual,145,0.0
4,waking,visual,146,0.0
4,waking,visual,147,0.0
4,waking,visual,148,0.0
4,waking,visual,149,0.0
4,waking,visual,150,0.0
4,waking,visual,151,0.0
4,waking,visual,152,0.0
4,waking,visual,153,0.0
4,waking,visual,154,0.0
4,waking,visual,155,0.0
4,waking,visual,156,0.0
4,waking,visual,157,0.0
4,waking,visual,158,0.0
4,waking,visual,159,0.0
4,waking,visual,160,0.0
4,waking,visual,161,0.0
4,waking,visual,162,0.0
4,waking,visual,163,0.0
4,waking,visual,164,0.0
4,waking,visual,165,0.0
4,waking,visual,166,0.0
4,waking,visual,167,0.0
4,waking,visual,168,0.0
4,waking,visual,169,0.0
4,waking,visual,170,0.0
4,waking,visual,171,0.0
4,waking,visual,172,0.0
4,waking,visual,173,0.0
4,waking,visual,174,0.0
4,waking,visual,175,0.0
4,waking,visual,176,0.0
4,waking,visual,177,0.0
4,waking,visual,178,0.0
4,waking,visual,179,0.0
4,waking,audio,0,0.30473817345721055
4,waking,audio,1,0.14791114865993057
4,waking,audio,2,0.25645076148486246
4,waking,audio,3,0.1629173348697749
4,waking,audio,4,0.23701778159846112
4,waking,audio,5,0.1445063775090579
4,waking,audio,6,0.22787973678502732
4,waking,audio,7,0.0514567147579094
4,waking,audio,8,0.006896479987225035
4,waking,audio,9,0.002212646983534877
4,waking,audio,10,0.0005860731105916117
4,waking,audio,11,0.0007056518720747751
4,waking,audio,12,0.0020335348272397247
4,waking,audio,13,7.377053658247368e-06
4,waking,audio,14,0.0008490197729323634
4,waking,audio,15,0.00019171414227504846
4,waking,proprioceptive,0,0.651096973645511
4,waking,proprioceptive,1,0.7589745367600471
4,waking,proprioceptive,2,0.5996602575956267
4,waking,proprioceptive,3,0.7709917597658069
4,waking,proprioceptive,4,0.0
4,waking,proprioceptive,5,0.8143965120092342
4,waking,prediction,0,0.0
4,waking,prediction,1,0.0
4,waking,prediction,2,0.0
4,waking,prediction,3,1.4533335766717777e-05
4,waking,prediction,4,0.0
4,waking,prediction,5,0.0
4,waking,prediction,6,0.0
4,waking,prediction,7,0.0
4,waking,prediction,8,0.04016388007466706
4,waking,prediction,9,1.8794085190538356e-05
4,waking,prediction,10,0.04598986831514544
4,waking,prediction,11,0.00012816888407708892
4,waking,prediction,12,0.0
4,waking,prediction,13,0.0
4,waking,prediction,14,0.0
4,waking,prediction,15,4.8060109916559535e-05
4,waking,prediction,16,0.0
4,waking,prediction,17,0.0
4,waking,prediction,18,0.0
4,waking,prediction,19,0.0
4,waking,prediction,20,0.0
4,waking,prediction,21,0.0
4,waking,prediction,22,0.007595891148423193
4,waking,prediction,23,0.0
4,waking,prediction,24,0.0
4,waking,prediction,25,0.024203170130980355
4,waking,prediction,26,0.0
4,waking,prediction,27,0.0
4,waking,prediction,28,0.012469623987368103
4,waking,prediction,29,0.0
4,waking,prediction,30,0.0
4,waking,prediction,31,0.0
4,waking,prediction,32,0.0
4,waking,prediction,33,0.0
4,waking,prediction,34,0.0
4,waking,prediction,35,0.0
4,waking,emotion,0,0.46471301316284114
4,waking,emotion,1,0.2581908273565217
4,waking,emotion,2,0.5959595237465038
4,waking,action,0,0.014974421069216086
4,waking,action,1,0.004409495084402861
4,waking,action,2,0.0024137975096338374
4,waking,action,3,0.006910998672528381
4,waking,action,4,0.484969169829874
4,waking,action,5,0.6109049879600943
5,waking,visual,0,0.0
5,waking,visual,1,0.0
5,waking,visual,2,0.0
5,waking,visual,3,0.0
5,waking,visual,4,0.0
5,waking,visual,5,0.0
5,waking,visual,6,0.0
5,waking,visual,7,0.0
5,waking,visual,8,0.5333333333333333
5,waking,visual,9,0.0
5,waking,visual,10,0.75
5,waking,visual,11,0.0
5,waking,visual,12,0.0
5,waking,visual,13,0.0
5,waking,visual,14,0.0
5,waking,visual,15,0.0
5,waking,visual,16,0.0
5,waking,visual,17,0.0
5,waking,visual,18,0.0
5,waking,visual,19,0.0
5,waking,visual,20,0.0
5,waking,visual,21,0.0
5,waking,visual,22,0.0
5,waking,visual,23,0.0
5,waking,visual,24,0.0
5,waking,visual,25,0.36999999999999994
5,waking,visual,26,0.0
5,waking,visual,27,0.0
5,waking,visual,28,0.4033333333333333
5,waking,visual,29,0.0
5,waking,visual,30,0.0
5,waking,visual,31,0.0
5,waking,visual,32,0.0
5,waking,visual,33,0.0
5,waking,visual,34,0.0
5,waking,visual,35,0.0
5,waking,visual,36,0.0
5,waking,visual,37,0.0
5,waking,visual,38,0.0
5,waking,visual,39,0.0
5,waking,visual,40,0.0
5,waking,visual,41,0.0
5,waking,visual,42,0.0
5,waking,visual,43,0.0
5,waking,visual,44,0.0
5,waking,visual,45,0.0
5,waking,visual,46,0.0
5,waking,visual,47,0.0
5,waking,visual,48,0.0
5,waking,visual,49,0.0
5,waking,visual,50,0.0
5,waking,visual,51,0.0
5,waking,visual,52,0.0
5,waking,visual,53,0.0
5,waking,visual,54,0.0
5,waking,visual,55,0.0
5,waking,visual,56,0.0
5,waking,visual,57,0.0
5,waking,visual,58,0.0
5,waking,visual,59,0.0
5,waking,visual,60,0.75
5,waking,visual,61,0.1
5,waking,visual,62,0.75
5,waking,visual,63,0.0
5,waking,visual,64,0.0
5,waking,visual,65,0.0
5,waking,visual,66,0.65
5,waking,visual,67,0.95
5,waking,visual,68,0.65
5,waking,visual,69,0.0
5,waking,visual,70,0.0
5,waking,visual,71,0.0
5,waking,visual,72,0.0
5,waking,visual,73,0.0
5,waking,visual,74,0.0
5,waking,visual,75,0.0
5,waking,visual,76,0.0
5,waking,visual,77,0.0
5,waking,visual,78,0.0
5,waking,visual,79,0.0
5,waking,visual,80,0.0
5,waking,visual,81,0.0
5,waking,visual,82,0.0
5,waking,visual,83,0.0
5,waking,visual,84,0.0
5,waking,visual,85,0.0
5,waking,visual,86,0.0
5,waking,visual,87,0.0
5,waking,visual,88,0.0
5,waking,visual,89,0.0
5,waking,visual,90,0.0
5,waking,visual,91,0.0
5,waking,visual,92,0.0
5,waking,visual,93,0.0
5,waking,visual,94,0.0
5,waking,visual,95,0.0
5,waking,visual,96,0.0
5,waking,visual,97,0.0
5,waking,visual,98,0.0
5,waking,visual,99,0.0
5,waking,visual,100,0.0
5,waking,visual,101,0.0
5,waking,visual,102,0.0
5,waking,visual,103,0.0
5,waking,visual,104,0.0
5,waking,visual,105,0.0
5,waking,visual,106,0.0
5,waking,visual,107,0.0
5,waking,visual,108,0.0
5,waking,visual,109,0.0
5,waking,visual,110,0.0
5,waking,visual,111,0.95
5,waking,visual,112,0.08
5,waking,visual,113,0.08
5,waking,visual,114,0.0
5,waking,visual,115,0.0
5,waking,visual,116,0.0
5,waking,visual,117,0.0
5,waking,visual,118,0.0
5,waking,visual,119,0.0
5,waking,visual,120,0.08
5,waking,visual,121,0.18
5,waking,visual,122,0.95
5,waking,visual,123,0.0
5,waking,visual,124,0.0
5,waking,visual,125,0.0
5,waking,visual,126,0.0
5,waking,visual,127,0.0
5,waking,visual,128,0.0
5,waking,visual,129,0.0
5,waking,visual,130,0.0
5,waking,visual,131,0.0
5,waking,visual,132,0.0
5,waking,visual,133,0.0
5,waking,visual,134,0.0
5,waking,visual,135,0.0
5,waking,visual,136,0.0
5,waking,visual,137,0.0
5,waking,visual,138,0.0
5,waking,visual,139,0.0
5,waking,visual,140,0.0
5,waking,visual,141,0.0
5,waking,visual,142,0.0
5,waking,visual,143,0.0
5,waking,visual,144,0.0
5,waking,visual,145,0.0
5,waking,visual,146,0.0
5,waking,visual,147,0.0
5,waking,visual,148,0.0
5,waking,visual,149,0.0
5,waking,visual,150,0.0
5,waking,visual,151,0.0
5,waking,visual,152,0.0
5,waking,visual,153,0.0
5,waking,visual,154,0.0
5,waking,visual,155,0.0
5,waking,visual,156,0.0
5,waking,visual,157,0.0
5,waking,visual,158,0.0
5,waking,visual,159,0.0
5,waking,visual,160,0.0
5,waking,visual,161,0.0
5,waking,visual,162,0.0
5,waking,visual,163,0.0
5,waking,visual,164,0.0
5,waking,visual,165,0.0
5,waking,visual,166,0.0
5,waking,visual,167,0.0
5,waking,visual,168,0.0
5,waking,visual,169,0.0
5,waking,visual,170,0.0
5,waking,visual,171,0.0
5,waking,visual,172,0.0
5,waking,visual,173,0.0
5,waking,visual,174,0.0
5,waking,visual,175,0.0
5,waking,visual,176,0.0
5,waking,visual,177,0.0
5,waking,visual,178,0.0
5,waking,visual,179,0.0
5,waking,audio,0,0.31193237069711643
5,waking,audio,1,0.15030424819120516
5,waking,audio,2,0.256325113285929
5,waking,audio,3,0.16390976256089096
5,waking,audio,4,0.2394556351604192
5,waking,audio,5,0.14478974497246916
5,waking,audio,6,0.22748552323608295
5,waking,audio,7,0.05136769879524454
5,waking,audio,8,0.007194197239905886
5,waking,audio,9,0.0023930995312745895
5,waking,audio,10,0.00012564819893345902
5,waking,audio,11,0.0009924276911160712
5,waking,audio,12,0.002437853561958081
5,waking,audio,13,0.0002833674634112604
5,waking,audio,14,0.00039421354894436655
5,waking,audio,15,8.901596266486234e-05
5,waking,proprioceptive,0,0.6885991216005065
5,waking,proprioceptive,1,0.7375741619844814
5,waking,proprioceptive,2,0.6066666666666675
5,waking,proprioceptive,3,0.78
5,waking,proprioceptive,4,0.0
5,waking,proprioceptive,5,0.8756402025701464
5,waking,prediction,0,0.0
5,waking,prediction,1,0.0
5,waking,prediction,2,0.0
5,waking,prediction,3,6.63639584209867e-05
5,waking,prediction,4,0.0
5,waking,prediction,5,0.0
5,waking,prediction,6,0.0
5,waking,prediction,7,0.0
5,waking,prediction,8,0.04642124537912567
5,waking,prediction,9,7.780479705853295e-05
5,waking,prediction,10,0.05097786368269899
5,waking,prediction,11,0.00016898182719119305
5,waking,prediction,12,0.0
5,waking,prediction,13,0.0
5,waking,prediction,14,0.0
5,waking,prediction,15,0.0001099368434423878
5,waking,prediction,16,0.0
5,waking,prediction,17,0.0
5,waking,prediction,18,0.0
5,waking,prediction,19,0.0
5,waking,prediction,20,0.0
5,waking,prediction,21,0.0
5,waking,prediction,22,0.004488566244455282
5,waking,prediction,23,0.0
5,waking,prediction,24,0.0
5,waking,prediction,25,0.02794042008041037
5,waking,prediction,26,0.0
5,waking,prediction,27,0.0
5,waking,prediction,28,0.01971645917822057
5,waking,prediction,29,0.0
5,waking,prediction,30,0.0
5,waking,prediction,31,0.0
5,waking,prediction,32,2.6818457151162784e-06
5,waking,prediction,33,0.0
5,waking,prediction,34,0.0
5,waking,prediction,35,0.0
5,waking,emotion,0,0.4935973016537997
5,waking,emotion,1,0.2758943564335125
5,waking,emotion,2,0.645760039347592
5,waking,action,0,0.01615787850146349
5,waking,action,1,0.007495008747017039
5,waking,action,2,0.0011257458922519347
5,waking,action,3,0.009836127800767156
5,waking,action,4,0.5574501996595301
5,waking,action,5,0.5455724286467839
6,waking,visual,0,0.0
6,waking,visual,1,0.0
6,waking,visual,2,0.0
6,waking,visual,3,0.0
6,waking,visual,4,0.0
6,waking,visual,5,0.0
6,waking,visual,6,0.0
6,waking,visual,7,0.0
6,waking,visual,8,0.5333333333333333
6,waking,visual,9,0.0
6,waking,visual,10,0.75
6,waking,visual,11,0.0
6,waking,visual,12,0.0
6,waking,visual,13,0.0
6,waking,visual,14,0.0
6,waking,visual,15,0.0
6,waking,visual,16,0.0
6,waking,visual,17,0.0
6,waking,visual,18,0.0
6,waking,visual,19,0.0
6,waking,visual,20,0.0
6,waking,visual,21,0.0
6,waking,visual,22,0.0
6,waking,visual,23,0.0
6,waking,visual,24,0.0
6,waking,visual,25,0.36999999999999994
6,waking,visual,26,0.0
6,waking,visual,27,0.0
6,waking,visual,28,0.4033333333333333
6,waking,visual,29,0.0
6,waking,visual,30,0.0
6,waking,visual,31,0.0
6,waking,visual,32,0.0
6,waking,visual,33,0.0
6,waking,visual,34,0.0
6,waking,visual,35,0.0
6,waking,visual,36,0.0
6,waking,visual,37,0.0
6,waking,visual,38,0.0
6,waking,visual,39,0.0
6,waking,visual,40,0.0
6,waking,visual,41,0.0
6,waking,visual,42,0.0
6,waking,visual,43,0.0
6,waking,visual,44,0.0
6,waking,visual,45,0.0
6,waking,visual,46,0.0
6,waking,visual,47,0.0
6,waking,visual,48,0.0
6,waking,visual,49,0.0
6,waking,visual,50,0.0
6,waking,visual,51,0.0
6,waking,visual,52,0.0
6,waking,visual,53,0.0
6,waking,visual,54,0.0
6,waking,visual,55,0.0
6,waking,visual,56,0.0
6,waking,visual,57,0.0
6,waking,visual,58,0.0
6,waking,visual,59,0.0
6,waking,visual,60,0.75
6,waking,visual,61,0.1
6,waking,visual,62,0.75
6,waking,visual,63,0.0
6,waking,visual,64,0.0
6,waking,visual,65,0.0
6,waking,visual,66,0.65
6,waking,visual,67,0.95
6,waking,visual,68,0.65
6,waking,visual,69,0.0
6,waking,visual,70,0.0
6,waking,visual,71,0.0
6,waking,visual,72,0.0
6,waking,visual,73,0.0
6,waking,visual,74,0.0
6,waking,visual,75,0.0
6,waking,visual,76,0.0
6,waking,visual,77,0.0
6,waking,visual,78,0.0
6,waking,visual,79,0.0
6,waking,visual,80,0.0
6,waking,visual,81,0.0
6,waking,visual,82,0.0
6,waking,visual,83,0.0
6,waking,visual,84,0.0
6,waking,visual,85,0.0
6,waking,visual,86,0.0
6,waking,visual,87,0.0
6,waking,visual,88,0.0
6,waking,visual,89,0.0
6,waking,visual,90,0.0
6,waking,visual,91,0.0
6,waking,visual,92,0.0
6,waking,visual,93,0.0
6,waking,visual,94,0.0
6,waking,visual,95,0.0
6,waking,visual,96,0.0
6,waking,visual,97,0.0
6,waking,visual,98,0.0
6,waking,visual,99,0.0
6,waking,visual,100,0.0
6,waking,visual,101,0.0
6,waking,visual,102,0.0
6,waking,visual,103,0.0
6,waking,visual,104,0.0
6,waking,visual,105,0.0
6,waking,visual,106,0.0
6,waking,visual,107,0.0
6,waking,visual,108,0.0
6,waking,visual,109,0.0
6,waking,visual,110,0.0
6,waking,visual,111,0.95
6,waking,visual,112,0.08
6,waking,visual,113,0.08
6,waking,visual,114,0.0
6,waking,visual,115,0.0
6,waking,visual,116,0.0
6,waking,visual,117,0.0
6,waking,visual,118,0.0
6,waking,visual,119,0.0
6,waking,visual,120,0.08
6,waking,visual,121,0.18
6,waking,visual,122,0.95
6,waking,visual,123,0.0
6,waking,visual,124,0.0
6,waking,visual,125,0.0
6,waking,visual,126,0.0
6,waking,visual,127,0.0
6,waking,visual,128,0.0
6,waking,visual,129,0.0
6,waking,visual,130,0.0
6,waking,visual,131,0.0
6,waking,visual,132,0.0
6,waking,visual,133,0.0
6,waking,visual,134,0.0
6,waking,visual,135,0.0
6,waking,visual,136,0.0
6,waking,visual,137,0.0
6,waking,visual,138,0.0
6,waking,visual,139,0.0
6,waking,visual,140,0.0
6,waking,visual,141,0.0
6,waking,visual,142,0.0
6,waking,visual,143,0.0
6,waking,visual,144,0.0
6,waking,visual,145,0.0
6,waking,visual,146,0.0
6,waking,visual,147,0.0
6,waking,visual,148,0.0
6,waking,visual,149,0.0
6,waking,visual,150,0.0
6,waking,visual,151,0.0
6,waking,visual,152,0.0
6,waking,visual,153,0.0
6,waking,visual,154,0.0
6,waking,visual,155,0.0
6,waking,visual,156,0.0
6,waking,visual,157,0.0
6,waking,visual,158,0.0
6,waking,visual,159,0.0
6,waking,visual,160,0.0
6,waking,visual,161,0.0
6,waking,visual,162,0.0
6,waking,visual,163,0.0
6,waking,visual,164,0.0
6,waking,visual,165,0.0
6,waking,visual,166,0.0
6,waking,visual,167,0.0
6,waking,visual,168,0.0
6,waking,visual,169,0.0
6,waking,visual,170,0.0
6,waking,visual,171,0.0
6,waking,visual,172,0.0
6,waking,visual,173,0.0
6,waking,visual,174,0.0
6,waking,visual,175,0.0
6,waking,visual,176,0.0
6,waking,visual,177,0.0
6,waking,visual,178,0.0
6,waking,visual,179,0.0
6,waking,audio,0,0.3192773658456209
6,waking,audio,1,0.15281267670590953
6,waking,audio,2,0.25657421137441794
6,waking,audio,3,0.16514224250045878
6,waking,audio,4,0.2422332185891819
6,waking,audio,5,0.14532039940959873
6,waking,audio,6,0.22750721834685148
6,waking,audio,7,0.051372597691224535
6,waking,audio,8,0.007344995148504452
6,waking,audio,9,0.0025084285147043694
6,waking,audio,10,0.00024909808848894155
6,waking,audio,11,0.001232479939567821
6,waking,audio,12,0.002777583428762692
6,waking,audio,13,0.000530654437129574
6,waking,audio,14,2.1695110768521486e-05
6,waking,audio,15,4.898895979994766e-06
6,waking,proprioceptive,0,0.7167861887564834
6,waking,proprioceptive,1,0.712167055584861
6,waking,proprioceptive,2,0.6066666666666669
6,waking,proprioceptive,3,0.78
6,waking,proprioceptive,4,0.0
6,waking,proprioceptive,5,0.9260540109746815
6,waking,prediction,0,0.0
6,waking,prediction,1,0.0
6,waking,prediction,2,0.0
6,waking,prediction,3,0.0001412710628366904
6,waking,prediction,4,0.0
6,waking,prediction,5,0.0
6,waking,prediction,6,0.0
6,waking,prediction,7,0.0
6,waking,prediction,8,0.05156267222659198
6,waking,prediction,9,0.00015803507957893917
6,waking,prediction,10,0.05450739992873629
6,waking,prediction,11,0.0002036313066798196
6,waking,prediction,12,0.0
6,waking,prediction,13,0.0
6,waking,prediction,14,0.0
6,waking,prediction,15,0.00017964809180804505
6,waking,prediction,16,0.0
6,waking,prediction,17,0.0
6,waking,prediction,18,0.0
6,waking,prediction,19,0.0
6,waking,prediction,20,0.0
6,waking,prediction,21,0.0
6,waking,prediction,22,0.002647869746501824
6,waking,prediction,23,0.0
6,waking,prediction,24,0.0
6,waking,prediction,25,0.031000470337267313
6,waking,prediction,26,0.0
6,waking,prediction,27,0.0
6,waking,prediction,28,0.026195766964640023
6,waking,prediction,29,0.0
6,waking,prediction,30,0.0
6,waking,prediction,31,0.0
6,waking,prediction,32,1.6715023355666293e-05
6,waking,prediction,33,0.0
6,waking,prediction,34,0.0
6,waking,prediction,35,0.0
6,waking,emotion,0,0.5135294509515772
6,waking,emotion,1,0.2886168174479416
6,waking,emotion,2,0.6827710101813426
6,waking,action,0,0.016370380533485423
6,waking,action,1,0.01050432477185732
6,waking,action,2,0.0005240397592222255
6,waking,action,3,0.012350638040800848
6,waking,action,4,0.6143165490710404
6,waking,action,5,0.48064038275767884
7,waking,visual,0,0.0
7,waking,visual,1,0.0
7,waking,visual,2,0.0
7,waking,visual,3,0.0
7,waking,visual,4,0.0
7,waking,visual,5,0.0
7,waking,visual,6,0.0
7,waking,visual,7,0.0
7,waking,visual,8,0.5333333333333333
7,waking,visual,9,0.0
7,waking,visual,10,0.75
7,waking,visual,11,0.0
7,waking,visual,12,0.0
7,waking,visual,13,0.0
7,waking,visual,14,0.0
7,waking,visual,15,0.0
7,waking,visual,16,0.0
7,waking,visual,17,0.0
7,waking,visual,18,0.0
7,waking,visual,19,0.0
7,waking,visual,20,0.0
7,waking,visual,21,0.0
7,waking,visual,22,0.0
7,waking,visual,23,0.0
7,waking,visual,24,0.0
7,waking,visual,25,0.36999999999999994
7,waking,visual,26,0.0
7,waking,visual,27,0.0
7,waking,visual,28,0.4033333333333333
7,waking,visual,29,0.0
7,waking,visual,30,0.0
7,waking,visual,31,0.0
7,waking,visual,32,0.0
7,waking,visual,33,0.0
7,waking,visual,34,0.0
7,waking,visual,35,0.0
7,waking,visual,36,0.0
7,waking,visual,37,0.0
7,waking,visual,38,0.0
7,waking,visual,39,0.0
7,waking,visual,40,0.0
7,waking,visual,41,0.0
7,waking,visual,42,0.0
7,waking,visual,43,0.0
7,waking,visual,44,0.0
7,waking,visual,45,0.0
7,waking,visual,46,0.0
7,waking,visual,47,0.0
7,waking,visual,48,0.0
7,waking,visual,49,0.0
7,waking,visual,50,0.0
7,waking,visual,51,0.0
7,waking,visual,52,0.0
7,waking,visual,53,0.0
7,waking,visual,54,0.0
7,waking,visual,55,0.0
7,waking,visual,56,0.0
7,waking,visual,57,0.0
7,waking,visual,58,0.0
7,waking,visual,59,0.0
7,waking,visual,60,0.75
7,waking,visual,61,0.1
7,waking,visual,62,0.75
7,waking,visual,63,0.0
7,waking,visual,64,0.0
7,waking,visual,65,0.0
7,waking,visual,66,0.65
7,waking,visual,67,0.95
7,waking,visual,68,0.65
7,waking,visual,69,0.0
7,waking,visual,70,0.0
7,waking,visual,71,0.0
7,waking,visual,72,0.0
7,waking,visual,73,0.0
7,waking,visual,74,0.0
7,waking,visual,75,0.0
7,waking,visual,76,0.0
7,waking,visual,77,0.0
7,waking,visual,78,0.0
7,waking,visual,79,0.0
7,waking,visual,80,0.0
7,waking,visual,81,0.0
7,waking,visual,82,0.0
7,waking,visual,83,0.0
7,waking,visual,84,0.0
7,waking,visual,85,0.0
7,waking,visual,86,0.0
7,waking,visual,87,0.0
7,waking,visual,88,0.0
7,waking,visual,89,0.0
7,waking,visual,90,0.0
7,waking,visual,91,0.0
7,waking,visual,92,0.0
7,waking,visual,93,0.0
7,waking,visual,94,0.0
7,waking,visual,95,0.0
7,waking,visual,96,0.0
7,waking,visual,97,0.0
7,waking,visual,98,0.0
7,waking,visual,99,0.0
7,waking,visual,100,0.0
7,waking,visual,101,0.0
7,waking,visual,102,0.0
7,waking,visual,103,0.0
7,waking,visual,104,0.0
7,waking,visual,105,0.0
7,waking,visual,106,0.0
7,waking,visual,107,0.0
7,waking,visual,108,0.0
7,waking,visual,109,0.0
7,waking,visual,110,0.0
7,waking,visual,111,0.95
7,waking,visual,112,0.08
7,waking,visual,113,0.08
7,waking,visual,114,0.0
7,waking,visual,115,0.0
7,waking,visual,116,0.0
7,waking,visual,117,0.0
7,waking,visual,118,0.0
7,waking,visual,119,0.0
7,waking,visual,120,0.08
7,waking,visual,121,0.18
7,waking,visual,122,0.95
7,waking,visual,123,0.0
7,waking,visual,124,0.0
7,waking,visual,125,0.0
7,waking,visual,126,0.0
7,waking,visual,127,0.0
7,waking,visual,128,0.0
7,waking,visual,129,0.0
7,waking,visual,130,0.0
7,waking,visual,131,0.0
7,waking,visual,132,0.0
7,waking,visual,133,0.0
7,waking,visual,134,0.0
7,waking,visual,135,0.0
7,waking,visual,136,0.0
7,waking,visual,137,0.0
7,waking,visual,138,0.0
7,waking,visual,139,0.0
7,waking,visual,140,0.0
7,waking,visual,141,0.0
7,waking,visual,142,0.0
7,waking,visual,143,0.0
7,waking,visual,144,0.0
7,waking,visual,145,0.0
7,waking,visual,146,0.0
7,waking,visual,147,0.0
7,waking,visual,148,0.0
7,waking,visual,149,0.0
7,waking,visual,150,0.0
7,waking,visual,151,0.0
7,waking,visual,152,0.0
7,waking,visual,153,0.0
7,waking,visual,154,0.0
7,waking,visual,155,0.0
7,waking,visual,156,0.0
7,waking,visual,157,0.0
7,waking,visual,158,0.0
7,waking,visual,159,0.0
7,waking,visual,160,0.0
7,waking,visual,161,0.0
7,waking,visual,162,0.0
7,waking,visual,163,0.0
7,waking,visual,164,0.0
7,waking,visual,165,0.0
7,waking,visual,166,0.0
7,waking,visual,167,0.0
7,waking,visual,168,0.0
7,waking,visual,169,0.0
7,waking,visual,170,0.0
7,waking,visual,171,0.0
7,waking,visual,172,0.0
7,waking,visual,173,0.0
7,waking,visual,174,0.0
7,waking,visual,175,0.0
7,waking,visual,176,0.0
7,waking,visual,177,0.0
7,waking,visual,178,0.0
7,waking,visual,179,0.0
7,waking,audio,0,0.3267091763930326
7,waking,audio,1,0.15540344156860347
7,waking,audio,2,0.25713516848503515
7,waking,audio,3,0.16658382947152392
7,waking,audio,4,0.24531201687087734
7,waking,audio,5,0.1460705369918116
7,waking,audio,6,0.2278976913546598
7,waking,audio,7,0.05146076901556834
7,waking,audio,8,0.00743181054741171
7,waking,audio,9,0.0025907648626939395
7,waking,audio,10,0.0005609571106172107
7,waking,audio,11,0.0014415869710651397
7,waking,audio,12,0.0030787982816954385
7,waking,audio,13,0.0007501375822128731
7,waking,audio,14,0.00039047300780831184
7,waking,audio,15,8.817132434380676e-05
7,waking,proprioceptive,0,0.7389008801942931
7,waking,proprioceptive,1,0.6869157044057641
7,waking,proprioceptive,2,0.6066666666666664
7,waking,proprioceptive,3,0.78
7,waking,proprioceptive,4,0.0
7,waking,proprioceptive,5,0.9641844836245834
7,waking,prediction,0,0.0
7,waking,prediction,1,0.0
7,waking,prediction,2,0.0
7,waking,prediction,3,0.00022170627426853278
7,waking,prediction,4,0.0
7,waking,prediction,5,0.0
7,waking,prediction,6,0.0
7,waking,prediction,7,0.0
7,waking,prediction,8,0.05572266754585466
7,waking,prediction,9,0.00024182240760781668
7,waking,prediction,10,0.056942243003604905
7,waking,prediction,11,0.00023125645461159956
7,waking,prediction,12,0.0
7,waking,prediction,13,0.0
7,waking,prediction,14,0.0
7,waking,prediction,15,0.0002492564148550195
7,waking,prediction,16,0.0
7,waking,prediction,17,0.0
7,waking,prediction,18,0.0
7,waking,prediction,19,0.0
7,waking,prediction,20,0.0
7,waking,prediction,21,0.0
7,waking,prediction,22,0.0015599838202436812
7,waking,prediction,23,0.0
7,waking,prediction,24,0.0
7,waking,prediction,25,0.03347196992524278
7,waking,prediction,26,0.0
7,waking,prediction,27,0.0
7,waking,prediction,28,0.03164312941669938
7,waking,prediction,29,0.0
7,waking,prediction,30,0.0
7,waking,prediction,31,0.0
7,waking,prediction,32,4.072080014856002e-05
7,waking,prediction,33,0.0
7,waking,prediction,34,0.0
7,waking,prediction,35,0.0
7,waking,emotion,0,0.527502735030559
7,waking,emotion,1,0.29781371568039194
7,waking,emotion,2,0.710367627411077
7,waking,action,0,0.015611437122441516
7,waking,action,1,0.013099829489674673
7,waking,action,2,0.0002435929023534162
7,waking,action,3,0.014211863811090948
7,waking,action,4,0.6593621117690555
7,waking,action,5,0.4167032584027293
8,waking,visual,0,0.0
8,waking,visual,1,0.0
8,waking,visual,2,0.0
8,waking,visual,3,0.0
8,waking,visual,4,0.0
8,waking,visual,5,0.0
8,waking,visual,6,0.0
8,waking,visual,7,0.0
8,waking,visual,8,0.5333333333333333
8,waking,visual,9,0.0
8,waking,visual,10,0.75
8,waking,visual,11,0.0
8,waking,visual,12,0.0
8,waking,visual,13,0.0
8,waking,visual,14,0.0
8,waking,visual,15,0.0
8,waking,visual,16,0.0
8,waking,visual,17,0.0
8,waking,visual,18,0.0
8,waking,visual,19,0.0
8,waking,visual,20,0.0
8,waking,visual,21,0.0
8,waking,visual,22,0.0
8,waking,visual,23,0.0
8,waking,visual,24,0.0
8,waking,visual,25,0.36999999999999994
8,waking,visual,26,0.0
8,waking,visual,27,0.0
8,waking,visual,28,0.4033333333333333
8,waking,visual,29,0.0
8,waking,visual,30,0.0
8,waking,visual,31,0.0
8,waking,visual,32,0.0
8,waking,visual,33,0.0
8,waking,visual,34,0.0
8,waking,visual,35,0.0
8,waking,visual,36,0.0
8,waking,visual,37,0.0
8,waking,visual,38,0.0
8,waking,visual,39,0.0
8,waking,visual,40,0.0
8,waking,visual,41,0.0
8,waking,visual,42,0.0
8,waking,visual,43,0.0
8,waking,visual,44,0.0
8,waking,visual,45,0.0
8,waking,visual,46,0.0
8,waking,visual,47,0.0
8,waking,visual,48,0.0
8,waking,visual,49,0.0
8,waking,visual,50,0.0
8,waking,visual,51,0.0
8,waking,visual,52,0.0
8,waking,visual,53,0.0
8,waking,visual,54,0.0
8,waking,visual,55,0.0
8,waking,visual,56,0.0
8,waking,visual,57,0.0
8,waking,visual,58,0.0
8,waking,visual,59,0.0
8,waking,visual,60,0.75
8,waking,visual,61,0.1
8,waking,visual,62,0.75
8,waking,visual,63,0.0
8,waking,visual,64,0.0
8,waking,visual,65,0.0
8,waking,visual,66,0.65
8,waking,visual,67,0.95
8,waking,visual,68,0.65
8,waking,visual,69,0.0
8,waking,visual,70,0.0
8,waking,visual,71,0.0
8,waking,visual,72,0.0
8,waking,visual,73,0.0
8,waking,visual,74,0.0
8,waking,visual,75,0.0
8,waking,visual,76,0.0
8,waking,visual,77,0.0
8,waking,visual,78,0.0
8,waking,visual,79,0.0
8,waking,visual,80,0.0
8,waking,visual,81,0.0
8,waking,visual,82,0.0
8,waking,visual,83,0.0
8,waking,visual,84,0.0
8,waking,visual,85,0.0
8,waking,visual,86,0.0
8,waking,visual,87,0.0
8,waking,visual,88,0.0
8,waking,visual,89,0.0
8,waking,visual,90,0.0
8,waking,visual,91,0.0
8,waking,visual,92,0.0
8,waking,visual,93,0.0
8,waking,visual,94,0.0
8,waking,visual,95,0.0
8,waking,visual,96,0.0
8,waking,visual,97,0.0
8,waking,visual,98,0.0
8,waking,visual,99,0.0
8,waking,visual,100,0.0
8,waking,visual,101,0.0
8,waking,visual,102,0.0
8,waking,visual,103,0.0
8,waking,visual,104,0.0
8,waking,visual,105,0.0
8,waking,visual,106,0.0
8,waking,visual,107,0.0
8,waking,visual,108,0.0
8,waking,visual,109,0.0
8,waking,visual,110,0.0
8,waking,visual,111,0.95
8,waking,visual,112,0.08
8,waking,visual,113,0.08
8,waking,visual,114,0.0
8,waking,visual,115,0.0
8,waking,visual,116,0.0
8,waking,visual,117,0.0
8,waking,visual,118,0.0
8,waking,visual,119,0.0
8,waking,visual,120,0.08
8,waking,visual,121,0.18
8,waking,visual,122,0.95
8,waking,visual,123,0.0
8,waking,visual,124,0.0
8,waking,visual,125,0.0
8,waking,visual,126,0.0
8,waking,visual,127,0.0
8,waking,visual,128,0.0
8,waking,visual,129,0.0
8,waking,visual,130,0.0
8,waking,visual,131,0.0
8,waking,visual,132,0.0
8,waking,visual,133,0.0
8,waking,visual,134,0.0
8,waking,visual,135,0.0
8,waking,visual,136,0.0
8,waking,visual,137,0.0
8,waking,visual,138,0.0
8,waking,visual,139,0.0
8,waking,visual,140,0.0
8,waking,visual,141,0.0
8,waking,visual,142,0.0
8,waking,visual,143,0.0
8,waking,visual,144,0.0
8,waking,visual,145,0.0
8,waking,visual,146,0.0
8,waking,visual,147,0.0
8,waking,visual,148,0.0
8,waking,visual,149,0.0
8,waking,visual,150,0.0
8,waking,visual,151,0.0
8,waking,visual,152,0.0
8,waking,visual,153,0.0
8,waking,visual,154,0.0
8,waking,visual,155,0.0
8,waking,visual,156,0.0
8,waking,visual,157,0.0
8,waking,visual,158,0.0
8,waking,visual,159,0.0
8,waking,visual,160,0.0
8,waking,visual,161,0.0
8,waking,visual,162,0.0
8,waking,visual,163,0.0
8,waking,visual,164,0.0
8,waking,visual,165,0.0
8,waking,visual,166,0.0
8,waking,visual,167,0.0
8,waking,visual,168,0.0
8,waking,visual,169,0.0
8,waking,visual,170,0.0
8,waking,visual,171,0.0
8,waking,visual,172,0.0
8,waking,visual,173,0.0
8,waking,visual,174,0.0
8,waking,visual,175,0.0
8,waking,visual,176,0.0
8,waking,visual,177,0.0
8,waking,visual,178,0.0
8,waking,visual,179,0.0
8,waking,audio,0,0.3341629529612015
8,waking,audio,1,0.15804573174832715
8,waking,audio,2,0.2579595222926567
8,waking,audio,3,0.16821200890722127
8,waking,audio,4,0.24866465463463297
8,waking,audio,5,0.14702051572138583
8,waking,audio,6,0.22862363968850347
8,waking,audio,7,0.05162469283288788
8,waking,audio,8,0.007453776568168924
8,waking,audio,9,0.002642290179723672
8,waking,audio,10,0.0008243538076215251
8,waking,audio,11,0.0016281794356973467
8,waking,audio,12,0.0033526377637556337
8,waking,audio,13,0.0009499787295742246
8,waking,audio,14,0.000725948333843679
8,waking,audio,15,0.00016392381731954175
8,waking,proprioceptive,0,0.7564185990212989
8,waking,proprioceptive,1,0.6620512671566171
8,waking,proprioceptive,2,0.6066666666666664
8,waking,proprioceptive,3,0.7800000000000001
8,waking,proprioceptive,4,0.0
8,waking,proprioceptive,5,0.9889323012176581
8,waking,prediction,0,0.0
8,waking,prediction,1,0.0
8,waking,prediction,2,0.0
8,waking,prediction,3,0.00029818090364499715
8,waking,prediction,4,0.0
8,waking,prediction,5,0.0
8,waking,prediction,6,0.0
8,waking,prediction,7,0.0
8,waking,prediction,8,0.05905352126652377
8,waking,prediction,9,0.0003200167451334933
8,waking,prediction,10,0.05859102307400827
8,waking,prediction,11,0.00025149483633749004
8,waking,prediction,12,0.0
8,waking,prediction,13,0.0
8,waking,prediction,14,0.0
8,waking,prediction,15,0.00031385182301067553
8,waking,prediction,16,0.0
8,waking,prediction,17,0.0
8,waking,prediction,18,0.0
8,waking,prediction,19,0.0
8,waking,prediction,20,0.0
8,waking,prediction,21,0.0
8,waking,prediction,22,0.0009181482864288242
8,waking,prediction,23,0.0
8,waking,prediction,24,0.0
8,waking,prediction,25,0.03545089742716396
8,waking,prediction,26,0.0
8,waking,prediction,27,0.0
8,waking,prediction,28,0.03605893328594686
8,waking,prediction,29,0.0
8,waking,prediction,30,0.0
8,waking,prediction,31,0.0
8,waking,prediction,32,6.826778722985773e-05
8,waking,prediction,33,0.0
8,waking,prediction,34,0.0
8,waking,prediction,35,0.0
8,waking,emotion,0,0.5371832096021666
8,waking,emotion,1,0.3044179389430046
8,waking,emotion,2,0.7305079716621546
8,waking,action,0,0.013951223317976984
8,waking,action,1,0.015037789207707947
8,waking,action,2,0.00011310715253208744
8,waking,action,3,0.015262507487602182
8,waking,action,4,0.695729725033451
8,waking,action,5,0.3526473446729448
9,waking,visual,0,0.0
9,waking,visual,1,0.0
9,waking,visual,2,0.0
9,waking,visual,3,0.0
9,waking,visual,4,0.0
9,waking,visual,5,0.0
9,waking,visual,6,0.0
9,waking,visual,7,0.0
9,waking,visual,8,0.5333333333333333
9,waking,visual,9,0.0
9,waking,visual,10,0.75
9,waking,visual,11,0.0
9,waking,visual,12,0.0
9,waking,visual,13,0.0
9,waking,visual,14,0.0
9,waking,visual,15,0.0
9,waking,visual,16,0.0
9,waking,visual,17,0.0
9,waking,visual,18,0.0
9,waking,visual,19,0.0
9,waking,visual,20,0.0
9,waking,visual,21,0.0
9,waking,visual,22,0.0
9,waking,visual,23,0.0
9,waking,visual,24,0.0
9,waking,visual,25,0.36999999999999994
9,waking,visual,26,0.0
9,waking,visual,27,0.0
9,waking,visual,28,0.4033333333333333
9,waking,visual,29,0.0
9,waking,visual,30,0.0
9,waking,visual,31,0.0
9,waking,visual,32,0.0
9,waking,visual,33,0.0
9,waking,visual,34,0.0
9,waking,visual,35,0.0
9,waking,visual,36,0.0
9,waking,visual,37,0.0
9,waking,visual,38,0.0
9,waking,visual,39,0.0
9,waking,visual,40,0.0
9,waking,visual,41,0.0
9,waking,visual,42,0.0
9,waking,visual,43,0.0
9,waking,visual,44,0.0
9,waking,visual,45,0.0
9,waking,visual,46,0.0
9,waking,visual,47,0.0
9,waking,visual,48,0.0
9,waking,visual,49,0.0
9,waking,visual,50,0.0
9,waking,visual,51,0.0
9,waking,visual,52,0.0
9,waking,visual,53,0.0
9,waking,visual,54,0.0
9,waking,visual,55,0.0
9,waking,visual,56,0.0
9,waking,visual,57,0.0
9,waking,visual,58,0.0
9,waking,visual,59,0.0
9,waking,visual,60,0.75
9,waking,visual,61,0.1
9,waking,visual,62,0.75
9,waking,visual,63,0.0
9,waking,visual,64,0.0
9,waking,visual,65,0.0
9,waking,visual,66,0.65
9,waking,visual,67,0.95
9,waking,visual,68,0.65
9,waking,visual,69,0.0
9,waking,visual,70,0.0
9,waking,visual,71,0.0
9,waking,visual,72,0.0
9,waking,visual,73,0.0
9,waking,visual,74,0.0
9,waking,visual,75,0.0
9,waking,visual,76,0.0
9,waking,visual,77,0.0
9,waking,visual,78,0.0
9,waking,visual,79,0.0
9,waking,visual,80,0.0
9,waking,visual,81,0.0
9,waking,visual,82,0.0
9,waking,visual,83,0.0
9,waking,visual,84,0.0
9,waking,visual,85,0.0
9,waking,visual,86,0.0
9,waking,visual,87,0.0
9,waking,visual,88,0.0
9,waking,visual,89,0.0
9,waking,visual,90,0.0
9,waking,visual,91,0.0
9,waking,visual,92,0.0
9,waking,visual,93,0.0
9,waking,visual,94,0.0
9,waking,visual,95,0.0
9,waking,visual,96,0.0
9,waking,visual,97,0.0
9,waking,visual,98,0.0
9,waking,visual,99,0.0
9,waking,visual,100,0.0
9,waking,visual,101,0.0
9,waking,visual,102,0.0
9,waking,visual,103,0.0
9,waking,visual,104,0.0
9,waking,visual,105,0.0
9,waking,visual,106,0.0
9,waking,visual,107,0.0
9,waking,visual,108,0.0
9,waking,visual,109,0.0
9,waking,visual,110,0.0
9,waking,visual,111,0.95
9,waking,visual,112,0.08
9,waking,visual,113,0.08
9,waking,visual,114,0.0
9,waking,visual,115,0.0
9,waking,visual,116,0.0
9,waking,visual,117,0.0
9,waking,visual,118,0.0
9,waking,visual,119,0.0
9,waking,visual,120,0.08
9,waking,visual,121,0.18
9,waking,visual,122,0.95
9,waking,visual,123,0.0
9,waking,visual,124,0.0
9,waking,visual,125,0.0
9,waking,visual,126,0.0
9,waking,visual,127,0.0
9,waking,visual,128,0.0
9,waking,visual,129,0.0
9,waking,visual,130,0.0
9,waking,visual,131,0.0
9,waking,visual,132,0.0
9,waking,visual,133,0.0
9,waking,visual,134,0.0
9,waking,visual,135,0.0
9,waking,visual,136,0.0
9,waking,visual,137,0.0
9,waking,visual,138,0.0
9,waking,visual,139,0.0
9,waking,visual,140,0.0
9,waking,visual,141,0.0
9,waking,visual,142,0.0
9,waking,visual,143,0.0
9,waking,visual,144,0.0
9,waking,visual,145,0.0
9,waking,visual,146,0.0
9,waking,visual,147,0.0
9,waking,visual,148,0.0
9,waking,visual,149,0.0
9,waking,visual,150,0.0
9,waking,visual,151,0.0
9,waking,visual,152,0.0
9,waking,visual,153,0.0
9,waking,visual,154,0.0
9,waking,visual,155,0.0
9,waking,visual,156,0.0
9,waking,visual,157,0.0
9,waking,visual,158,0.0
9,waking,visual,159,0.0
9,waking,visual,160,0.0
9,waking,visual,161,0.0
9,waking,visual,162,0.0
9,waking,visual,163,0.0
9,waking,visual,164,0.0
9,waking,visual,165,0.0
9,waking,visual,166,0.0
9,waking,visual,167,0.0
9,waking,visual,168,0.0
9,waking,visual,169,0.0
9,waking,visual,170,0.0
9,waking,visual,171,0.0
9,waking,visual,172,0.0
9,waking,visual,173,0.0
9,waking,visual,174,0.0
9,waking,visual,175,0.0
9,waking,visual,176,0.0
9,waking,visual,177,0.0
9,waking,visual,178,0.0
9,waking,visual,179,0.0
9,waking,audio,0,0.34155787788780145
9,waking,audio,1,0.16070540498089755
9,waking,audio,2,0.259011228685653
9,waking,audio,3,0.17001166913320154
9,waking,audio,4,0.25227308588092634
9,waking,audio,5,0.14815997224035618
9,waking,audio,6,0.22966876598977667
9,waking,audio,7,0.05186068909446571
9,waking,audio,8,0.007394924926599933
9,waking,audio,9,0.0026596732325704087
9,waking,audio,10,0.0010517063929963433
9,waking,audio,11,0.0017996602259802708
9,waking,audio,12,0.00360843124629337
9,waking,audio,13,0.0011394565189703498
9,waking,audio,14,0.0010451263012732082
9,waking,audio,15,0.0002359962615778241
9,waking,proprioceptive,0,0.7705615597352304
9,waking,proprioceptive,1,0.637140634039478
9,waking,proprioceptive,2,0.6066666666666655
9,waking,proprioceptive,3,0.78
9,waking,proprioceptive,4,0.0
9,waking,proprioceptive,5,0.9995839726357381
9,waking,prediction,0,0.0
9,waking,prediction,1,0.0
9,waking,prediction,2,0.0
9,waking,prediction,3,0.0003662313074380562
9,waking,prediction,4,0.0
9,waking,prediction,5,0.0
9,waking,prediction,6,0.0
9,waking,prediction,7,0.0
9,waking,prediction,8,0.06170132577662517
9,waking,prediction,9,0.0003886029086207303
9,waking,prediction,10,0.05969819180863348
9,waking,prediction,11,0.0002646349724151814
9,waking,prediction,12,0.0
9,waking,prediction,13,0.0
9,waking,prediction,14,0.0
9,waking,prediction,15,0.00037096071640658725
9,waking,prediction,16,0.0
9,waking,prediction,17,0.0
9,waking,prediction,18,0.0
9,waking,prediction,19,0.0
9,waking,prediction,20,0.0
9,waking,prediction,21,0.0
9,waking,prediction,22,0.0005399906550723484
9,waking,prediction,23,0.0
9,waking,prediction,24,0.0
9,waking,prediction,25,0.03702714295867777
9,waking,prediction,26,0.0
9,waking,prediction,27,0.0
9,waking,prediction,28,0.039556955610506706
9,waking,prediction,29,0.0
9,waking,prediction,30,0.0
9,waking,prediction,31,0.0
9,waking,prediction,32,9.53346081582752e-05
9,waking,prediction,33,0.0
9,waking,prediction,34,0.0
9,waking,prediction,35,0.0
9,waking,emotion,0,0.543485523205783
9,waking,emotion,1,0.30902490631777046
9,waking,emotion,2,0.7443114560341145
9,waking,action,0,0.011528906210353533
9,waking,action,1,0.016155128750251505
9,waking,action,2,5.247632197933383e-05
9,waking,action,3,0.015419262236841383
9,waking,action,4,0.7130352989924338
9,waking,action,5,0.28090921270192576
10,waking,visual,0,0.0
10,waking,visual,1,0.0
10,waking,visual,2,0.0
10,waking,visual,3,0.0
10,waking,visual,4,0.0
10,waking,visual,5,0.0
10,waking,visual,6,0.0
10,waking,visual,7,0.0
10,waking,visual,8,0.5333333333333333
10,waking,visual,9,0.0
10,waking,visual,10,0.75
10,waking,visual,11,0.0
10,waking,visual,12,0.0
10,waking,visual,13,0.0
10,waking,visual,14,0.0
10,waking,visual,15,0.0
10,waking,visual,16,0.0
10,waking,visual,17,0.0
10,waking,visual,18,0.0
10,waking,visual,19,0.0
10,waking,visual,20,0.0
10,waking,visual,21,0.0
10,waking,visual,22,0.0
10,waking,visual,23,0.0
10,waking,visual,24,0.0
10,waking,visual,25,0.36999999999999994
10,waking,visual,26,0.0
10,waking,visual,27,0.0
10,waking,visual,28,0.4033333333333333
10,waking,visual,29,0.0
10,waking,visual,30,0.0
10,waking,visual,31,0.0
10,waking,visual,32,0.0
10,waking,visual,33,0.0
10,waking,visual,34,0.0
10,waking,visual,35,0.0
10,waking,visual,36,0.0
10,waking,visual,37,0.0
10,waking,visual,38,0.0
10,waking,visual,39,0.0
10,waking,visual,40,0.0
10,waking,visual,41,0.0
10,waking,visual,42,0.0
10,waking,visual,43,0.0
10,waking,visual,44,0.0
10,waking,visual,45,0.0
10,waking,visual,46,0.0
10,waking,visual,47,0.0
10,waking,visual,48,0.0
10,waking,visual,49,0.0
10,waking,visual,50,0.0
10,waking,visual,51,0.0
10,waking,visual,52,0.0
10,waking,visual,53,0.0
10,waking,visual,54,0.0
10,waking,visual,55,0.0
10,waking,visual,56,0.0
10,waking,visual,57,0.0
10,waking,visual,58,0.0
10,waking,visual,59,0.0
10,waking,visual,60,0.75
10,waking,visual,61,0.1
10,waking,visual,62,0.75
10,waking,visual,63,0.0
10,waking,visual,64,0.0
10,waking,visual,65,0.0
10,waking,visual,66,0.65
10,waking,visual,67,0.95
10,waking,visual,68,0.65
10,waking,visual,69,0.0
10,waking,visual,70,0.0
10,waking,visual,71,0.0
10,waking,visual,72,0.0
10,waking,visual,73,0.0
10,waking,visual,74,0.0
10,waking,visual,75,0.0
10,waking,visual,76,0.0
10,waking,visual,77,0.0
10,waking,visual,78,0.0
10,waking,visual,79,0.0
10,waking,visual,80,0.0
10,waking,visual,81,0.0
10,waking,visual,82,0.0
10,waking,visual,83,0.0
10,waking,visual,84,0.0
10,waking,visual,85,0.0
10,waking,visual,86,0.0
10,waking,visual,87,0.0
10,waking,visual,88,0.0
10,waking,visual,89,0.0
10,waking,visual,90,0.0
10,waking,visual,91,0.0
10,waking,visual,92,0.0
10,waking,visual,93,0.0
10,waking,visual,94,0.0
10,waking,visual,95,0.0
10,waking,visual,96,0.0
10,waking,visual,97,0.0
10,waking,visual,98,0.0
10,waking,visual,99,0.0
10,waking,visual,100,0.0
10,waking,visual,101,0.0
10,waking,visual,102,0.0
10,waking,visual,103,0.0
10,waking,visual,104,0.0
10,waking,visual,105,0.0
10,waking,visual,106,0.0
10,waking,visual,107,0.0
10,waking,visual,108,0.0
10,waking,visual,109,0.0
10,waking,visual,110,0.0
10,waking,visual,111,0.95
10,waking,visual,112,0.08
10,waking,visual,113,0.08
10,waking,visual,114,0.0
10,waking,visual,115,0.0
10,waking,visual,116,0.0
10,waking,visual,117,0.0
10,waking,visual,118,0.0
10,waking,visual,119,0.0
10,waking,visual,120,0.08
10,waking,visual,121,0.18
10,waking,visual,122,0.95
10,waking,visual,123,0.0
10,waking,visual,124,0.0
10,waking,visual,125,0.0
10,waking,visual,126,0.0
10,waking,visual,127,0.0
10,waking,visual,128,0.0
10,waking,visual,129,0.0
10,waking,visual,130,0.0
10,waking,visual,131,0.0
10,waking,visual,132,0.0
10,waking,visual,133,0.0
10,waking,visual,134,0.0
10,waking,visual,135,0.0
10,waking,visual,136,0.0
10,waking,visual,137,0.0
10,waking,visual,138,0.0
10,waking,visual,139,0.0
10,waking,visual,140,0.0
10,waking,visual,141,0.0
10,waking,visual,142,0.0
10,waking,visual,143,0.0
10,waking,visual,144,0.0
10,waking,visual,145,0.0
10,waking,visual,146,0.0
10,waking,visual,147,0.0
10,waking,visual,148,0.0
10,waking,visual,149,0.0
10,waking,visual,150,0.0
10,waking,visual,151,0.0
10,waking,visual,152,0.0
10,waking,visual,153,0.0
10,waking,visual,154,0.0
10,waking,visual,155,0.0
10,waking,visual,156,0.0
10,waking,visual,157,0.0
10,waking,visual,158,0.0
10,waking,visual,159,0.0
10,waking,visual,160,0.0
10,waking,visual,161,0.0
10,waking,visual,162,0.0
10,waking,visual,163,0.0
10,waking,visual,164,0.0
10,waking,visual,165,0.0
10,waking,visual,166,0.0
10,waking,visual,167,0.0
10,waking,visual,168,0.0
10,waking,visual,169,0.0
10,waking,visual,170,0.0
10,waking,visual,171,0.0
10,waking,visual,172,0.0
10,waking,visual,173,0.0
10,waking,visual,174,0.0
10,waking,visual,175,0.0
10,waking,visual,176,0.0
10,waking,visual,177,0.0
10,waking,visual,178,0.0
10,waking,visual,179,0.0
10,waking,audio,0,0.3486631041313915
10,waking,audio,1,0.16329100319510428
10,waking,audio,2,0.2602176528340851
10,waking,audio,3,0.17194076427637447
10,waking,audio,4,0.2560734518800933
10,waking,audio,5,0.14947414384021132
10,waking,audio,6,0.23102513582292325
10,waking,audio,7,0.05216696615356332
10,waking,audio,8,0.007105226243590057
10,waking,audio,9,0.00258559821420673
10,waking,audio,10,0.0012064241484320837
10,waking,audio,11,0.0019290951431729375
10,waking,audio,12,0.0038003659991669436
10,waking,audio,13,0.0013141715998551406
10,waking,audio,14,0.0013563698331465757
10,waking,audio,15,0.0003062770590976094
10,waking,proprioceptive,0,0.7772915051637239
10,waking,proprioceptive,1,0.6092424716063038
10,waking,proprioceptive,2,0.5960687760271214
10,waking,proprioceptive,3,0.7663741406063003
10,waking,proprioceptive,4,0.0
10,waking,proprioceptive,5,0.9958324052262343
10,waking,prediction,0,0.0
10,waking,prediction,1,0.0
10,waking,prediction,2,0.0
10,waking,prediction,3,0.0004243747680525958
10,waking,prediction,4,0.0
10,waking,prediction,5,0.0
10,waking,prediction,6,0.0
10,waking,prediction,7,0.0
10,waking,prediction,8,0.06379488673052257
10,waking,prediction,9,0.00044650865154796345
10,waking,prediction,10,0.0604494186885341
10,waking,prediction,11,0.0002711140502960351
10,waking,prediction,12,0.0
10,waking,prediction,13,0.0
10,waking,prediction,14,0.0
10,waking,prediction,15,0.0004198008405632715
10,waking,prediction,16,0.0
10,waking,prediction,17,0.0
10,waking,prediction,18,0.0
10,waking,prediction,19,0.0
10,waking,prediction,20,0.0
10,waking,prediction,21,0.0
10,waking,prediction,22,0.0003174229267275934
10,waking,prediction,23,0.0
10,waking,prediction,24,0.0
10,waking,prediction,25,0.03827880339803282
10,waking,prediction,26,0.0
10,waking,prediction,27,0.0
10,waking,prediction,28,0.04228617141260487
10,waking,prediction,29,0.0
10,waking,prediction,30,0.0
10,waking,prediction,31,0.0
10,waking,prediction,32,0.0001187129189088449
10,waking,prediction,33,0.0
10,waking,prediction,34,0.0
10,waking,prediction,35,0.0
10,waking,emotion,0,0.5446245991047998
10,waking,emotion,1,0.31089710611454957
10,waking,emotion,2,0.7499921275289804
10,waking,action,0,0.00855180915014706
10,waking,action,1,0.016362381817790404
10,waking,action,2,2.4332827860730675e-05
10,waking,action,3,0.014667712169398772
10,waking,action,4,0.6813360631349384
10,waking,action,5,0.1925991566097029
11,waking,visual,0,0.0
11,waking,visual,1,0.0
11,waking,visual,2,0.0
11,waking,visual,3,0.0
11,waking,visual,4,0.0
11,waking,visual,5,0.0
11,waking,visual,6,0.0
11,waking,visual,7,0.0
11,waking,visual,8,0.5333333333333333
11,waking,visual,9,0.0
11,waking,visual,10,0.75
11,waking,visual,11,0.0
11,waking,visual,12,0.0
11,waking,visual,13,0.0
11,waking,visual,14,0.0
11,waking,visual,15,0.0
11,waking,visual,16,0.0
11,waking,visual,17,0.0
11,waking,visual,18,0.0
11,waking,visual,19,0.0
11,waking,visual,20,0.0
11,waking,visual,21,0.0
11,waking,visual,22,0.0
11,waking,visual,23,0.0
11,waking,visual,24,0.0
11,waking,visual,25,0.36999999999999994
11,waking,visual,26,0.0
11,waking,visual,27,0.0
11,waking,visual,28,0.4033333333333333
11,waking,visual,29,0.0
11,waking,visual,30,0.0
11,waking,visual,31,0.0
11,waking,visual,32,0.0
11,waking,visual,33,0.0
11,waking,visual,34,0.0
11,waking,visual,35,0.0
11,waking,visual,36,0.0
11,waking,visual,37,0.0
11,waking,visual,38,0.0
11,waking,visual,39,0.0
11,waking,visual,40,0.0
11,waking,visual,41,0.0
11,waking,visual,42,0.0
11,waking,visual,43,0.0
11,waking,visual,44,0.0
11,waking,visual,45,0.0
11,waking,visual,46,0.0
11,waking,visual,47,0.0
11,waking,visual,48,0.0
11,waking,visual,49,0.0
11,waking,visual,50,0.0
11,waking,visual,51,0.0
11,waking,visual,52,0.0
11,waking,visual,53,0.0
11,waking,visual,54,0.0
11,waking,visual,55,0.0
11,waking,visual,56,0.0
11,waking,visual,57,0.0
11,waking,visual,58,0.0
11,waking,visual,59,0.0
11,waking,visual,60,0.75
11,waking,visual,61,0.1
11,waking,visual,62,0.75
11,waking,visual,63,0.0
11,waking,visual,64,0.0
11,waking,visual,65,0.0
11,waking,visual,66,0.65
11,waking,visual,67,0.95
11,waking,visual,68,0.65
11,waking,visual,69,0.0
11,waking,visual,70,0.0
11,waking,visual,71,0.0
11,waking,visual,72,0.0
11,waking,visual,73,0.0
11,waking,visual,74,0.0
11,waking,visual,75,0.0
11,waking,visual,76,0.0
11,waking,visual,77,0.0
11,waking,visual,78,0.0
11,waking,visual,79,0.0
11,waking,visual,80,0.0
11,waking,visual,81,0.0
11,waking,visual,82,0.0
11,waking,visual,83,0.0
11,waking,visual,84,0.0
11,waking,visual,85,0.0
11,waking,visual,86,0.0
11,waking,visual,87,0.0
11,waking,visual,88,0.0
11,waking,visual,89,0.0
11,waking,visual,90,0.0
11,waking,visual,91,0.0
11,waking,visual,92,0.0
11,waking,visual,93,0.0
11,waking,visual,94,0.0
11,waking,visual,95,0.0
11,waking,visual,96,0.0
11,waking,visual,97,0.0
11,waking,visual,98,0.0
11,waking,visual,99,0.0
11,waking,visual,100,0.0
11,waking,visual,101,0.0
11,waking,visual,102,0.0
11,waking,visual,103,0.0
11,waking,visual,104,0.0
11,waking,visual,105,0.0
11,waking,visual,106,0.0
11,waking,visual,107,0.0
11,waking,visual,108,0.0
11,waking,visual,109,0.0
11,waking,visual,110,0.0
11,waking,visual,111,0.95
11,waking,visual,112,0.08
11,waking,visual,113,0.08
11,waking,visual,114,0.0
11,waking,visual,115,0.0
11,waking,visual,116,0.0
11,waking,visual,117,0.0
11,waking,visual,118,0.0
11,waking,visual,119,0.0
11,waking,visual,120,0.08
11,waking,visual,121,0.18
11,waking,visual,122,0.95
11,waking,visual,123,0.0
11,waking,visual,124,0.0
11,waking,visual,125,0.0
11,waking,visual,126,0.0
11,waking,visual,127,0.0
11,waking,visual,128,0.0
11,waking,visual,129,0.0
11,waking,visual,130,0.0
11,waking,visual,131,0.0
11,waking,visual,132,0.0
11,waking,visual,133,0.0
11,waking,visual,134,0.0
11,waking,visual,135,0.0
11,waking,visual,136,0.0
11,waking,visual,137,0.0
11,waking,visual,138,0.0
11,waking,visual,139,0.0
11,waking,visual,140,0.0
11,waking,visual,141,0.0
11,waking,visual,142,0.0
11,waking,visual,143,0.0
11,waking,visual,144,0.0
11,waking,visual,145,0.0
11,waking,visual,146,0.0
11,waking,visual,147,0.0
11,waking,visual,148,0.0
11,waking,visual,149,0.0
11,waking,visual,150,0.0
11,waking,visual,151,0.0
11,waking,visual,152,0.0
11,waking,visual,153,0.0
11,waking,visual,154,0.0
11,waking,visual,155,0.0
11,waking,visual,156,0.0
11,waking,visual,157,0.0
11,waking,visual,158,0.0
11,waking,visual,159,0.0
11,waking,visual,160,0.0
11,waking,visual,161,0.0
11,waking,visual,162,0.0
11,waking,visual,163,0.0
11,waking,visual,164,0.0
11,waking,visual,165,0.0
11,waking,visual,166,0.0
11,waking,visual,167,0.0
11,waking,visual,168,0.0
11,waking,visual,169,0.0
11,waking,visual,170,0.0
11,waking,visual,171,0.0
11,waking,visual,172,0.0
11,waking,visual,173,0.0
11,waking,visual,174,0.0
11,waking,visual,175,0.0
11,waking,visual,176,0.0
11,waking,visual,177,0.0
11,waking,visual,178,0.0
11,waking,visual,179,0.0
11,waking,audio,0,0.3549659406431326
11,waking,audio,1,0.16559530477300644
11,waking,audio,2,0.26138852347284963
11,waking,audio,3,0.17387173765232314
11,waking,audio,4,0.2598643563199426
11,waking,audio,5,0.150909909142455
11,waking,audio,6,0.23265393511710633
11,waking,audio,7,0.052534759542572404
11,waking,audio,8,0.006302836511741072
11,waking,audio,9,0.0023043015779021514
11,waking,audio,10,0.0011708706387645318
11,waking,audio,11,0.0019309733759486636
11,waking,audio,12,0.0037909044398493075
11,waking,audio,13,0.00143576530224368
11,waking,audio,14,0.001628799294183081
11,waking,audio,15,0.00036779338900908704
11,waking,proprioceptive,0,0.7649640245524764
11,waking,proprioceptive,1,0.574899672014885
11,waking,proprioceptive,2,0.5506937267664584
11,waking,proprioceptive,3,0.7080347915568738
11,waking,proprioceptive,4,0.0
11,waking,proprioceptive,5,0.977785758426472
11,waking,prediction,0,0.0
11,waking,prediction,1,0.0
11,waking,prediction,2,0.0
11,waking,prediction,3,0.0004727532648531065
11,waking,prediction,4,0.0
11,waking,prediction,5,0.0
11,waking,prediction,6,0.0
11,waking,prediction,7,0.0
11,waking,prediction,8,0.06543365072392618
11,waking,prediction,9,0.0004942033072250586
11,waking,prediction,10,0.06099429826843271
11,waking,prediction,11,0.00027113160904728133
11,waking,prediction,12,0.0
11,waking,prediction,13,0.0
11,waking,prediction,14,0.0
11,waking,prediction,15,0.0004606048688383143
11,waking,prediction,16,0.0
11,waking,prediction,17,0.0
11,waking,prediction,18,0.0
11,waking,prediction,19,0.0
11,waking,prediction,20,0.0
11,waking,prediction,21,0.0
11,waking,prediction,22,0.00018654554714972243
11,waking,prediction,23,0.0
11,waking,prediction,24,0.0
11,waking,prediction,25,0.03926703097853705
11,waking,prediction,26,0.0
11,waking,prediction,27,0.0
11,waking,prediction,28,0.04438669658803517
11,waking,prediction,29,0.0
11,waking,prediction,30,0.0
11,waking,prediction,31,0.0
11,waking,prediction,32,0.0001328993764413195
11,waking,prediction,33,0.0
11,waking,prediction,34,0.0
11,waking,prediction,35,0.0
11,waking,emotion,0,0.5426651172916857
11,waking,emotion,1,0.3103226220976141
11,waking,emotion,2,0.7483151051986462
11,waking,action,0,0.005284741241364286
11,waking,action,1,0.01563739009043117
11,waking,action,2,0.001398028627292632
11,waking,action,3,0.013057643911612949
11,waking,action,4,0.6251145000808411
11,waking,action,5,0.10103875620965029
12,waking,visual,0,0.0
12,waking,visual,1,0.0
12,waking,visual,2,0.0
12,waking,visual,3,0.0
12,waking,visual,4,0.0
12,waking,visual,5,0.0
12,waking,visual,6,0.0
12,waking,visual,7,0.0
12,waking,visual,8,0.5333333333333333
12,waking,visual,9,0.0
12,waking,visual,10,0.75
12,waking,visual,11,0.0
12,waking,visual,12,0.0
12,waking,visual,13,0.0
12,waking,visual,14,0.0
12,waking,visual,15,0.0
12,waking,visual,16,0.0
12,waking,visual,17,0.0
12,waking,visual,18,0.0
12,waking,visual,19,0.0
12,waking,visual,20,0.0
12,waking,visual,21,0.0
12,waking,visual,22,0.0
12,waking,visual,23,0.0
12,waking,visual,24,0.0
12,waking,visual,25,0.36999999999999994
12,waking,visual,26,0.0
12,waking,visual,27,0.0
12,waking,visual,28,0.4033333333333333
12,waking,visual,29,0.0
12,waking,visual,30,0.0
12,waking,visual,31,0.0
12,waking,visual,32,0.0
12,waking,visual,33,0.0
12,waking,visual,34,0.0
12,waking,visual,35,0.0
12,waking,visual,36,0.0
12,waking,visual,37,0.0
12,waking,visual,38,0.0
12,waking,visual,39,0.0
12,waking,visual,40,0.0
12,waking,visual,41,0.0
12,waking,visual,42,0.0
12,waking,visual,43,0.0
12,waking,visual,44,0.0
12,waking,visual,45,0.0
12,waking,visual,46,0.0
12,waking,visual,47,0.0
12,waking,visual,48,0.0
12,waking,visual,49,0.0
12,waking,visual,50,0.0
12,waking,visual,51,0.0
12,waking,visual,52,0.0
12,waking,visual,53,0.0
12,waking,visual,54,0.0
12,waking,visual,55,0.0
12,waking,visual,56,0.0
12,waking,visual,57,0.0
12,waking,visual,58,0.0
12,waking,visual,59,0.0
12,waking,visual,60,0.75
12,waking,visual,61,0.1
12,waking,visual,62,0.75
12,waking,visual,63,0.0
12,waking,visual,64,0.0
12,waking,visual,65,0.0
12,waking,visual,66,0.65
12,waking,visual,67,0.95
12,waking,visual,68,0.65
12,waking,visual,69,0.0
12,waking,visual,70,0.0
12,waking,visual,71,0.0
12,waking,visual,72,0.0
12,waking,visual,73,0.0
12,waking,visual,74,0.0
12,waking,visual,75,0.0
12,waking,visual,76,0.0
12,waking,visual,77,0.0
12,waking,visual,78,0.0
12,waking,visual,79,0.0
12,waking,visual,80,0.0
12,waking,visual,81,0.0
12,waking,visual,82,0.0
12,waking,visual,83,0.0
12,waking,visual,84,0.0
12,waking,visual,85,0.0
12,waking,visual,86,0.0
12,waking,visual,87,0.0
12,waking,visual,88,0.0
12,waking,visual,89,0.0
12,waking,visual,90,0.0
12,waking,visual,91,0.0
12,waking,visual,92,0.0
12,waking,visual,93,0.0
12,waking,visual,94,0.0
12,waking,visual,95,0.0
12,waking,visual,96,0.0
12,waking,visual,97,0.0
12,waking,visual,98,0.0
12,waking,visual,99,0.0
12,waking,visual,100,0.0
12,waking,visual,101,0.0
12,waking,visual,102,0.0
12,waking,visual,103,0.0
12,waking,visual,104,0.0
12,waking,visual,105,0.0
12,waking,visual,106,0.0
12,waking,visual,107,0.0
12,waking,visual,108,0.0
12,waking,visual,109,0.0
12,waking,visual,110,0.0
12,waking,visual,111,0.95
12,waking,visual,112,0.08
12,waking,visual,113,0.08
12,waking,visual,114,0.0
12,waking,visual,115,0.0
12,waking,visual,116,0.0
12,waking,visual,117,0.0
12,waking,visual,118,0.0
12,waking,visual,119,0.0
12,waking,visual,120,0.08
12,waking,visual,121,0.18
12,waking,visual,122,0.95
12,waking,visual,123,0.0
12,waking,visual,124,0.0
12,waking,visual,125,0.0
12,waking,visual,126,0.0
12,waking,visual,127,0.0
12,waking,visual,128,0.0
12,waking,visual,129,0.0
12,waking,visual,130,0.0
12,waking,visual,131,0.0
12,waking,visual,132,0.0
12,waking,visual,133,0.0
12,waking,visual,134,0.0
12,waking,visual,135,0.0
12,waking,visual,136,0.0
12,waking,visual,137,0.0
12,waking,visual,138,0.0
12,waking,visual,139,0.0
12,waking,visual,140,0.0
12,waking,visual,141,0.0
12,waking,visual,142,0.0
12,waking,visual,143,0.0
12,waking,visual,144,0.0
12,waking,visual,145,0.0
12,waking,visual,146,0.0
12,waking,visual,147,0.0
12,waking,visual,148,0.0
12,waking,visual,149,0.0
12,waking,visual,150,0.0
12,waking,visual,151,0.0
12,waking,visual,152,0.0
12,waking,visual,153,0.0
12,waking,visual,154,0.0
12,waking,visual,155,0.0
12,waking,visual,156,0.0
12,waking,visual,157,0.0
12,waking,visual,158,0.0
12,waking,visual,159,0.0
12,waking,visual,160,0.0
12,waking,visual,161,0.0
12,waking,visual,162,0.0
12,waking,visual,163,0.0
12,waking,visual,164,0.0
12,waking,visual,165,0.0
12,waking,visual,166,0.0
12,waking,visual,167,0.0
12,waking,visual,168,0.0
12,waking,visual,169,0.0
12,waking,visual,170,0.0
12,waking,visual,171,0.0
12,waking,visual,172,0.0
12,waking,visual,173,0.0
12,waking,visual,174,0.0
12,waking,visual,175,0.0
12,waking,visual,176,0.0
12,waking,visual,177,0.0
12,waking,visual,178,0.0
12,waking,visual,179,0.0
12,waking,audio,0,0.3601869846066379
12,waking,audio,1,0.16750379314808736
12,waking,audio,2,0.26241022724951896
12,waking,audio,3,0.175727449547127
12,waking,audio,4,0.26352435065168045
12,waking,audio,5,0.1524352344826997
12,waking,audio,6,0.23453172966577576
12,waking,audio,7,0.0529587776664655
12,waking,audio,8,0.005221043963505312
12,waking,audio,9,0.0019084883750809245
12,waking,audio,10,0.0010217037766693249
12,waking,audio,11,0.001855711894803852
12,waking,audio,12,0.003659994331737859
12,waking,audio,13,0.0015253253402446876
12,waking,audio,14,0.0018777945486694314
12,waking,audio,15,0.0004240181238930954
12,waking,proprioceptive,0,0.7431000833647711
12,waking,proprioceptive,1,0.5392928496370852
12,waking,proprioceptive,2,0.4925102174150757
12,waking,proprioceptive,3,0.633227422390813
12,waking,proprioceptive,4,0.0
12,waking,proprioceptive,5,0.9459643254766898
12,waking,prediction,0,0.0
12,waking,prediction,1,0.0
12,waking,prediction,2,0.0
12,waking,prediction,3,0.0005123918654593255
12,waking,prediction,4,0.0
12,waking,prediction,5,0.0
12,waking,prediction,6,0.0
12,waking,prediction,7,0.0
12,waking,prediction,8,0.06670294718976429
12,waking,prediction,9,0.0005329260485410097
12,waking,prediction,10,0.06144525102884989
12,waking,prediction,11,0.0002655270616297889
12,waking,prediction,12,0.0
12,waking,prediction,13,0.0
12,waking,prediction,14,0.0
12,waking,prediction,15,0.0004942282013845798
12,waking,prediction,16,0.0
12,waking,prediction,17,0.0
12,waking,prediction,18,0.0
12,waking,prediction,19,0.0
12,waking,prediction,20,0.0
12,waking,prediction,21,0.0
12,waking,prediction,22,0.00010963431660965585
12,waking,prediction,23,0.0
12,waking,prediction,24,0.0
12,waking,prediction,25,0.040039324959254885
12,waking,prediction,26,0.0
12,waking,prediction,27,0.0
12,waking,prediction,28,0.04598497226170968
12,waking,prediction,29,0.0
12,waking,prediction,30,0.0
12,waking,prediction,31,0.0
12,waking,prediction,32,0.00013506254404091605
12,waking,prediction,33,0.0
12,waking,prediction,34,0.0
12,waking,prediction,35,0.0
12,waking,emotion,0,0.5380834189657459
12,waking,emotion,1,0.30877885486982704
12,waking,emotion,2,0.743577446596281
12,waking,action,0,0.0025445658846199085
12,waking,action,1,0.014028344730179769
12,waking,action,2,0.0039170120253976285
12,waking,action,3,0.01071166582773107
12,waking,action,4,0.5463941098902637
12,waking,action,5,0.007773204281952522
13,waking,visual,0,0.0
13,waking,visual,1,0.0
13,waking,visual,2,0.0
13,waking,visual,3,0.0
13,waking,visual,4,0.0
13,waking,visual,5,0.0
13,waking,visual,6,0.0
13,waking,visual,7,0.0
13,waking,visual,8,0.5333333333333333
13,waking,visual,9,0.0
13,waking,visual,10,0.0
13,waking,visual,11,0.0
13,waking,visual,12,0.0
13,waking,visual,13,0.0
13,waking,visual,14,0.0
13,waking,visual,15,0.0
13,waking,visual,16,0.75
13,waking,visual,17,0.0
13,waking,visual,18,0.0
13,waking,visual,19,0.0
13,waking,visual,20,0.0
13,waking,visual,21,0.0
13,waking,visual,22,0.0
13,waking,visual,23,0.0
13,waking,visual,24,0.0
13,waking,visual,25,0.36999999999999994
13,waking,visual,26,0.0
13,waking,visual,27,0.0
13,waking,visual,28,0.4033333333333333
13,waking,visual,29,0.0
13,waking,visual,30,0.0
13,waking,visual,31,0.0
13,waking,visual,32,0.0
13,waking,visual,33,0.0
13,waking,visual,34,0.0
13,waking,visual,35,0.0
13,waking,visual,36,0.0
13,waking,visual,37,0.0
13,waking,visual,38,0.0
13,waking,visual,39,0.0
13,waking,visual,40,0.0
13,waking,visual,41,0.0
13,waking,visual,42,0.0
13,waking,visual,43,0.0
13,waking,visual,44,0.0
13,waking,visual,45,0.0
13,waking,visual,46,0.0
13,waking,visual,47,0.0
13,waking,visual,48,0.0
13,waking,visual,49,0.0
13,waking,visual,50,0.0
13,waking,visual,51,0.0
13,waking,visual,52,0.0
13,waking,visual,53,0.0
13,waking,visual,54,0.0
13,waking,visual,55,0.0
13,waking,visual,56,0.0
13,waking,visual,57,0.0
13,waking,visual,58,0.0
13,waking,visual,59,0.0
13,waking,visual,60,0.75
13,waking,visual,61,0.1
13,waking,visual,62,0.75
13,waking,visual,63,0.0
13,waking,visual,64,0.0
13,waking,visual,65,0.0
13,waking,visual,66,0.0
13,waking,visual,67,0.0
13,waking,visual,68,0.0
13,waking,visual,69,0.0
13,waking,visual,70,0.0
13,waking,visual,71,0.0
13,waking,visual,72,0.0
13,waking,visual,73,0.0
13,waking,visual,74,0.0
13,waking,visual,75,0.0
13,waking,visual,76,0.0
13,waking,visual,77,0.0
13,waking,visual,78,0.0
13,waking,visual,79,0.0
13,waking,visual,80,0.0
13,waking,visual,81,0.0
13,waking,visual,82,0.0
13,waking,visual,83,0.0
13,waking,visual,84,0.65
13,waking,visual,85,0.95
13,waking,visual,86,0.65
13,waking,visual,87,0.0
13,waking,visual,88,0.0
13,waking,visual,89,0.0
13,waking,visual,90,0.0
13,waking,visual,91,0.0
13,waking,visual,92,0.0
13,waking,visual,93,0.0
13,waking,visual,94,0.0
13,waking,visual,95,0.0
13,waking,visual,96,0.0
13,waking,visual,97,0.0
13,waking,visual,98,0.0
13,waking,visual,99,0.0
13,waking,visual,100,0.0
13,waking,visual,101,0.0
13,waking,visual,102,0.0
13,waking,visual,103,0.0
13,waking,visual,104,0.0
13,waking,visual,105,0.0
13,waking,visual,106,0.0
13,waking,visual,107,0.0
13,waking,visual,108,0.0
13,waking,visual,109,0.0
13,waking,visual,110,0.0
13,waking,visual,111,0.95
13,waking,visual,112,0.08
13,waking,visual,113,0.08
13,waking,visual,114,0.0
13,waking,visual,115,0.0
13,waking,visual,116,0.0
13,waking,visual,117,0.0
13,waking,visual,118,0.0
13,waking,visual,119,0.0
13,waking,visual,120,0.08
13,waking,visual,121,0.18
13,waking,visual,122,0.95
13,waking,visual,123,0.0
13,waking,visual,124,0.0
13,waking,visual,125,0.0
13,waking,visual,126,0.0
13,waking,visual,127,0.0
13,waking,visual,128,0.0
13,waking,visual,129,0.0
13,waking,visual,130,0.0
13,waking,visual,131,0.0
13,waking,visual,132,0.0
13,waking,visual,133,0.0
13,waking,visual,134,0.0
13,waking,visual,135,0.0
13,waking,visual,136,0.0
13,waking,visual,137,0.0
13,waking,visual,138,0.0
13,waking,visual,139,0.0
13,waking,visual,140,0.0
13,waking,visual,141,0.0
13,waking,visual,142,0.0
13,waking,visual,143,0.0
13,waking,visual,144,0.0
13,waking,visual,145,0.0
13,waking,visual,146,0.0
13,waking,visual,147,0.0
13,waking,visual,148,0.0
13,waking,visual,149,0.0
13,waking,visual,150,0.0
13,waking,visual,151,0.0
13,waking,visual,152,0.0
13,waking,visual,153,0.0
13,waking,visual,154,0.75
13,waking,visual,155,0.0
13,waking,visual,156,0.0
13,waking,visual,157,0.0
13,waking,visual,158,0.0
13,waking,visual,159,0.0
13,waking,visual,160,0.75
13,waking,visual,161,0.0
13,waking,visual,162,0.0
13,waking,visual,163,0.0
13,waking,visual,164,0.0
13,waking,visual,165,0.0
13,waking,visual,166,0.0
13,waking,visual,167,0.0
13,waking,visual,168,0.0
13,waking,visual,169,0.0
13,waking,visual,170,0.0
13,waking,visual,171,0.0
13,waking,visual,172,0.0
13,waking,visual,173,0.0
13,waking,visual,174,0.0
13,waking,visual,175,0.0
13,waking,visual,176,0.0
13,waking,visual,177,0.0
13,waking,visual,178,0.0
13,waking,visual,179,0.0
13,waking,audio,0,0.3640877641239877
13,waking,audio,1,0.16891639639495146
13,waking,audio,2,0.26317042533516627
13,waking,audio,3,0.1774276184083527
13,waking,audio,4,0.26692602124651515
13,waking,audio,5,0.1540165885623851
13,waking,audio,6,0.23663418564424393
13,waking,audio,7,0.05343352579063573
13,waking,audio,8,0.003900779517349795
13,waking,audio,9,0.001412603246864097
13,waking,audio,10,0.0007601980856473123
13,waking,audio,11,0.0017001688612257038
13,waking,audio,12,0.003401670594834705
13,waking,audio,13,0.0015813540796854042
13,waking,audio,14,0.0021024559784681707
13,waking,audio,15,0.00047474812417023365
13,waking,proprioceptive,0,0.7124865982906579
13,waking,proprioceptive,1,0.5030229127763152
13,waking,proprioceptive,2,0.4250161994785075
13,waking,proprioceptive,3,0.5464493993295102
13,waking,proprioceptive,4,0.0
13,waking,proprioceptive,5,0.9012855331233736
13,waking,prediction,0,0.0
13,waking,prediction,1,0.0
13,waking,prediction,2,0.0
13,waking,prediction,3,0.0005252076411988914
13,waking,prediction,4,0.0
13,waking,prediction,5,0.0
13,waking,prediction,6,0.0
13,waking,prediction,7,0.0
13,waking,prediction,8,0.06765348236884974
13,waking,prediction,9,0.000562234833844311
13,waking,prediction,10,0.05149364675024074
13,waking,prediction,11,0.00025462440930709197
13,waking,prediction,12,0.0
13,waking,prediction,13,0.0
13,waking,prediction,14,0.0
13,waking,prediction,15,0.0005218998286274994
13,waking,prediction,16,0.010238201504392176
13,waking,prediction,17,0.0
13,waking,prediction,18,0.0
13,waking,prediction,19,0.0
13,waking,prediction,20,0.0
13,waking,prediction,21,0.0
13,waking,prediction,22,6.444072235201036e-05
13,waking,prediction,23,0.0
13,waking,prediction,24,0.0
13,waking,prediction,25,0.04062272306817222
13,waking,prediction,26,0.0
13,waking,prediction,27,0.0
13,waking,prediction,28,0.04718832148682342
13,waking,prediction,29,0.0
13,waking,prediction,30,0.0
13,waking,prediction,31,0.0
13,waking,prediction,32,0.00012402567715691834
13,waking,prediction,33,0.0
13,waking,prediction,34,0.0
13,waking,prediction,35,0.0
13,waking,emotion,0,0.532052302175053
13,waking,emotion,1,0.3062357756858931
13,waking,emotion,2,0.7358369252104089
13,waking,action,0,0.001224838293107428
13,waking,action,1,0.011661188124138437
13,waking,action,2,0.0067989606171965115
13,waking,action,3,0.007820376406786896
13,waking,action,4,0.4480081598298993
13,waking,action,5,-0.0856235298935608
14,waking,visual,0,0.0
14,waking,visual,1,0.0
14,waking,visual,2,0.0
14,waking,visual,3,0.0
14,waking,visual,4,0.0
14,waking,visual,5,0.0
14,waking,visual,6,0.0
14,waking,visual,7,0.0
14,waking,visual,8,0.5333333333333333
14,waking,visual,9,0.0
14,waking,visual,10,0.0
14,waking,visual,11,0.0
14,waking,visual,12,0.0
14,waking,visual,13,0.0
14,waking,visual,14,0.0
14,waking,visual,15,0.0
14,waking,visual,16,0.75
14,waking,visual,17,0.0
14,waking,visual,18,0.0
14,waking,visual,19,0.0
14,waking,visual,20,0.0
14,waking,visual,21,0.0
14,waking,visual,22,0.0
14,waking,visual,23,0.0
14,waking,visual,24,0.0
14,waking,visual,25,0.36999999999999994
14,waking,visual,26,0.0
14,waking,visual,27,0.0
14,waking,visual,28,0.4033333333333333
14,waking,visual,29,0.0
14,waking,visual,30,0.0
14,waking,visual,31,0.0
14,waking,visual,32,0.0
14,waking,visual,33,0.0
14,waking,visual,34,0.0
14,waking,visual,35,0.0
14,waking,visual,36,0.0
14,waking,visual,37,0.0
14,waking,visual,38,0.0
14,waking,visual,39,0.0
14,waking,visual,40,0.0
14,waking,visual,41,0.0
14,waking,visual,42,0.0
14,waking,visual,43,0.0
14,waking,visual,44,0.0
14,waking,visual,45,0.0
14,waking,visual,46,0.0
14,waking,visual,47,0.0
14,waking,visual,48,0.0
14,waking,visual,49,0.0
14,waking,visual,50,0.0
14,waking,visual,51,0.0
14,waking,visual,52,0.0
14,waking,visual,53,0.0
14,waking,visual,54,0.0
14,waking,visual,55,0.0
14,waking,visual,56,0.0
14,waking,visual,57,0.0
14,waking,visual,58,0.0
14,waking,visual,59,0.0
14,waking,visual,60,0.75
14,waking,visual,61,0.1
14,waking,visual,62,0.75
14,waking,visual,63,0.0
14,waking,visual,64,0.0
14,waking,visual,65,0.0
14,waking,visual,66,0.0
14,waking,visual,67,0.0
14,waking,visual,68,0.0
14,waking,visual,69,0.0
14,waking,visual,70,0.0
14,waking,visual,71,0.0
14,waking,visual,72,0.0
14,waking,visual,73,0.0
14,waking,visual,74,0.0
14,waking,visual,75,0.0
14,waking,visual,76,0.0
14,waking,visual,77,0.0
14,waking,visual,78,0.0
14,waking,visual,79,0.0
14,waking,visual,80,0.0
14,waking,visual,81,0.0
14,waking,visual,82,0.0
14,waking,visual,83,0.0
14,waking,visual,84,0.65
14,waking,visual,85,0.95
14,waking,visual,86,0.65
14,waking,visual,87,0.0
14,waking,visual,88,0.0
14,waking,visual,89,0.0
14,waking,visual,90,0.0
14,waking,visual,91,0.0
14,waking,visual,92,0.0
14,waking,visual,93,0.0
14,waking,visual,94,0.0
14,waking,visual,95,0.0
14,waking,visual,96,0.0
14,waking,visual,97,0.0
14,waking,visual,98,0.0
14,waking,visual,99,0.0
14,waking,visual,100,0.0
14,waking,visual,101,0.0
14,waking,visual,102,0.0
14,waking,visual,103,0.0
14,waking,visual,104,0.0
14,waking,visual,105,0.0
14,waking,visual,106,0.0
14,waking,visual,107,0.0
14,waking,visual,108,0.0
14,waking,visual,109,0.0
14,waking,visual,110,0.0
14,waking,visual,111,0.95
14,waking,visual,112,0.08
14,waking,visual,113,0.08
14,waking,visual,114,0.0
14,waking,visual,115,0.0
14,waking,visual,116,0.0
14,waking,visual,117,0.0
14,waking,visual,118,0.0
14,waking,visual,119,0.0
14,waking,visual,120,0.08
14,waking,visual,121,0.18
14,waking,visual,122,0.95
14,waking,visual,123,0.0
14,waking,visual,124,0.0
14,waking,visual,125,0.0
14,waking,visual,126,0.0
14,waking,visual,127,0.0
14,waking,visual,128,0.0
14,waking,visual,129,0.0
14,waking,visual,130,0.0
14,waking,visual,131,0.0
14,waking,visual,132,0.0
14,waking,visual,133,0.0
14,waking,visual,134,0.0
14,waking,visual,135,0.0
14,waking,visual,136,0.0
14,waking,visual,137,0.0
14,waking,visual,138,0.0
14,waking,visual,139,0.0
14,waking,visual,140,0.0
14,waking,visual,141,0.0
14,waking,visual,142,0.0
14,waking,visual,143,0.0
14,waking,visual,144,0.0
14,waking,visual,145,0.0
14,waking,visual,146,0.0
14,waking,visual,147,0.0
14,waking,visual,148,0.0
14,waking,visual,149,0.0
14,waking,visual,150,0.0
14,waking,visual,151,0.0
14,waking,visual,152,0.0
14,waking,visual,153,0.0
14,waking,visual,154,0.0
14,waking,visual,155,0.0
14,waking,visual,156,0.0
14,waking,visual,157,0.0
14,waking,visual,158,0.0
14,waking,visual,159,0.0
14,waking,visual,160,0.0
14,waking,visual,161,0.0
14,waking,visual,162,0.0
14,waking,visual,163,0.0
14,waking,visual,164,0.0
14,waking,visual,165,0.0
14,waking,visual,166,0.0
14,waking,visual,167,0.0
14,waking,visual,168,0.0
14,waking,visual,169,0.0
14,waking,visual,170,0.0
14,waking,visual,171,0.0
14,waking,visual,172,0.0
14,waking,visual,173,0.0
14,waking,visual,174,0.0
14,waking,visual,175,0.0
14,waking,visual,176,0.0
14,waking,visual,177,0.0
14,waking,visual,178,0.0
14,waking,visual,179,0.0
14,waking,audio,0,0.3664917062860385
14,waking,audio,1,0.16975548710409144
14,waking,audio,2,0.26356314047791796
14,waking,audio,3,0.1788925593530299
14,waking,audio,4,0.2699423691526656
14,waking,audio,5,0.15561880384764454
14,waking,audio,6,0.23893324929818127
14,waking,audio,7,0.05395266919636352
14,waking,audio,8,0.0024039421620508095
14,waking,audio,9,0.0008390907091399835
14,waking,audio,10,0.0003927151427516873
14,waking,audio,11,0.0014649409446771955
14,waking,audio,12,0.0030163479061504628
14,waking,audio,13,0.0016022152852594451
14,waking,audio,14,0.002299063653937339
14,waking,audio,15,0.0005191434057277844
14,waking,proprioceptive,0,0.6742253954894055
14,waking,proprioceptive,1,0.46670196059694846
14,waking,proprioceptive,2,0.35475765170903345
14,waking,proprioceptive,3,0.4561169807687564
14,waking,proprioceptive,4,0.0
14,waking,proprioceptive,5,0.845037491778468
14,waking,prediction,0,0.0
14,waking,prediction,1,0.0
14,waking,prediction,2,0.0
14,waking,prediction,3,0.0004920989881641867
14,waking,prediction,4,0.0
14,waking,prediction,5,0.0
14,waking,prediction,6,0.0
14,waking,prediction,7,0.0
14,waking,prediction,8,0.0683399120480417
14,waking,prediction,9,0.0005842158819141628
14,waking,prediction,10,0.038762482567088946
14,waking,prediction,11,0.0002415787278658817
14,waking,prediction,12,0.0
14,waking,prediction,13,0.0
14,waking,prediction,14,0.0
14,waking,prediction,15,0.000547643258600392
14,waking,prediction,16,0.023833359816395484
14,waking,prediction,17,0.0
14,waking,prediction,18,0.0
14,waking,prediction,19,0.0
14,waking,prediction,20,0.0
14,waking,prediction,21,0.0
14,waking,prediction,22,3.788557997540372e-05
14,waking,prediction,23,0.0
14,waking,prediction,24,0.0
14,waking,prediction,25,0.04104752344311927
14,waking,prediction,26,0.0
14,waking,prediction,27,0.0
14,waking,prediction,28,0.04808548523378119
14,waking,prediction,29,0.0
14,waking,prediction,30,0.0
14,waking,prediction,31,0.0
14,waking,prediction,32,9.986973667597204e-05
14,waking,prediction,33,0.0
14,waking,prediction,34,0.0
14,waking,prediction,35,0.0
14,waking,emotion,0,0.5214351657753882
14,waking,emotion,1,0.3024569896858603
14,waking,emotion,2,0.7238776118798285
14,waking,action,0,0.0005893493319108461
14,waking,action,1,0.008728804511249674
14,waking,action,2,0.009537057888687186
14,waking,action,3,0.004638243431531682
14,waking,action,4,0.3334977107498485
14,waking,action,5,-0.1775752631775605
15,waking,visual,0,0.0
15,waking,visual,1,0.0
15,waking,visual,2,0.0
15,waking,visual,3,0.0
15,waking,visual,4,0.0
15,waking,visual,5,0.0
15,waking,visual,6,0.0
15,waking,visual,7,0.0
15,waking,visual,8,0.5333333333333333
15,waking,visual,9,0.0
15,waking,visual,10,0.0
15,waking,visual,11,0.0
15,waking,visual,12,0.0
15,waking,visual,13,0.0
15,waking,visual,14,0.0
15,waking,visual,15,0.0
15,waking,visual,16,0.0
15,waking,visual,17,0.75
15,waking,visual,18,0.0
15,waking,visual,19,0.0
15,waking,visual,20,0.0
15,waking,visual,21,0.0
15,waking,visual,22,0.0
15,waking,visual,23,0.0
15,waking,visual,24,0.0
15,waking,visual,25,0.0
15,waking,visual,26,0.36999999999999994
15,waking,visual,27,0.0
15,waking,visual,28,0.4033333333333333
15,waking,visual,29,0.0
15,waking,visual,30,0.0
15,waking,visual,31,0.0
15,waking,visual,32,0.0
15,waking,visual,33,0.0
15,waking,visual,34,0.0
15,waking,visual,35,0.0
15,waking,visual,36,0.0
15,waking,visual,37,0.0
15,waking,visual,38,0.0
15,waking,visual,39,0.0
15,waking,visual,40,0.0
15,waking,visual,41,0.0
15,waking,visual,42,0.0
15,waking,visual,43,0.0
15,waking,visual,44,0.0
15,waking,visual,45,0.0
15,waking,visual,46,0.0
15,waking,visual,47,0.0
15,waking,visual,48,0.0
15,waking,visual,49,0.0
15,waking,visual,50,0.0
15,waking,visual,51,0.0
15,waking,visual,52,0.0
15,waking,visual,53,0.0
15,waking,visual,54,0.0
15,waking,visual,55,0.0
15,waking,visual,56,0.0
15,waking,visual,57,0.0
15,waking,visual,58,0.0
15,waking,visual,59,0.0
15,waking,visual,60,0.75
15,waking,visual,61,0.1
15,waking,visual,62,0.75
15,waking,visual,63,0.0
15,waking,visual,64,0.0
15,waking,visual,65,0.0
15,waking,visual,66,0.0
15,waking,visual,67,0.0
15,waking,visual,68,0.0
15,waking,visual,69,0.0
15,waking,visual,70,0.0
15,waking,visual,71,0.0
15,waking,visual,72,0.0
15,waking,visual,73,0.0
15,waking,visual,74,0.0
15,waking,visual,75,0.0
15,waking,visual,76,0.0
15,waking,visual,77,0.0
15,waking,visual,78,0.0
15,waking,visual,79,0.0
15,waking,visual,80,0.0
15,waking,visual,81,0.0
15,waking,visual,82,0.0
15,waking,visual,83,0.0
15,waking,visual,84,0.0
15,waking,visual,85,0.0
15,waking,visual,86,0.0
15,waking,visual,87,0.65
15,waking,visual,88,0.95
15,waking,visual,89,0.65
15,waking,visual,90,0.0
15,waking,visual,91,0.0
15,waking,visual,92,0.0
15,waking,visual,93,0.0
15,waking,visual,94,0.0
15,waking,visual,95,0.0
15,waking,visual,96,0.0
15,waking,visual,97,0.0
15,waking,visual,98,0.0
15,waking,visual,99,0.0
15,waking,visual,100,0.0
15,waking,visual,101,0.0
15,waking,visual,102,0.0
15,waking,visual,103,0.0
15,waking,visual,104,0.0
15,waking,visual,105,0.0
15,waking,visual,106,0.0
15,waking,visual,107,0.0
15,waking,visual,108,0.0
15,waking,visual,109,0.0
15,waking,visual,110,0.0
15,waking,visual,111,0.0
15,waking,visual,112,0.0
15,waking,visual,113,0.0
15,waking,visual,114,0.95
15,waking,visual,115,0.08
15,waking,visual,116,0.08
15,waking,visual,117,0.0
15,waking,visual,118,0.0
15,waking,visual,119,0.0
15,waking,visual,120,0.08
15,waking,visual,121,0.18
15,waking,visual,122,0.95
15,waking,visual,123,0.0
15,waking,visual,124,0.0
15,waking,visual,125,0.0
15,waking,visual,126,0.0
15,waking,visual,127,0.0
15,waking,visual,128,0.0
15,waking,visual,129,0.0
15,waking,visual,130,0.0
15,waking,visual,131,0.0
15,waking,visual,132,0.0
15,waking,visual,133,0.0
15,waking,visual,134,0.0
15,waking,visual,135,0.0
15,waking,visual,136,0.0
15,waking,visual,137,0.0
15,waking,visual,138,0.0
15,waking,visual,139,0.0
15,waking,visual,140,0.0
15,waking,visual,141,0.0
15,waking,visual,142,0.0
15,waking,visual,143,0.0
15,waking,visual,144,0.0
15,waking,visual,145,0.0
15,waking,visual,146,0.0
15,waking,visual,147,0.0
15,waking,visual,148,0.0
15,waking,visual,149,0.0
15,waking,visual,150,0.0
15,waking,visual,151,0.0
15,waking,visual,152,0.0
15,waking,visual,153,0.0
15,waking,visual,154,0.0
15,waking,visual,155,0.0
15,waking,visual,156,0.0
15,waking,visual,157,0.0
15,waking,visual,158,0.0
15,waking,visual,159,0.0
15,waking,visual,160,0.75
15,waking,visual,161,0.75
15,waking,visual,162,0.0
15,waking,visual,163,0.0
15,waking,visual,164,0.0
15,waking,visual,165,0.0
15,waking,visual,166,0.0
15,waking,visual,167,0.0
15,waking,visual,168,0.0
15,waking,visual,169,0.36999999999999994
15,waking,visual,170,0.36999999999999994
15,waking,visual,171,0.0
15,waking,visual,172,0.0
15,waking,visual,173,0.0
15,waking,visual,174,0.0
15,waking,visual,175,0.0
15,waking,visual,176,0.0
15,waking,visual,177,0.0
15,waking,visual,178,0.0
15,waking,visual,179,0.0
15,waking,audio,0,0.36729313404265923
15,waking,audio,1,0.1699697638323972
15,waking,audio,2,0.26349403092277823
15,waking,audio,3,0.1800478435930336
15,waking,audio,4,0.27245468720522353
15,waking,audio,5,0.1572048887683028
15,waking,audio,6,0.2413936336773858
15,waking,audio,7,0.05450823986263551
15,waking,audio,8,0.0008014277566207317
15,waking,audio,9,0.00021427672830576228
15,waking,audio,10,6.910955513972361e-05
15,waking,audio,11,0.0011552842400037178
15,waking,audio,12,0.002512318052557916
15,waking,audio,13,0.0015860849206582595
15,waking,audio,14,0.002460384379204539
15,waking,audio,15,0.0005555706662719942
15,waking,proprioceptive,0,0.6296935541804966
15,waking,proprioceptive,1,0.4309429532087259
15,waking,proprioceptive,2,0.2938659130113708
15,waking,proprioceptive,3,0.37782760244319036
15,waking,proprioceptive,4,0.0
15,waking,proprioceptive,5,0.7788418586957083
15,waking,prediction,0,0.0
15,waking,prediction,1,0.0
15,waking,prediction,2,0.0
15,waking,prediction,3,0.0004234325076611941
15,waking,prediction,4,0.0
15,waking,prediction,5,0.0
15,waking,prediction,6,0.0
15,waking,prediction,7,0.0
15,waking,prediction,8,0.06879934008131465
15,waking,prediction,9,0.0005834081708461043
15,waking,prediction,10,0.026714481300814278
15,waking,prediction,11,0.00022907870551354395
15,waking,prediction,12,0.0
15,waking,prediction,13,0.0
15,waking,prediction,14,0.0
15,waking,prediction,15,0.0005546291098052305
15,waking,prediction,16,0.026843514388458882
15,waking,prediction,17,0.010167717145997592
15,waking,prediction,18,0.0
15,waking,prediction,19,0.0
15,waking,prediction,20,0.0
15,waking,prediction,21,4.36924176222785e-06
15,waking,prediction,22,2.2280734161998624e-05
15,waking,prediction,23,2.2251409172515427e-05
15,waking,prediction,24,0.0
15,waking,prediction,25,0.03637668953918132
15,waking,prediction,26,0.0
15,waking,prediction,27,0.0
15,waking,prediction,28,0.04873655653632961
15,waking,prediction,29,0.0
15,waking,prediction,30,0.0
15,waking,prediction,31,0.0
15,waking,prediction,32,6.751523078325781e-05
15,waking,prediction,33,0.0
15,waking,prediction,34,0.0
15,waking,prediction,35,0.0
15,waking,emotion,0,0.5106048805307095
15,waking,emotion,1,0.29787825701077253
15,waking,emotion,2,0.7094771580912057
15,waking,action,0,0.0002833808651781999
15,waking,action,1,0.00548821211060503
15,waking,action,2,0.011787909159606834
15,waking,action,3,0.0022429620188474833
15,waking,action,4,0.20698416888663196
15,waking,action,5,-0.2665301985729267
16,waking,visual,0,0.0
16,waking,visual,1,0.0
16,waking,visual,2,0.0
16,waking,visual,3,0.0
16,waking,visual,4,0.0
16,waking,visual,5,0.0
16,waking,visual,6,0.0
16,waking,visual,7,0.0
16,waking,visual,8,0.5333333333333333
16,waking,visual,9,0.0
16,waking,visual,10,0.0
16,waking,visual,11,0.0
16,waking,visual,12,0.0
16,waking,visual,13,0.0
16,waking,visual,14,0.0
16,waking,visual,15,0.0
16,waking,visual,16,0.0
16,waking,visual,17,0.75
16,waking,visual,18,0.0
16,waking,visual,19,0.0
16,waking,visual,20,0.0
16,waking,visual,21,0.0
16,waking,visual,22,0.0
16,waking,visual,23,0.0
16,waking,visual,24,0.0
16,waking,visual,25,0.0
16,waking,visual,26,0.36999999999999994
16,waking,visual,27,0.0
16,waking,visual,28,0.4033333333333333
16,waking,visual,29,0.0
16,waking,visual,30,0.0
16,waking,visual,31,0.0
16,waking,visual,32,0.0
16,waking,visual,33,0.0
16,waking,visual,34,0.0
16,waking,visual,35,0.0
16,waking,visual,36,0.0
16,waking,visual,37,0.0
16,waking,visual,38,0.0
16,waking,visual,39,0.0
16,waking,visual,40,0.0
16,waking,visual,41,0.0
16,waking,visual,42,0.0
16,waking,visual,43,0.0
16,waking,visual,44,0.0
16,waking,visual,45,0.0
16,waking,visual,46,0.0
16,waking,visual,47,0.0
16,waking,visual,48,0.0
16,waking,visual,49,0.0
16,waking,visual,50,0.0
16,waking,visual,51,0.0
16,waking,visual,52,0.0
16,waking,visual,53,0.0
16,waking,visual,54,0.0
16,waking,visual,55,0.0
16,waking,visual,56,0.0
16,waking,visual,57,0.0
16,waking,visual,58,0.0
16,waking,visual,59,0.0
16,waking,visual,60,0.75
16,waking,visual,61,0.1
16,waking,visual,62,0.75
16,waking,visual,63,0.0
16,waking,visual,64,0.0
16,waking,visual,65,0.0
16,waking,visual,66,0.0
16,waking,visual,67,0.0
16,waking,visual,68,0.0
16,waking,visual,69,0.0
16,waking,visual,70,0.0
16,waking,visual,71,0.0
16,waking,visual,72,0.0
16,waking,visual,73,0.0
16,waking,visual,74,0.0
16,waking,visual,75,0.0
16,waking,visual,76,0.0
16,waking,visual,77,0.0
16,waking,visual,78,0.0
16,waking,visual,79,0.0
16,waking,visual,80,0.0
16,waking,visual,81,0.0
16,waking,visual,82,0.0
16,waking,visual,83,0.0
16,waking,visual,84,0.0
16,waking,visual,85,0.0
16,waking,visual,86,0.0
16,waking,visual,87,0.65
16,waking,visual,88,0.95
16,waking,visual,89,0.65
16,waking,visual,90,0.0
16,waking,visual,91,0.0
16,waking,visual,92,0.0
16,waking,visual,93,0.0
16,waking,visual,94,0.0
16,waking,visual,95,0.0
16,waking,visual,96,0.0
16,waking,visual,97,0.0
16,waking,visual,98,0.0
16,waking,visual,99,0.0
16,waking,visual,100,0.0
16,waking,visual,101,0.0
16,waking,visual,102,0.0
16,waking,visual,103,0.0
16,waking,visual,104,0.0
16,waking,visual,105,0.0
16,waking,visual,106,0.0
16,waking,visual,107,0.0
16,waking,visual,108,0.0
16,waking,visual,109,0.0
16,waking,visual,110,0.0
16,waking,visual,111,0.0
16,waking,visual,112,0.0
16,waking,visual,113,0.0
16,waking,visual,114,0.95
16,waking,visual,115,0.08
16,waking,visual,116,0.08
16,waking,visual,117,0.0
16,waking,visual,118,0.0
16,waking,visual,119,0.0
16,waking,visual,120,0.08
16,waking,visual,121,0.18
16,waking,visual,122,0.95
16,waking,visual,123,0.0
16,waking,visual,124,0.0
16,waking,visual,125,0.0
16,waking,visual,126,0.0
16,waking,visual,127,0.0
16,waking,visual,128,0.0
16,waking,visual,129,0.0
16,waking,visual,130,0.0
16,waking,visual,131,0.0
16,waking,visual,132,0.0
16,waking,visual,133,0.0
16,waking,visual,134,0.0
16,waking,visual,135,0.0
16,waking,visual,136,0.0
16,waking,visual,137,0.0
16,waking,visual,138,0.0
16,waking,visual,139,0.0
16,waking,visual,140,0.0
16,waking,visual,141,0.0
16,waking,visual,142,0.0
16,waking,visual,143,0.0
16,waking,visual,144,0.0
16,waking,visual,145,0.0
16,waking,visual,146,0.0
16,waking,visual,147,0.0
16,waking,visual,148,0.0
16,waking,visual,149,0.0
16,waking,visual,150,0.0
16,waking,visual,151,0.0
16,waking,visual,152,0.0
16,waking,visual,153,0.0
16,waking,visual,154,0.0
16,waking,visual,155,0.0
16,waking,visual,156,0.0
16,waking,visual,157,0.0
16,waking,visual,158,0.0
16,waking,visual,159,0.0
16,waking,visual,160,0.0
16,waking,visual,161,0.0
16,waking,visual,162,0.0
16,waking,visual,163,0.0
16,waking,visual,164,0.0
16,waking,visual,165,0.0
16,waking,visual,166,0.0
16,waking,visual,167,0.0
16,waking,visual,168,0.0
16,waking,visual,169,0.0
16,waking,visual,170,0.0
16,waking,visual,171,0.0
16,waking,visual,172,0.0
16,waking,visual,173,0.0
16,waking,visual,174,0.0
16,waking,visual,175,0.0
16,waking,visual,176,0.0
16,waking,visual,177,0.0
16,waking,visual,178,0.0
16,waking,visual,179,0.0
16,waking,audio,0,0.3664547361391769
16,waking,audio,1,0.1695341498779242
16,waking,audio,2,0.2628856616299981
16,waking,audio,3,0.18082949527995432
16,waking,audio,4,0.27436120912641815
16,waking,audio,5,0.15873586062330097
16,waking,audio,6,0.24396905773739613
16,waking,audio,7,0.055089787231024936
16,waking,audio,8,0.0008383979034823352
16,waking,audio,9,0.000435613954473002
16,waking,audio,10,0.000608369292780131
16,waking,audio,11,0.0007816516869207091
16,waking,audio,12,0.001906521921194615
16,waking,audio,13,0.0015309718549981755
16,waking,audio,14,0.002575424060010323
16,waking,audio,15,0.0005815473683894248
16,waking,proprioceptive,0,0.5804938434559125
16,waking,proprioceptive,1,0.3963493672216391
16,waking,proprioceptive,2,0.2624706651011467
16,waking,proprioceptive,3,0.33746228370147313
16,waking,proprioceptive,4,0.0
16,waking,proprioceptive,5,0.7046070848360086
16,waking,prediction,0,0.0
16,waking,prediction,1,0.0
16,waking,prediction,2,0.0
16,waking,prediction,3,0.00033586258176472773
16,waking,prediction,4,0.0
16,waking,prediction,5,0.0
16,waking,prediction,6,0.0
16,waking,prediction,7,0.0
16,waking,prediction,8,0.06907805528080631
16,waking,prediction,9,0.0005398364766407491
16,waking,prediction,10,0.01664564939706483
16,waking,prediction,11,0.00021830044043843629
16,waking,prediction,12,0.0
16,waking,prediction,13,0.0
16,waking,prediction,14,0.0
16,waking,prediction,15,0.0005207402890401095
16,waking,prediction,16,0.024913696222976872
16,waking,prediction,17,0.023694989811591842
16,waking,prediction,18,0.0
16,waking,prediction,19,0.0
16,waking,prediction,20,0.0
16,waking,prediction,21,1.1111762170762039e-05
16,waking,prediction,22,1.3109175572331943e-05
16,waking,prediction,23,8.56418782236651e-05
16,waking,prediction,24,0.0
16,waking,prediction,25,0.030007756468415994
16,waking,prediction,26,0.0017762970108204878
16,waking,prediction,27,0.0
16,waking,prediction,28,0.04917878757486741
16,waking,prediction,29,0.0
16,waking,prediction,30,0.0
16,waking,prediction,31,0.0
16,waking,prediction,32,4.301334691951578e-05
16,waking,prediction,33,0.0
16,waking,prediction,34,0.0
16,waking,prediction,35,0.0
16,waking,emotion,0,0.49621823052604425
16,waking,emotion,1,0.2926653984825759
16,waking,emotion,2,0.6923095067255504
16,waking,action,0,0.00013616182588679367
16,waking,action,1,0.0027610585728615115
16,waking,action,2,0.013323032343399344
16,waking,action,3,0.0010841742253977489
16,waking,action,4,0.07302095014795333
16,waking,action,5,-0.35098711368073876
17,waking,visual,0,0.0
17,waking,visual,1,0.0
17,waking,visual,2,0.0
17,waking,visual,3,0.0
17,waking,visual,4,0.0
17,waking,visual,5,0.0
17,waking,visual,6,0.0
17,waking,visual,7,0.0
17,waking,visual,8,0.5333333333333333
17,waking,visual,9,0.0
17,waking,visual,10,0.0
17,waking,visual,11,0.0
17,waking,visual,12,0.0
17,waking,visual,13,0.0
17,waking,visual,14,0.0
17,waking,visual,15,0.0
17,waking,visual,16,0.0
17,waking,visual,17,0.75
17,waking,visual,18,0.0
17,waking,visual,19,0.0
17,waking,visual,20,0.0
17,waking,visual,21,0.0
17,waking,visual,22,0.0
17,waking,visual,23,0.0
17,waking,visual,24,0.0
17,waking,visual,25,0.0
17,waking,visual,26,0.36999999999999994
17,waking,visual,27,0.0
17,waking,visual,28,0.4033333333333333
17,waking,visual,29,0.0
17,waking,visual,30,0.0
17,waking,visual,31,0.0
17,waking,visual,32,0.0
17,waking,visual,33,0.0
17,waking,visual,34,0.0
17,waking,visual,35,0.0
17,waking,visual,36,0.0
17,waking,visual,37,0.0
17,waking,visual,38,0.0
17,waking,visual,39,0.0
17,waking,visual,40,0.0
17,waking,visual,41,0.0
17,waking,visual,42,0.0
17,waking,visual,43,0.0
17,waking,visual,44,0.0
17,waking,visual,45,0.0
17,waking,visual,46,0.0
17,waking,visual,47,0.0
17,waking,visual,48,0.0
17,waking,visual,49,0.0
17,waking,visual,50,0.0
17,waking,visual,51,0.0
17,waking,visual,52,0.0
17,waking,visual,53,0.0
17,waking,visual,54,0.0
17,waking,visual,55,0.0
17,waking,visual,56,0.0
17,waking,visual,57,0.0
17,waking,visual,58,0.0
17,waking,visual,59,0.0
17,waking,visual,60,0.75
17,waking,visual,61,0.1
17,waking,visual,62,0.75
17,waking,visual,63,0.0
17,waking,visual,64,0.0
17,waking,visual,65,0.0
17,waking,visual,66,0.0
17,waking,visual,67,0.0
17,waking,visual,68,0.0
17,waking,visual,69,0.0
17,waking,visual,70,0.0
17,waking,visual,71,0.0
17,waking,visual,72,0.0
17,waking,visual,73,0.0
17,waking,visual,74,0.0
17,waking,visual,75,0.0
17,waking,visual,76,0.0
17,waking,visual,77,0.0
17,waking,visual,78,0.0
17,waking,visual,79,0.0
17,waking,visual,80,0.0
17,waking,visual,81,0.0
17,waking,visual,82,0.0
17,waking,visual,83,0.0
17,waking,visual,84,0.0
17,waking,visual,85,0.0
17,waking,visual,86,0.0
17,waking,visual,87,0.65
17,waking,visual,88,0.95
17,waking,visual,89,0.65
17,waking,visual,90,0.0
17,waking,visual,91,0.0
17,waking,visual,92,0.0
17,waking,visual,93,0.0
17,waking,visual,94,0.0
17,waking,visual,95,0.0
17,waking,visual,96,0.0
17,waking,visual,97,0.0
17,waking,visual,98,0.0
17,waking,visual,99,0.0
17,waking,visual,100,0.0
17,waking,visual,101,0.0
17,waking,visual,102,0.0
17,waking,visual,103,0.0
17,waking,visual,104,0.0
17,waking,visual,105,0.0
17,waking,visual,106,0.0
17,waking,visual,107,0.0
17,waking,visual,108,0.0
17,waking,visual,109,0.0
17,waking,visual,110,0.0
17,waking,visual,111,0.0
17,waking,visual,112,0.0
17,waking,visual,113,0.0
17,waking,visual,114,0.95
17,waking,visual,115,0.08
17,waking,visual,116,0.08
17,waking,visual,117,0.0
17,waking,visual,118,0.0
17,waking,visual,119,0.0
17,waking,visual,120,0.08
17,waking,visual,121,0.18
17,waking,visual,122,0.95
17,waking,visual,123,0.0
17,waking,visual,124,0.0
17,waking,visual,125,0.0
17,waking,visual,126,0.0
17,waking,visual,127,0.0
17,waking,visual,128,0.0
17,waking,visual,129,0.0
17,waking,visual,130,0.0
17,waking,visual,131,0.0
17,waking,visual,132,0.0
17,waking,visual,133,0.0
17,waking,visual,134,0.0
17,waking,visual,135,0.0
17,waking,visual,136,0.0
17,waking,visual,137,0.0
17,waking,visual,138,0.0
17,waking,visual,139,0.0
17,waking,visual,140,0.0
17,waking,visual,141,0.0
17,waking,visual,142,0.0
17,waking,visual,143,0.0
17,waking,visual,144,0.0
17,waking,visual,145,0.0
17,waking,visual,146,0.0
17,waking,visual,147,0.0
17,waking,visual,148,0.0
17,waking,visual,149,0.0
17,waking,visual,150,0.0
17,waking,visual,151,0.0
17,waking,visual,152,0.0
17,waking,visual,153,0.0
17,waking,visual,154,0.0
17,waking,visual,155,0.0
17,waking,visual,156,0.0
17,waking,visual,157,0.0
17,waking,visual,158,0.0
17,waking,visual,159,0.0
17,waking,visual,160,0.0
17,waking,visual,161,0.0
17,waking,visual,162,0.0
17,waking,visual,163,0.0
17,waking,visual,164,0.0
17,waking,visual,165,0.0
17,waking,visual,166,0.0
17,waking,visual,167,0.0
17,waking,visual,168,0.0
17,waking,visual,169,0.0
17,waking,visual,170,0.0
17,waking,visual,171,0.0
17,waking,visual,172,0.0
17,waking,visual,173,0.0
17,waking,visual,174,0.0
17,waking,visual,175,0.0
17,waking,visual,176,0.0
17,waking,visual,177,0.0
17,waking,visual,178,0.0
17,waking,visual,179,0.0
17,waking,audio,0,0.36399939227666983
17,waking,audio,1,0.16844774313394678
17,waking,audio,2,0.26168268223853347
17,waking,audio,3,0.18118909989427176
17,waking,audio,4,0.2755854176589749
17,waking,audio,5,0.16017070758548757
17,waking,audio,6,0.24659891868217057
17,waking,audio,7,0.05568362679919981
17,waking,audio,8,0.0024553438625070645
17,waking,audio,9,0.0010864067439774194
17,waking,audio,10,0.0012029793914646314
17,waking,audio,11,0.0003596046143174436
17,waking,audio,12,0.0012242085325567253
17,waking,audio,13,0.0014348469621865978
17,waking,audio,14,0.002629860944774437
17,waking,audio,15,0.000593839568174874
17,waking,proprioceptive,0,0.5283970361686483
17,waking,proprioceptive,1,0.3635050113463802
17,waking,proprioceptive,2,0.2788352459121
17,waking,proprioceptive,3,0.358502459029845
17,waking,proprioceptive,4,0.0
17,waking,proprioceptive,5,0.6244733933365763
17,waking,prediction,0,0.0
17,waking,prediction,1,0.0
17,waking,prediction,2,0.0
17,waking,prediction,3,0.00024595210455621516
17,waking,prediction,4,0.0
17,waking,prediction,5,0.0
17,waking,prediction,6,0.0
17,waking,prediction,7,0.0
17,waking,prediction,8,0.06920267532609363
17,waking,prediction,9,0.0004653613429325551
17,waking,prediction,10,0.010106948776268906
17,waking,prediction,11,0.00021217627621173307
17,waking,prediction,12,0.0
17,waking,prediction,13,0.0
17,waking,prediction,14,0.0
17,waking,prediction,15,0.00045584712773851334
17,waking,prediction,16,0.021083502598713846
17,waking,prediction,17,0.03712802366317526
17,waking,prediction,18,0.0
17,waking,prediction,19,0.0
17,waking,prediction,20,0.0
17,waking,prediction,21,1.3787915894704031e-05
17,waking,prediction,22,7.716761377795326e-06
17,waking,prediction,23,0.00017038882597560486
17,waking,prediction,24,0.0
17,waking,prediction,25,0.02364021271063025
17,waking,prediction,26,0.004735898211902659
17,waking,prediction,27,0.0
17,waking,prediction,28,0.049442753341185065
17,waking,prediction,29,0.0
17,waking,prediction,30,0.0
17,waking,prediction,31,0.0
17,waking,prediction,32,2.7380484149863404e-05
17,waking,prediction,33,0.0
17,waking,prediction,34,0.0
17,waking,prediction,35,0.0
17,waking,emotion,0,0.4826954635740032
17,waking,emotion,1,0.2877283671572108
17,waking,emotion,2,0.67524249254277
17,waking,action,0,6.536254404401656e-05
17,waking,action,1,0.0013884044952551353
17,waking,action,2,0.014001830270097156
17,waking,action,3,0.0005237486582526805
17,waking,action,4,-0.06357040429147746
17,waking,action,5,-0.4295206956485951
18,waking,visual,0,0.0
18,waking,visual,1,0.0
18,waking,visual,2,0.0
18,waking,visual,3,0.0
18,waking,visual,4,0.0
18,waking,visual,5,0.0
18,waking,visual,6,0.0
18,waking,visual,7,0.0
18,waking,visual,8,0.5333333333333333
18,waking,visual,9,0.0
18,waking,visual,10,0.0
18,waking,visual,11,0.0
18,waking,visual,12,0.0
18,waking,visual,13,0.0
18,waking,visual,14,0.0
18,waking,visual,15,0.0
18,waking,visual,16,0.0
18,waking,visual,17,0.75
18,waking,visual,18,0.0
18,waking,visual,19,0.0
18,waking,visual,20,0.0
18,waking,visual,21,0.0
18,waking,visual,22,0.0
18,waking,visual,23,0.0
18,waking,visual,24,0.0
18,waking,visual,25,0.0
18,waking,visual,26,0.36999999999999994
18,waking,visual,27,0.0
18,waking,visual,28,0.4033333333333333
18,waking,visual,29,0.0
18,waking,visual,30,0.0
18,waking,visual,31,0.0
18,waking,visual,32,0.0
18,waking,visual,33,0.0
18,waking,visual,34,0.0
18,waking,visual,35,0.0
18,waking,visual,36,0.0
18,waking,visual,37,0.0
18,waking,visual,38,0.0
18,waking,visual,39,0.0
18,waking,visual,40,0.0
18,waking,visual,41,0.0
18,waking,visual,42,0.0
18,waking,visual,43,0.0
18,waking,visual,44,0.0
18,waking,visual,45,0.0
18,waking,visual,46,0.0
18,waking,visual,47,0.0
18,waking,visual,48,0.0
18,waking,visual,49,0.0
18,waking,visual,50,0.0
18,waking,visual,51,0.0
18,waking,visual,52,0.0
18,waking,visual,53,0.0
18,waking,visual,54,0.0
18,waking,visual,55,0.0
18,waking,visual,56,0.0
18,waking,visual,57,0.0
18,waking,visual,58,0.0
18,waking,visual,59,0.0
18,waking,visual,60,0.75
18,waking,visual,61,0.1
18,waking,visual,62,0.75
18,waking,visual,63,0.0
18,waking,visual,64,0.0
18,waking,visual,65,0.0
18,waking,visual,66,0.0
18,waking,visual,67,0.0
18,waking,visual,68,0.0
18,waking,visual,69,0.0
18,waking,visual,70,0.0
18,waking,visual,71,0.0
18,waking,visual,72,0.0
18,waking,visual,73,0.0
18,waking,visual,74,0.0
18,waking,visual,75,0.0
18,waking,visual,76,0.0
18,waking,visual,77,0.0
18,waking,visual,78,0.0
18,waking,visual,79,0.0
18,waking,visual,80,0.0
18,waking,visual,81,0.0
18,waking,visual,82,0.0
18,waking,visual,83,0.0
18,waking,visual,84,0.0
18,waking,visual,85,0.0
18,waking,visual,86,0.0
18,waking,visual,87,0.65
18,waking,visual,88,0.95
18,waking,visual,89,0.65
18,waking,visual,90,0.0
18,waking,visual,91,0.0
18,waking,visual,92,0.0
18,waking,visual,93,0.0
18,waking,visual,94,0.0
18,waking,visual,95,0.0
18,waking,visual,96,0.0
18,waking,visual,97,0.0
18,waking,visual,98,0.0
18,waking,visual,99,0.0
18,waking,visual,100,0.0
18,waking,visual,101,0.0
18,waking,visual,102,0.0
18,waking,visual,103,0.0
18,waking,visual,104,0.0
18,waking,visual,105,0.0
18,waking,visual,106,0.0
18,waking,visual,107,0.0
18,waking,visual,108,0.0
18,waking,visual,109,0.0
18,waking,visual,110,0.0
18,waking,visual,111,0.0
18,waking,visual,112,0.0
18,waking,visual,113,0.0
18,waking,visual,114,0.95
18,waking,visual,115,0.08
18,waking,visual,116,0.08
18,waking,visual,117,0.0
18,waking,visual,118,0.0
18,waking,visual,119,0.0
18,waking,visual,120,0.08
18,waking,visual,121,0.18
18,waking,visual,122,0.95
18,waking,visual,123,0.0
18,waking,visual,124,0.0
18,waking,visual,125,0.0
18,waking,visual,126,0.0
18,waking,visual,127,0.0
18,waking,visual,128,0.0
18,waking,visual,129,0.0
18,waking,visual,130,0.0
18,waking,visual,131,0.0
18,waking,visual,132,0.0
18,waking,visual,133,0.0
18,waking,visual,134,0.0
18,waking,visual,135,0.0
18,waking,visual,136,0.0
18,waking,visual,137,0.0
18,waking,visual,138,0.0
18,waking,visual,139,0.0
18,waking,visual,140,0.0
18,waking,visual,141,0.0
18,waking,visual,142,0.0
18,waking,visual,143,0.0
18,waking,visual,144,0.0
18,waking,visual,145,0.0
18,waking,visual,146,0.0
18,waking,visual,147,0.0
18,waking,visual,148,0.0
18,waking,visual,149,0.0
18,waking,visual,150,0.0
18,waking,visual,151,0.0
18,waking,visual,152,0.0
18,waking,visual,153,0.0
18,waking,visual,154,0.0
18,waking,visual,155,0.0
18,waking,visual,156,0.0
18,waking,visual,157,0.0
18,waking,visual,158,0.0
18,waking,visual,159,0.0
18,waking,visual,160,0.0
18,waking,visual,161,0.0
18,waking,visual,162,0.0
18,waking,visual,163,0.0
18,waking,visual,164,0.0
18,waking,visual,165,0.0
18,waking,visual,166,0.0
18,waking,visual,167,0.0
18,waking,visual,168,0.0
18,waking,visual,169,0.0
18,waking,visual,170,0.0
18,waking,visual,171,0.0
18,waking,visual,172,0.0
18,waking,visual,173,0.0
18,waking,visual,174,0.0
18,waking,visual,175,0.0
18,waking,visual,176,0.0
18,waking,visual,177,0.0
18,waking,visual,178,0.0
18,waking,visual,179,0.0
18,waking,audio,0,0.3600034500311952
18,waking,audio,1,0.16673223850472596
18,waking,audio,2,0.2598566334782374
18,waking,audio,3,0.18109805409860572
18,waking,audio,4,0.2760827150784747
18,waking,audio,5,0.16146666584994193
18,waking,audio,6,0.2492063170337287
18,waking,audio,7,0.05627239416890648
18,waking,audio,8,0.003995942245474615
18,waking,audio,9,0.001715504629220821
18,waking,audio,10,0.0018260487602960729
18,waking,audio,11,9.104579566604487e-05
18,waking,audio,12,0.0004972974194998314
18,waking,audio,13,0.001295958264454361
18,waking,audio,14,0.0026073983515581267
18,waking,audio,15,0.000588767369706672
18,waking,proprioceptive,0,0.47527817610886974
18,waking,proprioceptive,1,0.33296417391443556
18,waking,proprioceptive,2,0.337710738784487
18,waking,proprioceptive,3,0.4341995212943411
18,waking,proprioceptive,4,0.0
18,waking,proprioceptive,5,0.5407510758801346
18,waking,prediction,0,0.0
18,waking,prediction,1,0.0
18,waking,prediction,2,0.0
18,waking,prediction,3,0.00016618923765598223
18,waking,prediction,4,0.0
18,waking,prediction,5,0.0
18,waking,prediction,6,0.0
18,waking,prediction,7,0.0
18,waking,prediction,8,0.0692107114033545
18,waking,prediction,9,0.00037899301901603787
18,waking,prediction,10,0.006139863462797454
18,waking,prediction,11,0.0002133546484936743
18,waking,prediction,12,0.0
18,waking,prediction,13,0.0
18,waking,prediction,14,0.0
18,waking,prediction,15,0.00037763756203787577
18,waking,prediction,16,0.016901861108109283
18,waking,prediction,17,0.04898082778881894
18,waking,prediction,18,0.0
18,waking,prediction,19,0.0
18,waking,prediction,20,0.0
18,waking,prediction,21,1.2092085754572384e-05
18,waking,prediction,22,4.544818163466017e-06
18,waking,prediction,23,0.00025987748205177544
18,waking,prediction,24,0.0
18,waking,prediction,25,0.018020204893041958
18,waking,prediction,26,0.007810698955282637
18,waking,prediction,27,0.0
18,waking,prediction,28,0.04956946217803098
18,waking,prediction,29,0.0
18,waking,prediction,30,0.0
18,waking,prediction,31,0.0
18,waking,prediction,32,1.741524662503102e-05
18,waking,prediction,33,0.0
18,waking,prediction,34,0.0
18,waking,prediction,35,0.0
18,waking,emotion,0,0.4716733978671525
18,waking,emotion,1,0.28369836351372746
18,waking,emotion,2,0.6599868563818757
18,waking,action,0,3.1347817002697595e-05
18,waking,action,1,0.000697835676686019
18,waking,action,2,0.013761159840415408
18,waking,action,3,0.00025287901930852176
18,waking,action,4,-0.19787376263264927
18,waking,action,5,-0.5008055950532894
19,waking,visual,0,0.0
19,waking,visual,1,0.0
19,waking,visual,2,0.0
19,waking,visual,3,0.0
19,waking,visual,4,0.0
19,waking,visual,5,0.0
19,waking,visual,6,0.0
19,waking,visual,7,0.0
19,waking,visual,8,0.5333333333333333
19,waking,visual,9,0.0
19,waking,visual,10,0.0
19,waking,visual,11,0.0
19,waking,visual,12,0.0
19,waking,visual,13,0.0
19,waking,visual,14,0.0
19,waking,visual,15,0.0
19,waking,visual,16,0.0
19,waking,visual,17,0.75
19,waking,visual,18,0.0
19,waking,visual,19,0.0
19,waking,visual,20,0.0
19,waking,visual,21,0.0
19,waking,visual,22,0.0
19,waking,visual,23,0.0
19,waking,visual,24,0.0
19,waking,visual,25,0.0
19,waking,visual,26,0.36999999999999994
19,waking,visual,27,0.0
19,waking,visual,28,0.4033333333333333
19,waking,visual,29,0.0
19,waking,visual,30,0.0
19,waking,visual,31,0.0
19,waking,visual,32,0.0
19,waking,visual,33,0.0
19,waking,visual,34,0.0
19,waking,visual,35,0.0
19,waking,visual,36,0.0
19,waking,visual,37,0.0
19,waking,visual,38,0.0
19,waking,visual,39,0.0
19,waking,visual,40,0.0
19,waking,visual,41,0.0
19,waking,visual,42,0.0
19,waking,visual,43,0.0
19,waking,visual,44,0.0
19,waking,visual,45,0.0
19,waking,visual,46,0.0
19,waking,visual,47,0.0
19,waking,visual,48,0.0
19,waking,visual,49,0.0
19,waking,visual,50,0.0
19,waking,visual,51,0.0
19,waking,visual,52,0.0
19,waking,visual,53,0.0
19,waking,visual,54,0.0
19,waking,visual,55,0.0
19,waking,visual,56,0.0
19,waking,visual,57,0.0
19,waking,visual,58,0.0
19,waking,visual,59,0.0
19,waking,visual,60,0.75
19,waking,visual,61,0.1
19,waking,visual,62,0.75
19,waking,visual,63,0.0
19,waking,visual,64,0.0
19,waking,visual,65,0.0
19,waking,visual,66,0.0
19,waking,visual,67,0.0
19,waking,visual,68,0.0
19,waking,visual,69,0.0
19,waking,visual,70,0.0
19,waking,visual,71,0.0
19,waking,visual,72,0.0
19,waking,visual,73,0.0
19,waking,visual,74,0.0
19,waking,visual,75,0.0
19,waking,visual,76,0.0
19,waking,visual,77,0.0
19,waking,visual,78,0.0
19,waking,visual,79,0.0
19,waking,visual,80,0.0
19,waking,visual,81,0.0
19,waking,visual,82,0.0
19,waking,visual,83,0.0
19,waking,visual,84,0.0
19,waking,visual,85,0.0
19,waking,visual,86,0.0
19,waking,visual,87,0.65
19,waking,visual,88,0.95
19,waking,visual,89,0.65
19,waking,visual,90,0.0
19,waking,visual,91,0.0
19,waking,visual,92,0.0
19,waking,visual,93,0.0
19,waking,visual,94,0.0
19,waking,visual,95,0.0
19,waking,visual,96,0.0
19,waking,visual,97,0.0
19,waking,visual,98,0.0
19,waking,visual,99,0.0
19,waking,visual,100,0.0
19,waking,visual,101,0.0
19,waking,visual,102,0.0
19,waking,visual,103,0.0
19,waking,visual,104,0.0
19,waking,visual,105,0.0
19,waking,visual,106,0.0
19,waking,visual,107,0.0
19,waking,visual,108,0.0
19,waking,visual,109,0.0
19,waking,visual,110,0.0
19,waking,visual,111,0.0
19,waking,visual,112,0.0
19,waking,visual,113,0.0
19,waking,visual,114,0.95
19,waking,visual,115,0.08
19,waking,visual,116,0.08
19,waking,visual,117,0.0
19,waking,visual,118,0.0
19,waking,visual,119,0.0
19,waking,visual,120,0.08
19,waking,visual,121,0.18
19,waking,visual,122,0.95
19,waking,visual,123,0.0
19,waking,visual,124,0.0
19,waking,visual,125,0.0
19,waking,visual,126,0.0
19,waking,visual,127,0.0
19,waking,visual,128,0.0
19,waking,visual,129,0.0
19,waking,visual,130,0.0
19,waking,visual,131,0.0
19,waking,visual,132,0.0
19,waking,visual,133,0.0
19,waking,visual,134,0.0
19,waking,visual,135,0.0
19,waking,visual,136,0.0
19,waking,visual,137,0.0
19,waking,visual,138,0.0
19,waking,visual,139,0.0
19,waking,visual,140,0.0
19,waking,visual,141,0.0
19,waking,visual,142,0.0
19,waking,visual,143,0.0
19,waking,visual,144,0.0
19,waking,visual,145,0.0
19,waking,visual,146,0.0
19,waking,visual,147,0.0
19,waking,visual,148,0.0
19,waking,visual,149,0.0
19,waking,visual,150,0.0
19,waking,visual,151,0.0
19,waking,visual,152,0.0
19,waking,visual,153,0.0
19,waking,visual,154,0.0
19,waking,visual,155,0.0
19,waking,visual,156,0.0
19,waking,visual,157,0.0
19,waking,visual,158,0.0
19,waking,visual,159,0.0
19,waking,visual,160,0.0
19,waking,visual,161,0.0
19,waking,visual,162,0.0
19,waking,visual,163,0.0
19,waking,visual,164,0.0
19,waking,visual,165,0.0
19,waking,visual,166,0.0
19,waking,visual,167,0.0
19,waking,visual,168,0.0
19,waking,visual,169,0.0
19,waking,visual,170,0.0
19,waking,visual,171,0.0
19,waking,visual,172,0.0
19,waking,visual,173,0.0
19,waking,visual,174,0.0
19,waking,visual,175,0.0
19,waking,visual,176,0.0
19,waking,visual,177,0.0
19,waking,visual,178,0.0
19,waking,visual,179,0.0
19,waking,audio,0,0.3545947368225268
19,waking,audio,1,0.16443185181810047
19,waking,audio,2,0.25740968231216355
19,waking,audio,3,0.18055022809161705
19,waking,audio,4,0.27584431578151497
19,waking,audio,5,0.16258010709529083
19,waking,audio,6,0.25169852594451053
19,waking,audio,7,0.05683515101972819
19,waking,audio,8,0.005408713208668425
19,waking,audio,9,0.002300386686625494
19,waking,audio,10,0.002446951166073852
19,waking,audio,11,0.0005478260069886609
19,waking,audio,12,0.00023839929695973483
19,waking,audio,13,0.0011134412453489007
19,waking,audio,14,0.0024922089107818346
19,waking,audio,15,0.0005627568508217093
19,waking,proprioceptive,0,0.42304909230952503
19,waking,proprioceptive,1,0.30524226859038667
19,waking,proprioceptive,2,0.4188174597039005
19,waking,proprioceptive,3,0.5384795910478699
19,waking,proprioceptive,4,0.0
19,waking,proprioceptive,5,0.45585388590869597
19,waking,prediction,0,0.0
19,waking,prediction,1,0.0
19,waking,prediction,2,0.0
19,waking,prediction,3,0.00010754062080638733
19,waking,prediction,4,0.0
19,waking,prediction,5,0.0
19,waking,prediction,6,0.0
19,waking,prediction,7,0.0
19,waking,prediction,8,0.06914022498867632
19,waking,prediction,9,0.00029363390850691256
19,waking,prediction,10,0.003731693519469177
19,waking,prediction,11,0.0002204062798800571
19,waking,prediction,12,0.0
19,waking,prediction,13,0.0
19,waking,prediction,14,0.0
19,waking,prediction,15,0.00029861007887176685
19,waking,prediction,16,0.013079317613796573
19,waking,prediction,17,0.058795288020173614
19,waking,prediction,18,0.0
19,waking,prediction,19,0.0
19,waking,prediction,20,0.0
19,waking,prediction,21,8.46178904287261e-06
19,waking,prediction,22,2.677989453560023e-06
19,waking,prediction,23,0.0003444762269016846
19,waking,prediction,24,0.0
19,waking,prediction,25,0.013386085383125615
19,waking,prediction,26,0.010562140092263018
19,waking,prediction,27,0.0
19,waking,prediction,28,0.049599943944801134
19,waking,prediction,29,0.0
19,waking,prediction,30,0.0
19,waking,prediction,31,0.0
19,waking,prediction,32,1.1069372712433868e-05
19,waking,prediction,33,0.0
19,waking,prediction,34,0.0
19,waking,prediction,35,0.0
19,waking,emotion,0,0.4638532524475409
19,waking,emotion,1,0.2808711572585803
19,waking,emotion,2,0.6473308050971874
19,waking,action,0,0.001716290035880373
19,waking,action,1,0.00035059846762477195
19,waking,action,2,0.012609668329730983
19,waking,action,3,0.00012204471374241452
19,waking,action,4,-0.3250553415562247
19,waking,action,5,-0.563638792779407
20,waking,visual,0,0.0
20,waking,visual,1,0.0
20,waking,visual,2,0.0
20,waking,visual,3,0.0
20,waking,visual,4,0.0
20,waking,visual,5,0.0
20,waking,visual,6,0.0
20,waking,visual,7,0.0
20,waking,visual,8,0.5333333333333333
20,waking,visual,9,0.0
20,waking,visual,10,0.0
20,waking,visual,11,0.0
20,waking,visual,12,0.0
20,waking,visual,13,0.0
20,waking,visual,14,0.0
20,waking,visual,15,0.0
20,waking,visual,16,0.0
20,waking,visual,17,0.75
20,waking,visual,18,0.0
20,waking,visual,19,0.0
20,waking,visual,20,0.0
20,waking,visual,21,0.0
20,waking,visual,22,0.0
20,waking,visual,23,0.0
20,waking,visual,24,0.0
20,waking,visual,25,0.0
20,waking,visual,26,0.36999999999999994
20,waking,visual,27,0.0
20,waking,visual,28,0.4033333333333333
20,waking,visual,29,0.0
20,waking,visual,30,0.0
20,waking,visual,31,0.0
20,waking,visual,32,0.0
20,waking,visual,33,0.0
20,waking,visual,34,0.0
20,waking,visual,35,0.0
20,waking,visual,36,0.0
20,waking,visual,37,0.0
20,waking,visual,38,0.0
20,waking,visual,39,0.0
20,waking,visual,40,0.0
20,waking,visual,41,0.0
20,waking,visual,42,0.0
20,waking,visual,43,0.0
20,waking,visual,44,0.0
20,waking,visual,45,0.0
20,waking,visual,46,0.0
20,waking,visual,47,0.0
20,waking,visual,48,0.0
20,waking,visual,49,0.0
20,waking,visual,50,0.0
20,waking,visual,51,0.0
20,waking,visual,52,0.0
20,waking,visual,53,0.0
20,waking,visual,54,0.0
20,waking,visual,55,0.0
20,waking,visual,56,0.0
20,waking,visual,57,0.0
20,waking,visual,58,0.0
20,waking,visual,59,0.0
20,waking,visual,60,0.75
20,waking,visual,61,0.1
20,waking,visual,62,0.75
20,waking,visual,63,0.0
20,waking,visual,64,0.0
20,waking,visual,65,0.0
20,waking,visual,66,0.0
20,waking,visual,67,0.0
20,waking,visual,68,0.0
20,waking,visual,69,0.0
20,waking,visual,70,0.0
20,waking,visual,71,0.0
20,waking,visual,72,0.0
20,waking,visual,73,0.0
20,waking,visual,74,0.0
20,waking,visual,75,0.0
20,waking,visual,76,0.0
20,waking,visual,77,0.0
20,waking,visual,78,0.0
20,waking,visual,79,0.0
20,waking,visual,80,0.0
20,waking,visual,81,0.0
20,waking,visual,82,0.0
20,waking,visual,83,0.0
20,waking,visual,84,0.0
20,waking,visual,85,0.0
20,waking,visual,86,0.0
20,waking,visual,87,0.65
20,waking,visual,88,0.95
20,waking,visual,89,0.65
20,waking,visual,90,0.0
20,waking,visual,91,0.0
20,waking,visual,92,0.0
20,waking,visual,93,0.0
20,waking,visual,94,0.0
20,waking,visual,95,0.0
20,waking,visual,96,0.0
20,waking,visual,97,0.0
20,waking,visual,98,0.0
20,waking,visual,99,0.0
20,waking,visual,100,0.0
20,waking,visual,101,0.0
20,waking,visual,102,0.0
20,waking,visual,103,0.0
20,waking,visual,104,0.0
20,waking,visual,105,0.0
20,waking,visual,106,0.0
20,waking,visual,107,0.0
20,waking,visual,108,0.0
20,waking,visual,109,0.0
20,waking,visual,110,0.0
20,waking,visual,111,0.0
20,waking,visual,112,0.0
20,waking,visual,113,0.0
20,waking,visual,114,0.95
20,waking,visual,115,0.08
20,waking,visual,116,0.08
20,waking,visual,117,0.0
20,waking,visual,118,0.0
20,waking,visual,119,0.0
20,waking,visual,120,0.08
20,waking,visual,121,0.18
20,waking,visual,122,0.95
20,waking,visual,123,0.0
20,waking,visual,124,0.0
20,waking,visual,125,0.0
20,waking,visual,126,0.0
20,waking,visual,127,0.0
20,waking,visual,128,0.0
20,waking,visual,129,0.0
20,waking,visual,130,0.0
20,waking,visual,131,0.0
20,waking,visual,132,0.0
20,waking,visual,133,0.0
20,waking,visual,134,0.0
20,waking,visual,135,0.0
20,waking,visual,136,0.0
20,waking,visual,137,0.0
20,waking,visual,138,0.0
20,waking,visual,139,0.0
20,waking,visual,140,0.0
20,waking,visual,141,0.0
20,waking,visual,142,0.0
20,waking,visual,143,0.0
20,waking,visual,144,0.0
20,waking,visual,145,0.0
20,waking,visual,146,0.0
20,waking,visual,147,0.0
20,waking,visual,148,0.0
20,waking,visual,149,0.0
20,waking,visual,150,0.0
20,waking,visual,151,0.0
20,waking,visual,152,0.0
20,waking,visual,153,0.0
20,waking,visual,154,0.0
20,waking,visual,155,0.0
20,waking,visual,156,0.0
20,waking,visual,157,0.0
20,waking,visual,158,0.0
20,waking,visual,159,0.0
20,waking,visual,160,0.0
20,waking,visual,161,0.0
20,waking,visual,162,0.0
20,waking,visual,163,0.0
20,waking,visual,164,0.0
20,waking,visual,165,0.0
20,waking,visual,166,0.0
20,waking,visual,167,0.0
20,waking,visual,168,0.0
20,waking,visual,169,0.0
20,waking,visual,170,0.0
20,waking,visual,171,0.0
20,waking,visual,172,0.0
20,waking,visual,173,0.0
20,waking,visual,174,0.0
20,waking,visual,175,0.0
20,waking,visual,176,0.0
20,waking,visual,177,0.0
20,waking,visual,178,0.0
20,waking,visual,179,0.0
20,waking,audio,0,0.3479529599813526
20,waking,audio,1,0.1616137662798735
20,waking,audio,2,0.25437626338410596
20,waking,audio,3,0.17956256801672382
20,waking,audio,4,0.2748977348132243
20,waking,audio,5,0.16346841406907994
20,waking,audio,6,0.2539709696698066
20,waking,audio,7,0.0573482834738273
20,waking,audio,8,0.006641776841174174
20,waking,audio,9,0.002818085538226961
20,waking,audio,10,0.003033418928057585
20,waking,audio,11,0.0009876600748932318
20,waking,audio,12,0.0009465809682906445
20,waking,audio,13,0.0008883069737891103
20,waking,audio,14,0.0022724437252960583
20,waking,audio,15,0.000513132454099105
20,waking,proprioceptive,0,0.37358958939480125
20,waking,proprioceptive,1,0.2808071361413419
20,waking,proprioceptive,2,0.506063646099718
20,waking,proprioceptive,3,0.6506532592710661
20,waking,proprioceptive,4,0.0
20,waking,proprioceptive,5,0.37222944898658417
20,waking,prediction,0,0.0
20,waking,prediction,1,0.0
20,waking,prediction,2,0.0
20,waking,prediction,3,6.957304739175738e-05
20,waking,prediction,4,0.0
20,waking,prediction,5,0.0
20,waking,prediction,6,0.0
20,waking,prediction,7,0.0
20,waking,prediction,8,0.06902546644560466
20,waking,prediction,9,0.00021616775497085568
20,waking,prediction,10,0.0022690391513424104
20,waking,prediction,11,0.0002304652732748167
20,waking,prediction,12,0.0
20,waking,prediction,13,0.0
20,waking,prediction,14,0.0
20,waking,prediction,15,0.00022576442531496035
20,waking,prediction,16,0.009876962513613974
20,waking,prediction,17,0.0666119403805343
20,waking,prediction,18,0.0
20,waking,prediction,19,0.0
20,waking,prediction,20,0.0
20,waking,prediction,21,5.2418134492507416e-06
20,waking,prediction,22,1.5786725683510073e-06
20,waking,prediction,23,0.00041943520284940764
20,waking,prediction,24,0.0
20,waking,prediction,25,0.009725797357475356
20,waking,prediction,26,0.012859139733767911
20,waking,prediction,27,0.0
20,waking,prediction,28,0.04957061635538795
20,waking,prediction,29,0.0
20,waking,prediction,30,0.0
20,waking,prediction,31,0.0
20,waking,prediction,32,7.032235447436004e-06
20,waking,prediction,33,0.0
20,waking,prediction,34,0.0
20,waking,prediction,35,0.0
20,waking,emotion,0,0.45924715580896003
20,waking,emotion,1,0.27928610313819296
20,waking,emotion,2,0.6373811190975995
20,waking,action,0,0.004365499163878796
20,waking,action,1,0.00017608412100669177
20,waking,action,2,0.01062760405467619
20,waking,action,3,5.8885069328716056e-05
20,waking,action,4,-0.4405376814787576
20,waking,action,5,-0.616959902425642
21,waking,visual,0,0.0
21,waking,visual,1,0.0
21,waking,visual,2,0.0
21,waking,visual,3,0.0
21,waking,visual,4,0.0
21,waking,visual,5,0.0
21,waking,visual,6,0.0
21,waking,visual,7,0.0
21,waking,visual,8,0.5333333333333333
21,waking,visual,9,0.0
21,waking,visual,10,0.0
21,waking,visual,11,0.0
21,waking,visual,12,0.0
21,waking,visual,13,0.0
21,waking,visual,14,0.0
21,waking,visual,15,0.0
21,waking,visual,16,0.0
21,waking,visual,17,0.75
21,waking,visual,18,0.0
21,waking,visual,19,0.0
21,waking,visual,20,0.0
21,waking,visual,21,0.0
21,waking,visual,22,0.0
21,waking,visual,23,0.0
21,waking,visual,24,0.0
21,waking,visual,25,0.0
21,waking,visual,26,0.36999999999999994
21,waking,visual,27,0.0
21,waking,visual,28,0.4033333333333333
21,waking,visual,29,0.0
21,waking,visual,30,0.0
21,waking,visual,31,0.0
21,waking,visual,32,0.0
21,waking,visual,33,0.0
21,waking,visual,34,0.0
21,waking,visual,35,0.0
21,waking,visual,36,0.0
21,waking,visual,37,0.0
21,waking,visual,38,0.0
21,waking,visual,39,0.0
21,waking,visual,40,0.0
21,waking,visual,41,0.0
21,waking,visual,42,0.0
21,waking,visual,43,0.0
21,waking,visual,44,0.0
21,waking,visual,45,0.0
21,waking,visual,46,0.0
21,waking,visual,47,0.0
21,waking,visual,48,0.0
21,waking,visual,49,0.0
21,waking,visual,50,0.0
21,waking,visual,51,0.0
21,waking,visual,52,0.0
21,waking,visual,53,0.0
21,waking,visual,54,0.0
21,waking,visual,55,0.0
21,waking,visual,56,0.0
21,waking,visual,57,0.0
21,waking,visual,58,0.0
21,waking,visual,59,0.0
21,waking,visual,60,0.75
21,waking,visual,61,0.1
21,waking,visual,62,0.75
21,waking,visual,63,0.0
21,waking,visual,64,0.0
21,waking,visual,65,0.0
21,waking,visual,66,0.0
21,waking,visual,67,0.0
21,waking,visual,68,0.0
21,waking,visual,69,0.0
21,waking,visual,70,0.0
21,waking,visual,71,0.0
21,waking,visual,72,0.0
21,waking,visual,73,0.0
21,waking,visual,74,0.0
21,waking,visual,75,0.0
21,waking,visual,76,0.0
21,waking,visual,77,0.0
21,waking,visual,78,0.0
21,waking,visual,79,0.0
21,waking,visual,80,0.0
21,waking,visual,81,0.0
21,waking,visual,82,0.0
21,waking,visual,83,0.0
21,waking,visual,84,0.0
21,waking,visual,85,0.0
21,waking,visual,86,0.0
21,waking,visual,87,0.65
21,waking,visual,88,0.95
21,waking,visual,89,0.65
21,waking,visual,90,0.0
21,waking,visual,91,0.0
21,waking,visual,92,0.0
21,waking,visual,93,0.0
21,waking,visual,94,0.0
21,waking,visual,95,0.0
21,waking,visual,96,0.0
21,waking,visual,97,0.0
21,waking,visual,98,0.0
21,waking,visual,99,0.0
21,waking,visual,100,0.0
21,waking,visual,101,0.0
21,waking,visual,102,0.0
21,waking,visual,103,0.0
21,waking,visual,104,0.0
21,waking,visual,105,0.0
21,waking,visual,106,0.0
21,waking,visual,107,0.0
21,waking,visual,108,0.0
21,waking,visual,109,0.0
21,waking,visual,110,0.0
21,waking,visual,111,0.0
21,waking,visual,112,0.0
21,waking,visual,113,0.0
21,waking,visual,114,0.95
21,waking,visual,115,0.08
21,waking,visual,116,0.08
21,waking,visual,117,0.0
21,waking,visual,118,0.0
21,waking,visual,119,0.0
21,waking,visual,120,0.08
21,waking,visual,121,0.18
21,waking,visual,122,0.95
21,waking,visual,123,0.0
21,waking,visual,124,0.0
21,waking,visual,125,0.0
21,waking,visual,126,0.0
21,waking,visual,127,0.0
21,waking,visual,128,0.0
21,waking,visual,129,0.0
21,waking,visual,130,0.0
21,waking,visual,131,0.0
21,waking,visual,132,0.0
21,waking,visual,133,0.0
21,waking,visual,134,0.0
21,waking,visual,135,0.0
21,waking,visual,136,0.0
21,waking,visual,137,0.0
21,waking,visual,138,0.0
21,waking,visual,139,0.0
21,waking,visual,140,0.0
21,waking,visual,141,0.0
21,waking,visual,142,0.0
21,waking,visual,143,0.0
21,waking,visual,144,0.0
21,waking,visual,145,0.0
21,waking,visual,146,0.0
21,waking,visual,147,0.0
21,waking,visual,148,0.0
21,waking,visual,149,0.0
21,waking,visual,150,0.0
21,waking,visual,151,0.0
21,waking,visual,152,0.0
21,waking,visual,153,0.0
21,waking,visual,154,0.0
21,waking,visual,155,0.0
21,waking,visual,156,0.0
21,waking,visual,157,0.0
21,waking,visual,158,0.0
21,waking,visual,159,0.0
21,waking,visual,160,0.0
21,waking,visual,161,0.0
21,waking,visual,162,0.0
21,waking,visual,163,0.0
21,waking,visual,164,0.0
21,waking,visual,165,0.0
21,waking,visual,166,0.0
21,waking,visual,167,0.0
21,waking,visual,168,0.0
21,waking,visual,169,0.0
21,waking,visual,170,0.0
21,waking,visual,171,0.0
21,waking,visual,172,0.0
21,waking,visual,173,0.0
21,waking,visual,174,0.0
21,waking,visual,175,0.0
21,waking,visual,176,0.0
21,waking,visual,177,0.0
21,waking,visual,178,0.0
21,waking,visual,179,0.0
21,waking,audio,0,0.3403070145431235
21,waking,audio,1,0.15836704931549234
21,waking,audio,2,0.2508217238419203
21,waking,audio,3,0.17817357427044422
21,waking,audio,4,0.2733039669697925
21,waking,audio,5,0.1640931690423702
21,waking,audio,6,0.25591537327917774
21,waking,audio,7,0.05778734235336271
21,waking,audio,8,0.007645945438229107
21,waking,audio,9,0.003246716964381169
21,waking,audio,10,0.003554539542185653
21,waking,audio,11,0.0013889937462795987
21,waking,audio,12,0.001593767843431848
21,waking,audio,13,0.0006247549732902591
21,waking,audio,14,0.001944403609371148
21,waking,audio,15,0.00043905887953541584
21,waking,proprioceptive,0,0.3286797905360383
21,waking,proprioceptive,1,0.2600711490566954
21,waking,proprioceptive,2,0.5896319790708445
21,waking,proprioceptive,3,0.7580982588053722
21,waking,proprioceptive,4,0.0
21,waking,proprioceptive,5,0.29228869661437684
21,waking,prediction,0,0.0
21,waking,prediction,1,0.0
21,waking,prediction,2,0.0
21,waking,prediction,3,4.500517144302326e-05
21,waking,prediction,4,0.0
21,waking,prediction,5,0.0
21,waking,prediction,6,0.0
21,waking,prediction,7,0.0
21,waking,prediction,8,0.0688940490570256
21,waking,prediction,9,0.00014957313518975865
21,waking,prediction,10,0.001380208896682107
21,waking,prediction,11,0.0002411458421706446
21,waking,prediction,12,0.0
21,waking,prediction,13,0.0
21,waking,prediction,14,0.0
21,waking,prediction,15,0.0001623822238075709
21,waking,prediction,16,0.007330536161457962
21,waking,prediction,17,0.07268238214417569
21,waking,prediction,18,0.0
21,waking,prediction,19,0.0
21,waking,prediction,20,0.0
21,waking,prediction,21,3.2464038630018543e-06
21,waking,prediction,22,9.309876395521917e-07
21,waking,prediction,23,0.00048312125647767903
21,waking,prediction,24,0.0
21,waking,prediction,25,0.006919321109139781
21,waking,prediction,26,0.014709292476624756
21,waking,prediction,27,0.0
21,waking,prediction,28,0.049510670797476154
21,waking,prediction,29,0.0
21,waking,prediction,30,0.0
21,waking,prediction,31,0.0
21,waking,prediction,32,4.465953293599132e-06
21,waking,prediction,33,0.0
21,waking,prediction,34,0.0
21,waking,prediction,35,0.0
21,waking,emotion,0,0.4574903563587781
21,waking,emotion,1,0.27883418563179235
21,waking,emotion,2,0.6298746183868307
21,waking,action,0,0.007405350380947295
21,waking,action,1,8.841370172936046e-05
21,waking,action,2,0.007967379809194458
21,waking,action,3,2.840766650969858e-05
21,waking,action,4,-0.4940742292948693
21,waking,action,5,-0.6035649558636426
22,waking,visual,0,0.0
22,waking,visual,1,0.0
22,waking,visual,2,0.0
22,waking,visual,3,0.0
22,waking,visual,4,0.0
22,waking,visual,5,0.0
22,waking,visual,6,0.0
22,waking,visual,7,0.0
22,waking,visual,8,0.5333333333333333
22,waking,visual,9,0.0
22,waking,visual,10,0.0
22,waking,visual,11,0.0
22,waking,visual,12,0.0
22,waking,visual,13,0.0
22,waking,visual,14,0.0
22,waking,visual,15,0.0
22,waking,visual,16,0.0
22,waking,visual,17,0.75
22,waking,visual,18,0.0
22,waking,visual,19,0.0
22,waking,visual,20,0.0
22,waking,visual,21,0.0
22,waking,visual,22,0.0
22,waking,visual,23,0.0
22,waking,visual,24,0.0
22,waking,visual,25,0.0
22,waking,visual,26,0.36999999999999994
22,waking,visual,27,0.0
22,waking,visual,28,0.4033333333333333
22,waking,visual,29,0.0
22,waking,visual,30,0.0
22,waking,visual,31,0.0
22,waking,visual,32,0.0
22,waking,visual,33,0.0
22,waking,visual,34,0.0
22,waking,visual,35,0.0
22,waking,visual,36,0.0
22,waking,visual,37,0.0
22,waking,visual,38,0.0
22,waking,visual,39,0.0
22,waking,visual,40,0.0
22,waking,visual,41,0.0
22,waking,visual,42,0.0
22,waking,visual,43,0.0
22,waking,visual,44,0.0
22,waking,visual,45,0.0
22,waking,visual,46,0.0
22,waking,visual,47,0.0
22,waking,visual,48,0.0
22,waking,visual,49,0.0
22,waking,visual,50,0.0
22,waking,visual,51,0.0
22,waking,visual,52,0.0
22,waking,visual,53,0.0
22,waking,visual,54,0.0
22,waking,visual,55,0.0
22,waking,visual,56,0.0
22,waking,visual,57,0.0
22,waking,visual,58,0.0
22,waking,visual,59,0.0
22,waking,visual,60,0.75
22,waking,visual,61,0.1
22,waking,visual,62,0.75
22,waking,visual,63,0.0
22,waking,visual,64,0.0
22,waking,visual,65,0.0
22,waking,visual,66,0.0
22,waking,visual,67,0.0
22,waking,visual,68,0.0
22,waking,visual,69,0.0
22,waking,visual,70,0.0
22,waking,visual,71,0.0
22,waking,visual,72,0.0
22,waking,visual,73,0.0
22,waking,visual,74,0.0
22,waking,visual,75,0.0
22,waking,visual,76,0.0
22,waking,visual,77,0.0
22,waking,visual,78,0.0
22,waking,visual,79,0.0
22,waking,visual,80,0.0
22,waking,visual,81,0.0
22,waking,visual,82,0.0
22,waking,visual,83,0.0
22,waking,visual,84,0.0
22,waking,visual,85,0.0
22,waking,visual,86,0.0
22,waking,visual,87,0.65
22,waking,visual,88,0.95
22,waking,visual,89,0.65
22,waking,visual,90,0.0
22,waking,visual,91,0.0
22,waking,visual,92,0.0
22,waking,visual,93,0.0
22,waking,visual,94,0.0
22,waking,visual,95,0.0
22,waking,visual,96,0.0
22,waking,visual,97,0.0
22,waking,visual,98,0.0
22,waking,visual,99,0.0
22,waking,visual,100,0.0
22,waking,visual,101,0.0
22,waking,visual,102,0.0
22,waking,visual,103,0.0
22,waking,visual,104,0.0
22,waking,visual,105,0.0
22,waking,visual,106,0.0
22,waking,visual,107,0.0
22,waking,visual,108,0.0
22,waking,visual,109,0.0
22,waking,visual,110,0.0
22,waking,visual,111,0.0
22,waking,visual,112,0.0
22,waking,visual,113,0.0
22,waking,visual,114,0.95
22,waking,visual,115,0.08
22,waking,visual,116,0.08
22,waking,visual,117,0.0
22,waking,visual,118,0.0
22,waking,visual,119,0.0
22,waking,visual,120,0.08
22,waking,visual,121,0.18
22,waking,visual,122,0.95
22,waking,visual,123,0.0
22,waking,visual,124,0.0
22,waking,visual,125,0.0
22,waking,visual,126,0.0
22,waking,visual,127,0.0
22,waking,visual,128,0.0
22,waking,visual,129,0.0
22,waking,visual,130,0.0
22,waking,visual,131,0.0
22,waking,visual,132,0.0
22,waking,visual,133,0.0
22,waking,visual,134,0.0
22,waking,visual,135,0.0
22,waking,visual,136,0.0
22,waking,visual,137,0.0
22,waking,visual,138,0.0
22,waking,visual,139,0.0
22,waking,visual,140,0.0
22,waking,visual,141,0.0
22,waking,visual,142,0.0
22,waking,visual,143,0.0
22,waking,visual,144,0.0
22,waking,visual,145,0.0
22,waking,visual,146,0.0
22,waking,visual,147,0.0
22,waking,visual,148,0.0
22,waking,visual,149,0.0
22,waking,visual,150,0.0
22,waking,visual,151,0.0
22,waking,visual,152,0.0
22,waking,visual,153,0.0
22,waking,visual,154,0.0
22,waking,visual,155,0.0
22,waking,visual,156,0.0
22,waking,visual,157,0.0
22,waking,visual,158,0.0
22,waking,visual,159,0.0
22,waking,visual,160,0.0
22,waking,visual,161,0.0
22,waking,visual,162,0.0
22,waking,visual,163,0.0
22,waking,visual,164,0.0
22,waking,visual,165,0.0
22,waking,visual,166,0.0
22,waking,visual,167,0.0
22,waking,visual,168,0.0
22,waking,visual,169,0.0
22,waking,visual,170,0.0
22,waking,visual,171,0.0
22,waking,visual,172,0.0
22,waking,visual,173,0.0
22,waking,visual,174,0.0
22,waking,visual,175,0.0
22,waking,visual,176,0.0
22,waking,visual,177,0.0
22,waking,visual,178,0.0
22,waking,visual,179,0.0
22,waking,audio,0,0.3326638567079062
22,waking,audio,1,0.15508155701914464
22,waking,audio,2,0.24702593776062606
22,waking,audio,3,0.17658688919652826
22,waking,audio,4,0.27140488900594495
22,waking,audio,5,0.16443783688263508
22,waking,audio,6,0.25736098100682414
22,waking,audio,7,0.05811376990476674
22,waking,audio,8,0.007643157835217296
22,waking,audio,9,0.0032854922963476973
22,waking,audio,10,0.0037957860812942446
22,waking,audio,11,0.001586685073915961
22,waking,audio,12,0.0018990779638475286
22,waking,audio,13,0.0003446678402648784
22,waking,audio,14,0.001445607727646403
22,waking,audio,15,0.00032642755140403074
22,waking,proprioceptive,0,0.3078600219408843
22,waking,proprioceptive,1,0.26528029494191646
22,waking,proprioceptive,2,0.6066666666666669
22,waking,proprioceptive,3,0.7799999999999999
22,waking,proprioceptive,4,0.0
22,waking,proprioceptive,5,0.21833635794981499
22,waking,prediction,0,0.0
22,waking,prediction,1,0.0
22,waking,prediction,2,0.0
22,waking,prediction,3,2.911286012117851e-05
22,waking,prediction,4,0.0
22,waking,prediction,5,0.0
22,waking,prediction,6,0.0
22,waking,prediction,7,0.0
22,waking,prediction,8,0.06876604960542365
22,waking,prediction,9,9.625700125439382e-05
22,waking,prediction,10,0.0008398353486607283
22,waking,prediction,11,0.00025433925727677195
22,waking,prediction,12,0.0
22,waking,prediction,13,0.0
22,waking,prediction,14,0.0
22,waking,prediction,15,0.00010941778109290436
22,waking,prediction,16,0.005374834831251252
22,waking,prediction,17,0.07731976862620113
22,waking,prediction,18,0.0
22,waking,prediction,19,0.0
22,waking,prediction,20,0.0
22,waking,prediction,21,2.0102710801479302e-06
22,waking,prediction,22,5.492168815794004e-07
22,waking,prediction,23,0.0005357138496720964
22,waking,prediction,24,0.0
22,waking,prediction,25,0.004813794330540022
22,waking,prediction,26,0.016173790395998238
22,waking,prediction,27,0.0
22,waking,prediction,28,0.04944143107534475
22,waking,prediction,29,0.0
22,waking,prediction,30,0.0
22,waking,prediction,31,0.0
22,waking,prediction,32,2.835637530647926e-06
22,waking,prediction,33,0.0
22,waking,prediction,34,0.0
22,waking,prediction,35,0.0
22,waking,emotion,0,0.4556874333990537
22,waking,emotion,1,0.2784456104132441
22,waking,emotion,2,0.6219574829187933
22,waking,action,0,0.010401055548007526
22,waking,action,1,4.438552359683187e-05
22,waking,action,2,0.004851270064354651
22,waking,action,3,0.001133880720041838
22,waking,action,4,-0.5208046298996247
22,waking,action,5,-0.5806569877949589
23,waking,visual,0,0.0
23,waking,visual,1,0.0
23,waking,visual,2,0.0
23,waking,visual,3,0.0
23,waking,visual,4,0.0
23,waking,visual,5,0.0
23,waking,visual,6,0.0
23,waking,visual,7,0.0
23,waking,visual,8,0.5333333333333333
23,waking,visual,9,0.0
23,waking,visual,10,0.0
23,waking,visual,11,0.0
23,waking,visual,12,0.0
23,waking,visual,13,0.0
23,waking,visual,14,0.0
23,waking,visual,15,0.0
23,waking,visual,16,0.0
23,waking,visual,17,0.75
23,waking,visual,18,0.0
23,waking,visual,19,0.0
23,waking,visual,20,0.0
23,waking,visual,21,0.0
23,waking,visual,22,0.0
23,waking,visual,23,0.0
23,waking,visual,24,0.0
23,waking,visual,25,0.0
23,waking,visual,26,0.36999999999999994
23,waking,visual,27,0.0
23,waking,visual,28,0.4033333333333333
23,waking,visual,29,0.0
23,waking,visual,30,0.0
23,waking,visual,31,0.0
23,waking,visual,32,0.0
23,waking,visual,33,0.0
23,waking,visual,34,0.0
23,waking,visual,35,0.0
23,waking,visual,36,0.0
23,waking,visual,37,0.0
23,waking,visual,38,0.0
23,waking,visual,39,0.0
23,waking,visual,40,0.0
23,waking,visual,41,0.0
23,waking,visual,42,0.0
23,waking,visual,43,0.0
23,waking,visual,44,0.0
23,waking,visual,45,0.0
23,waking,visual,46,0.0
23,waking,visual,47,0.0
23,waking,visual,48,0.0
23,waking,visual,49,0.0
23,waking,visual,50,0.0
23,waking,visual,51,0.0
23,waking,visual,52,0.0
23,waking,visual,53,0.0
23,waking,visual,54,0.0
23,waking,visual,55,0.0
23,waking,visual,56,0.0
23,waking,visual,57,0.0
23,waking,visual,58,0.0
23,waking,visual,59,0.0
23,waking,visual,60,0.75
23,waking,visual,61,0.1
23,waking,visual,62,0.75
23,waking,visual,63,0.0
23,waking,visual,64,0.0
23,waking,visual,65,0.0
23,waking,visual,66,0.0
23,waking,visual,67,0.0
23,waking,visual,68,0.0
23,waking,visual,69,0.0
23,waking,visual,70,0.0
23,waking,visual,71,0.0
23,waking,visual,72,0.0
23,waking,visual,73,0.0
23,waking,visual,74,0.0
23,waking,visual,75,0.0
23,waking,visual,76,0.0
23,waking,visual,77,0.0
23,waking,visual,78,0.0
23,waking,visual,79,0.0
23,waking,visual,80,0.0
23,waking,visual,81,0.0
23,waking,visual,82,0.0
23,waking,visual,83,0.0
23,waking,visual,84,0.0
23,waking,visual,85,0.0
23,waking,visual,86,0.0
23,waking,visual,87,0.65
23,waking,visual,88,0.95
23,waking,visual,89,0.65
23,waking,visual,90,0.0
23,waking,visual,91,0.0
23,waking,visual,92,0.0
23,waking,visual,93,0.0
23,waking,visual,94,0.0
23,waking,visual,95,0.0
23,waking,visual,96,0.0
23,waking,visual,97,0.0
23,waking,visual,98,0.0
23,waking,visual,99,0.0
23,waking,visual,100,0.0
23,waking,visual,101,0.0
23,waking,visual,102,0.0
23,waking,visual,103,0.0
23,waking,visual,104,0.0
23,waking,visual,105,0.0
23,waking,visual,106,0.0
23,waking,visual,107,0.0
23,waking,visual,108,0.0
23,waking,visual,109,0.0
23,waking,visual,110,0.0
23,waking,visual,111,0.0
23,waking,visual,112,0.0
23,waking,visual,113,0.0
23,waking,visual,114,0.95
23,waking,visual,115,0.08
23,waking,visual,116,0.08
23,waking,visual,117,0.0
23,waking,visual,118,0.0
23,waking,visual,119,0.0
23,waking,visual,120,0.08
23,waking,visual,121,0.18
23,waking,visual,122,0.95
23,waking,visual,123,0.0
23,waking,visual,124,0.0
23,waking,visual,125,0.0
23,waking,visual,126,0.0
23,waking,visual,127,0.0
23,waking,visual,128,0.0
23,waking,visual,129,0.0
23,waking,visual,130,0.0
23,waking,visual,131,0.0
23,waking,visual,132,0.0
23,waking,visual,133,0.0
23,waking,visual,134,0.0
23,waking,visual,135,0.0
23,waking,visual,136,0.0
23,waking,visual,137,0.0
23,waking,visual,138,0.0
23,waking,visual,139,0.0
23,waking,visual,140,0.0
23,waking,visual,141,0.0
23,waking,visual,142,0.0
23,waking,visual,143,0.0
23,waking,visual,144,0.0
23,waking,visual,145,0.0
23,waking,visual,146,0.0
23,waking,visual,147,0.0
23,waking,visual,148,0.0
23,waking,visual,149,0.0
23,waking,visual,150,0.0
23,waking,visual,151,0.0
23,waking,visual,152,0.0
23,waking,visual,153,0.0
23,waking,visual,154,0.0
23,waking,visual,155,0.0
23,waking,visual,156,0.0
23,waking,visual,157,0.0
23,waking,visual,158,0.0
23,waking,visual,159,0.0
23,waking,visual,160,0.0
23,waking,visual,161,0.0
23,waking,visual,162,0.0
23,waking,visual,163,0.0
23,waking,visual,164,0.0
23,waking,visual,165,0.0
23,waking,visual,166,0.0
23,waking,visual,167,0.0
23,waking,visual,168,0.0
23,waking,visual,169,0.0
23,waking,visual,170,0.0
23,waking,visual,171,0.0
23,waking,visual,172,0.0
23,waking,visual,173,0.0
23,waking,visual,174,0.0
23,waking,visual,175,0.0
23,waking,visual,176,0.0
23,waking,visual,177,0.0
23,waking,visual,178,0.0
23,waking,visual,179,0.0
23,waking,audio,0,0.32524261982450664
23,waking,audio,1,0.15185461800325878
23,waking,audio,2,0.24312429677432645
23,waking,audio,3,0.17489556466192271
23,waking,audio,4,0.2693439210539201
23,waking,audio,5,0.16453664398224827
23,waking,audio,6,0.2583277902938341
23,waking,audio,7,0.05833208167925287
23,waking,audio,8,0.0074212368833995734
23,waking,audio,9,0.00322693901588586
23,waking,audio,10,0.0039016409862996093
23,waking,audio,11,0.0016913245346055483
23,waking,audio,12,0.0020609679520248725
23,waking,audio,13,9.880709961318512e-05
23,waking,audio,14,0.0009668092870099843
23,waking,audio,15,0.00021831177448612682
23,waking,proprioceptive,0,0.2974648661501461
23,waking,proprioceptive,1,0.27418894919084935
23,waking,proprioceptive,2,0.6066666666666665
23,waking,proprioceptive,3,0.78
23,waking,proprioceptive,4,0.0
23,waking,proprioceptive,5,0.15250451339176402
23,waking,prediction,0,0.0
23,waking,prediction,1,0.0
23,waking,prediction,2,0.0
23,waking,prediction,3,1.8832599927035823e-05
23,waking,prediction,4,0.0
23,waking,prediction,5,0.0
23,waking,prediction,6,0.0
23,waking,prediction,7,0.0
23,waking,prediction,8,0.06864468232507394
23,waking,prediction,9,6.045475615878004e-05
23,waking,prediction,10,0.0005112096339769495
23,waking,prediction,11,0.0002699861711225685
23,waking,prediction,12,0.0
23,waking,prediction,13,0.0
23,waking,prediction,14,0.0
23,waking,prediction,15,7.011891531427274e-05
23,waking,prediction,16,0.003909087344201647
23,waking,prediction,17,0.0808217503069975
23,waking,prediction,18,0.0
23,waking,prediction,19,0.0
23,waking,prediction,20,0.0
23,waking,prediction,21,1.2446169124976626e-06
23,waking,prediction,22,3.241164756413422e-07
23,waking,prediction,23,0.0005782381431919605
23,waking,prediction,24,0.0
23,waking,prediction,25,0.003259983949194344
23,waking,prediction,26,0.017338389705116593
23,waking,prediction,27,0.0
23,waking,prediction,28,0.0493691915986877
23,waking,prediction,29,0.0
23,waking,prediction,30,0.0
23,waking,prediction,31,0.0
23,waking,prediction,32,1.800107932734097e-06
23,waking,prediction,33,0.0
23,waking,prediction,34,0.0
23,waking,prediction,35,0.0
23,waking,emotion,0,0.45323816604342493
23,waking,emotion,1,0.2778775742107834
23,waking,emotion,2,0.6131191312799863
23,waking,action,0,0.013012748491664344
23,waking,action,1,0.0014665303879640946
23,waking,action,2,0.002259252673711255
23,waking,action,3,0.003453804851991337
23,waking,action,4,-0.5380797103783422
23,waking,action,5,-0.5646859527907166
24,waking,visual,0,0.0
24,waking,visual,1,0.0
24,waking,visual,2,0.0
24,waking,visual,3,0.0
24,waking,visual,4,0.0
24,waking,visual,5,0.0
24,waking,visual,6,0.0
24,waking,visual,7,0.0
24,waking,visual,8,0.0
24,waking,visual,9,0.5333333333333333
24,waking,visual,10,0.0
24,waking,visual,11,0.0
24,waking,visual,12,0.0
24,waking,visual,13,0.0
24,waking,visual,14,0.0
24,waking,visual,15,0.0
24,waking,visual,16,0.0
24,waking,visual,17,0.75
24,waking,visual,18,0.0
24,waking,visual,19,0.0
24,waking,visual,20,0.0
24,waking,visual,21,0.0
24,waking,visual,22,0.0
24,waking,visual,23,0.0
24,waking,visual,24,0.0
24,waking,visual,25,0.0
24,waking,visual,26,0.36999999999999994
24,waking,visual,27,0.0
24,waking,visual,28,0.4033333333333333
24,waking,visual,29,0.0
24,waking,visual,30,0.0
24,waking,visual,31,0.0
24,waking,visual,32,0.0
24,waking,visual,33,0.0
24,waking,visual,34,0.0
24,waking,visual,35,0.0
24,waking,visual,36,0.0
24,waking,visual,37,0.0
24,waking,visual,38,0.0
24,waking,visual,39,0.0
24,waking,visual,40,0.0
24,waking,visual,41,0.0
24,waking,visual,42,0.0
24,waking,visual,43,0.0
24,waking,visual,44,0.0
24,waking,visual,45,0.0
24,waking,visual,46,0.0
24,waking,visual,47,0.0
24,waking,visual,48,0.0
24,waking,visual,49,0.0
24,waking,visual,50,0.0
24,waking,visual,51,0.0
24,waking,visual,52,0.0
24,waking,visual,53,0.0
24,waking,visual,54,0.0
24,waking,visual,55,0.0
24,waking,visual,56,0.0
24,waking,visual,57,0.0
24,waking,visual,58,0.0
24,waking,visual,59,0.0
24,waking,visual,60,0.0
24,waking,visual,61,0.0
24,waking,visual,62,0.0
24,waking,visual,63,0.75
24,waking,visual,64,0.1
24,waking,visual,65,0.75
24,waking,visual,66,0.0
24,waking,visual,67,0.0
24,waking,visual,68,0.0
24,waking,visual,69,0.0
24,waking,visual,70,0.0
24,waking,visual,71,0.0
24,waking,visual,72,0.0
24,waking,visual,73,0.0
24,waking,visual,74,0.0
24,waking,visual,75,0.0
24,waking,visual,76,0.0
24,waking,visual,77,0.0
24,waking,visual,78,0.0
24,waking,visual,79,0.0
24,waking,visual,80,0.0
24,waking,visual,81,0.0
24,waking,visual,82,0.0
24,waking,visual,83,0.0
24,waking,visual,84,0.0
24,waking,visual,85,0.0
24,waking,visual,86,0.0
24,waking,visual,87,0.65
24,waking,visual,88,0.95
24,waking,visual,89,0.65
24,waking,visual,90,0.0
24,waking,visual,91,0.0
24,waking,visual,92,0.0
24,waking,visual,93,0.0
24,waking,visual,94,0.0
24,waking,visual,95,0.0
24,waking,visual,96,0.0
24,waking,visual,97,0.0
24,waking,visual,98,0.0
24,waking,visual,99,0.0
24,waking,visual,100,0.0
24,waking,visual,101,0.0
24,waking,visual,102,0.0
24,waking,visual,103,0.0
24,waking,visual,104,0.0
24,waking,visual,105,0.0
24,waking,visual,106,0.0
24,waking,visual,107,0.0
24,waking,visual,108,0.0
24,waking,visual,109,0.0
24,waking,visual,110,0.0
24,waking,visual,111,0.0
24,waking,visual,112,0.0
24,waking,visual,113,0.0
24,waking,visual,114,0.95
24,waking,visual,115,0.08
24,waking,visual,116,0.08
24,waking,visual,117,0.0
24,waking,visual,118,0.0
24,waking,visual,119,0.0
24,waking,visual,120,0.08
24,waking,visual,121,0.18
24,waking,visual,122,0.95
24,waking,visual,123,0.0
24,waking,visual,124,0.0
24,waking,visual,125,0.0
24,waking,visual,126,0.0
24,waking,visual,127,0.0
24,waking,visual,128,0.0
24,waking,visual,129,0.0
24,waking,visual,130,0.0
24,waking,visual,131,0.0
24,waking,visual,132,0.0
24,waking,visual,133,0.0
24,waking,visual,134,0.0
24,waking,visual,135,0.0
24,waking,visual,136,0.0
24,waking,visual,137,0.0
24,waking,visual,138,0.0
24,waking,visual,139,0.0
24,waking,visual,140,0.0
24,waking,visual,141,0.0
24,waking,visual,142,0.0
24,waking,visual,143,0.0
24,waking,visual,144,0.0
24,waking,visual,145,0.0
24,waking,visual,146,0.0
24,waking,visual,147,0.0
24,waking,visual,148,0.0
24,waking,visual,149,0.0
24,waking,visual,150,0.0
24,waking,visual,151,0.0
24,waking,visual,152,0.5333333333333333
24,waking,visual,153,0.5333333333333333
24,waking,visual,154,0.0
24,waking,visual,155,0.0
24,waking,visual,156,0.0
24,waking,visual,157,0.0
24,waking,visual,158,0.0
24,waking,visual,159,0.0
24,waking,visual,160,0.0
24,waking,visual,161,0.0
24,waking,visual,162,0.0
24,waking,visual,163,0.0
24,waking,visual,164,0.0
24,waking,visual,165,0.0
24,waking,visual,166,0.0
24,waking,visual,167,0.0
24,waking,visual,168,0.0
24,waking,visual,169,0.0
24,waking,visual,170,0.0
24,waking,visual,171,0.0
24,waking,visual,172,0.0
24,waking,visual,173,0.0
24,waking,visual,174,0.0
24,waking,visual,175,0.0
24,waking,visual,176,0.0
24,waking,visual,177,0.0
24,waking,visual,178,0.0
24,waking,visual,179,0.0
24,waking,audio,0,0.3180272195647924
24,waking,audio,1,0.14869065374178603
24,waking,audio,2,0.23917517847554265
24,waking,audio,3,0.17313516474999102
24,waking,audio,4,0.2671688940497651
24,waking,audio,5,0.16442064335949136
24,waking,audio,6,0.25886630347844103
24,waking,audio,7,0.05845368143061572
24,waking,audio,8,0.007215400259714233
24,waking,audio,9,0.0031639642614727514
24,waking,audio,10,0.003949118298783805
24,waking,audio,11,0.0017603999119316927
24,waking,audio,12,0.00217502700415495
24,waking,audio,13,0.00011600062275690659
24,waking,audio,14,0.0005385131846069036
24,waking,audio,15,0.00012159975136284695
24,waking,proprioceptive,0,0.2907467792973109
24,waking,proprioceptive,1,0.2803999072480548
24,waking,proprioceptive,2,0.606666666666667
24,waking,proprioceptive,3,0.7800000000000001
24,waking,proprioceptive,4,0.0
24,waking,proprioceptive,5,0.09669112570837973
24,waking,prediction,0,0.0
24,waking,prediction,1,0.0
24,waking,prediction,2,0.0
24,waking,prediction,3,1.2182328968526176e-05
24,waking,prediction,4,0.0
24,waking,prediction,5,0.0
24,waking,prediction,6,0.0
24,waking,prediction,7,0.0
24,waking,prediction,8,0.06106210494738308
24,waking,prediction,9,0.00707499739675085
24,waking,prediction,10,0.00031129542843682525
24,waking,prediction,11,0.00028661736849700415
24,waking,prediction,12,0.0
24,waking,prediction,13,0.0
24,waking,prediction,14,0.0
24,waking,prediction,15,4.427184689257597e-05
24,waking,prediction,16,0.00284353942582465
24,waking,prediction,17,0.08344539914068473
24,waking,prediction,18,0.0
24,waking,prediction,19,0.0
24,waking,prediction,20,0.0
24,waking,prediction,21,7.704374213112425e-07
24,waking,prediction,22,1.91350249262212e-07
24,waking,prediction,23,0.0006120685544155584
24,waking,prediction,24,0.0
24,waking,prediction,25,0.00212827277783502
24,waking,prediction,26,0.01828086102102645
24,waking,prediction,27,0.0
24,waking,prediction,28,0.04929468544627201
24,waking,prediction,29,0.0
24,waking,prediction,30,0.0
24,waking,prediction,31,0.0
24,waking,prediction,32,1.142455755665893e-06
24,waking,prediction,33,0.0
24,waking,prediction,34,0.0
24,waking,prediction,35,0.0
24,waking,emotion,0,0.4513813073753163
24,waking,emotion,1,0.2772435470143581
24,waking,emotion,2,0.6040220018957191
24,waking,action,0,0.014987594959266005
24,waking,action,1,0.003941295188351382
24,waking,action,2,0.0010525974891834346
24,waking,action,3,0.006299880526261881
24,waking,action,4,-0.5483841618041476
24,waking,action,5,-0.5546844247699427
25,waking,visual,0,0.0
25,waking,visual,1,0.0
25,waking,visual,2,0.0
25,waking,visual,3,0.0
25,waking,visual,4,0.0
25,waking,visual,5,0.0
25,waking,visual,6,0.0
25,waking,visual,7,0.0
25,waking,visual,8,0.0
25,waking,visual,9,0.5333333333333333
25,waking,visual,10,0.0
25,waking,visual,11,0.0
25,waking,visual,12,0.0
25,waking,visual,13,0.0
25,waking,visual,14,0.0
25,waking,visual,15,0.0
25,waking,visual,16,0.0
25,waking,visual,17,0.75
25,waking,visual,18,0.0
25,waking,visual,19,0.0
25,waking,visual,20,0.0
25,waking,visual,21,0.0
25,waking,visual,22,0.0
25,waking,visual,23,0.0
25,waking,visual,24,0.0
25,waking,visual,25,0.0
25,waking,visual,26,0.36999999999999994
25,waking,visual,27,0.0
25,waking,visual,28,0.4033333333333333
25,waking,visual,29,0.0
25,waking,visual,30,0.0
25,waking,visual,31,0.0
25,waking,visual,32,0.0
25,waking,visual,33,0.0
25,waking,visual,34,0.0
25,waking,visual,35,0.0
25,waking,visual,36,0.0
25,waking,visual,37,0.0
25,waking,visual,38,0.0
25,waking,visual,39,0.0
25,waking,visual,40,0.0
25,waking,visual,41,0.0
25,waking,visual,42,0.0
25,waking,visual,43,0.0
25,waking,visual,44,0.0
25,waking,visual,45,0.0
25,waking,visual,46,0.0
25,waking,visual,47,0.0
25,waking,visual,48,0.0
25,waking,visual,49,0.0
25,waking,visual,50,0.0
25,waking,visual,51,0.0
25,waking,visual,52,0.0
25,waking,visual,53,0.0
25,waking,visual,54,0.0
25,waking,visual,55,0.0
25,waking,visual,56,0.0
25,waking,visual,57,0.0
25,waking,visual,58,0.0
25,waking,visual,59,0.0
25,waking,visual,60,0.0
25,waking,visual,61,0.0
25,waking,visual,62,0.0
25,waking,visual,63,0.75
25,waking,visual,64,0.1
25,waking,visual,65,0.75
25,waking,visual,66,0.0
25,waking,visual,67,0.0
25,waking,visual,68,0.0
25,waking,visual,69,0.0
25,waking,visual,70,0.0
25,waking,visual,71,0.0
25,waking,visual,72,0.0
25,waking,visual,73,0.0
25,waking,visual,74,0.0
25,waking,visual,75,0.0
25,waking,visual,76,0.0
25,waking,visual,77,0.0
25,waking,visual,78,0.0
25,waking,visual,79,0.0
25,waking,visual,80,0.0
25,waking,visual,81,0.0
25,waking,visual,82,0.0
25,waking,visual,83,0.0
25,waking,visual,84,0.0
25,waking,visual,85,0.0
25,waking,visual,86,0.0
25,waking,visual,87,0.65
25,waking,visual,88,0.95
25,waking,visual,89,0.65
25,waking,visual,90,0.0
25,waking,visual,91,0.0
25,waking,visual,92,0.0
25,waking,visual,93,0.0
25,waking,visual,94,0.0
25,waking,visual,95,0.0
25,waking,visual,96,0.0
25,waking,visual,97,0.0
25,waking,visual,98,0.0
25,waking,visual,99,0.0
25,waking,visual,100,0.0
25,waking,visual,101,0.0
25,waking,visual,102,0.0
25,waking,visual,103,0.0
25,waking,visual,104,0.0
25,waking,visual,105,0.0
25,waking,visual,106,0.0
25,waking,visual,107,0.0
25,waking,visual,108,0.0
25,waking,visual,109,0.0
25,waking,visual,110,0.0
25,waking,visual,111,0.0
25,waking,visual,112,0.0
25,waking,visual,113,0.0
25,waking,visual,114,0.95
25,waking,visual,115,0.08
25,waking,visual,116,0.08
25,waking,visual,117,0.0
25,waking,visual,118,0.0
25,waking,visual,119,0.0
25,waking,visual,120,0.08
25,waking,visual,121,0.18
25,waking,visual,122,0.95
25,waking,visual,123,0.0
25,waking,visual,124,0.0
25,waking,visual,125,0.0
25,waking,visual,126,0.0
25,waking,visual,127,0.0
25,waking,visual,128,0.0
25,waking,visual,129,0.0
25,waking,visual,130,0.0
25,waking,visual,131,0.0
25,waking,visual,132,0.0
25,waking,visual,133,0.0
25,waking,visual,134,0.0
25,waking,visual,135,0.0
25,waking,visual,136,0.0
25,waking,visual,137,0.0
25,waking,visual,138,0.0
25,waking,visual,139,0.0
25,waking,visual,140,0.0
25,waking,visual,141,0.0
25,waking,visual,142,0.0
25,waking,visual,143,0.0
25,waking,visual,144,0.0
25,waking,visual,145,0.0
25,waking,visual,146,0.0
25,waking,visual,147,0.0
25,waking,visual,148,0.0
25,waking,visual,149,0.0
25,waking,visual,150,0.0
25,waking,visual,151,0.0
25,waking,visual,152,0.0
25,waking,visual,153,0.0
25,waking,visual,154,0.0
25,waking,visual,155,0.0
25,waking,visual,156,0.0
25,waking,visual,157,0.0
25,waking,visual,158,0.0
25,waking,visual,159,0.0
25,waking,visual,160,0.0
25,waking,visual,161,0.0
25,waking,visual,162,0.0
25,waking,visual,163,0.0
25,waking,visual,164,0.0
25,waking,visual,165,0.0
25,waking,visual,166,0.0
25,waking,visual,167,0.0
25,waking,visual,168,0.0
25,waking,visual,169,0.0
25,waking,visual,170,0.0
25,waking,visual,171,0.0
25,waking,visual,172,0.0
25,waking,visual,173,0.0
25,waking,visual,174,0.0
25,waking,visual,175,0.0
25,waking,visual,176,0.0
25,waking,visual,177,0.0
25,waking,visual,178,0.0
25,waking,visual,179,0.0
25,waking,audio,0,0.3110092158490998
25,waking,audio,1,0.14559408172704025
25,waking,audio,2,0.23522116007223556
25,waking,audio,3,0.1713310990729995
25,waking,audio,4,0.2649135535552434
25,waking,audio,5,0.16411658110227959
25,waking,audio,6,0.2590228441619018
25,waking,audio,7,0.058489029326881055
25,waking,audio,8,0.007018003715692611
25,waking,audio,9,0.00309657201474578
25,waking,audio,10,0.003954018403307086
25,waking,audio,11,0.001804065676991512
25,waking,audio,12,0.0022553404945217514
25,waking,audio,13,0.0003040622572117735
25,waking,audio,14,0.00015654068346077077
25,waking,audio,15,3.53478962653378e-05
25,waking,proprioceptive,0,0.28673949263172044
25,waking,proprioceptive,1,0.28428939036724504
25,waking,proprioceptive,2,0.6066666666666657
25,waking,proprioceptive,3,0.7799999999999999
25,waking,proprioceptive,4,0.0
25,waking,proprioceptive,5,0.05250532088570825
25,waking,prediction,0,0.0
25,waking,prediction,1,0.0
25,waking,prediction,2,0.0
25,waking,prediction,3,7.88052359704978e-06
25,waking,prediction,4,0.0
25,waking,prediction,5,0.0
25,waking,prediction,6,0.0
25,waking,prediction,7,0.0
25,waking,prediction,8,0.05093585745313635
25,waking,prediction,9,0.016500852944205214
25,waking,prediction,10,0.0001896385728114752
25,waking,prediction,11,0.00030283499202516414
25,waking,prediction,12,0.0
25,waking,prediction,13,0.0
25,waking,prediction,14,0.0
25,waking,prediction,15,2.7952773511904332e-05
25,waking,prediction,16,0.0021026699418423725
25,waking,prediction,17,0.08540102868401059
25,waking,prediction,18,0.0
25,waking,prediction,19,0.0
25,waking,prediction,20,0.0
25,waking,prediction,21,4.768166175192989e-07
25,waking,prediction,22,1.1301580028234562e-07
25,waking,prediction,23,0.0006387398549078391
25,waking,prediction,24,0.0
25,waking,prediction,25,0.0013728183724299357
25,waking,prediction,26,0.019063152921644615
25,waking,prediction,27,0.0
25,waking,prediction,28,0.04922085691968105
25,waking,prediction,29,0.0
25,waking,prediction,30,0.0
25,waking,prediction,31,0.0
25,waking,prediction,32,1.0316438461252792e-06
25,waking,prediction,33,0.0
25,waking,prediction,34,0.0
25,waking,prediction,35,0.0
25,waking,emotion,0,0.44807576715340847
25,waking,emotion,1,0.2764338078570869
25,waking,emotion,2,0.5941981379248099
25,waking,action,0,0.016155391355629087
25,waking,action,1,0.006881034664871679
25,waking,action,2,0.0004906374686771154
25,waking,action,3,0.009186037517366215
25,waking,action,4,-0.5529699727976016
25,waking,action,5,-0.5501129058513531
26,waking,visual,0,0.0
26,waking,visual,1,0.0
26,waking,visual,2,0.0
26,waking,visual,3,0.0
26,waking,visual,4,0.0
26,waking,visual,5,0.0
26,waking,visual,6,0.0
26,waking,visual,7,0.0
26,waking,visual,8,0.0
26,waking,visual,9,0.5333333333333333
26,waking,visual,10,0.0
26,waking,visual,11,0.0
26,waking,visual,12,0.0
26,waking,visual,13,0.0
26,waking,visual,14,0.0
26,waking,visual,15,0.0
26,waking,visual,16,0.0
26,waking,visual,17,0.75
26,waking,visual,18,0.0
26,waking,visual,19,0.0
26,waking,visual,20,0.0
26,waking,visual,21,0.0
26,waking,visual,22,0.0
26,waking,visual,23,0.0
26,waking,visual,24,0.0
26,waking,visual,25,0.0
26,waking,visual,26,0.36999999999999994
26,waking,visual,27,0.0
26,waking,visual,28,0.4033333333333333
26,waking,visual,29,0.0
26,waking,visual,30,0.0
26,waking,visual,31,0.0
26,waking,visual,32,0.0
26,waking,visual,33,0.0
26,waking,visual,34,0.0
26,waking,visual,35,0.0
26,waking,visual,36,0.0
26,waking,visual,37,0.0
26,waking,visual,38,0.0
26,waking,visual,39,0.0
26,waking,visual,40,0.0
26,waking,visual,41,0.0
26,waking,visual,42,0.0
26,waking,visual,43,0.0
26,waking,visual,44,0.0
26,waking,visual,45,0.0
26,waking,visual,46,0.0
26,waking,visual,47,0.0
26,waking,visual,48,0.0
26,waking,visual,49,0.0
26,waking,visual,50,0.0
26,waking,visual,51,0.0
26,waking,visual,52,0.0
26,waking,visual,53,0.0
26,waking,visual,54,0.0
26,waking,visual,55,0.0
26,waking,visual,56,0.0
26,waking,visual,57,0.0
26,waking,visual,58,0.0
26,waking,visual,59,0.0
26,waking,visual,60,0.0
26,waking,visual,61,0.0
26,waking,visual,62,0.0
26,waking,visual,63,0.75
26,waking,visual,64,0.1
26,waking,visual,65,0.75
26,waking,visual,66,0.0
26,waking,visual,67,0.0
26,waking,visual,68,0.0
26,waking,visual,69,0.0
26,waking,visual,70,0.0
26,waking,visual,71,0.0
26,waking,visual,72,0.0
26,waking,visual,73,0.0
26,waking,visual,74,0.0
26,waking,visual,75,0.0
26,waking,visual,76,0.0
26,waking,visual,77,0.0
26,waking,visual,78,0.0
26,waking,visual,79,0.0
26,waking,visual,80,0.0
26,waking,visual,81,0.0
26,waking,visual,82,0.0
26,waking,visual,83,0.0
26,waking,visual,84,0.0
26,waking,visual,85,0.0
26,waking,visual,86,0.0
26,waking,visual,87,0.65
26,waking,visual,88,0.95
26,waking,visual,89,0.65
26,waking,visual,90,0.0
26,waking,visual,91,0.0
26,waking,visual,92,0.0
26,waking,visual,93,0.0
26,waking,visual,94,0.0
26,waking,visual,95,0.0
26,waking,visual,96,0.0
26,waking,visual,97,0.0
26,waking,visual,98,0.0
26,waking,visual,99,0.0
26,waking,visual,100,0.0
26,waking,visual,101,0.0
26,waking,visual,102,0.0
26,waking,visual,103,0.0
26,waking,visual,104,0.0
26,waking,visual,105,0.0
26,waking,visual,106,0.0
26,waking,visual,107,0.0
26,waking,visual,108,0.0
26,waking,visual,109,0.0
26,waking,visual,110,0.0
26,waking,visual,111,0.0
26,waking,visual,112,0.0
26,waking,visual,113,0.0
26,waking,visual,114,0.95
26,waking,visual,115,0.08
26,waking,visual,116,0.08
26,waking,visual,117,0.0
26,waking,visual,118,0.0
26,waking,visual,119,0.0
26,waking,visual,120,0.08
26,waking,visual,121,0.18
26,waking,visual,122,0.95
26,waking,visual,123,0.0
26,waking,visual,124,0.0
26,waking,visual,125,0.0
26,waking,visual,126,0.0
26,waking,visual,127,0.0
26,waking,visual,128,0.0
26,waking,visual,129,0.0
26,waking,visual,130,0.0
26,waking,visual,131,0.0
26,waking,visual,132,0.0
26,waking,visual,133,0.0
26,waking,visual,134,0.0
26,waking,visual,135,0.0
26,waking,visual,136,0.0
26,waking,visual,137,0.0
26,waking,visual,138,0.0
26,waking,visual,139,0.0
26,waking,visual,140,0.0
26,waking,visual,141,0.0
26,waking,visual,142,0.0
26,waking,visual,143,0.0
26,waking,visual,144,0.0
26,waking,visual,145,0.0
26,waking,visual,146,0.0
26,waking,visual,147,0.0
26,waking,visual,148,0.0
26,waking,visual,149,0.0
26,waking,visual,150,0.0
26,waking,visual,151,0.0
26,waking,visual,152,0.0
26,waking,visual,153,0.0
26,waking,visual,154,0.0
26,waking,visual,155,0.0
26,waking,visual,156,0.0
26,waking,visual,157,0.0
26,waking,visual,158,0.0
26,waking,visual,159,0.0
26,waking,visual,160,0.0
26,waking,visual,161,0.0
26,waking,visual,162,0.0
26,waking,visual,163,0.0
26,waking,visual,164,0.0
26,waking,visual,165,0.0
26,waking,visual,166,0.0
26,waking,visual,167,0.0
26,waking,visual,168,0.0
26,waking,visual,169,0.0
26,waking,visual,170,0.0
26,waking,visual,171,0.0
26,waking,visual,172,0.0
26,waking,visual,173,0.0
26,waking,visual,174,0.0
26,waking,visual,175,0.0
26,waking,visual,176,0.0
26,waking,visual,177,0.0
26,waking,visual,178,0.0
26,waking,visual,179,0.0
26,waking,audio,0,0.3041855533901721
26,waking,audio,1,0.14256945160085724
26,waking,audio,2,0.23129461215953792
26,waking,audio,3,0.16950275257456543
26,waking,audio,4,0.2626036872160911
26,waking,audio,5,0.16364951927039112
26,waking,audio,6,0.25884298723950017
26,waking,audio,7,0.05844841647343553
26,waking,audio,8,0.006823662458927682
26,waking,audio,9,0.003024630126183009
26,waking,audio,10,0.003926547912697642
26,waking,audio,11,0.0018283464984340803
26,waking,audio,12,0.0023098663391522556
26,waking,audio,13,0.0004670618318884656
26,waking,audio,14,0.0001798569224016333
26,waking,audio,15,4.0612853445524955e-05
26,waking,proprioceptive,0,0.2849561216898214
26,waking,proprioceptive,1,0.28606720328002866
26,waking,proprioceptive,2,0.6066666666666679
26,waking,proprioceptive,3,0.7799999999999999
26,waking,proprioceptive,4,0.0
26,waking,proprioceptive,5,0.021220996275364445
26,waking,prediction,0,0.0
26,waking,prediction,1,0.0
26,waking,prediction,2,0.0
26,waking,prediction,3,5.097559480649198e-06
26,waking,prediction,4,0.0
26,waking,prediction,5,0.0
26,waking,prediction,6,0.0
26,waking,prediction,7,0.0
26,waking,prediction,8,0.04077191997017057
26,waking,prediction,9,0.0259427751556761
26,waking,prediction,10,0.00011557448326715764
26,waking,prediction,11,0.0003176295012917061
26,waking,prediction,12,0.0
26,waking,prediction,13,0.0
26,waking,prediction,14,0.0
26,waking,prediction,15,1.7648355836531994e-05
26,waking,prediction,16,0.001606605896296521
26,waking,prediction,17,0.08685591394464628
26,waking,prediction,18,0.0
26,waking,prediction,19,0.0
26,waking,prediction,20,0.0
26,waking,prediction,21,2.9503729283879846e-07
26,waking,prediction,22,6.677788212517753e-08
26,waking,prediction,23,0.0006596353836962768
26,waking,prediction,24,0.0
26,waking,prediction,25,0.0008853437367827462
26,waking,prediction,26,0.01972830458073999
26,waking,prediction,27,0.0
26,waking,prediction,28,0.04914379023888426
26,waking,prediction,29,0.0
26,waking,prediction,30,0.0
26,waking,prediction,31,0.0
26,waking,prediction,32,1.2416346632937995e-06
26,waking,prediction,33,0.0
26,waking,prediction,34,0.0
26,waking,prediction,35,0.0
26,waking,emotion,0,0.44465923896486687
26,waking,emotion,1,0.2755706578920165
26,waking,emotion,2,0.5843611502324869
26,waking,action,0,0.016415058491992537
26,waking,action,1,0.009838080322467479
26,waking,action,2,0.00022880272542422358
26,waking,action,3,0.011750963712301174
26,waking,action,4,-0.5522494200801067
26,waking,action,5,-0.550836253364996
27,waking,visual,0,0.0
27,waking,visual,1,0.0
27,waking,visual,2,0.0
27,waking,visual,3,0.0
27,waking,visual,4,0.0
27,waking,visual,5,0.0
27,waking,visual,6,0.0
27,waking,visual,7,0.0
27,waking,visual,8,0.0
27,waking,visual,9,0.5333333333333333
27,waking,visual,10,0.0
27,waking,visual,11,0.0
27,waking,visual,12,0.0
27,waking,visual,13,0.0
27,waking,visual,14,0.0
27,waking,visual,15,0.0
27,waking,visual,16,0.0
27,waking,visual,17,0.75
27,waking,visual,18,0.0
27,waking,visual,19,0.0
27,waking,visual,20,0.0
27,waking,visual,21,0.0
27,waking,visual,22,0.0
27,waking,visual,23,0.0
27,waking,visual,24,0.0
27,waking,visual,25,0.0
27,waking,visual,26,0.36999999999999994
27,waking,visual,27,0.0
27,waking,visual,28,0.4033333333333333
27,waking,visual,29,0.0
27,waking,visual,30,0.0
27,waking,visual,31,0.0
27,waking,visual,32,0.0
27,waking,visual,33,0.0
27,waking,visual,34,0.0
27,waking,visual,35,0.0
27,waking,visual,36,0.0
27,waking,visual,37,0.0
27,waking,visual,38,0.0
27,waking,visual,39,0.0
27,waking,visual,40,0.0
27,waking,visual,41,0.0
27,waking,visual,42,0.0
27,waking,visual,43,0.0
27,waking,visual,44,0.0
27,waking,visual,45,0.0
27,waking,visual,46,0.0
27,waking,visual,47,0.0
27,waking,visual,48,0.0
27,waking,visual,49,0.0
27,waking,visual,50,0.0
27,waking,visual,51,0.0
27,waking,visual,52,0.0
27,waking,visual,53,0.0
27,waking,visual,54,0.0
27,waking,visual,55,0.0
27,waking,visual,56,0.0
27,waking,visual,57,0.0
27,waking,visual,58,0.0
27,waking,visual,59,0.0
27,waking,visual,60,0.0
27,waking,visual,61,0.0
27,waking,visual,62,0.0
27,waking,visual,63,0.75
27,waking,visual,64,0.1
27,waking,visual,65,0.75
27,waking,visual,66,0.0
27,waking,visual,67,0.0
27,waking,visual,68,0.0
27,waking,visual,69,0.0
27,waking,visual,70,0.0
27,waking,visual,71,0.0
27,waking,visual,72,0.0
27,waking,visual,73,0.0
27,waking,visual,74,0.0
27,waking,visual,75,0.0
27,waking,visual,76,0.0
27,waking,visual,77,0.0
27,waking,visual,78,0.0
27,waking,visual,79,0.0
27,waking,visual,80,0.0
27,waking,visual,81,0.0
27,waking,visual,82,0.0
27,waking,visual,83,0.0
27,waking,visual,84,0.0
27,waking,visual,85,0.0
27,waking,visual,86,0.0
27,waking,visual,87,0.65
27,waking,visual,88,0.95
27,waking,visual,89,0.65
27,waking,visual,90,0.0
27,waking,visual,91,0.0
27,waking,visual,92,0.0
27,waking,visual,93,0.0
27,waking,visual,94,0.0
27,waking,visual,95,0.0
27,waking,visual,96,0.0
27,waking,visual,97,0.0
27,waking,visual,98,0.0
27,waking,visual,99,0.0
27,waking,visual,100,0.0
27,waking,visual,101,0.0
27,waking,visual,102,0.0
27,waking,visual,103,0.0
27,waking,visual,104,0.0
27,waking,visual,105,0.0
27,waking,visual,106,0.0
27,waking,visual,107,0.0
27,waking,visual,108,0.0
27,waking,visual,109,0.0
27,waking,visual,110,0.0
27,waking,visual,111,0.0
27,waking,visual,112,0.0
27,waking,visual,113,0.0
27,waking,visual,114,0.95
27,waking,visual,115,0.08
27,waking,visual,116,0.08
27,waking,visual,117,0.0
27,waking,visual,118,0.0
27,waking,visual,119,0.0
27,waking,visual,120,0.08
27,waking,visual,121,0.18
27,waking,visual,122,0.95
27,waking,visual,123,0.0
27,waking,visual,124,0.0
27,waking,visual,125,0.0
27,waking,visual,126,0.0
27,waking,visual,127,0.0
27,waking,visual,128,0.0
27,waking,visual,129,0.0
27,waking,visual,130,0.0
27,waking,visual,131,0.0
27,waking,visual,132,0.0
27,waking,visual,133,0.0
27,waking,visual,134,0.0
27,waking,visual,135,0.0
27,waking,visual,136,0.0
27,waking,visual,137,0.0
27,waking,visual,138,0.0
27,waking,visual,139,0.0
27,waking,visual,140,0.0
27,waking,visual,141,0.0
27,waking,visual,142,0.0
27,waking,visual,143,0.0
27,waking,visual,144,0.0
27,waking,visual,145,0.0
27,waking,visual,146,0.0
27,waking,visual,147,0.0
27,waking,visual,148,0.0
27,waking,visual,149,0.0
27,waking,visual,150,0.0
27,waking,visual,151,0.0
27,waking,visual,152,0.0
27,waking,visual,153,0.0
27,waking,visual,154,0.0
27,waking,visual,155,0.0
27,waking,visual,156,0.0
27,waking,visual,157,0.0
27,waking,visual,158,0.0
27,waking,visual,159,0.0
27,waking,visual,160,0.0
27,waking,visual,161,0.0
27,waking,visual,162,0.0
27,waking,visual,163,0.0
27,waking,visual,164,0.0
27,waking,visual,165,0.0
27,waking,visual,166,0.0
27,waking,visual,167,0.0
27,waking,visual,168,0.0
27,waking,visual,169,0.0
27,waking,visual,170,0.0
27,waking,visual,171,0.0
27,waking,visual,172,0.0
27,waking,visual,173,0.0
27,waking,visual,174,0.0
27,waking,visual,175,0.0
27,waking,visual,176,0.0
27,waking,visual,177,0.0
27,waking,visual,178,0.0
27,waking,visual,179,0.0
27,waking,audio,0,0.2975568424645456
27,waking,audio,1,0.13962146192035835
27,waking,audio,2,0.22742137721248304
27,waking,audio,3,0.1676660911215657
27,waking,audio,4,0.260260903862733
27,waking,audio,5,0.16304473114541873
27,waking,audio,6,0.25837429320564786
27,waking,audio,7,0.0583425823367592
27,waking,audio,8,0.006628710925626502
27,waking,audio,9,0.0029479896804988914
27,waking,audio,10,0.003873234947054882
27,waking,audio,11,0.0018366614529997383
27,waking,audio,12,0.0023427833533581355
27,waking,audio,13,0.0006047881249723885
27,waking,audio,14,0.00046869403385230157
27,waking,audio,15,0.00010583413667632907
27,waking,proprioceptive,0,0.2852363366355139
27,waking,proprioceptive,1,0.2857859014691684
27,waking,proprioceptive,2,0.6066666666666668
27,waking,proprioceptive,3,0.7800000000000001
27,waking,proprioceptive,4,0.0
27,waking,proprioceptive,5,0.0037400935400183632
27,waking,prediction,0,0.0
27,waking,prediction,1,0.0
27,waking,prediction,2,0.0
27,waking,prediction,3,3.2972330103295132e-06
27,waking,prediction,4,0.0
27,waking,prediction,5,0.0
27,waking,prediction,6,0.0
27,waking,prediction,7,0.0
27,waking,prediction,8,0.03170918247859101
27,waking,prediction,9,0.034343215528187275
27,waking,prediction,10,7.046568374706604e-05
27,waking,prediction,11,0.00033038468701872644
27,waking,prediction,12,0.0
27,waking,prediction,13,0.0
27,waking,prediction,14,0.0
27,waking,prediction,15,1.1142002610281853e-05
27,waking,prediction,16,0.001295460486011077
27,waking,prediction,17,0.08793887899711612
27,waking,prediction,18,0.0
27,waking,prediction,19,0.0
27,waking,prediction,20,0.0
27,waking,prediction,21,1.8252118971199276e-07
27,waking,prediction,22,3.947376324490729e-08
27,waking,prediction,23,0.0006759619559145466
27,waking,prediction,24,0.0
27,waking,prediction,25,0.0005708514888767839
27,waking,prediction,26,0.02030755995096321
27,waking,prediction,27,0.0
27,waking,prediction,28,0.04906360320806096
27,waking,prediction,29,0.0
27,waking,prediction,30,0.0
27,waking,prediction,31,0.0
27,waking,prediction,32,1.6799033446429053e-06
27,waking,prediction,33,0.0
27,waking,prediction,34,0.0
27,waking,prediction,35,0.0
27,waking,emotion,0,0.44130642835407247
27,waking,emotion,1,0.27469861236009524
27,waking,emotion,2,0.5748213975265172
27,waking,action,0,0.015740732316147133
27,waking,action,1,0.012465687054755531
27,waking,action,2,0.00010674873658179335
27,waking,action,3,0.013733245370342081
27,waking,action,4,-0.5458883648983462
27,waking,action,5,-0.5571408197831228
28,waking,visual,0,0.0
28,waking,visual,1,0.0
28,waking,visual,2,0.0
28,waking,visual,3,0.0
28,waking,visual,4,0.0
28,waking,visual,5,0.0
28,waking,visual,6,0.0
28,waking,visual,7,0.0
28,waking,visual,8,0.0
28,waking,visual,9,0.5333333333333333
28,waking,visual,10,0.0
28,waking,visual,11,0.0
28,waking,visual,12,0.0
28,waking,visual,13,0.0
28,waking,visual,14,0.0
28,waking,visual,15,0.0
28,waking,visual,16,0.0
28,waking,visual,17,0.75
28,waking,visual,18,0.0
28,waking,visual,19,0.0
28,waking,visual,20,0.0
28,waking,visual,21,0.0
28,waking,visual,22,0.0
28,waking,visual,23,0.0
28,waking,visual,24,0.0
28,waking,visual,25,0.0
28,waking,visual,26,0.36999999999999994
28,waking,visual,27,0.0
28,waking,visual,28,0.4033333333333333
28,waking,visual,29,0.0
28,waking,visual,30,0.0
28,waking,visual,31,0.0
28,waking,visual,32,0.0
28,waking,visual,33,0.0
28,waking,visual,34,0.0
28,waking,visual,35,0.0
28,waking,visual,36,0.0
28,waking,visual,37,0.0
28,waking,visual,38,0.0
28,waking,visual,39,0.0
28,waking,visual,40,0.0
28,waking,visual,41,0.0
28,waking,visual,42,0.0
28,waking,visual,43,0.0
28,waking,visual,44,0.0
28,waking,visual,45,0.0
28,waking,visual,46,0.0
28,waking,visual,47,0.0
28,waking,visual,48,0.0
28,waking,visual,49,0.0
28,waking,visual,50,0.0
28,waking,visual,51,0.0
28,waking,visual,52,0.0
28,waking,visual,53,0.0
28,waking,visual,54,0.0
28,waking,visual,55,0.0
28,waking,visual,56,0.0
28,waking,visual,57,0.0
28,waking,visual,58,0.0
28,waking,visual,59,0.0
28,waking,visual,60,0.0
28,waking,visual,61,0.0
28,waking,visual,62,0.0
28,waking,visual,63,0.75
28,waking,visual,64,0.1
28,waking,visual,65,0.75
28,waking,visual,66,0.0
28,waking,visual,67,0.0
28,waking,visual,68,0.0
28,waking,visual,69,0.0
28,waking,visual,70,0.0
28,waking,visual,71,0.0
28,waking,visual,72,0.0
28,waking,visual,73,0.0
28,waking,visual,74,0.0
28,waking,visual,75,0.0
28,waking,visual,76,0.0
28,waking,visual,77,0.0
28,waking,visual,78,0.0
28,waking,visual,79,0.0
28,waking,visual,80,0.0
28,waking,visual,81,0.0
28,waking,visual,82,0.0
28,waking,visual,83,0.0
28,waking,visual,84,0.0
28,waking,visual,85,0.0
28,waking,visual,86,0.0
28,waking,visual,87,0.65
28,waking,visual,88,0.95
28,waking,visual,89,0.65
28,waking,visual,90,0.0
28,waking,visual,91,0.0
28,waking,visual,92,0.0
28,waking,visual,93,0.0
28,waking,visual,94,0.0
28,waking,visual,95,0.0
28,waking,visual,96,0.0
28,waking,visual,97,0.0
28,waking,visual,98,0.0
28,waking,visual,99,0.0
28,waking,visual,100,0.0
28,waking,visual,101,0.0
28,waking,visual,102,0.0
28,waking,visual,103,0.0
28,waking,visual,104,0.0
28,waking,visual,105,0.0
28,waking,visual,106,0.0
28,waking,visual,107,0.0
28,waking,visual,108,0.0
28,waking,visual,109,0.0
28,waking,visual,110,0.0
28,waking,visual,111,0.0
28,waking,visual,112,0.0
28,waking,visual,113,0.0
28,waking,visual,114,0.95
28,waking,visual,115,0.08
28,waking,visual,116,0.08
28,waking,visual,117,0.0
28,waking,visual,118,0.0
28,waking,visual,119,0.0
28,waking,visual,120,0.08
28,waking,visual,121,0.18
28,waking,visual,122,0.95
28,waking,visual,123,0.0
28,waking,visual,124,0.0
28,waking,visual,125,0.0
28,waking,visual,126,0.0
28,waking,visual,127,0.0
28,waking,visual,128,0.0
28,waking,visual,129,0.0
28,waking,visual,130,0.0
28,waking,visual,131,0.0
28,waking,visual,132,0.0
28,waking,visual,133,0.0
28,waking,visual,134,0.0
28,waking,visual,135,0.0
28,waking,visual,136,0.0
28,waking,visual,137,0.0
28,waking,visual,138,0.0
28,waking,visual,139,0.0
28,waking,visual,140,0.0
28,waking,visual,141,0.0
28,waking,visual,142,0.0
28,waking,visual,143,0.0
28,waking,visual,144,0.0
28,waking,visual,145,0.0
28,waking,visual,146,0.0
28,waking,visual,147,0.0
28,waking,visual,148,0.0
28,waking,visual,149,0.0
28,waking,visual,150,0.0
28,waking,visual,151,0.0
28,waking,visual,152,0.0
28,waking,visual,153,0.0
28,waking,visual,154,0.0
28,waking,visual,155,0.0
28,waking,visual,156,0.0
28,waking,visual,157,0.0
28,waking,visual,158,0.0
28,waking,visual,159,0.0
28,waking,visual,160,0.0
28,waking,visual,161,0.0
28,waking,visual,162,0.0
28,waking,visual,163,0.0
28,waking,visual,164,0.0
28,waking,visual,165,0.0
28,waking,visual,166,0.0
28,waking,visual,167,0.0
28,waking,visual,168,0.0
28,waking,visual,169,0.0
28,waking,visual,170,0.0
28,waking,visual,171,0.0
28,waking,visual,172,0.0
28,waking,visual,173,0.0
28,waking,visual,174,0.0
28,waking,visual,175,0.0
28,waking,visual,176,0.0
28,waking,visual,177,0.0
28,waking,visual,178,0.0
28,waking,visual,179,0.0
28,waking,audio,0,0.29112664887322626
28,waking,audio,1,0.13675519330988473
28,waking,audio,2,0.22362362667244684
28,waking,audio,3,0.1658356321228275
28,waking,audio,4,0.25790546650020374
28,waking,audio,5,0.1623294966577275
28,waking,audio,6,0.2576691851207133
28,waking,audio,7,0.05818336438209656
28,waking,audio,8,0.006430193591319355
28,waking,audio,9,0.0028662686104736212
28,waking,audio,10,0.003797750540036199
28,waking,audio,11,0.0018304589987381825
28,waking,audio,12,0.0023554373625292446
28,waking,audio,13,0.0007152344876912298
28,waking,audio,14,0.0007051080849345692
28,waking,audio,15,0.00015921795466264377
28,waking,proprioceptive,0,0.28771008031730994
28,waking,proprioceptive,1,0.28333412563989707
28,waking,proprioceptive,2,0.6066666666666659
28,waking,proprioceptive,3,0.7800000000000001
28,waking,proprioceptive,4,0.0
28,waking,proprioceptive,5,0.0005665952547929121
28,waking,prediction,0,0.0
28,waking,prediction,1,0.0
28,waking,prediction,2,0.0
28,waking,prediction,3,2.1326354950012035e-06
28,waking,prediction,4,0.0
28,waking,prediction,5,0.0
28,waking,prediction,6,0.0
28,waking,prediction,7,0.0
28,waking,prediction,8,0.02413948751355566
28,waking,prediction,9,0.0413581370845348
28,waking,prediction,10,4.2980150238132677e-05
28,waking,prediction,11,0.0003406958663742429
28,waking,prediction,12,0.0
28,waking,prediction,13,0.0
28,waking,prediction,14,0.0
28,waking,prediction,15,7.033985293744892e-06
28,waking,prediction,16,0.001105792711440782
28,waking,prediction,17,0.08872308419538101
28,waking,prediction,18,0.0
28,waking,prediction,19,0.0
28,waking,prediction,20,0.0
28,waking,prediction,21,1.1289184939451986e-07
28,waking,prediction,22,2.3343226966475537e-08
28,waking,prediction,23,0.0006886564111498295
28,waking,prediction,24,0.0
28,waking,prediction,25,0.00036800081400343226
28,waking,prediction,26,0.020802469344657556
28,waking,prediction,27,0.0
28,waking,prediction,28,0.04898130263045013
28,waking,prediction,29,0.0
28,waking,prediction,30,0.0
28,waking,prediction,31,0.0
28,waking,prediction,32,2.2868862414766644e-06
28,waking,prediction,33,0.0
28,waking,prediction,34,0.0
28,waking,prediction,35,0.0
28,waking,emotion,0,0.4381838012039621
28,waking,emotion,1,0.273860743856941
28,waking,emotion,2,0.5658783944167564
28,waking,action,0,0.014176436313402782
28,waking,action,1,0.014503318873145139
28,waking,action,2,4.9826318787472664e-05
28,waking,action,3,0.014954119381992705
28,waking,action,4,-0.5326330171816754
28,waking,action,5,-0.5698263498715596
29,waking,visual,0,0.0
29,waking,visual,1,0.0
29,waking,visual,2,0.0
29,waking,visual,3,0.0
29,waking,visual,4,0.0
29,waking,visual,5,0.0
29,waking,visual,6,0.0
29,waking,visual,7,0.0
29,waking,visual,8,0.0
29,waking,visual,9,0.5333333333333333
29,waking,visual,10,0.0
29,waking,visual,11,0.0
29,waking,visual,12,0.0
29,waking,visual,13,0.0
29,waking,visual,14,0.0
29,waking,visual,15,0.0
29,waking,visual,16,0.0
29,waking,visual,17,0.75
29,waking,visual,18,0.0
29,waking,visual,19,0.0
29,waking,visual,20,0.0
29,waking,visual,21,0.0
29,waking,visual,22,0.0
29,waking,visual,23,0.0
29,waking,visual,24,0.0
29,waking,visual,25,0.0
29,waking,visual,26,0.36999999999999994
29,waking,visual,27,0.0
29,waking,visual,28,0.4033333333333333
29,waking,visual,29,0.0
29,waking,visual,30,0.0
29,waking,visual,31,0.0
29,waking,visual,32,0.0
29,waking,visual,33,0.0
29,waking,visual,34,0.0
29,waking,visual,35,0.0
29,waking,visual,36,0.0
29,waking,visual,37,0.0
29,waking,visual,38,0.0
29,waking,visual,39,0.0
29,waking,visual,40,0.0
29,waking,visual,41,0.0
29,waking,visual,42,0.0
29,waking,visual,43,0.0
29,waking,visual,44,0.0
29,waking,visual,45,0.0
29,waking,visual,46,0.0
29,waking,visual,47,0.0
29,waking,visual,48,0.0
29,waking,visual,49,0.0
29,waking,visual,50,0.0
29,waking,visual,51,0.0
29,waking,visual,52,0.0
29,waking,visual,53,0.0
29,waking,visual,54,0.0
29,waking,visual,55,0.0
29,waking,visual,56,0.0
29,waking,visual,57,0.0
29,waking,visual,58,0.0
29,waking,visual,59,0.0
29,waking,visual,60,0.0
29,waking,visual,61,0.0
29,waking,visual,62,0.0
29,waking,visual,63,0.75
29,waking,visual,64,0.1
29,waking,visual,65,0.75
29,waking,visual,66,0.0
29,waking,visual,67,0.0
29,waking,visual,68,0.0
29,waking,visual,69,0.0
29,waking,visual,70,0.0
29,waking,visual,71,0.0
29,waking,visual,72,0.0
29,waking,visual,73,0.0
29,waking,visual,74,0.0
29,waking,visual,75,0.0
29,waking,visual,76,0.0
29,waking,visual,77,0.0
29,waking,visual,78,0.0
29,waking,visual,79,0.0
29,waking,visual,80,0.0
29,waking,visual,81,0.0
29,waking,visual,82,0.0
29,waking,visual,83,0.0
29,waking,visual,84,0.0
29,waking,visual,85,0.0
29,waking,visual,86,0.0
29,waking,visual,87,0.65
29,waking,visual,88,0.95
29,waking,visual,89,0.65
29,waking,visual,90,0.0
29,waking,visual,91,0.0
29,waking,visual,92,0.0
29,waking,visual,93,0.0
29,waking,visual,94,0.0
29,waking,visual,95,0.0
29,waking,visual,96,0.0
29,waking,visual,97,0.0
29,waking,visual,98,0.0
29,waking,visual,99,0.0
29,waking,visual,100,0.0
29,waking,visual,101,0.0
29,waking,visual,102,0.0
29,waking,visual,103,0.0
29,waking,visual,104,0.0
29,waking,visual,105,0.0
29,waking,visual,106,0.0
29,waking,visual,107,0.0
29,waking,visual,108,0.0
29,waking,visual,109,0.0
29,waking,visual,110,0.0
29,waking,visual,111,0.0
29,waking,visual,112,0.0
29,waking,visual,113,0.0
29,waking,visual,114,0.95
29,waking,visual,115,0.08
29,waking,visual,116,0.08
29,waking,visual,117,0.0
29,waking,visual,118,0.0
29,waking,visual,119,0.0
29,waking,visual,120,0.08
29,waking,visual,121,0.18
29,waking,visual,122,0.95
29,waking,visual,123,0.0
29,waking,visual,124,0.0
29,waking,visual,125,0.0
29,waking,visual,126,0.0
29,waking,visual,127,0.0
29,waking,visual,128,0.0
29,waking,visual,129,0.0
29,waking,visual,130,0.0
29,waking,visual,131,0.0
29,waking,visual,132,0.0
29,waking,visual,133,0.0
29,waking,visual,134,0.0
29,waking,visual,135,0.0
29,waking,visual,136,0.0
29,waking,visual,137,0.0
29,waking,visual,138,0.0
29,waking,visual,139,0.0
29,waking,visual,140,0.0
29,waking,visual,141,0.0
29,waking,visual,142,0.0
29,waking,visual,143,0.0
29,waking,visual,144,0.0
29,waking,visual,145,0.0
29,waking,visual,146,0.0
29,waking,visual,147,0.0
29,waking,visual,148,0.0
29,waking,visual,149,0.0
29,waking,visual,150,0.0
29,waking,visual,151,0.0
29,waking,visual,152,0.0
29,waking,visual,153,0.0
29,waking,visual,154,0.0
29,waking,visual,155,0.0
29,waking,visual,156,0.0
29,waking,visual,157,0.0
29,waking,visual,158,0.0
29,waking,visual,159,0.0
29,waking,visual,160,0.0
29,waking,visual,161,0.0
29,waking,visual,162,0.0
29,waking,visual,163,0.0
29,waking,visual,164,0.0
29,waking,visual,165,0.0
29,waking,visual,166,0.0
29,waking,visual,167,0.0
29,waking,visual,168,0.0
29,waking,visual,169,0.0
29,waking,visual,170,0.0
29,waking,visual,171,0.0
29,waking,visual,172,0.0
29,waking,visual,173,0.0
29,waking,visual,174,0.0
29,waking,visual,175,0.0
29,waking,visual,176,0.0
29,waking,visual,177,0.0
29,waking,visual,178,0.0
29,waking,visual,179,0.0
29,waking,audio,0,0.2849021171842384
29,waking,audio,1,0.1339768019036461
29,waking,audio,2,0.21992271441424993
29,waking,audio,3,0.16402644805240377
29,waking,audio,4,0.25555922677023846
29,waking,audio,5,0.16153551193465726
29,waking,audio,6,0.2567891342895973
29,waking,audio,7,0.05798464322668327
29,waking,audio,8,0.006224531688987844
29,waking,audio,9,0.0027783914062386172
29,waking,audio,10,0.003700912258196909
29,waking,audio,11,0.0018091840704237416
29,waking,audio,12,0.0023462397299652826
29,waking,audio,13,0.0007939847230702402
29,waking,audio,14,0.0008800508311159749
29,waking,audio,15,0.00019872115541328533
29,waking,proprioceptive,0,0.29286493776268174
29,waking,proprioceptive,1,0.27840086393883745
29,waking,proprioceptive,2,0.6066666666666675
29,waking,proprioceptive,3,0.78
29,waking,proprioceptive,4,0.0
29,waking,proprioceptive,5,0.011791994854675192
29,waking,prediction,0,0.0
29,waking,prediction,1,0.0
29,waking,prediction,2,0.0
29,waking,prediction,3,1.379318780740281e-06
29,waking,prediction,4,0.0
29,waking,prediction,5,0.0
29,waking,prediction,6,0.0
29,waking,prediction,7,0.0
29,waking,prediction,8,0.018074161626890767
29,waking,prediction,9,0.04699491686999401
29,waking,prediction,10,2.6225394924296238e-05
29,waking,prediction,11,0.0003482196284942463
29,waking,prediction,12,0.0
29,waking,prediction,13,0.0
29,waking,prediction,14,0.0
29,waking,prediction,15,4.440381129210792e-06
29,waking,prediction,16,0.0009940305320772578
29,waking,prediction,17,0.0892762814336226
29,waking,prediction,18,0.0
29,waking,prediction,19,0.0
29,waking,prediction,20,0.0
29,waking,prediction,21,6.98119164587867e-08
29,waking,prediction,22,1.3809530220996077e-08
29,waking,prediction,23,0.0006983833441538796
29,waking,prediction,24,0.0
29,waking,prediction,25,0.00023718843887272616
29,waking,prediction,26,0.02122285056230068
29,waking,prediction,27,0.0
29,waking,prediction,28,0.048898575209851795
29,waking,prediction,29,0.0
29,waking,prediction,30,0.0
29,waking,prediction,31,0.0
29,waking,prediction,32,3.000268074326223e-06
29,waking,prediction,33,0.0
29,waking,prediction,34,0.0
29,waking,prediction,35,0.0
29,waking,emotion,0,0.4354455867930861
29,waking,emotion,1,0.2730982054377478
29,waking,emotion,2,0.5578127162960475
29,waking,action,0,0.011836953643556742
29,waking,action,1,0.015769218754124688
29,waking,action,2,2.326684186206203e-05
29,waking,action,3,0.01530935882709127
29,waking,action,4,-0.5028612978356737
29,waking,action,5,-0.5824546463736615
30,waking,visual,0,0.0
30,waking,visual,1,0.0
30,waking,visual,2,0.0
30,waking,visual,3,0.0
30,waking,visual,4,0.0
30,waking,visual,5,0.0
30,waking,visual,6,0.0
30,waking,visual,7,0.0
30,waking,visual,8,0.0
30,waking,visual,9,0.5333333333333333
30,waking,visual,10,0.0
30,waking,visual,11,0.0
30,waking,visual,12,0.0
30,waking,visual,13,0.0
30,waking,visual,14,0.0
30,waking,visual,15,0.0
30,waking,visual,16,0.0
30,waking,visual,17,0.75
30,waking,visual,18,0.0
30,waking,visual,19,0.0
30,waking,visual,20,0.0
30,waking,visual,21,0.0
30,waking,visual,22,0.0
30,waking,visual,23,0.0
30,waking,visual,24,0.0
30,waking,visual,25,0.0
30,waking,visual,26,0.36999999999999994
30,waking,visual,27,0.0
30,waking,visual,28,0.4033333333333333
30,waking,visual,29,0.0
30,waking,visual,30,0.0
30,waking,visual,31,0.0
30,waking,visual,32,0.0
30,waking,visual,33,0.0
30,waking,visual,34,0.0
30,waking,visual,35,0.0
30,waking,visual,36,0.0
30,waking,visual,37,0.0
30,waking,visual,38,0.0
30,waking,visual,39,0.0
30,waking,visual,40,0.0
30,waking,visual,41,0.0
30,waking,visual,42,0.0
30,waking,visual,43,0.0
30,waking,visual,44,0.0
30,waking,visual,45,0.0
30,waking,visual,46,0.0
30,waking,visual,47,0.0
30,waking,visual,48,0.0
30,waking,visual,49,0.0
30,waking,visual,50,0.0
30,waking,visual,51,0.0
30,waking,visual,52,0.0
30,waking,visual,53,0.0
30,waking,visual,54,0.0
30,waking,visual,55,0.0
30,waking,visual,56,0.0
30,waking,visual,57,0.0
30,waking,visual,58,0.0
30,waking,visual,59,0.0
30,waking,visual,60,0.0
30,waking,visual,61,0.0
30,waking,visual,62,0.0
30,waking,visual,63,0.75
30,waking,visual,64,0.1
30,waking,visual,65,0.75
30,waking,visual,66,0.0
30,waking,visual,67,0.0
30,waking,visual,68,0.0
30,waking,visual,69,0.0
30,waking,visual,70,0.0
30,waking,visual,71,0.0
30,waking,visual,72,0.0
30,waking,visual,73,0.0
30,waking,visual,74,0.0
30,waking,visual,75,0.0
30,waking,visual,76,0.0
30,waking,visual,77,0.0
30,waking,visual,78,0.0
30,waking,visual,79,0.0
30,waking,visual,80,0.0
30,waking,visual,81,0.0
30,waking,visual,82,0.0
30,waking,visual,83,0.0
30,waking,visual,84,0.0
30,waking,visual,85,0.0
30,waking,visual,86,0.0
30,waking,visual,87,0.65
30,waking,visual,88,0.95
30,waking,visual,89,0.65
30,waking,visual,90,0.0
30,waking,visual,91,0.0
30,waking,visual,92,0.0
30,waking,visual,93,0.0
30,waking,visual,94,0.0
30,waking,visual,95,0.0
30,waking,visual,96,0.0
30,waking,visual,97,0.0
30,waking,visual,98,0.0
30,waking,visual,99,0.0
30,waking,visual,100,0.0
30,waking,visual,101,0.0
30,waking,visual,102,0.0
30,waking,visual,103,0.0
30,waking,visual,104,0.0
30,waking,visual,105,0.0
30,waking,visual,106,0.0
30,waking,visual,107,0.0
30,waking,visual,108,0.0
30,waking,visual,109,0.0
30,waking,visual,110,0.0
30,waking,visual,111,0.0
30,waking,visual,112,0.0
30,waking,visual,113,0.0
30,waking,visual,114,0.95
30,waking,visual,115,0.08
30,waking,visual,116,0.08
30,waking,visual,117,0.0
30,waking,visual,118,0.0
30,waking,visual,119,0.0
30,waking,visual,120,0.08
30,waking,visual,121,0.18
30,waking,visual,122,0.95
30,waking,visual,123,0.0
30,waking,visual,124,0.0
30,waking,visual,125,0.0
30,waking,visual,126,0.0
30,waking,visual,127,0.0
30,waking,visual,128,0.0
30,waking,visual,129,0.0
30,waking,visual,130,0.0
30,waking,visual,131,0.0
30,waking,visual,132,0.0
30,waking,visual,133,0.0
30,waking,visual,134,0.0
30,waking,visual,135,0.0
30,waking,visual,136,0.0
30,waking,visual,137,0.0
30,waking,visual,138,0.0
30,waking,visual,139,0.0
30,waking,visual,140,0.0
30,waking,visual,141,0.0
30,waking,visual,142,0.0
30,waking,visual,143,0.0
30,waking,visual,144,0.0
30,waking,visual,145,0.0
30,waking,visual,146,0.0
30,waking,visual,147,0.0
30,waking,visual,148,0.0
30,waking,visual,149,0.0
30,waking,visual,150,0.0
30,waking,visual,151,0.0
30,waking,visual,152,0.0
30,waking,visual,153,0.0
30,waking,visual,154,0.0
30,waking,visual,155,0.0
30,waking,visual,156,0.0
30,waking,visual,157,0.0
30,waking,visual,158,0.0
30,waking,visual,159,0.0
30,waking,visual,160,0.0
30,waking,visual,161,0.0
30,waking,visual,162,0.0
30,waking,visual,163,0.0
30,waking,visual,164,0.0
30,waking,visual,165,0.0
30,waking,visual,166,0.0
30,waking,visual,167,0.0
30,waking,visual,168,0.0
30,waking,visual,169,0.0
30,waking,visual,170,0.0
30,waking,visual,171,0.0
30,waking,visual,172,0.0
30,waking,visual,173,0.0
30,waking,visual,174,0.0
30,waking,visual,175,0.0
30,waking,visual,176,0.0
30,waking,visual,177,0.0
30,waking,visual,178,0.0
30,waking,visual,179,0.0
30,waking,audio,0,0.2790538282433842
30,waking,audio,1,0.13156837973333474
30,waking,audio,2,0.21753580245165502
30,waking,audio,3,0.16257067371624234
30,waking,audio,4,0.2533683352113003
30,waking,audio,5,0.1607157573373102
30,waking,audio,6,0.2558254179162114
30,waking,audio,7,0.057767029852047735
30,waking,audio,8,0.005848288940854207
30,waking,audio,9,0.0024084221703113695
30,waking,audio,10,0.002386911962594912
30,waking,audio,11,0.001455774336161425
30,waking,audio,12,0.002190891558938146
30,waking,audio,13,0.0008197545973470666
30,waking,audio,14,0.0009637163733859366
30,waking,audio,15,0.00021761337463553632
30,waking,proprioceptive,0,0.3044428286194603
30,waking,proprioceptive,1,0.27348985974357576
30,waking,proprioceptive,2,0.5984962854265439
30,waking,proprioceptive,3,0.7694952241198416
30,waking,proprioceptive,4,0.0
30,waking,proprioceptive,5,0.03709265883613394
30,waking,prediction,0,0.0
30,waking,prediction,1,0.0
30,waking,prediction,2,0.0
30,waking,prediction,3,8.920654896505524e-07
30,waking,prediction,4,0.0
30,waking,prediction,5,0.0
30,waking,prediction,6,0.0
30,waking,prediction,7,0.0
30,waking,prediction,8,0.01335203357670063
30,waking,prediction,9,0.05141328261439496
30,waking,prediction,10,1.6007545764803828e-05
30,waking,prediction,11,0.00035313032160844723
30,waking,prediction,12,0.0
30,waking,prediction,13,0.0
30,waking,prediction,14,0.0
30,waking,prediction,15,2.8029977706274234e-06
30,waking,prediction,16,0.0009310276905979988
30,waking,prediction,17,0.08965613866849416
30,waking,prediction,18,0.0
30,waking,prediction,19,0.0
30,waking,prediction,20,0.0
30,waking,prediction,21,4.3163983080954055e-08
30,waking,prediction,22,8.172353779287865e-09
30,waking,prediction,23,0.0007056789680838417
30,waking,prediction,24,0.0
30,waking,prediction,25,0.00015284967837666323
30,waking,prediction,26,0.021579292392724575
30,waking,prediction,27,0.0
30,waking,prediction,28,0.04881757481577055
30,waking,prediction,29,0.0
30,waking,prediction,30,0.0
30,waking,prediction,31,0.0
30,waking,prediction,32,3.508218852741725e-06
30,waking,prediction,33,0.0
30,waking,prediction,34,0.0
30,waking,prediction,35,0.0
30,waking,emotion,0,0.4328919321017455
30,waking,emotion,1,0.2723190623067503
30,waking,emotion,2,0.5505302006347926
30,waking,action,0,0.008907857389051657
30,waking,action,1,0.01615545693689752
30,waking,action,2,1.0868801607957115e-05
30,waking,action,3,0.014764674901899213
30,waking,action,4,-0.39649359067029905
30,waking,action,5,-0.5226712590241007
31,waking,visual,0,0.0
31,waking,visual,1,0.0
31,waking,visual,2,0.0
31,waking,visual,3,0.0
31,waking,visual,4,0.0
31,waking,visual,5,0.0
31,waking,visual,6,0.0
31,waking,visual,7,0.0
31,waking,visual,8,0.0
31,waking,visual,9,0.5333333333333333
31,waking,visual,10,0.0
31,waking,visual,11,0.0
31,waking,visual,12,0.0
31,waking,visual,13,0.0
31,waking,visual,14,0.0
31,waking,visual,15,0.0
31,waking,visual,16,0.0
31,waking,visual,17,0.75
31,waking,visual,18,0.0
31,waking,visual,19,0.0
31,waking,visual,20,0.36999999999999994
31,waking,visual,21,0.0
31,waking,visual,22,0.0
31,waking,visual,23,0.0
31,waking,visual,24,0.0
31,waking,visual,25,0.0
31,waking,visual,26,0.0
31,waking,visual,27,0.0
31,waking,visual,28,0.4033333333333333
31,waking,visual,29,0.0
31,waking,visual,30,0.0
31,waking,visual,31,0.0
31,waking,visual,32,0.0
31,waking,visual,33,0.0
31,waking,visual,34,0.0
31,waking,visual,35,0.0
31,waking,visual,36,0.0
31,waking,visual,37,0.0
31,waking,visual,38,0.0
31,waking,visual,39,0.0
31,waking,visual,40,0.0
31,waking,visual,41,0.0
31,waking,visual,42,0.0
31,waking,visual,43,0.0
31,waking,visual,44,0.0
31,waking,visual,45,0.0
31,waking,visual,46,0.0
31,waking,visual,47,0.0
31,waking,visual,48,0.0
31,waking,visual,49,0.0
31,waking,visual,50,0.0
31,waking,visual,51,0.0
31,waking,visual,52,0.0
31,waking,visual,53,0.0
31,waking,visual,54,0.0
31,waking,visual,55,0.0
31,waking,visual,56,0.0
31,waking,visual,57,0.0
31,waking,visual,58,0.0
31,waking,visual,59,0.0
31,waking,visual,60,0.0
31,waking,visual,61,0.0
31,waking,visual,62,0.0
31,waking,visual,63,0.75
31,waking,visual,64,0.1
31,waking,visual,65,0.75
31,waking,visual,66,0.0
31,waking,visual,67,0.0
31,waking,visual,68,0.0
31,waking,visual,69,0.0
31,waking,visual,70,0.0
31,waking,visual,71,0.0
31,waking,visual,72,0.0
31,waking,visual,73,0.0
31,waking,visual,74,0.0
31,waking,visual,75,0.0
31,waking,visual,76,0.0
31,waking,visual,77,0.0
31,waking,visual,78,0.0
31,waking,visual,79,0.0
31,waking,visual,80,0.0
31,waking,visual,81,0.0
31,waking,visual,82,0.0
31,waking,visual,83,0.0
31,waking,visual,84,0.0
31,waking,visual,85,0.0
31,waking,visual,86,0.0
31,waking,visual,87,0.65
31,waking,visual,88,0.95
31,waking,visual,89,0.65
31,waking,visual,90,0.0
31,waking,visual,91,0.0
31,waking,visual,92,0.0
31,waking,visual,93,0.0
31,waking,visual,94,0.0
31,waking,visual,95,0.0
31,waking,visual,96,0.95
31,waking,visual,97,0.08
31,waking,visual,98,0.08
31,waking,visual,99,0.0
31,waking,visual,100,0.0
31,waking,visual,101,0.0
31,waking,visual,102,0.0
31,waking,visual,103,0.0
31,waking,visual,104,0.0
31,waking,visual,105,0.0
31,waking,visual,106,0.0
31,waking,visual,107,0.0
31,waking,visual,108,0.0
31,waking,visual,109,0.0
31,waking,visual,110,0.0
31,waking,visual,111,0.0
31,waking,visual,112,0.0
31,waking,visual,113,0.0
31,waking,visual,114,0.0
31,waking,visual,115,0.0
31,waking,visual,116,0.0
31,waking,visual,117,0.0
31,waking,visual,118,0.0
31,waking,visual,119,0.0
31,waking,visual,120,0.08
31,waking,visual,121,0.18
31,waking,visual,122,0.95
31,waking,visual,123,0.0
31,waking,visual,124,0.0
31,waking,visual,125,0.0
31,waking,visual,126,0.0
31,waking,visual,127,0.0
31,waking,visual,128,0.0
31,waking,visual,129,0.0
31,waking,visual,130,0.0
31,waking,visual,131,0.0
31,waking,visual,132,0.0
31,waking,visual,133,0.0
31,waking,visual,134,0.0
31,waking,visual,135,0.0
31,waking,visual,136,0.0
31,waking,visual,137,0.0
31,waking,visual,138,0.0
31,waking,visual,139,0.0
31,waking,visual,140,0.0
31,waking,visual,141,0.0
31,waking,visual,142,0.0
31,waking,visual,143,0.0
31,waking,visual,144,0.0
31,waking,visual,145,0.0
31,waking,visual,146,0.0
31,waking,visual,147,0.0
31,waking,visual,148,0.0
31,waking,visual,149,0.0
31,waking,visual,150,0.0
31,waking,visual,151,0.0
31,waking,visual,152,0.0
31,waking,visual,153,0.0
31,waking,visual,154,0.0
31,waking,visual,155,0.0
31,waking,visual,156,0.0
31,waking,visual,157,0.0
31,waking,visual,158,0.0
31,waking,visual,159,0.0
31,waking,visual,160,0.0
31,waking,visual,161,0.0
31,waking,visual,162,0.0
31,waking,visual,163,0.0
31,waking,visual,164,0.36999999999999994
31,waking,visual,165,0.0
31,waking,visual,166,0.0
31,waking,visual,167,0.0
31,waking,visual,168,0.0
31,waking,visual,169,0.0
31,waking,visual,170,0.36999999999999994
31,waking,visual,171,0.0
31,waking,visual,172,0.0
31,waking,visual,173,0.0
31,waking,visual,174,0.0
31,waking,visual,175,0.0
31,waking,visual,176,0.0
31,waking,visual,177,0.0
31,waking,visual,178,0.0
31,waking,visual,179,0.0
31,waking,audio,0,0.2743884347451859
31,waking,audio,1,0.13005431688774458
31,waking,audio,2,0.21784367252584608
31,waking,audio,3,0.16197644061510455
31,waking,audio,4,0.25179996259219845
31,waking,audio,5,0.16004195392828308
31,waking,audio,6,0.25500261656267775
31,waking,audio,7,0.05758123599802401
31,waking,audio,8,0.004665393498198278
31,waking,audio,9,0.001514062845590164
31,waking,audio,10,0.00030787007419105783
31,waking,audio,11,0.0005942331011377922
31,waking,audio,12,0.0015683726191018654
31,waking,audio,13,0.0006738034090271183
31,waking,audio,14,0.0008228013535336309
31,waking,audio,15,0.00018579385402372334
31,waking,proprioceptive,0,0.345808048072662
31,waking,proprioceptive,1,0.29673895482396007
31,waking,proprioceptive,2,0.5102556634677117
31,waking,proprioceptive,3,0.6560429958870572
31,waking,proprioceptive,4,0.0
31,waking,proprioceptive,5,0.07573915726189795
31,waking,prediction,0,0.0
31,waking,prediction,1,0.0
31,waking,prediction,2,0.0
31,waking,prediction,3,5.769153133171066e-07
31,waking,prediction,4,0.0
31,waking,prediction,5,0.0
31,waking,prediction,6,0.0
31,waking,prediction,7,0.0
31,waking,prediction,8,0.00975214396501464
31,waking,prediction,9,0.05482059209001469
31,waking,prediction,10,9.773732927658317e-06
31,waking,prediction,11,0.0003599784874670488
31,waking,prediction,12,0.0
31,waking,prediction,13,0.0
31,waking,prediction,14,0.0
31,waking,prediction,15,1.769327043566659e-06
31,waking,prediction,16,0.0008977419546470157
31,waking,prediction,17,0.0899085851126809
31,waking,prediction,18,0.0
31,waking,prediction,19,0.0
31,waking,prediction,20,0.004835756875231605
31,waking,prediction,21,2.6683581275664912e-08
31,waking,prediction,22,4.837821891797271e-09
31,waking,prediction,23,0.000710995375188892
31,waking,prediction,24,0.0
31,waking,prediction,25,9.848438759187846e-05
31,waking,prediction,26,0.017100430849226356
31,waking,prediction,27,0.0
31,waking,prediction,28,0.04873961420303017
31,waking,prediction,29,0.0
31,waking,prediction,30,0.0
31,waking,prediction,31,0.0
31,waking,prediction,32,2.2223753418140778e-06
31,waking,prediction,33,0.0
31,waking,prediction,34,0.0
31,waking,prediction,35,0.0
31,waking,emotion,0,0.428111089196242
31,waking,emotion,1,0.27037360470964117
31,waking,emotion,2,0.5411433072851205
31,waking,action,0,0.0056400702675727206
31,waking,action,1,0.015624412138079583
31,waking,action,2,0.001126877521447364
31,waking,action,3,0.013353576988057994
31,waking,action,4,-0.27585547263450094
31,waking,action,5,-0.45406716040279815
32,waking,visual,0,0.0
32,waking,visual,1,0.0
32,waking,visual,2,0.0
32,waking,visual,3,0.0
32,waking,visual,4,0.0
32,waking,visual,5,0.0
32,waking,visual,6,0.0
32,waking,visual,7,0.0
32,waking,visual,8,0.0
32,waking,visual,9,0.5333333333333333
32,waking,visual,10,0.0
32,waking,visual,11,0.0
32,waking,visual,12,0.0
32,waking,visual,13,0.0
32,waking,visual,14,0.0
32,waking,visual,15,0.0
32,waking,visual,16,0.0
32,waking,visual,17,0.75
32,waking,visual,18,0.0
32,waking,visual,19,0.0
32,waking,visual,20,0.36999999999999994
32,waking,visual,21,0.0
32,waking,visual,22,0.0
32,waking,visual,23,0.0
32,waking,visual,24,0.0
32,waking,visual,25,0.0
32,waking,visual,26,0.0
32,waking,visual,27,0.0
32,waking,visual,28,0.4033333333333333
32,waking,visual,29,0.0
32,waking,visual,30,0.0
32,waking,visual,31,0.0
32,waking,visual,32,0.0
32,waking,visual,33,0.0
32,waking,visual,34,0.0
32,waking,visual,35,0.0
32,waking,visual,36,0.0
32,waking,visual,37,0.0
32,waking,visual,38,0.0
32,waking,visual,39,0.0
32,waking,visual,40,0.0
32,waking,visual,41,0.0
32,waking,visual,42,0.0
32,waking,visual,43,0.0
32,waking,visual,44,0.0
32,waking,visual,45,0.0
32,waking,visual,46,0.0
32,waking,visual,47,0.0
32,waking,visual,48,0.0
32,waking,visual,49,0.0
32,waking,visual,50,0.0
32,waking,visual,51,0.0
32,waking,visual,52,0.0
32,waking,visual,53,0.0
32,waking,visual,54,0.0
32,waking,visual,55,0.0
32,waking,visual,56,0.0
32,waking,visual,57,0.0
32,waking,visual,58,0.0
32,waking,visual,59,0.0
32,waking,visual,60,0.0
32,waking,visual,61,0.0
32,waking,visual,62,0.0
32,waking,visual,63,0.75
32,waking,visual,64,0.1
32,waking,visual,65,0.75
32,waking,visual,66,0.0
32,waking,visual,67,0.0
32,waking,visual,68,0.0
32,waking,visual,69,0.0
32,waking,visual,70,0.0
32,waking,visual,71,0.0
32,waking,visual,72,0.0
32,waking,visual,73,0.0
32,waking,visual,74,0.0
32,waking,visual,75,0.0
32,waking,visual,76,0.0
32,waking,visual,77,0.0
32,waking,visual,78,0.0
32,waking,visual,79,0.0
32,waking,visual,80,0.0
32,waking,visual,81,0.0
32,waking,visual,82,0.0
32,waking,visual,83,0.0
32,waking,visual,84,0.0
32,waking,visual,85,0.0
32,waking,visual,86,0.0
32,waking,visual,87,0.65
32,waking,visual,88,0.95
32,waking,visual,89,0.65
32,waking,visual,90,0.0
32,waking,visual,91,0.0
32,waking,visual,92,0.0
32,waking,visual,93,0.0
32,waking,visual,94,0.0
32,waking,visual,95,0.0
32,waking,visual,96,0.95
32,waking,visual,97,0.08
32,waking,visual,98,0.08
32,waking,visual,99,0.0
32,waking,visual,100,0.0
32,waking,visual,101,0.0
32,waking,visual,102,0.0
32,waking,visual,103,0.0
32,waking,visual,104,0.0
32,waking,visual,105,0.0
32,waking,visual,106,0.0
32,waking,visual,107,0.0
32,waking,visual,108,0.0
32,waking,visual,109,0.0
32,waking,visual,110,0.0
32,waking,visual,111,0.0
32,waking,visual,112,0.0
32,waking,visual,113,0.0
32,waking,visual,114,0.0
32,waking,visual,115,0.0
32,waking,visual,116,0.0
32,waking,visual,117,0.0
32,waking,visual,118,0.0
32,waking,visual,119,0.0
32,waking,visual,120,0.08
32,waking,visual,121,0.18
32,waking,visual,122,0.95
32,waking,visual,123,0.0
32,waking,visual,124,0.0
32,waking,visual,125,0.0
32,waking,visual,126,0.0
32,waking,visual,127,0.0
32,waking,visual,128,0.0
32,waking,visual,129,0.0
32,waking,visual,130,0.0
32,waking,visual,131,0.0
32,waking,visual,132,0.0
32,waking,visual,133,0.0
32,waking,visual,134,0.0
32,waking,visual,135,0.0
32,waking,visual,136,0.0
32,waking,visual,137,0.0
32,waking,visual,138,0.0
32,waking,visual,139,0.0
32,waking,visual,140,0.0
32,waking,visual,141,0.0
32,waking,visual,142,0.0
32,waking,visual,143,0.0
32,waking,visual,144,0.0
32,waking,visual,145,0.0
32,waking,visual,146,0.0
32,waking,visual,147,0.0
32,waking,visual,148,0.0
32,waking,visual,149,0.0
32,waking,visual,150,0.0
32,waking,visual,151,0.0
32,waking,visual,152,0.0
32,waking,visual,153,0.0
32,waking,visual,154,0.0
32,waking,visual,155,0.0
32,waking,visual,156,0.0
32,waking,visual,157,0.0
32,waking,visual,158,0.0
32,waking,visual,159,0.0
32,waking,visual,160,0.0
32,waking,visual,161,0.0
32,waking,visual,162,0.0
32,waking,visual,163,0.0
32,waking,visual,164,0.0
32,waking,visual,165,0.0
32,waking,visual,166,0.0
32,waking,visual,167,0.0
32,waking,visual,168,0.0
32,waking,visual,169,0.0
32,waking,visual,170,0.0
32,waking,visual,171,0.0
32,waking,visual,172,0.0
32,waking,visual,173,0.0
32,waking,visual,174,0.0
32,waking,visual,175,0.0
32,waking,visual,176,0.0
32,waking,visual,177,0.0
32,waking,visual,178,0.0
32,waking,visual,179,0.0
32,waking,audio,0,0.2707726731065774
32,waking,audio,1,0.12896179576247996
32,waking,audio,2,0.21853622461708766
32,waking,audio,3,0.16169381970715102
32,waking,audio,4,0.25075240454334835
32,waking,audio,5,0.1595814274105512
32,waking,audio,6,0.25444492939925445
32,waking,audio,7,0.057455306638541336
32,waking,audio,8,0.00361576163860855
32,waking,audio,9,0.0010925211252646172
32,waking,audio,10,0.0006925520912415828
32,waking,audio,11,0.0002826209079535291
32,waking,audio,12,0.0010475580488500946
32,waking,audio,13,0.00046052651773187403
32,waking,audio,14,0.0005576871634233038
32,waking,audio,15,0.00012592935948267658
32,waking,proprioceptive,0,0.39272287175325005
32,waking,proprioceptive,1,0.3234183265100228
32,waking,proprioceptive,2,0.41322860335359435
32,waking,proprioceptive,3,0.5312939185974787
32,waking,proprioceptive,4,0.0
32,waking,proprioceptive,5,0.12661729356609386
32,waking,prediction,0,0.0
32,waking,prediction,1,0.0
32,waking,prediction,2,0.0
32,waking,prediction,3,3.7305303766418037e-07
32,waking,prediction,4,0.0
32,waking,prediction,5,0.0
32,waking,prediction,6,0.0
32,waking,prediction,7,0.0
32,waking,prediction,8,0.007050418377907957
32,waking,prediction,9,0.05741581067445299
32,waking,prediction,10,5.969642282930208e-06
32,waking,prediction,11,0.00037026014175939526
32,waking,prediction,12,0.0
32,waking,prediction,13,0.0
32,waking,prediction,14,0.0
32,waking,prediction,15,1.1166970705165613e-06
32,waking,prediction,16,0.0008818901197296655
32,waking,prediction,17,0.0900614078180364
32,waking,prediction,18,0.0
32,waking,prediction,19,0.0
32,waking,prediction,20,0.01152578615692982
32,waking,prediction,21,1.649170414810546e-08
32,waking,prediction,22,2.8648796923023073e-09
32,waking,prediction,23,0.0007146212465808213
32,waking,prediction,24,0.0
32,waking,prediction,25,6.344111532975427e-05
32,waking,prediction,26,0.0114556765873102
32,waking,prediction,27,0.0
32,waking,prediction,28,0.04865764997484894
32,waking,prediction,29,0.0
32,waking,prediction,30,0.0
32,waking,prediction,31,0.0
32,waking,prediction,32,1.4073432156083685e-06
32,waking,prediction,33,0.0
32,waking,prediction,34,0.0
32,waking,prediction,35,0.0
32,waking,emotion,0,0.41958931512785147
32,waking,emotion,1,0.2671250693472974
32,waking,emotion,2,0.5291873420217074
32,waking,action,0,0.00269157333837064
32,waking,action,1,0.014204730480807778
32,waking,action,2,0.0035507842501255626
32,waking,action,3,0.011174807517250494
32,waking,action,4,-0.1452888941444128
32,waking,action,5,-0.37780012786128936
33,waking,visual,0,0.0
33,waking,visual,1,0.0
33,waking,visual,2,0.0
33,waking,visual,3,0.0
33,waking,visual,4,0.0
33,waking,visual,5,0.0
33,waking,visual,6,0.0
33,waking,visual,7,0.0
33,waking,visual,8,0.0
33,waking,visual,9,0.5333333333333333
33,waking,visual,10,0.0
33,waking,visual,11,0.0
33,waking,visual,12,0.0
33,waking,visual,13,0.0
33,waking,visual,14,0.0
33,waking,visual,15,0.0
33,waking,visual,16,0.0
33,waking,visual,17,0.75
33,waking,visual,18,0.0
33,waking,visual,19,0.0
33,waking,visual,20,0.36999999999999994
33,waking,visual,21,0.0
33,waking,visual,22,0.0
33,waking,visual,23,0.0
33,waking,visual,24,0.0
33,waking,visual,25,0.0
33,waking,visual,26,0.0
33,waking,visual,27,0.0
33,waking,visual,28,0.4033333333333333
33,waking,visual,29,0.0
33,waking,visual,30,0.0
33,waking,visual,31,0.0
33,waking,visual,32,0.0
33,waking,visual,33,0.0
33,waking,visual,34,0.0
33,waking,visual,35,0.0
33,waking,visual,36,0.0
33,waking,visual,37,0.0
33,waking,visual,38,0.0
33,waking,visual,39,0.0
33,waking,visual,40,0.0
33,waking,visual,41,0.0
33,waking,visual,42,0.0
33,waking,visual,43,0.0
33,waking,visual,44,0.0
33,waking,visual,45,0.0
33,waking,visual,46,0.0
33,waking,visual,47,0.0
33,waking,visual,48,0.0
33,waking,visual,49,0.0
33,waking,visual,50,0.0
33,waking,visual,51,0.0
33,waking,visual,52,0.0
33,waking,visual,53,0.0
33,waking,visual,54,0.0
33,waking,visual,55,0.0
33,waking,visual,56,0.0
33,waking,visual,57,0.0
33,waking,visual,58,0.0
33,waking,visual,59,0.0
33,waking,visual,60,0.0
33,waking,visual,61,0.0
33,waking,visual,62,0.0
33,waking,visual,63,0.75
33,waking,visual,64,0.1
33,waking,visual,65,0.75
33,waking,visual,66,0.0
33,waking,visual,67,0.0
33,waking,visual,68,0.0
33,waking,visual,69,0.0
33,waking,visual,70,0.0
33,waking,visual,71,0.0
33,waking,visual,72,0.0
33,waking,visual,73,0.0
33,waking,visual,74,0.0
33,waking,visual,75,0.0
33,waking,visual,76,0.0
33,waking,visual,77,0.0
33,waking,visual,78,0.0
33,waking,visual,79,0.0
33,waking,visual,80,0.0
33,waking,visual,81,0.0
33,waking,visual,82,0.0
33,waking,visual,83,0.0
33,waking,visual,84,0.0
33,waking,visual,85,0.0
33,waking,visual,86,0.0
33,waking,visual,87,0.65
33,waking,visual,88,0.95
33,waking,visual,89,0.65
33,waking,visual,90,0.0
33,waking,visual,91,0.0
33,waking,visual,92,0.0
33,waking,visual,93,0.0
33,waking,visual,94,0.0
33,waking,visual,95,0.0
33,waking,visual,96,0.95
33,waking,visual,97,0.08
33,waking,visual,98,0.08
33,waking,visual,99,0.0
33,waking,visual,100,0.0
33,waking,visual,101,0.0
33,waking,visual,102,0.0
33,waking,visual,103,0.0
33,waking,visual,104,0.0
33,waking,visual,105,0.0
33,waking,visual,106,0.0
33,waking,visual,107,0.0
33,waking,visual,108,0.0
33,waking,visual,109,0.0
33,waking,visual,110,0.0
33,waking,visual,111,0.0
33,waking,visual,112,0.0
33,waking,visual,113,0.0
33,waking,visual,114,0.0
33,waking,visual,115,0.0
33,waking,visual,116,0.0
33,waking,visual,117,0.0
33,waking,visual,118,0.0
33,waking,visual,119,0.0
33,waking,visual,120,0.08
33,waking,visual,121,0.18
33,waking,visual,122,0.95
33,waking,visual,123,0.0
33,waking,visual,124,0.0
33,waking,visual,125,0.0
33,waking,visual,126,0.0
33,waking,visual,127,0.0
33,waking,visual,128,0.0
33,waking,visual,129,0.0
33,waking,visual,130,0.0
33,waking,visual,131,0.0
33,waking,visual,132,0.0
33,waking,visual,133,0.0
33,waking,visual,134,0.0
33,waking,visual,135,0.0
33,waking,visual,136,0.0
33,waking,visual,137,0.0
33,waking,visual,138,0.0
33,waking,visual,139,0.0
33,waking,visual,140,0.0
33,waking,visual,141,0.0
33,waking,visual,142,0.0
33,waking,visual,143,0.0
33,waking,visual,144,0.0
33,waking,visual,145,0.0
33,waking,visual,146,0.0
33,waking,visual,147,0.0
33,waking,visual,148,0.0
33,waking,visual,149,0.0
33,waking,visual,150,0.0
33,waking,visual,151,0.0
33,waking,visual,152,0.0
33,waking,visual,153,0.0
33,waking,visual,154,0.0
33,waking,visual,155,0.0
33,waking,visual,156,0.0
33,waking,visual,157,0.0
33,waking,visual,158,0.0
33,waking,visual,159,0.0
33,waking,visual,160,0.0
33,waking,visual,161,0.0
33,waking,visual,162,0.0
33,waking,visual,163,0.0
33,waking,visual,164,0.0
33,waking,visual,165,0.0
33,waking,visual,166,0.0
33,waking,visual,167,0.0
33,waking,visual,168,0.0
33,waking,visual,169,0.0
33,waking,visual,170,0.0
33,waking,visual,171,0.0
33,waking,visual,172,0.0
33,waking,visual,173,0.0
33,waking,visual,174,0.0
33,waking,visual,175,0.0
33,waking,visual,176,0.0
33,waking,visual,177,0.0
33,waking,visual,178,0.0
33,waking,visual,179,0.0
33,waking,audio,0,0.26822041279680026
33,waking,audio,1,0.12830348385563298
33,waking,audio,2,0.2196597189397714
33,waking,audio,3,0.16175527222165553
33,waking,audio,4,0.25027291743846547
33,waking,audio,5,0.15938835122502404
33,waking,audio,6,0.2542536306624344
33,waking,audio,7,0.05741211014958197
33,waking,audio,8,0.0025522603097771213
33,waking,audio,9,0.0006583119068469812
33,waking,audio,10,0.0011234943226837435
33,waking,audio,11,6.145251450451195e-05
33,waking,audio,12,0.0004794871048828808
33,waking,audio,13,0.00019307618552716344
33,waking,audio,14,0.00019129873682005583
33,waking,audio,15,4.319648895936834e-05
33,waking,proprioceptive,0,0.4434987633882837
33,waking,proprioceptive,1,0.353077728053944
33,waking,proprioceptive,2,0.3148240380431201
33,waking,proprioceptive,3,0.40477376319829944
33,waking,proprioceptive,4,0.0
33,waking,proprioceptive,5,0.18826022736065734
33,waking,prediction,0,0.0
33,waking,prediction,1,0.0
33,waking,prediction,2,0.0
33,waking,prediction,3,2.4116154619016426e-07
33,waking,prediction,4,0.0
33,waking,prediction,5,0.0
33,waking,prediction,6,0.0
33,waking,prediction,7,0.0
33,waking,prediction,8,0.005047326891204941
33,waking,prediction,9,0.059373589923058474
33,waking,prediction,10,3.6475572017290905e-06
33,waking,prediction,11,0.00038408978149205515
33,waking,prediction,12,0.0
33,waking,prediction,13,0.0
33,waking,prediction,14,0.0
33,waking,prediction,15,1.308605017330834e-05
33,waking,prediction,16,0.0008757254209046686
33,waking,prediction,17,0.09013518836870356
33,waking,prediction,18,0.0
33,waking,prediction,19,0.0
33,waking,prediction,20,0.01830277385681431
33,waking,prediction,21,2.1292965612234566e-07
33,waking,prediction,22,1.697190879380161e-09
33,waking,prediction,23,0.0007167253510230033
33,waking,prediction,24,0.0
33,waking,prediction,25,4.085512011826421e-05
33,waking,prediction,26,0.006945540920531601
33,waking,prediction,27,0.0
33,waking,prediction,28,0.0485603746351153
33,waking,prediction,29,0.0
33,waking,prediction,30,0.0
33,waking,prediction,31,0.0
33,waking,prediction,32,8.907371514334603e-07
33,waking,prediction,33,0.0
33,waking,prediction,34,0.0
33,waking,prediction,35,0.0
33,waking,emotion,0,0.40843829514381536
33,waking,emotion,1,0.26270082408235285
33,waking,emotion,2,0.5152838817081045
33,waking,action,0,0.0012837016680613696
33,waking,action,1,0.011997294350273734
33,waking,action,2,0.006461281237702114
33,waking,action,3,0.008395738625732127
33,waking,action,4,-0.0094931460961353
33,waking,action,5,-0.29515726005286
34,waking,visual,0,0.0
34,waking,visual,1,0.0
34,waking,visual,2,0.0
34,waking,visual,3,0.0
34,waking,visual,4,0.0
34,waking,visual,5,0.0
34,waking,visual,6,0.0
34,waking,visual,7,0.0
34,waking,visual,8,0.0
34,waking,visual,9,0.5333333333333333
34,waking,visual,10,0.0
34,waking,visual,11,0.0
34,waking,visual,12,0.0
34,waking,visual,13,0.0
34,waking,visual,14,0.0
34,waking,visual,15,0.0
34,waking,visual,16,0.0
34,waking,visual,17,0.75
34,waking,visual,18,0.0
34,waking,visual,19,0.0
34,waking,visual,20,0.36999999999999994
34,waking,visual,21,0.0
34,waking,visual,22,0.0
34,waking,visual,23,0.0
34,waking,visual,24,0.0
34,waking,visual,25,0.0
34,waking,visual,26,0.0
34,waking,visual,27,0.0
34,waking,visual,28,0.4033333333333333
34,waking,visual,29,0.0
34,waking,visual,30,0.0
34,waking,visual,31,0.0
34,waking,visual,32,0.0
34,waking,visual,33,0.0
34,waking,visual,34,0.0
34,waking,visual,35,0.0
34,waking,visual,36,0.0
34,waking,visual,37,0.0
34,waking,visual,38,0.0
34,waking,visual,39,0.0
34,waking,visual,40,0.0
34,waking,visual,41,0.0
34,waking,visual,42,0.0
34,waking,visual,43,0.0
34,waking,visual,44,0.0
34,waking,visual,45,0.0
34,waking,visual,46,0.0
34,waking,visual,47,0.0
34,waking,visual,48,0.0
34,waking,visual,49,0.0
34,waking,visual,50,0.0
34,waking,visual,51,0.0
34,waking,visual,52,0.0
34,waking,visual,53,0.0
34,waking,visual,54,0.0
34,waking,visual,55,0.0
34,waking,visual,56,0.0
34,waking,visual,57,0.0
34,waking,visual,58,0.0
34,waking,visual,59,0.0
34,waking,visual,60,0.0
34,waking,visual,61,0.0
34,waking,visual,62,0.0
34,waking,visual,63,0.75
34,waking,visual,64,0.1
34,waking,visual,65,0.75
34,waking,visual,66,0.0
34,waking,visual,67,0.0
34,waking,visual,68,0.0
34,waking,visual,69,0.0
34,waking,visual,70,0.0
34,waking,visual,71,0.0
34,waking,visual,72,0.0
34,waking,visual,73,0.0
34,waking,visual,74,0.0
34,waking,visual,75,0.0
34,waking,visual,76,0.0
34,waking,visual,77,0.0
34,waking,visual,78,0.0
34,waking,visual,79,0.0
34,waking,visual,80,0.0
34,waking,visual,81,0.0
34,waking,visual,82,0.0
34,waking,visual,83,0.0
34,waking,visual,84,0.0
34,waking,visual,85,0.0
34,waking,visual,86,0.0
34,waking,visual,87,0.65
34,waking,visual,88,0.95
34,waking,visual,89,0.65
34,waking,visual,90,0.0
34,waking,visual,91,0.0
34,waking,visual,92,0.0
34,waking,visual,93,0.0
34,waking,visual,94,0.0
34,waking,visual,95,0.0
34,waking,visual,96,0.95
34,waking,visual,97,0.08
34,waking,visual,98,0.08
34,waking,visual,99,0.0
34,waking,visual,100,0.0
34,waking,visual,101,0.0
34,waking,visual,102,0.0
34,waking,visual,103,0.0
34,waking,visual,104,0.0
34,waking,visual,105,0.0
34,waking,visual,106,0.0
34,waking,visual,107,0.0
34,waking,visual,108,0.0
34,waking,visual,109,0.0
34,waking,visual,110,0.0
34,waking,visual,111,0.0
34,waking,visual,112,0.0
34,waking,visual,113,0.0
34,waking,visual,114,0.0
34,waking,visual,115,0.0
34,waking,visual,116,0.0
34,waking,visual,117,0.0
34,waking,visual,118,0.0
34,waking,visual,119,0.0
34,waking,visual,120,0.08
34,waking,visual,121,0.18
34,waking,visual,122,0.95
34,waking,visual,123,0.0
34,waking,visual,124,0.0
34,waking,visual,125,0.0
34,waking,visual,126,0.0
34,waking,visual,127,0.0
34,waking,visual,128,0.0
34,waking,visual,129,0.0
34,waking,visual,130,0.0
34,waking,visual,131,0.0
34,waking,visual,132,0.0
34,waking,visual,133,0.0
34,waking,visual,134,0.0
34,waking,visual,135,0.0
34,waking,visual,136,0.0
34,waking,visual,137,0.0
34,waking,visual,138,0.0
34,waking,visual,139,0.0
34,waking,visual,140,0.0
34,waking,visual,141,0.0
34,waking,visual,142,0.0
34,waking,visual,143,0.0
34,waking,visual,144,0.0
34,waking,visual,145,0.0
34,waking,visual,146,0.0
34,waking,visual,147,0.0
34,waking,visual,148,0.0
34,waking,visual,149,0.0
34,waking,visual,150,0.0
34,waking,visual,151,0.0
34,waking,visual,152,0.0
34,waking,visual,153,0.0
34,waking,visual,154,0.0
34,waking,visual,155,0.0
34,waking,visual,156,0.0
34,waking,visual,157,0.0
34,waking,visual,158,0.0
34,waking,visual,159,0.0
34,waking,visual,160,0.0
34,waking,visual,161,0.0
34,waking,visual,162,0.0
34,waking,visual,163,0.0
34,waking,visual,164,0.0
34,waking,visual,165,0.0
34,waking,visual,166,0.0
34,waking,visual,167,0.0
34,waking,visual,168,0.0
34,waking,visual,169,0.0
34,waking,visual,170,0.0
34,waking,visual,171,0.0
34,waking,visual,172,0.0
34,waking,visual,173,0.0
34,waking,visual,174,0.0
34,waking,visual,175,0.0
34,waking,visual,176,0.0
34,waking,visual,177,0.0
34,waking,visual,178,0.0
34,waking,visual,179,0.0
34,waking,audio,0,0.26673315325617086
34,waking,audio,1,0.1280864275412653
34,waking,audio,2,0.22125179607252932
34,waking,audio,3,0.16218464184100415
34,waking,audio,4,0.2503941937747694
34,waking,audio,5,0.1595023080758332
34,waking,audio,6,0.2545035990269163
34,waking,audio,7,0.05746855461898111
34,waking,audio,8,0.0014872595406293931
34,waking,audio,9,0.00021705631436766404
34,waking,audio,10,0.001592077132757913
34,waking,audio,11,0.00042936961934861295
34,waking,audio,12,0.00012127633630393264
34,waking,audio,13,0.0001139568508091715
34,waking,audio,14,0.00024996836448193394
34,waking,audio,15,5.644446939914033e-05
34,waking,proprioceptive,0,0.4963082209626138
34,waking,proprioceptive,1,0.38521662109055416
34,waking,proprioceptive,2,0.22968546585563743
34,waking,proprioceptive,3,0.29530988467153313
34,waking,proprioceptive,4,0.0
34,waking,proprioceptive,5,0.2588907641275342
34,waking,prediction,0,0.0
34,waking,prediction,1,0.0
34,waking,prediction,2,0.0
34,waking,prediction,3,1.558392428185312e-07
34,waking,prediction,4,0.0
34,waking,prediction,5,0.0
34,waking,prediction,6,0.0
34,waking,prediction,7,0.0
34,waking,prediction,8,0.0035772441583028004
34,waking,prediction,9,0.06083826193381756
34,waking,prediction,10,2.229633726381871e-06
34,waking,prediction,11,0.00040103314522800017
34,waking,prediction,12,0.0
34,waking,prediction,13,0.0
34,waking,prediction,14,0.0
34,waking,prediction,15,4.464603239229326e-05
34,waking,prediction,16,0.0008745934085679653
34,waking,prediction,17,0.09014491731800248
34,waking,prediction,18,0.0
34,waking,prediction,19,0.0
34,waking,prediction,20,0.024363323695705055
34,waking,prediction,21,4.7711452214182754e-06
34,waking,prediction,22,1.0058530811881468e-09
34,waking,prediction,23,0.0007174484377574894
34,waking,prediction,24,0.0
34,waking,prediction,25,2.6300683360324008e-05
34,waking,prediction,26,0.004212776510810688
34,waking,prediction,27,2.5568594516350032e-06
34,waking,prediction,28,0.04844127724942868
34,waking,prediction,29,0.0
34,waking,prediction,30,0.0
34,waking,prediction,31,0.0
34,waking,prediction,32,5.633874580492945e-07
34,waking,prediction,33,0.0
34,waking,prediction,34,0.0
34,waking,prediction,35,0.0
34,waking,emotion,0,0.39552325094581486
34,waking,emotion,1,0.2573941751946293
34,waking,emotion,2,0.5003333391007451
34,waking,action,0,0.0006117747194399501
34,waking,action,1,0.009174423595984065
34,waking,action,2,0.009321330746613763
34,waking,action,3,0.005252507533518553
34,waking,action,4,0.12664427480242849
34,waking,action,5,-0.20753325558207472
35,waking,visual,0,0.0
35,waking,visual,1,0.0
35,waking,visual,2,0.0
35,waking,visual,3,0.0
35,waking,visual,4,0.0
35,waking,visual,5,0.0
35,waking,visual,6,0.0
35,waking,visual,7,0.0
35,waking,visual,8,0.0
35,waking,visual,9,0.5333333333333333
35,waking,visual,10,0.0
35,waking,visual,11,0.0
35,waking,visual,12,0.0
35,waking,visual,13,0.0
35,waking,visual,14,0.0
35,waking,visual,15,0.0
35,waking,visual,16,0.0
35,waking,visual,17,0.75
35,waking,visual,18,0.0
35,waking,visual,19,0.0
35,waking,visual,20,0.36999999999999994
35,waking,visual,21,0.0
35,waking,visual,22,0.0
35,waking,visual,23,0.0
35,waking,visual,24,0.0
35,waking,visual,25,0.0
35,waking,visual,26,0.0
35,waking,visual,27,0.0
35,waking,visual,28,0.4033333333333333
35,waking,visual,29,0.0
35,waking,visual,30,0.0
35,waking,visual,31,0.0
35,waking,visual,32,0.0
35,waking,visual,33,0.0
35,waking,visual,34,0.0
35,waking,visual,35,0.0
35,waking,visual,36,0.0
35,waking,visual,37,0.0
35,waking,visual,38,0.0
35,waking,visual,39,0.0
35,waking,visual,40,0.0
35,waking,visual,41,0.0
35,waking,visual,42,0.0
35,waking,visual,43,0.0
35,waking,visual,44,0.0
35,waking,visual,45,0.0
35,waking,visual,46,0.0
35,waking,visual,47,0.0
35,waking,visual,48,0.0
35,waking,visual,49,0.0
35,waking,visual,50,0.0
35,waking,visual,51,0.0
35,waking,visual,52,0.0
35,waking,visual,53,0.0
35,waking,visual,54,0.0
35,waking,visual,55,0.0
35,waking,visual,56,0.0
35,waking,visual,57,0.0
35,waking,visual,58,0.0
35,waking,visual,59,0.0
35,waking,visual,60,0.0
35,waking,visual,61,0.0
35,waking,visual,62,0.0
35,waking,visual,63,0.75
35,waking,visual,64,0.1
35,waking,visual,65,0.75
35,waking,visual,66,0.0
35,waking,visual,67,0.0
35,waking,visual,68,0.0
35,waking,visual,69,0.0
35,waking,visual,70,0.0
35,waking,visual,71,0.0
35,waking,visual,72,0.0
35,waking,visual,73,0.0
35,waking,visual,74,0.0
35,waking,visual,75,0.0
35,waking,visual,76,0.0
35,waking,visual,77,0.0
35,waking,visual,78,0.0
35,waking,visual,79,0.0
35,waking,visual,80,0.0
35,waking,visual,81,0.0
35,waking,visual,82,0.0
35,waking,visual,83,0.0
35,waking,visual,84,0.0
35,waking,visual,85,0.0
35,waking,visual,86,0.0
35,waking,visual,87,0.65
35,waking,visual,88,0.95
35,waking,visual,89,0.65
35,waking,visual,90,0.0
35,waking,visual,91,0.0
35,waking,visual,92,0.0
35,waking,visual,93,0.0
35,waking,visual,94,0.0
35,waking,visual,95,0.0
35,waking,visual,96,0.95
35,waking,visual,97,0.08
35,waking,visual,98,0.08
35,waking,visual,99,0.0
35,waking,visual,100,0.0
35,waking,visual,101,0.0
35,waking,visual,102,0.0
35,waking,visual,103,0.0
35,waking,visual,104,0.0
35,waking,visual,105,0.0
35,waking,visual,106,0.0
35,waking,visual,107,0.0
35,waking,visual,108,0.0
35,waking,visual,109,0.0
35,waking,visual,110,0.0
35,waking,visual,111,0.0
35,waking,visual,112,0.0
35,waking,visual,113,0.0
35,waking,visual,114,0.0
35,waking,visual,115,0.0
35,waking,visual,116,0.0
35,waking,visual,117,0.0
35,waking,visual,118,0.0
35,waking,visual,119,0.0
35,waking,visual,120,0.08
35,waking,visual,121,0.18
35,waking,visual,122,0.95
35,waking,visual,123,0.0
35,waking,visual,124,0.0
35,waking,visual,125,0.0
35,waking,visual,126,0.0
35,waking,visual,127,0.0
35,waking,visual,128,0.0
35,waking,visual,129,0.0
35,waking,visual,130,0.0
35,waking,visual,131,0.0
35,waking,visual,132,0.0
35,waking,visual,133,0.0
35,waking,visual,134,0.0
35,waking,visual,135,0.0
35,waking,visual,136,0.0
35,waking,visual,137,0.0
35,waking,visual,138,0.0
35,waking,visual,139,0.0
35,waking,visual,140,0.0
35,waking,visual,141,0.0
35,waking,visual,142,0.0
35,waking,visual,143,0.0
35,waking,visual,144,0.0
35,waking,visual,145,0.0
35,waking,visual,146,0.0
35,waking,visual,147,0.0
35,waking,visual,148,0.0
35,waking,visual,149,0.0
35,waking,visual,150,0.0
35,waking,visual,151,0.0
35,waking,visual,152,0.0
35,waking,visual,153,0.0
35,waking,visual,154,0.0
35,waking,visual,155,0.0
35,waking,visual,156,0.0
35,waking,visual,157,0.0
35,waking,visual,158,0.0
35,waking,visual,159,0.0
35,waking,visual,160,0.0
35,waking,visual,161,0.0
35,waking,visual,162,0.0
35,waking,visual,163,0.0
35,waking,visual,164,0.0
35,waking,visual,165,0.0
35,waking,visual,166,0.0
35,waking,visual,167,0.0
35,waking,visual,168,0.0
35,waking,visual,169,0.0
35,waking,visual,170,0.0
35,waking,visual,171,0.0
35,waking,visual,172,0.0
35,waking,visual,173,0.0
35,waking,visual,174,0.0
35,waking,visual,175,0.0
35,waking,visual,176,0.0
35,waking,visual,177,0.0
35,waking,visual,178,0.0
35,waking,visual,179,0.0
35,waking,audio,0,0.2663032901362953
35,waking,audio,1,0.1283131182635302
35,waking,audio,2,0.2233412897483991
35,waking,audio,3,0.16299738607873698
35,waking,audio,4,0.251135075698139
35,waking,audio,5,0.15994772193542914
35,waking,audio,6,0.25524176125386777
35,waking,audio,7,0.05763523641216369
35,waking,audio,8,0.00042986311987558423
35,waking,audio,9,0.0002266907222648884
35,waking,audio,10,0.0020894936758697746
35,waking,audio,11,0.0008127442377328375
35,waking,audio,12,0.000740881923369574
35,waking,audio,13,0.00044541385959592783
35,waking,audio,14,0.0007381622269514443
35,waking,audio,15,0.00016668179318258397
35,waking,proprioceptive,0,0.5492505513120555
35,waking,proprioceptive,1,0.4192926228291927
35,waking,proprioceptive,2,0.18909571686669535
35,waking,proprioceptive,3,0.24312306454289312
35,waking,proprioceptive,4,0.0
35,waking,proprioceptive,5,0.3364725925651297
35,waking,prediction,0,0.0
35,waking,prediction,1,0.0
35,waking,prediction,2,0.0
35,waking,prediction,3,1.0065663157844393e-07
35,waking,prediction,4,0.0
35,waking,prediction,5,0.0
35,waking,prediction,6,0.0
35,waking,prediction,7,0.0
35,waking,prediction,8,0.0025076597257104117
35,waking,prediction,9,0.061926002180850835
35,waking,prediction,10,1.3634654993800805e-06
35,waking,prediction,11,0.00042046583273854416
35,waking,prediction,12,0.0
35,waking,prediction,13,0.0
35,waking,prediction,14,0.0
35,waking,prediction,15,8.818597263056686e-05
35,waking,prediction,16,0.000875768367233826
35,waking,prediction,17,0.09010327514815719
35,waking,prediction,18,0.0
35,waking,prediction,19,0.0
35,waking,prediction,20,0.029428099977520276
35,waking,prediction,21,1.6441422012375465e-05
35,waking,prediction,22,5.963752258844428e-10
35,waking,prediction,23,0.0007169268596042091
35,waking,prediction,24,0.0
35,waking,prediction,25,1.6924433625140612e-05
35,waking,prediction,26,0.0025562856435117696
35,waking,prediction,27,1.2418583181931856e-05
35,waking,prediction,28,0.048298379335303857
35,waking,prediction,29,0.0
35,waking,prediction,30,0.0
35,waking,prediction,31,0.0
35,waking,prediction,32,3.5607005179429865e-07
35,waking,prediction,33,0.0
35,waking,prediction,34,0.0
35,waking,prediction,35,0.0
35,waking,emotion,0,0.38290351999582395
35,waking,emotion,1,0.25196195461847637
35,waking,emotion,2,0.48645167269499834
35,waking,action,0,0.0002913037742782287
35,waking,action,1,0.005976298638928533
35,waking,action,2,0.011761261971321381
35,waking,action,3,0.0025294098432265054
35,waking,action,4,0.25822357451481626
35,waking,action,5,-0.11640687577465428
36,waking,visual,0,0.0
36,waking,visual,1,0.0
36,waking,visual,2,0.0
36,waking,visual,3,0.0
36,waking,visual,4,0.0
36,waking,visual,5,0.0
36,waking,visual,6,0.0
36,waking,visual,7,0.0
36,waking,visual,8,0.0
36,waking,visual,9,0.5333333333333333
36,waking,visual,10,0.0
36,waking,visual,11,0.0
36,waking,visual,12,0.0
36,waking,visual,13,0.0
36,waking,visual,14,0.0
36,waking,visual,15,0.0
36,waking,visual,16,0.0
36,waking,visual,17,0.0
36,waking,visual,18,0.0
36,waking,visual,19,0.0
36,waking,visual,20,0.36999999999999994
36,waking,visual,21,0.0
36,waking,visual,22,0.0
36,waking,visual,23,0.75
36,waking,visual,24,0.0
36,waking,visual,25,0.0
36,waking,visual,26,0.0
36,waking,visual,27,0.0
36,waking,visual,28,0.4033333333333333
36,waking,visual,29,0.0
36,waking,visual,30,0.0
36,waking,visual,31,0.0
36,waking,visual,32,0.0
36,waking,visual,33,0.0
36,waking,visual,34,0.0
36,waking,visual,35,0.0
36,waking,visual,36,0.0
36,waking,visual,37,0.0
36,waking,visual,38,0.0
36,waking,visual,39,0.0
36,waking,visual,40,0.0
36,waking,visual,41,0.0
36,waking,visual,42,0.0
36,waking,visual,43,0.0
36,waking,visual,44,0.0
36,waking,visual,45,0.0
36,waking,visual,46,0.0
36,waking,visual,47,0.0
36,waking,visual,48,0.0
36,waking,visual,49,0.0
36,waking,visual,50,0.0
36,waking,visual,51,0.0
36,waking,visual,52,0.0
36,waking,visual,53,0.0
36,waking,visual,54,0.0
36,waking,visual,55,0.0
36,waking,visual,56,0.0
36,waking,visual,57,0.0
36,waking,visual,58,0.0
36,waking,visual,59,0.0
36,waking,visual,60,0.0
36,waking,visual,61,0.0
36,waking,visual,62,0.0
36,waking,visual,63,0.75
36,waking,visual,64,0.1
36,waking,visual,65,0.75
36,waking,visual,66,0.0
36,waking,visual,67,0.0
36,waking,visual,68,0.0
36,waking,visual,69,0.0
36,waking,visual,70,0.0
36,waking,visual,71,0.0
36,waking,visual,72,0.0
36,waking,visual,73,0.0
36,waking,visual,74,0.0
36,waking,visual,75,0.0
36,waking,visual,76,0.0
36,waking,visual,77,0.0
36,waking,visual,78,0.0
36,waking,visual,79,0.0
36,waking,visual,80,0.0
36,waking,visual,81,0.0
36,waking,visual,82,0.0
36,waking,visual,83,0.0
36,waking,visual,84,0.0
36,waking,visual,85,0.0
36,waking,visual,86,0.0
36,waking,visual,87,0.0
36,waking,visual,88,0.0
36,waking,visual,89,0.0
36,waking,visual,90,0.0
36,waking,visual,91,0.0
36,waking,visual,92,0.0
36,waking,visual,93,0.0
36,waking,visual,94,0.0
36,waking,visual,95,0.0
36,waking,visual,96,0.95
36,waking,visual,97,0.08
36,waking,visual,98,0.08
36,waking,visual,99,0.0
36,waking,visual,100,0.0
36,waking,visual,101,0.0
36,waking,visual,102,0.0
36,waking,visual,103,0.0
36,waking,visual,104,0.0
36,waking,visual,105,0.65
36,waking,visual,106,0.95
36,waking,visual,107,0.65
36,waking,visual,108,0.0
36,waking,visual,109,0.0
36,waking,visual,110,0.0
36,waking,visual,111,0.0
36,waking,visual,112,0.0
36,waking,visual,113,0.0
36,waking,visual,114,0.0
36,waking,visual,115,0.0
36,waking,visual,116,0.0
36,waking,visual,117,0.0
36,waking,visual,118,0.0
36,waking,visual,119,0.0
36,waking,visual,120,0.08
36,waking,visual,121,0.18
36,waking,visual,122,0.95
36,waking,visual,123,0.0
36,waking,visual,124,0.0
36,waking,visual,125,0.0
36,waking,visual,126,0.0
36,waking,visual,127,0.0
36,waking,visual,128,0.0
36,waking,visual,129,0.0
36,waking,visual,130,0.0
36,waking,visual,131,0.0
36,waking,visual,132,0.0
36,waking,visual,133,0.0
36,waking,visual,134,0.0
36,waking,visual,135,0.0
36,waking,visual,136,0.0
36,waking,visual,137,0.0
36,waking,visual,138,0.0
36,waking,visual,139,0.0
36,waking,visual,140,0.0
36,waking,visual,141,0.0
36,waking,visual,142,0.0
36,waking,visual,143,0.0
36,waking,visual,144,0.0
36,waking,visual,145,0.0
36,waking,visual,146,0.0
36,waking,visual,147,0.0
36,waking,visual,148,0.0
36,waking,visual,149,0.0
36,waking,visual,150,0.0
36,waking,visual,151,0.0
36,waking,visual,152,0.0
36,waking,visual,153,0.0
36,waking,visual,154,0.0
36,waking,visual,155,0.0
36,waking,visual,156,0.0
36,waking,visual,157,0.0
36,waking,visual,158,0.0
36,waking,visual,159,0.0
36,waking,visual,160,0.0
36,waking,visual,161,0.75
36,waking,visual,162,0.0
36,waking,visual,163,0.0
36,waking,visual,164,0.0
36,waking,visual,165,0.0
36,waking,visual,166,0.0
36,waking,visual,167,0.75
36,waking,visual,168,0.0
36,waking,visual,169,0.0
36,waking,visual,170,0.0
36,waking,visual,171,0.0
36,waking,visual,172,0.0
36,waking,visual,173,0.0
36,waking,visual,174,0.0
36,waking,visual,175,0.0
36,waking,visual,176,0.0
36,waking,visual,177,0.0
36,waking,visual,178,0.0
36,waking,visual,179,0.0
36,waking,audio,0,0.26691596805753
36,waking,audio,1,0.12898205067541896
36,waking,audio,2,0.2259478760254688
36,waking,audio,3,0.16420069837854862
36,waking,audio,4,0.2525010519350681
36,waking,audio,5,0.16073367537810168
36,waking,audio,6,0.25648647196309765
36,waking,audio,7,0.057916300120699475
36,waking,audio,8,0.0006126779212347055
36,waking,audio,9,0.0006689324118887563
36,waking,audio,10,0.0026065862770697223
36,waking,audio,11,0.001203312299811632
36,waking,audio,12,0.001365976236929134
36,waking,audio,13,0.0007859534426725434
36,waking,audio,14,0.0012447107092298793
36,waking,audio,15,0.00028106370853578366
36,waking,proprioceptive,0,0.6004202789779837
36,waking,proprioceptive,1,0.45473065942096724
36,waking,proprioceptive,2,0.22030474916784293
36,waking,proprioceptive,3,0.2832489632157983
36,waking,proprioceptive,4,0.0
36,waking,proprioceptive,5,0.41876899239242293
36,waking,prediction,0,0.0
36,waking,prediction,1,0.0
36,waking,prediction,2,0.0
36,waking,prediction,3,6.498345310180109e-08
36,waking,prediction,4,0.0
36,waking,prediction,5,0.0
36,waking,prediction,6,0.0
36,waking,prediction,7,0.0
36,waking,prediction,8,0.0017576783522022857
36,waking,prediction,9,0.06273080967117592
36,waking,prediction,10,8.3408927753674e-07
36,waking,prediction,11,0.00042216417661736867
36,waking,prediction,12,0.0
36,waking,prediction,13,0.0
36,waking,prediction,14,0.0
36,waking,prediction,15,0.00013520100256311332
36,waking,prediction,16,0.0008783630213072402
36,waking,prediction,17,0.07953710094414637
36,waking,prediction,18,0.0
36,waking,prediction,19,0.0
36,waking,prediction,20,0.03348541753910388
36,waking,prediction,21,3.522208459306432e-05
36,waking,prediction,22,3.5372367296136486e-10
36,waking,prediction,23,0.011093112081305043
36,waking,prediction,24,0.0
36,waking,prediction,25,1.0886607566820145e-05
36,waking,prediction,26,0.0015516993242831153
36,waking,prediction,27,3.004768340793443e-05
36,waking,prediction,28,0.048156163915056456
36,waking,prediction,29,0.0
36,waking,prediction,30,0.0
36,waking,prediction,31,0.0
36,waking,prediction,32,2.2487872388947815e-07
36,waking,prediction,33,0.0
36,waking,prediction,34,0.0
36,waking,prediction,35,0.0
36,waking,emotion,0,0.37506744850058754
36,waking,emotion,1,0.2476397603699765
36,waking,emotion,2,0.47723357960294743
36,waking,action,0,0.00013859375384950152
36,waking,action,1,0.0029888348219880624
36,waking,action,2,0.01352637116298084
36,waking,action,3,0.001217386102925951
36,waking,action,4,0.38050901275891014
36,waking,action,5,-0.023315988787001803
37,waking,visual,0,0.0
37,waking,visual,1,0.0
37,waking,visual,2,0.0
37,waking,visual,3,0.0
37,waking,visual,4,0.0
37,waking,visual,5,0.0
37,waking,visual,6,0.0
37,waking,visual,7,0.0
37,waking,visual,8,0.0
37,waking,visual,9,0.5333333333333333
37,waking,visual,10,0.0
37,waking,visual,11,0.0
37,waking,visual,12,0.0
37,waking,visual,13,0.0
37,waking,visual,14,0.0
37,waking,visual,15,0.0
37,waking,visual,16,0.0
37,waking,visual,17,0.0
37,waking,visual,18,0.0
37,waking,visual,19,0.0
37,waking,visual,20,0.36999999999999994
37,waking,visual,21,0.0
37,waking,visual,22,0.0
37,waking,visual,23,0.75
37,waking,visual,24,0.0
37,waking,visual,25,0.0
37,waking,visual,26,0.0
37,waking,visual,27,0.4033333333333333
37,waking,visual,28,0.0
37,waking,visual,29,0.0
37,waking,visual,30,0.0
37,waking,visual,31,0.0
37,waking,visual,32,0.0
37,waking,visual,33,0.0
37,waking,visual,34,0.0
37,waking,visual,35,0.0
37,waking,visual,36,0.0
37,waking,visual,37,0.0
37,waking,visual,38,0.0
37,waking,visual,39,0.0
37,waking,visual,40,0.0
37,waking,visual,41,0.0
37,waking,visual,42,0.0
37,waking,visual,43,0.0
37,waking,visual,44,0.0
37,waking,visual,45,0.0
37,waking,visual,46,0.0
37,waking,visual,47,0.0
37,waking,visual,48,0.0
37,waking,visual,49,0.0
37,waking,visual,50,0.0
37,waking,visual,51,0.0
37,waking,visual,52,0.0
37,waking,visual,53,0.0
37,waking,visual,54,0.0
37,waking,visual,55,0.0
37,waking,visual,56,0.0
37,waking,visual,57,0.0
37,waking,visual,58,0.0
37,waking,visual,59,0.0
37,waking,visual,60,0.0
37,waking,visual,61,0.0
37,waking,visual,62,0.0
37,waking,visual,63,0.75
37,waking,visual,64,0.1
37,waking,visual,65,0.75
37,waking,visual,66,0.0
37,waking,visual,67,0.0
37,waking,visual,68,0.0
37,waking,visual,69,0.0
37,waking,visual,70,0.0
37,waking,visual,71,0.0
37,waking,visual,72,0.0
37,waking,visual,73,0.0
37,waking,visual,74,0.0
37,waking,visual,75,0.0
37,waking,visual,76,0.0
37,waking,visual,77,0.0
37,waking,visual,78,0.0
37,waking,visual,79,0.0
37,waking,visual,80,0.0
37,waking,visual,81,0.0
37,waking,visual,82,0.0
37,waking,visual,83,0.0
37,waking,visual,84,0.0
37,waking,visual,85,0.0
37,waking,visual,86,0.0
37,waking,visual,87,0.0
37,waking,visual,88,0.0
37,waking,visual,89,0.0
37,waking,visual,90,0.0
37,waking,visual,91,0.0
37,waking,visual,92,0.0
37,waking,visual,93,0.0
37,waking,visual,94,0.0
37,waking,visual,95,0.0
37,waking,visual,96,0.95
37,waking,visual,97,0.08
37,waking,visual,98,0.08
37,waking,visual,99,0.0
37,waking,visual,100,0.0
37,waking,visual,101,0.0
37,waking,visual,102,0.0
37,waking,visual,103,0.0
37,waking,visual,104,0.0
37,waking,visual,105,0.65
37,waking,visual,106,0.95
37,waking,visual,107,0.65
37,waking,visual,108,0.0
37,waking,visual,109,0.0
37,waking,visual,110,0.0
37,waking,visual,111,0.0
37,waking,visual,112,0.0
37,waking,visual,113,0.0
37,waking,visual,114,0.0
37,waking,visual,115,0.0
37,waking,visual,116,0.0
37,waking,visual,117,0.08
37,waking,visual,118,0.18
37,waking,visual,119,0.95
37,waking,visual,120,0.0
37,waking,visual,121,0.0
37,waking,visual,122,0.0
37,waking,visual,123,0.0
37,waking,visual,124,0.0
37,waking,visual,125,0.0
37,waking,visual,126,0.0
37,waking,visual,127,0.0
37,waking,visual,128,0.0
37,waking,visual,129,0.0
37,waking,visual,130,0.0
37,waking,visual,131,0.0
37,waking,visual,132,0.0
37,waking,visual,133,0.0
37,waking,visual,134,0.0
37,waking,visual,135,0.0
37,waking,visual,136,0.0
37,waking,visual,137,0.0
37,waking,visual,138,0.0
37,waking,visual,139,0.0
37,waking,visual,140,0.0
37,waking,visual,141,0.0
37,waking,visual,142,0.0
37,waking,visual,143,0.0
37,waking,visual,144,0.0
37,waking,visual,145,0.0
37,waking,visual,146,0.0
37,waking,visual,147,0.0
37,waking,visual,148,0.0
37,waking,visual,149,0.0
37,waking,visual,150,0.0
37,waking,visual,151,0.0
37,waking,visual,152,0.0
37,waking,visual,153,0.0
37,waking,visual,154,0.0
37,waking,visual,155,0.0
37,waking,visual,156,0.0
37,waking,visual,157,0.0
37,waking,visual,158,0.0
37,waking,visual,159,0.0
37,waking,visual,160,0.0
37,waking,visual,161,0.0
37,waking,visual,162,0.0
37,waking,visual,163,0.0
37,waking,visual,164,0.0
37,waking,visual,165,0.0
37,waking,visual,166,0.0
37,waking,visual,167,0.0
37,waking,visual,168,0.0
37,waking,visual,169,0.0
37,waking,visual,170,0.0
37,waking,visual,171,0.4033333333333333
37,waking,visual,172,0.4033333333333333
37,waking,visual,173,0.0
37,waking,visual,174,0.0
37,waking,visual,175,0.0
37,waking,visual,176,0.0
37,waking,visual,177,0.0
37,waking,visual,178,0.0
37,waking,visual,179,0.0
37,waking,audio,0,0.2685495955046958
37,waking,audio,1,0.13008778246619976
37,waking,audio,2,0.22908146878405106
37,waking,audio,3,0.16579343327481466
37,waking,audio,4,0.25448440307918907
37,waking,audio,5,0.1618537692207329
37,waking,audio,6,0.258227126383548
37,waking,audio,7,0.05830935111886569
37,waking,audio,8,0.0016336274471658307
37,waking,audio,9,0.0011057317907808006
37,waking,audio,10,0.003133592758582243
37,waking,audio,11,0.001592734896266046
37,waking,audio,12,0.0019833511441209595
37,waking,audio,13,0.0011200938426312312
37,waking,audio,14,0.0017406544204503493
37,waking,audio,15,0.0003930509981662153
37,waking,proprioceptive,0,0.6479757271840211
37,waking,proprioceptive,1,0.4909326710272772
37,waking,proprioceptive,2,0.2965065415152887
37,waking,proprioceptive,3,0.3812226962339415
37,waking,proprioceptive,4,0.0
37,waking,proprioceptive,5,0.5034073200373851
37,waking,prediction,0,0.0
37,waking,prediction,1,0.0
37,waking,prediction,2,0.0
37,waking,prediction,3,4.1939891195482954e-08
37,waking,prediction,4,0.0
37,waking,prediction,5,0.0
37,waking,prediction,6,0.0
37,waking,prediction,7,0.0
37,waking,prediction,8,0.0012281820070530534
37,waking,prediction,9,0.06330802117271314
37,waking,prediction,10,5.103728668878763e-07
37,waking,prediction,11,0.00038275120425121937
37,waking,prediction,12,0.0
37,waking,prediction,13,0.0
37,waking,prediction,14,0.0
37,waking,prediction,15,0.00018050496978590832
37,waking,prediction,16,0.0008817797538121229
37,waking,prediction,17,0.06556692228319734
37,waking,prediction,18,0.0
37,waking,prediction,19,0.0
37,waking,prediction,20,0.03666476749135489
37,waking,prediction,21,5.6761916277957595e-05
37,waking,prediction,22,2.0985362839492798e-10
37,waking,prediction,23,0.024789048920498304
37,waking,prediction,24,0.0
37,waking,prediction,25,7.000647790685975e-06
37,waking,prediction,26,0.0009421326591923985
37,waking,prediction,27,0.005396546778141754
37,waking,prediction,28,0.0419155136394388
37,waking,prediction,29,0.0
37,waking,prediction,30,0.0
37,waking,prediction,31,0.0
37,waking,prediction,32,1.4196122284736045e-07
37,waking,prediction,33,0.0
37,waking,prediction,34,0.0
37,waking,prediction,35,0.0
37,waking,emotion,0,0.37131889567833914
37,waking,emotion,1,0.24492250300808532
37,waking,emotion,2,0.47354145102019046
37,waking,action,0,6.590590233042022e-05
37,waking,action,1,0.0014942364213261837
37,waking,action,2,0.01445231473470107
37,waking,action,3,0.0005857014221486495
37,waking,action,4,0.48909934954426665
37,waking,action,5,0.07016838378371036
38,waking,visual,0,0.0
38,waking,visual,1,0.0
38,waking,visual,2,0.0
38,waking,visual,3,0.0
38,waking,visual,4,0.0
38,waking,visual,5,0.0
38,waking,visual,6,0.0
38,waking,visual,7,0.0
38,waking,visual,8,0.0
38,waking,visual,9,0.5333333333333333
38,waking,visual,10,0.0
38,waking,visual,11,0.0
38,waking,visual,12,0.0
38,waking,visual,13,0.0
38,waking,visual,14,0.0
38,waking,visual,15,0.0
38,waking,visual,16,0.0
38,waking,visual,17,0.0
38,waking,visual,18,0.0
38,waking,visual,19,0.0
38,waking,visual,20,0.36999999999999994
38,waking,visual,21,0.0
38,waking,visual,22,0.0
38,waking,visual,23,0.75
38,waking,visual,24,0.0
38,waking,visual,25,0.0
38,waking,visual,26,0.0
38,waking,visual,27,0.4033333333333333
38,waking,visual,28,0.0
38,waking,visual,29,0.0
38,waking,visual,30,0.0
38,waking,visual,31,0.0
38,waking,visual,32,0.0
38,waking,visual,33,0.0
38,waking,visual,34,0.0
38,waking,visual,35,0.0
38,waking,visual,36,0.0
38,waking,visual,37,0.0
38,waking,visual,38,0.0
38,waking,visual,39,0.0
38,waking,visual,40,0.0
38,waking,visual,41,0.0
38,waking,visual,42,0.0
38,waking,visual,43,0.0
38,waking,visual,44,0.0
38,waking,visual,45,0.0
38,waking,visual,46,0.0
38,waking,visual,47,0.0
38,waking,visual,48,0.0
38,waking,visual,49,0.0
38,waking,visual,50,0.0
38,waking,visual,51,0.0
38,waking,visual,52,0.0
38,waking,visual,53,0.0
38,waking,visual,54,0.0
38,waking,visual,55,0.0
38,waking,visual,56,0.0
38,waking,visual,57,0.0
38,waking,visual,58,0.0
38,waking,visual,59,0.0
38,waking,visual,60,0.0
38,waking,visual,61,0.0
38,waking,visual,62,0.0
38,waking,visual,63,0.75
38,waking,visual,64,0.1
38,waking,visual,65,0.75
38,waking,visual,66,0.0
38,waking,visual,67,0.0
38,waking,visual,68,0.0
38,waking,visual,69,0.0
38,waking,visual,70,0.0
38,waking,visual,71,0.0
38,waking,visual,72,0.0
38,waking,visual,73,0.0
38,waking,visual,74,0.0
38,waking,visual,75,0.0
38,waking,visual,76,0.0
38,waking,visual,77,0.0
38,waking,visual,78,0.0
38,waking,visual,79,0.0
38,waking,visual,80,0.0
38,waking,visual,81,0.0
38,waking,visual,82,0.0
38,waking,visual,83,0.0
38,waking,visual,84,0.0
38,waking,visual,85,0.0
38,waking,visual,86,0.0
38,waking,visual,87,0.0
38,waking,visual,88,0.0
38,waking,visual,89,0.0
38,waking,visual,90,0.0
38,waking,visual,91,0.0
38,waking,visual,92,0.0
38,waking,visual,93,0.0
38,waking,visual,94,0.0
38,waking,visual,95,0.0
38,waking,visual,96,0.95
38,waking,visual,97,0.08
38,waking,visual,98,0.08
38,waking,visual,99,0.0
38,waking,visual,100,0.0
38,waking,visual,101,0.0
38,waking,visual,102,0.0
38,waking,visual,103,0.0
38,waking,visual,104,0.0
38,waking,visual,105,0.65
38,waking,visual,106,0.95
38,waking,visual,107,0.65
38,waking,visual,108,0.0
38,waking,visual,109,0.0
38,waking,visual,110,0.0
38,waking,visual,111,0.0
38,waking,visual,112,0.0
38,waking,visual,113,0.0
38,waking,visual,114,0.0
38,waking,visual,115,0.0
38,waking,visual,116,0.0
38,waking,visual,117,0.08
38,waking,visual,118,0.18
38,waking,visual,119,0.95
38,waking,visual,120,0.0
38,waking,visual,121,0.0
38,waking,visual,122,0.0
38,waking,visual,123,0.0
38,waking,visual,124,0.0
38,waking,visual,125,0.0
38,waking,visual,126,0.0
38,waking,visual,127,0.0
38,waking,visual,128,0.0
38,waking,visual,129,0.0
38,waking,visual,130,0.0
38,waking,visual,131,0.0
38,waking,visual,132,0.0
38,waking,visual,133,0.0
38,waking,visual,134,0.0
38,waking,visual,135,0.0
38,waking,visual,136,0.0
38,waking,visual,137,0.0
38,waking,visual,138,0.0
38,waking,visual,139,0.0
38,waking,visual,140,0.0
38,waking,visual,141,0.0
38,waking,visual,142,0.0
38,waking,visual,143,0.0
38,waking,visual,144,0.0
38,waking,visual,145,0.0
38,waking,visual,146,0.0
38,waking,visual,147,0.0
38,waking,visual,148,0.0
38,waking,visual,149,0.0
38,waking,visual,150,0.0
38,waking,visual,151,0.0
38,waking,visual,152,0.0
38,waking,visual,153,0.0
38,waking,visual,154,0.0
38,waking,visual,155,0.0
38,waking,visual,156,0.0
38,waking,visual,157,0.0
38,waking,visual,158,0.0
38,waking,visual,159,0.0
38,waking,visual,160,0.0
38,waking,visual,161,0.0
38,waking,visual,162,0.0
38,waking,visual,163,0.0
38,waking,visual,164,0.0
38,waking,visual,165,0.0
38,waking,visual,166,0.0
38,waking,visual,167,0.0
38,waking,visual,168,0.0
38,waking,visual,169,0.0
38,waking,visual,170,0.0
38,waking,visual,171,0.0
38,waking,visual,172,0.0
38,waking,visual,173,0.0
38,waking,visual,174,0.0
38,waking,visual,175,0.0
38,waking,visual,176,0.0
38,waking,visual,177,0.0
38,waking,visual,178,0.0
38,waking,visual,179,0.0
38,waking,audio,0,0.27117507856174067
38,waking,audio,1,0.13162050498331127
38,waking,audio,2,0.23274130796401915
38,waking,audio,3,0.16776580394051868
38,waking,audio,4,0.25706396037656754
38,waking,audio,5,0.1632858688523488
38,waking,audio,6,0.26042367583789805
38,waking,audio,7,0.05880534615694472
38,waking,audio,8,0.002625483057044853
38,waking,audio,9,0.0015327225171115066
38,waking,audio,10,0.003659839179968094
38,waking,audio,11,0.0019723706657040208
38,waking,audio,12,0.0025795572973784653
38,waking,audio,13,0.0014320996316158907
38,waking,audio,14,0.0021965494543500497
38,waking,audio,15,0.0004959950380790321
38,waking,proprioceptive,0,0.6902053026005478
38,waking,proprioceptive,1,0.5272877048047763
38,waking,proprioceptive,2,0.3843054825051478
38,waking,proprioceptive,3,0.49410704893519053
38,waking,proprioceptive,4,0.0
38,waking,proprioceptive,5,0.5879474130572424
38,waking,prediction,0,0.0
38,waking,prediction,1,0.0
38,waking,prediction,2,0.0
38,waking,prediction,3,2.7062990495911326e-08
38,waking,prediction,4,0.0
38,waking,prediction,5,0.0
38,waking,prediction,6,0.0
38,waking,prediction,7,0.0
38,waking,prediction,8,0.0008517164764094849
38,waking,prediction,9,0.06371593370545357
38,waking,prediction,10,3.1231611425157315e-07
38,waking,prediction,11,0.0003101066776545233
38,waking,prediction,12,0.0
38,waking,prediction,13,0.0
38,waking,prediction,14,0.0
38,waking,prediction,15,0.00022135263521061256
38,waking,prediction,16,0.0008852579554366058
38,waking,prediction,17,0.05175798986333829
38,waking,prediction,18,0.0
38,waking,prediction,19,0.0
38,waking,prediction,20,0.039138280183449614
38,waking,prediction,21,7.668048498624545e-05
38,waking,prediction,22,1.2450906253492605e-10
38,waking,prediction,23,0.03830337777704388
38,waking,prediction,24,0.0
38,waking,prediction,25,4.501028972430548e-06
38,waking,prediction,26,0.0005720687387548536
38,waking,prediction,27,0.012493511928242237
38,waking,prediction,28,0.033978646004703586
38,waking,prediction,29,0.0
38,waking,prediction,30,0.0
38,waking,prediction,31,0.0
38,waking,prediction,32,8.960053592753201e-08
38,waking,prediction,33,0.0
38,waking,prediction,34,0.0
38,waking,prediction,35,0.0
38,waking,emotion,0,0.373284908131912
38,waking,emotion,1,0.2439004320925212
38,waking,emotion,2,0.4838316433223309
38,waking,action,0,3.1333854723232186e-05
38,waking,action,1,0.0007468855812856519
38,waking,action,2,0.01445353388896706
38,waking,action,3,0.0002817305988176079
38,waking,action,4,0.5800862525322336
38,waking,action,5,0.1624685797939649
39,waking,visual,0,0.0
39,waking,visual,1,0.0
39,waking,visual,2,0.0
39,waking,visual,3,0.0
39,waking,visual,4,0.0
39,waking,visual,5,0.0
39,waking,visual,6,0.0
39,waking,visual,7,0.0
39,waking,visual,8,0.0
39,waking,visual,9,0.5333333333333333
39,waking,visual,10,0.0
39,waking,visual,11,0.0
39,waking,visual,12,0.0
39,waking,visual,13,0.0
39,waking,visual,14,0.0
39,waking,visual,15,0.0
39,waking,visual,16,0.0
39,waking,visual,17,0.0
39,waking,visual,18,0.0
39,waking,visual,19,0.0
39,waking,visual,20,0.36999999999999994
39,waking,visual,21,0.0
39,waking,visual,22,0.0
39,waking,visual,23,0.75
39,waking,visual,24,0.0
39,waking,visual,25,0.0
39,waking,visual,26,0.0
39,waking,visual,27,0.4033333333333333
39,waking,visual,28,0.0
39,waking,visual,29,0.0
39,waking,visual,30,0.0
39,waking,visual,31,0.0
39,waking,visual,32,0.0
39,waking,visual,33,0.0
39,waking,visual,34,0.0
39,waking,visual,35,0.0
39,waking,visual,36,0.0
39,waking,visual,37,0.0
39,waking,visual,38,0.0
39,waking,visual,39,0.0
39,waking,visual,40,0.0
39,waking,visual,41,0.0
39,waking,visual,42,0.0
39,waking,visual,43,0.0
39,waking,visual,44,0.0
39,waking,visual,45,0.0
39,waking,visual,46,0.0
39,waking,visual,47,0.0
39,waking,visual,48,0.0
39,waking,visual,49,0.0
39,waking,visual,50,0.0
39,waking,visual,51,0.0
39,waking,visual,52,0.0
39,waking,visual,53,0.0
39,waking,visual,54,0.0
39,waking,visual,55,0.0
39,waking,visual,56,0.0
39,waking,visual,57,0.0
39,waking,visual,58,0.0
39,waking,visual,59,0.0
39,waking,visual,60,0.0
39,waking,visual,61,0.0
39,waking,visual,62,0.0
39,waking,visual,63,0.75
39,waking,visual,64,0.1
39,waking,visual,65,0.75
39,waking,visual,66,0.0
39,waking,visual,67,0.0
39,waking,visual,68,0.0
39,waking,visual,69,0.0
39,waking,visual,70,0.0
39,waking,visual,71,0.0
39,waking,visual,72,0.0
39,waking,visual,73,0.0
39,waking,visual,74,0.0
39,waking,visual,75,0.0
39,waking,visual,76,0.0
39,waking,visual,77,0.0
39,waking,visual,78,0.0
39,waking,visual,79,0.0
39,waking,visual,80,0.0
39,waking,visual,81,0.0
39,waking,visual,82,0.0
39,waking,visual,83,0.0
39,waking,visual,84,0.0
39,waking,visual,85,0.0
39,waking,visual,86,0.0
39,waking,visual,87,0.0
39,waking,visual,88,0.0
39,waking,visual,89,0.0
39,waking,visual,90,0.0
39,waking,visual,91,0.0
39,waking,visual,92,0.0
39,waking,visual,93,0.0
39,waking,visual,94,0.0
39,waking,visual,95,0.0
39,waking,visual,96,0.95
39,waking,visual,97,0.08
39,waking,visual,98,0.08
39,waking,visual,99,0.0
39,waking,visual,100,0.0
39,waking,visual,101,0.0
39,waking,visual,102,0.0
39,waking,visual,103,0.0
39,waking,visual,104,0.0
39,waking,visual,105,0.65
39,waking,visual,106,0.95
39,waking,visual,107,0.65
39,waking,visual,108,0.0
39,waking,visual,109,0.0
39,waking,visual,110,0.0
39,waking,visual,111,0.0
39,waking,visual,112,0.0
39,waking,visual,113,0.0
39,waking,visual,114,0.0
39,waking,visual,115,0.0
39,waking,visual,116,0.0
39,waking,visual,117,0.08
39,waking,visual,118,0.18
39,waking,visual,119,0.95
39,waking,visual,120,0.0
39,waking,visual,121,0.0
39,waking,visual,122,0.0
39,waking,visual,123,0.0
39,waking,visual,124,0.0
39,waking,visual,125,0.0
39,waking,visual,126,0.0
39,waking,visual,127,0.0
39,waking,visual,128,0.0
39,waking,visual,129,0.0
39,waking,visual,130,0.0
39,waking,visual,131,0.0
39,waking,visual,132,0.0
39,waking,visual,133,0.0
39,waking,visual,134,0.0
39,waking,visual,135,0.0
39,waking,visual,136,0.0
39,waking,visual,137,0.0
39,waking,visual,138,0.0
39,waking,visual,139,0.0
39,waking,visual,140,0.0
39,waking,visual,141,0.0
39,waking,visual,142,0.0
39,waking,visual,143,0.0
39,waking,visual,144,0.0
39,waking,visual,145,0.0
39,waking,visual,146,0.0
39,waking,visual,147,0.0
39,waking,visual,148,0.0
39,waking,visual,149,0.0
39,waking,visual,150,0.0
39,waking,visual,151,0.0
39,waking,visual,152,0.0
39,waking,visual,153,0.0
39,waking,visual,154,0.0
39,waking,visual,155,0.0
39,waking,visual,156,0.0
39,waking,visual,157,0.0
39,waking,visual,158,0.0
39,waking,visual,159,0.0
39,waking,visual,160,0.0
39,waking,visual,161,0.0
39,waking,visual,162,0.0
39,waking,visual,163,0.0
39,waking,visual,164,0.0
39,waking,visual,165,0.0
39,waking,visual,166,0.0
39,waking,visual,167,0.0
39,waking,visual,168,0.0
39,waking,visual,169,0.0
39,waking,visual,170,0.0
39,waking,visual,171,0.0
39,waking,visual,172,0.0
39,waking,visual,173,0.0
39,waking,visual,174,0.0
39,waking,visual,175,0.0
39,waking,visual,176,0.0
39,waking,visual,177,0.0
39,waking,visual,178,0.0
39,waking,visual,179,0.0
39,waking,audio,0,0.2747537793939146
39,waking,audio,1,0.1335651233935507
39,waking,audio,2,0.2369147292615725
39,waking,audio,3,0.17009887918407535
39,waking,audio,4,0.26020454084558725
39,waking,audio,5,0.16499177991020017
39,waking,audio,6,0.26300611383746103
39,waking,audio,7,0.05938847731813637
39,waking,audio,8,0.003578700832173931
39,waking,audio,9,0.0019446184102394348
39,waking,audio,10,0.0041734212975533536
39,waking,audio,11,0.002333075243556665
39,waking,audio,12,0.003140580469019716
39,waking,audio,13,0.001705911057851367
39,waking,audio,14,0.002582437999562981
39,waking,audio,15,0.0005831311611916509
39,waking,proprioceptive,0,0.7255890982069796
39,waking,proprioceptive,1,0.5631822254754313
39,waking,proprioceptive,2,0.46854000830608505
39,waking,proprioceptive,3,0.6024085821078233
39,waking,proprioceptive,4,0.0
39,waking,proprioceptive,5,0.6699519411592567
39,waking,prediction,0,0.0
39,waking,prediction,1,0.0
39,waking,prediction,2,0.0
39,waking,prediction,3,1.7462093301695958e-08
39,waking,prediction,4,0.0
39,waking,prediction,5,0.0
39,waking,prediction,6,0.0
39,waking,prediction,7,0.0
39,waking,prediction,8,0.0005823866735869383
39,waking,prediction,9,0.06401712304706628
39,waking,prediction,10,1.910230700796401e-07
39,waking,prediction,11,0.00022189885380250447
39,waking,prediction,12,0.0
39,waking,prediction,13,0.0
39,waking,prediction,14,0.0
39,waking,prediction,15,0.0002567834291338922
39,waking,prediction,16,0.0008886678896967876
39,waking,prediction,17,0.039665509807737136
39,waking,prediction,18,0.0
39,waking,prediction,19,0.0
39,waking,prediction,20,0.041074085400640024
39,waking,prediction,21,9.454415789381603e-05
39,waking,prediction,22,7.383592048983777e-11
39,waking,prediction,23,0.05017014444532356
39,waking,prediction,24,0.0
39,waking,prediction,25,2.8943043444281528e-06
39,waking,prediction,26,0.0003471919973811249
39,waking,prediction,27,0.019501338276307807
39,waking,prediction,28,0.026392740602536515
39,waking,prediction,29,0.0
39,waking,prediction,30,0.0
39,waking,prediction,31,0.0
39,waking,prediction,32,5.656871403675359e-08
39,waking,prediction,33,0.0
39,waking,prediction,34,0.0
39,waking,prediction,35,0.0
39,waking,emotion,0,0.39780103668710504
39,waking,emotion,1,0.24785337901305782
39,waking,emotion,2,0.5195461863686975
39,waking,action,0,0.0009936591994137555
39,waking,action,1,0.00037338447918638495
39,waking,action,2,0.013504082835745192
39,waking,action,3,0.00013550601663969017
39,waking,action,4,0.650194963895653
39,waking,action,5,0.25202692151560163
40,waking,visual,0,0.0
40,waking,visual,1,0.0
40,waking,visual,2,0.0
40,waking,visual,3,0.0
40,waking,visual,4,0.0
40,waking,visual,5,0.0
40,waking,visual,6,0.0
40,waking,visual,7,0.0
40,waking,visual,8,0.0
40,waking,visual,9,0.0
40,waking,visual,10,0.0
40,waking,visual,11,0.0
40,waking,visual,12,0.0
40,waking,visual,13,0.0
40,waking,visual,14,0.0
40,waking,visual,15,0.5333333333333333
40,waking,visual,16,0.0
40,waking,visual,17,0.0
40,waking,visual,18,0.0
40,waking,visual,19,0.0
40,waking,visual,20,0.36999999999999994
40,waking,visual,21,0.0
40,waking,visual,22,0.0
40,waking,visual,23,0.75
40,waking,visual,24,0.0
40,waking,visual,25,0.0
40,waking,visual,26,0.0
40,waking,visual,27,0.4033333333333333
40,waking,visual,28,0.0
40,waking,visual,29,0.0
40,waking,visual,30,0.0
40,waking,visual,31,0.0
40,waking,visual,32,0.0
40,waking,visual,33,0.0
40,waking,visual,34,0.0
40,waking,visual,35,0.0
40,waking,visual,36,0.0
40,waking,visual,37,0.0
40,waking,visual,38,0.0
40,waking,visual,39,0.0
40,waking,visual,40,0.0
40,waking,visual,41,0.0
40,waking,visual,42,0.0
40,waking,visual,43,0.0
40,waking,visual,44,0.0
40,waking,visual,45,0.0
40,waking,visual,46,0.0
40,waking,visual,47,0.0
40,waking,visual,48,0.0
40,waking,visual,49,0.0
40,waking,visual,50,0.0
40,waking,visual,51,0.0
40,waking,visual,52,0.0
40,waking,visual,53,0.0
40,waking,visual,54,0.0
40,waking,visual,55,0.0
40,waking,visual,56,0.0
40,waking,visual,57,0.0
40,waking,visual,58,0.0
40,waking,visual,59,0.0
40,waking,visual,60,0.0
40,waking,visual,61,0.0
40,waking,visual,62,0.0
40,waking,visual,63,0.0
40,waking,visual,64,0.0
40,waking,visual,65,0.0
40,waking,visual,66,0.0
40,waking,visual,67,0.0
40,waking,visual,68,0.0
40,waking,visual,69,0.0
40,waking,visual,70,0.0
40,waking,visual,71,0.0
40,waking,visual,72,0.0
40,waking,visual,73,0.0
40,waking,visual,74,0.0
40,waking,visual,75,0.0
40,waking,visual,76,0.0
40,waking,visual,77,0.0
40,waking,visual,78,0.0
40,waking,visual,79,0.0
40,waking,visual,80,0.0
40,waking,visual,81,0.75
40,waking,visual,82,0.1
40,waking,visual,83,0.75
40,waking,visual,84,0.0
40,waking,visual,85,0.0
40,waking,visual,86,0.0
40,waking,visual,87,0.0
40,waking,visual,88,0.0
40,waking,visual,89,0.0
40,waking,visual,90,0.0
40,waking,visual,91,0.0
40,waking,visual,92,0.0
40,waking,visual,93,0.0
40,waking,visual,94,0.0
40,waking,visual,95,0.0
40,waking,visual,96,0.95
40,waking,visual,97,0.08
40,waking,visual,98,0.08
40,waking,visual,99,0.0
40,waking,visual,100,0.0
40,waking,visual,101,0.0
40,waking,visual,102,0.0
40,waking,visual,103,0.0
40,waking,visual,104,0.0
40,waking,visual,105,0.65
40,waking,visual,106,0.95
40,waking,visual,107,0.65
40,waking,visual,108,0.0
40,waking,visual,109,0.0
40,waking,visual,110,0.0
40,waking,visual,111,0.0
40,waking,visual,112,0.0
40,waking,visual,113,0.0
40,waking,visual,114,0.0
40,waking,visual,115,0.0
40,waking,visual,116,0.0
40,waking,visual,117,0.08
40,waking,visual,118,0.18
40,waking,visual,119,0.95
40,waking,visual,120,0.0
40,waking,visual,121,0.0
40,waking,visual,122,0.0
40,waking,visual,123,0.0
40,waking,visual,124,0.0
40,waking,visual,125,0.0
40,waking,visual,126,0.0
40,waking,visual,127,0.0
40,waking,visual,128,0.0
40,waking,visual,129,0.0
40,waking,visual,130,0.0
40,waking,visual,131,0.0
40,waking,visual,132,0.0
40,waking,visual,133,0.0
40,waking,visual,134,0.0
40,waking,visual,135,0.0
40,waking,visual,136,0.0
40,waking,visual,137,0.0
40,waking,visual,138,0.0
40,waking,visual,139,0.0
40,waking,visual,140,0.0
40,waking,visual,141,0.0
40,waking,visual,142,0.0
40,waking,visual,143,0.0
40,waking,visual,144,0.0
40,waking,visual,145,0.0
40,waking,visual,146,0.0
40,waking,visual,147,0.0
40,waking,visual,148,0.0
40,waking,visual,149,0.0
40,waking,visual,150,0.0
40,waking,visual,151,0.0
40,waking,visual,152,0.0
40,waking,visual,153,0.5333333333333333
40,waking,visual,154,0.0
40,waking,visual,155,0.0
40,waking,visual,156,0.0
40,waking,visual,157,0.0
40,waking,visual,158,0.0
40,waking,visual,159,0.5333333333333333
40,waking,visual,160,0.0
40,waking,visual,161,0.0
40,waking,visual,162,0.0
40,waking,visual,163,0.0
40,waking,visual,164,0.0
40,waking,visual,165,0.0
40,waking,visual,166,0.0
40,waking,visual,167,0.0
40,waking,visual,168,0.0
40,waking,visual,169,0.0
40,waking,visual,170,0.0
40,waking,visual,171,0.0
40,waking,visual,172,0.0
40,waking,visual,173,0.0
40,waking,visual,174,0.0
40,waking,visual,175,0.0
40,waking,visual,176,0.0
40,waking,visual,177,0.0
40,waking,visual,178,0.0
40,waking,visual,179,0.0
40,waking,audio,0,0.2792341354397389
40,waking,audio,1,0.1358998296146674
40,waking,audio,2,0.24157565358668706
40,waking,audio,3,0.1727639641841383
40,waking,audio,4,0.26385621421955135
40,waking,audio,5,0.16691708879958864
40,waking,audio,6,0.2658743891197962
40,waking,audio,7,0.060036152381889474
40,waking,audio,8,0.0044803560458243075
40,waking,audio,9,0.0023347062211167002
40,waking,audio,10,0.004660924325114557
40,waking,audio,11,0.002665085000062961
40,waking,audio,12,0.003651673373964104
40,waking,audio,13,0.0019253088893884662
40,waking,audio,14,0.0028682752823351865
40,waking,audio,15,0.0006476750637531004
40,waking,proprioceptive,0,0.752853597070532
40,waking,proprioceptive,1,0.5980104694782903
40,waking,proprioceptive,2,0.542368854853823
40,waking,proprioceptive,3,0.6973313848120567
40,waking,proprioceptive,4,0.0
40,waking,proprioceptive,5,0.7470566755693044
40,waking,prediction,0,0.0
40,waking,prediction,1,0.0
40,waking,prediction,2,0.0
40,waking,prediction,3,1.1274512325553816e-08
40,waking,prediction,4,0.0
40,waking,prediction,5,0.0
40,waking,prediction,6,0.0
40,waking,prediction,7,0.0
40,waking,prediction,8,0.00038864935056784854
40,waking,prediction,9,0.05670557854981947
40,waking,prediction,10,1.166925734535658e-07
40,waking,prediction,11,0.00014577959861017192
40,waking,prediction,12,0.0
40,waking,prediction,13,0.0
40,waking,prediction,14,0.0
40,waking,prediction,15,0.007220537601272533
40,waking,prediction,16,0.0008919545066787235
40,waking,prediction,17,0.029766520114709073
40,waking,prediction,18,0.0
40,waking,prediction,19,0.0
40,waking,prediction,20,0.04268050355626415
40,waking,prediction,21,0.00012433587856155613
40,waking,prediction,22,4.37315155011126e-11
40,waking,prediction,23,0.060007161136869866
40,waking,prediction,24,0.0
40,waking,prediction,25,1.8622236663009576e-06
40,waking,prediction,26,0.0002104548567276221
40,waking,prediction,27,0.02567505071685664
40,waking,prediction,28,0.019970509598067294
40,waking,prediction,29,2.0499515517149144e-06
40,waking,prediction,30,0.0
40,waking,prediction,31,0.0
40,waking,prediction,32,3.5774907269145686e-08
40,waking,prediction,33,0.0
40,waking,prediction,34,0.0
40,waking,prediction,35,0.0
40,waking,emotion,0,0.43843842730673904
40,waking,emotion,1,0.2603253645924113
40,waking,emotion,2,0.5700632131178842
40,waking,action,0,0.0033658658388885264
40,waking,action,1,0.00020440686151843262
40,waking,action,2,0.011651833991888082
40,waking,action,3,6.522535238942878e-05
40,waking,action,4,0.6969021638626701
40,waking,action,5,0.3373320033362715
41,waking,visual,0,0.0
41,waking,visual,1,0.0
41,waking,visual,2,0.0
41,waking,visual,3,0.0
41,waking,visual,4,0.0
41,waking,visual,5,0.0
41,waking,visual,6,0.0
41,waking,visual,7,0.0
41,waking,visual,8,0.0
41,waking,visual,9,0.0
41,waking,visual,10,0.0
41,waking,visual,11,0.0
41,waking,visual,12,0.0
41,waking,visual,13,0.0
41,waking,visual,14,0.0
41,waking,visual,15,0.5333333333333333
41,waking,visual,16,0.0
41,waking,visual,17,0.0
41,waking,visual,18,0.0
41,waking,visual,19,0.0
41,waking,visual,20,0.36999999999999994
41,waking,visual,21,0.0
41,waking,visual,22,0.0
41,waking,visual,23,0.75
41,waking,visual,24,0.0
41,waking,visual,25,0.0
41,waking,visual,26,0.0
41,waking,visual,27,0.4033333333333333
41,waking,visual,28,0.0
41,waking,visual,29,0.0
41,waking,visual,30,0.0
41,waking,visual,31,0.0
41,waking,visual,32,0.0
41,waking,visual,33,0.0
41,waking,visual,34,0.0
41,waking,visual,35,0.0
41,waking,visual,36,0.0
41,waking,visual,37,0.0
41,waking,visual,38,0.0
41,waking,visual,39,0.0
41,waking,visual,40,0.0
41,waking,visual,41,0.0
41,waking,visual,42,0.0
41,waking,visual,43,0.0
41,waking,visual,44,0.0
41,waking,visual,45,0.0
41,waking,visual,46,0.0
41,waking,visual,47,0.0
41,waking,visual,48,0.0
41,waking,visual,49,0.0
41,waking,visual,50,0.0
41,waking,visual,51,0.0
41,waking,visual,52,0.0
41,waking,visual,53,0.0
41,waking,visual,54,0.0
41,waking,visual,55,0.0
41,waking,visual,56,0.0
41,waking,visual,57,0.0
41,waking,visual,58,0.0
41,waking,visual,59,0.0
41,waking,visual,60,0.0
41,waking,visual,61,0.0
41,waking,visual,62,0.0
41,waking,visual,63,0.0
41,waking,visual,64,0.0
41,waking,visual,65,0.0
41,waking,visual,66,0.0
41,waking,visual,67,0.0
41,waking,visual,68,0.0
41,waking,visual,69,0.0
41,waking,visual,70,0.0
41,waking,visual,71,0.0
41,waking,visual,72,0.0
41,waking,visual,73,0.0
41,waking,visual,74,0.0
41,waking,visual,75,0.0
41,waking,visual,76,0.0
41,waking,visual,77,0.0
41,waking,visual,78,0.0
41,waking,visual,79,0.0
41,waking,visual,80,0.0
41,waking,visual,81,0.75
41,waking,visual,82,0.1
41,waking,visual,83,0.75
41,waking,visual,84,0.0
41,waking,visual,85,0.0
41,waking,visual,86,0.0
41,waking,visual,87,0.0
41,waking,visual,88,0.0
41,waking,visual,89,0.0
41,waking,visual,90,0.0
41,waking,visual,91,0.0
41,waking,visual,92,0.0
41,waking,visual,93,0.0
41,waking,visual,94,0.0
41,waking,visual,95,0.0
41,waking,visual,96,0.95
41,waking,visual,97,0.08
41,waking,visual,98,0.08
41,waking,visual,99,0.0
41,waking,visual,100,0.0
41,waking,visual,101,0.0
41,waking,visual,102,0.0
41,waking,visual,103,0.0
41,waking,visual,104,0.0
41,waking,visual,105,0.65
41,waking,visual,106,0.95
41,waking,visual,107,0.65
41,waking,visual,108,0.0
41,waking,visual,109,0.0
41,waking,visual,110,0.0
41,waking,visual,111,0.0
41,waking,visual,112,0.0
41,waking,visual,113,0.0
41,waking,visual,114,0.0
41,waking,visual,115,0.0
41,waking,visual,116,0.0
41,waking,visual,117,0.08
41,waking,visual,118,0.18
41,waking,visual,119,0.95
41,waking,visual,120,0.0
41,waking,visual,121,0.0
41,waking,visual,122,0.0
41,waking,visual,123,0.0
41,waking,visual,124,0.0
41,waking,visual,125,0.0
41,waking,visual,126,0.0
41,waking,visual,127,0.0
41,waking,visual,128,0.0
41,waking,visual,129,0.0
41,waking,visual,130,0.0
41,waking,visual,131,0.0
41,waking,visual,132,0.0
41,waking,visual,133,0.0
41,waking,visual,134,0.0
41,waking,visual,135,0.0
41,waking,visual,136,0.0
41,waking,visual,137,0.0
41,waking,visual,138,0.0
41,waking,visual,139,0.0
41,waking,visual,140,0.0
41,waking,visual,141,0.0
41,waking,visual,142,0.0
41,waking,visual,143,0.0
41,waking,visual,144,0.0
41,waking,visual,145,0.0
41,waking,visual,146,0.0
41,waking,visual,147,0.0
41,waking,visual,148,0.0
41,waking,visual,149,0.0
41,waking,visual,150,0.0
41,waking,visual,151,0.0
41,waking,visual,152,0.0
41,waking,visual,153,0.0
41,waking,visual,154,0.0
41,waking,visual,155,0.0
41,waking,visual,156,0.0
41,waking,visual,157,0.0
41,waking,visual,158,0.0
41,waking,visual,159,0.0
41,waking,visual,160,0.0
41,waking,visual,161,0.0
41,waking,visual,162,0.0
41,waking,visual,163,0.0
41,waking,visual,164,0.0
41,waking,visual,165,0.0
41,waking,visual,166,0.0
41,waking,visual,167,0.0
41,waking,visual,168,0.0
41,waking,visual,169,0.0
41,waking,visual,170,0.0
41,waking,visual,171,0.0
41,waking,visual,172,0.0
41,waking,visual,173,0.0
41,waking,visual,174,0.0
41,waking,visual,175,0.0
41,waking,visual,176,0.0
41,waking,visual,177,0.0
41,waking,visual,178,0.0
41,waking,visual,179,0.0
41,waking,audio,0,0.2845467975403105
41,waking,audio,1,0.13859413472400273
41,waking,audio,2,0.24668289289663906
41,waking,audio,3,0.1757220039678176
41,waking,audio,4,0.2679536406365528
41,waking,audio,5,0.16899157388305308
41,waking,audio,6,0.26889954486330353
41,waking,audio,7,0.06071925206590726
41,waking,audio,8,0.005312662100571575
41,waking,audio,9,0.0026943051093353265
41,waking,audio,10,0.005107239309951994
41,waking,audio,11,0.0029580397836792838
41,waking,audio,12,0.0040974264170014485
41,waking,audio,13,0.0020744850834644446
41,waking,audio,14,0.003025155743507313
41,waking,audio,15,0.0006830996840177864
41,waking,proprioceptive,0,0.7710175081688159
41,waking,proprioceptive,1,0.6311846679641052
41,waking,proprioceptive,2,0.6021956719966917
41,waking,proprioceptive,3,0.7742515782814615
41,waking,proprioceptive,4,0.0
41,waking,proprioceptive,5,0.817038650849591
41,waking,prediction,0,0.0
41,waking,prediction,1,0.0
41,waking,prediction,2,0.0
41,waking,prediction,3,7.289084116319859e-09
41,waking,prediction,4,0.0
41,waking,prediction,5,0.0
41,waking,prediction,6,0.0
41,waking,prediction,7,0.0
41,waking,prediction,8,0.0002503030386190289
41,waking,prediction,9,0.04695465318397235
41,waking,prediction,10,7.117703790700664e-08
41,waking,prediction,11,9.218710650398294e-05
41,waking,prediction,12,0.0
41,waking,prediction,13,0.0
41,waking,prediction,14,0.0
41,waking,prediction,15,0.016395768852475023
41,waking,prediction,16,0.0008948084565518427
41,waking,prediction,17,0.022003631182935284
41,waking,prediction,18,0.0
41,waking,prediction,19,0.0
41,waking,prediction,20,0.04411439660007045
41,waking,prediction,21,0.00018185653682526806
41,waking,prediction,22,2.5861481099704083e-11
41,waking,prediction,23,0.0679362161977302
41,waking,prediction,24,0.0
41,waking,prediction,25,1.1994950100087145e-06
41,waking,prediction,26,0.00012737661645419374
41,waking,prediction,27,0.030827379536934884
41,waking,prediction,28,0.014874489733469571
41,waking,prediction,29,9.215786448575678e-06
41,waking,prediction,30,0.0
41,waking,prediction,31,0.0
41,waking,prediction,32,2.7770111336564895e-07
41,waking,prediction,33,0.0
41,waking,prediction,34,0.0
41,waking,prediction,35,0.0
41,waking,emotion,0,0.47375098812901195
41,waking,emotion,1,0.27579215116724737
41,waking,emotion,2,0.6216203527140339
41,waking,action,0,0.00640787300994145
41,waking,action,1,0.00010238572111453884
41,waking,action,2,0.009041988054206999
41,waking,action,3,3.144523351651904e-05
41,waking,action,4,0.674643359714761
41,waking,action,5,0.3914796766024767
42,waking,visual,0,0.0
42,waking,visual,1,0.0
42,waking,visual,2,0.0
42,waking,visual,3,0.0
42,waking,visual,4,0.0
42,waking,visual,5,0.0
42,waking,visual,6,0.0
42,waking,visual,7,0.0
42,waking,visual,8,0.0
42,waking,visual,9,0.0
42,waking,visual,10,0.0
42,waking,visual,11,0.0
42,waking,visual,12,0.0
42,waking,visual,13,0.0
42,waking,visual,14,0.0
42,waking,visual,15,0.5333333333333333
42,waking,visual,16,0.0
42,waking,visual,17,0.0
42,waking,visual,18,0.0
42,waking,visual,19,0.0
42,waking,visual,20,0.36999999999999994
42,waking,visual,21,0.0
42,waking,visual,22,0.0
42,waking,visual,23,0.75
42,waking,visual,24,0.0
42,waking,visual,25,0.0
42,waking,visual,26,0.0
42,waking,visual,27,0.4033333333333333
42,waking,visual,28,0.0
42,waking,visual,29,0.0
42,waking,visual,30,0.0
42,waking,visual,31,0.0
42,waking,visual,32,0.0
42,waking,visual,33,0.0
42,waking,visual,34,0.0
42,waking,visual,35,0.0
42,waking,visual,36,0.0
42,waking,visual,37,0.0
42,waking,visual,38,0.0
42,waking,visual,39,0.0
42,waking,visual,40,0.0
42,waking,visual,41,0.0
42,waking,visual,42,0.0
42,waking,visual,43,0.0
42,waking,visual,44,0.0
42,waking,visual,45,0.0
42,waking,visual,46,0.0
42,waking,visual,47,0.0
42,waking,visual,48,0.0
42,waking,visual,49,0.0
42,waking,visual,50,0.0
42,waking,visual,51,0.0
42,waking,visual,52,0.0
42,waking,visual,53,0.0
42,waking,visual,54,0.0
42,waking,visual,55,0.0
42,waking,visual,56,0.0
42,waking,visual,57,0.0
42,waking,visual,58,0.0
42,waking,visual,59,0.0
42,waking,visual,60,0.0
42,waking,visual,61,0.0
42,waking,visual,62,0.0
42,waking,visual,63,0.0
42,waking,visual,64,0.0
42,waking,visual,65,0.0
42,waking,visual,66,0.0
42,waking,visual,67,0.0
42,waking,visual,68,0.0
42,waking,visual,69,0.0
42,waking,visual,70,0.0
42,waking,visual,71,0.0
42,waking,visual,72,0.0
42,waking,visual,73,0.0
42,waking,visual,74,0.0
42,waking,visual,75,0.0
42,waking,visual,76,0.0
42,waking,visual,77,0.0
42,waking,visual,78,0.0
42,waking,visual,79,0.0
42,waking,visual,80,0.0
42,waking,visual,81,0.75
42,waking,visual,82,0.1
42,waking,visual,83,0.75
42,waking,visual,84,0.0
42,waking,visual,85,0.0
42,waking,visual,86,0.0
42,waking,visual,87,0.0
42,waking,visual,88,0.0
42,waking,visual,89,0.0
42,waking,visual,90,0.0
42,waking,visual,91,0.0
42,waking,visual,92,0.0
42,waking,visual,93,0.0
42,waking,visual,94,0.0
42,waking,visual,95,0.0
42,waking,visual,96,0.95
42,waking,visual,97,0.08
42,waking,visual,98,0.08
42,waking,visual,99,0.0
42,waking,visual,100,0.0
42,waking,visual,101,0.0
42,waking,visual,102,0.0
42,waking,visual,103,0.0
42,waking,visual,104,0.0
42,waking,visual,105,0.65
42,waking,visual,106,0.95
42,waking,visual,107,0.65
42,waking,visual,108,0.0
42,waking,visual,109,0.0
42,waking,visual,110,0.0
42,waking,visual,111,0.0
42,waking,visual,112,0.0
42,waking,visual,113,0.0
42,waking,visual,114,0.0
42,waking,visual,115,0.0
42,waking,visual,116,0.0
42,waking,visual,117,0.08
42,waking,visual,118,0.18
42,waking,visual,119,0.95
42,waking,visual,120,0.0
42,waking,visual,121,0.0
42,waking,visual,122,0.0
42,waking,visual,123,0.0
42,waking,visual,124,0.0
42,waking,visual,125,0.0
42,waking,visual,126,0.0
42,waking,visual,127,0.0
42,waking,visual,128,0.0
42,waking,visual,129,0.0
42,waking,visual,130,0.0
42,waking,visual,131,0.0
42,waking,visual,132,0.0
42,waking,visual,133,0.0
42,waking,visual,134,0.0
42,waking,visual,135,0.0
42,waking,visual,136,0.0
42,waking,visual,137,0.0
42,waking,visual,138,0.0
42,waking,visual,139,0.0
42,waking,visual,140,0.0
42,waking,visual,141,0.0
42,waking,visual,142,0.0
42,waking,visual,143,0.0
42,waking,visual,144,0.0
42,waking,visual,145,0.0
42,waking,visual,146,0.0
42,waking,visual,147,0.0
42,waking,visual,148,0.0
42,waking,visual,149,0.0
42,waking,visual,150,0.0
42,waking,visual,151,0.0
42,waking,visual,152,0.0
42,waking,visual,153,0.0
42,waking,visual,154,0.0
42,waking,visual,155,0.0
42,waking,visual,156,0.0
42,waking,visual,157,0.0
42,waking,visual,158,0.0
42,waking,visual,159,0.0
42,waking,visual,160,0.0
42,waking,visual,161,0.0
42,waking,visual,162,0.0
42,waking,visual,163,0.0
42,waking,visual,164,0.0
42,waking,visual,165,0.0
42,waking,visual,166,0.0
42,waking,visual,167,0.0
42,waking,visual,168,0.0
42,waking,visual,169,0.0
42,waking,visual,170,0.0
42,waking,visual,171,0.0
42,waking,visual,172,0.0
42,waking,visual,173,0.0
42,waking,visual,174,0.0
42,waking,visual,175,0.0
42,waking,visual,176,0.0
42,waking,visual,177,0.0
42,waking,visual,178,0.0
42,waking,visual,179,0.0
42,waking,audio,0,0.2902092243805581
42,waking,audio,1,0.14143883556498885
42,waking,audio,2,0.2519711693625191
42,waking,audio,3,0.1787693264785803
42,waking,audio,4,0.27217209743143445
42,waking,audio,5,0.17099048145827378
42,waking,audio,6,0.2717129787136306
42,waking,audio,7,0.06135454358049724
42,waking,audio,8,0.005662426840247592
42,waking,audio,9,0.0028447008409861196
42,waking,audio,10,0.005288276465880065
42,waking,audio,11,0.003047322510762701
42,waking,audio,12,0.004218456794881642
42,waking,audio,13,0.0019989075752206986
42,waking,audio,14,0.002813433850327063
42,waking,audio,15,0.0006352915145899779
42,waking,proprioceptive,0,0.7623613065557399
42,waking,proprioceptive,1,0.6522420964565184
42,waking,proprioceptive,2,0.6066666666666657
42,waking,proprioceptive,3,0.78
42,waking,proprioceptive,4,0.0
42,waking,proprioceptive,5,0.8778802540285271
42,waking,prediction,0,0.0
42,waking,prediction,1,0.0
42,waking,prediction,2,0.0
42,waking,prediction,3,4.718051093127338e-09
42,waking,prediction,4,0.0
42,waking,prediction,5,0.0
42,waking,prediction,6,0.0
42,waking,prediction,7,0.0
42,waking,prediction,8,0.0001598352220467887
42,waking,prediction,9,0.037292969702427355
42,waking,prediction,10,4.334280309445116e-08
42,waking,prediction,11,5.836738870577751e-05
42,waking,prediction,12,0.0
42,waking,prediction,13,0.0
42,waking,prediction,14,0.0
42,waking,prediction,15,0.025461162754603917
42,waking,prediction,16,0.00089770863564018
42,waking,prediction,17,0.01608805501422211
42,waking,prediction,18,0.0
42,waking,prediction,19,0.0
42,waking,prediction,20,0.045421789328712506
42,waking,prediction,21,0.0002619310421290819
42,waking,prediction,22,1.5268090528195177e-11
42,waking,prediction,23,0.07421620934041236
42,waking,prediction,24,0.0
42,waking,prediction,25,7.736743341485577e-07
42,waking,prediction,26,7.696677156378035e-05
42,waking,prediction,27,0.034995386616174566
42,waking,prediction,28,0.010978236297165163
42,waking,prediction,29,2.1598949313069935e-05
42,waking,prediction,30,0.0
42,waking,prediction,31,0.0
42,waking,prediction,32,1.6408800232811713e-05
42,waking,prediction,33,0.0
42,waking,prediction,34,0.0
42,waking,prediction,35,0.0
42,waking,emotion,0,0.49903336614788046
42,waking,emotion,1,0.2877175643629972
42,waking,emotion,2,0.6620139578266621
42,waking,action,0,0.009564275168955116
42,waking,action,1,5.1364513635819e-05
42,waking,action,2,0.005891880187042611
42,waking,action,3,0.0006894817459707926
42,waking,action,4,0.6434058090113789
42,waking,action,5,0.44094099937566816
43,waking,visual,0,0.0
43,waking,visual,1,0.0
43,waking,visual,2,0.0
43,waking,visual,3,0.0
43,waking,visual,4,0.0
43,waking,visual,5,0.0
43,waking,visual,6,0.0
43,waking,visual,7,0.0
43,waking,visual,8,0.0
43,waking,visual,9,0.0
43,waking,visual,10,0.0
43,waking,visual,11,0.0
43,waking,visual,12,0.0
43,waking,visual,13,0.0
43,waking,visual,14,0.0
43,waking,visual,15,0.5333333333333333
43,waking,visual,16,0.0
43,waking,visual,17,0.0
43,waking,visual,18,0.0
43,waking,visual,19,0.0
43,waking,visual,20,0.36999999999999994
43,waking,visual,21,0.0
43,waking,visual,22,0.0
43,waking,visual,23,0.75
43,waking,visual,24,0.0
43,waking,visual,25,0.0
43,waking,visual,26,0.0
43,waking,visual,27,0.4033333333333333
43,waking,visual,28,0.0
43,waking,visual,29,0.0
43,waking,visual,30,0.0
43,waking,visual,31,0.0
43,waking,visual,32,0.0
43,waking,visual,33,0.0
43,waking,visual,34,0.0
43,waking,visual,35,0.0
43,waking,visual,36,0.0
43,waking,visual,37,0.0
43,waking,visual,38,0.0
43,waking,visual,39,0.0
43,waking,visual,40,0.0
43,waking,visual,41,0.0
43,waking,visual,42,0.0
43,waking,visual,43,0.0
43,waking,visual,44,0.0
43,waking,visual,45,0.0
43,waking,visual,46,0.0
43,waking,visual,47,0.0
43,waking,visual,48,0.0
43,waking,visual,49,0.0
43,waking,visual,50,0.0
43,waking,visual,51,0.0
43,waking,visual,52,0.0
43,waking,visual,53,0.0
43,waking,visual,54,0.0
43,waking,visual,55,0.0
43,waking,visual,56,0.0
43,waking,visual,57,0.0
43,waking,visual,58,0.0
43,waking,visual,59,0.0
43,waking,visual,60,0.0
43,waking,visual,61,0.0
43,waking,visual,62,0.0
43,waking,visual,63,0.0
43,waking,visual,64,0.0
43,waking,visual,65,0.0
43,waking,visual,66,0.0
43,waking,visual,67,0.0
43,waking,visual,68,0.0
43,waking,visual,69,0.0
43,waking,visual,70,0.0
43,waking,visual,71,0.0
43,waking,visual,72,0.0
43,waking,visual,73,0.0
43,waking,visual,74,0.0
43,waking,visual,75,0.0
43,waking,visual,76,0.0
43,waking,visual,77,0.0
43,waking,visual,78,0.0
43,waking,visual,79,0.0
43,waking,visual,80,0.0
43,waking,visual,81,0.75
43,waking,visual,82,0.1
43,waking,visual,83,0.75
43,waking,visual,84,0.0
43,waking,visual,85,0.0
43,waking,visual,86,0.0
43,waking,visual,87,0.0
43,waking,visual,88,0.0
43,waking,visual,89,0.0
43,waking,visual,90,0.0
43,waking,visual,91,0.0
43,waking,visual,92,0.0
43,waking,visual,93,0.0
43,waking,visual,94,0.0
43,waking,visual,95,0.0
43,waking,visual,96,0.95
43,waking,visual,97,0.08
43,waking,visual,98,0.08
43,waking,visual,99,0.0
43,waking,visual,100,0.0
43,waking,visual,101,0.0
43,waking,visual,102,0.0
43,waking,visual,103,0.0
43,waking,visual,104,0.0
43,waking,visual,105,0.65
43,waking,visual,106,0.95
43,waking,visual,107,0.65
43,waking,visual,108,0.0
43,waking,visual,109,0.0
43,waking,visual,110,0.0
43,waking,visual,111,0.0
43,waking,visual,112,0.0
43,waking,visual,113,0.0
43,waking,visual,114,0.0
43,waking,visual,115,0.0
43,waking,visual,116,0.0
43,waking,visual,117,0.08
43,waking,visual,118,0.18
43,waking,visual,119,0.95
43,waking,visual,120,0.0
43,waking,visual,121,0.0
43,waking,visual,122,0.0
43,waking,visual,123,0.0
43,waking,visual,124,0.0
43,waking,visual,125,0.0
43,waking,visual,126,0.0
43,waking,visual,127,0.0
43,waking,visual,128,0.0
43,waking,visual,129,0.0
43,waking,visual,130,0.0
43,waking,visual,131,0.0
43,waking,visual,132,0.0
43,waking,visual,133,0.0
43,waking,visual,134,0.0
43,waking,visual,135,0.0
43,waking,visual,136,0.0
43,waking,visual,137,0.0
43,waking,visual,138,0.0
43,waking,visual,139,0.0
43,waking,visual,140,0.0
43,waking,visual,141,0.0
43,waking,visual,142,0.0
43,waking,visual,143,0.0
43,waking,visual,144,0.0
43,waking,visual,145,0.0
43,waking,visual,146,0.0
43,waking,visual,147,0.0
43,waking,visual,148,0.0
43,waking,visual,149,0.0
43,waking,visual,150,0.0
43,waking,visual,151,0.0
43,waking,visual,152,0.0
43,waking,visual,153,0.0
43,waking,visual,154,0.0
43,waking,visual,155,0.0
43,waking,visual,156,0.0
43,waking,visual,157,0.0
43,waking,visual,158,0.0
43,waking,visual,159,0.0
43,waking,visual,160,0.0
43,waking,visual,161,0.0
43,waking,visual,162,0.0
43,waking,visual,163,0.0
43,waking,visual,164,0.0
43,waking,visual,165,0.0
43,waking,visual,166,0.0
43,waking,visual,167,0.0
43,waking,visual,168,0.0
43,waking,visual,169,0.0
43,waking,visual,170,0.0
43,waking,visual,171,0.0
43,waking,visual,172,0.0
43,waking,visual,173,0.0
43,waking,visual,174,0.0
43,waking,visual,175,0.0
43,waking,visual,176,0.0
43,waking,visual,177,0.0
43,waking,visual,178,0.0
43,waking,visual,179,0.0
43,waking,audio,0,0.2961574904699824
43,waking,audio,1,0.14440673557320788
43,waking,audio,2,0.2574092207561449
43,waking,audio,3,0.18188203661119134
43,waking,audio,4,0.27647365872556073
43,waking,audio,5,0.17287419017946007
43,waking,audio,6,0.27424218451401944
43,waking,audio,7,0.061925654567681815
43,waking,audio,8,0.005948266089424337
43,waking,audio,9,0.002967900008219032
43,waking,audio,10,0.005438051393625798
43,waking,audio,11,0.0031127101326110518
43,waking,audio,12,0.004301561294126288
43,waking,audio,13,0.001883708721186289
43,waking,audio,14,0.002529205800388845
43,waking,audio,15,0.0005711109871845768
43,waking,proprioceptive,0,0.7502133701710916
43,waking,proprioceptive,1,0.6714770553127604
43,waking,proprioceptive,2,0.606666666666667
43,waking,proprioceptive,3,0.78
43,waking,proprioceptive,4,0.0
43,waking,proprioceptive,5,0.9278273933232719
43,waking,prediction,0,0.0
43,waking,prediction,1,0.0
43,waking,prediction,2,0.0
43,waking,prediction,3,3.0564197080806658e-09
43,waking,prediction,4,0.0
43,waking,prediction,5,0.0
43,waking,prediction,6,0.0
43,waking,prediction,7,0.0
43,waking,prediction,8,0.0001022270596648976
43,waking,prediction,9,0.02878637794331788
43,waking,prediction,10,2.6357708837310475e-08
43,waking,prediction,11,3.6986185042600743e-05
43,waking,prediction,12,0.0
43,waking,prediction,13,0.0
43,waking,prediction,14,0.0
43,waking,prediction,15,0.03344050688563588
43,waking,prediction,16,0.0009009909477390491
43,waking,prediction,17,0.01166600372833771
43,waking,prediction,18,0.0
43,waking,prediction,19,0.0
43,waking,prediction,20,0.046603188698822094
43,waking,prediction,21,0.00035393794933781867
43,waking,prediction,22,9.001671697303939e-12
43,waking,prediction,23,0.07912639347798132
43,waking,prediction,24,0.0
43,waking,prediction,25,4.995654191121671e-07
43,waking,prediction,26,4.644429543640332e-05
43,waking,prediction,27,0.038298244552252385
43,waking,prediction,28,0.008071104712215902
43,waking,prediction,29,3.7937333880221925e-05
43,waking,prediction,30,0.0
43,waking,prediction,31,0.0
43,waking,prediction,32,4.815565874297344e-05
43,waking,prediction,33,0.0
43,waking,prediction,34,0.0
43,waking,prediction,35,0.0
43,waking,emotion,0,0.5168448387059581
43,waking,emotion,1,0.2966103658631394
43,waking,emotion,2,0.6931329542132445
43,waking,action,0,0.012425793799116538
43,waking,action,1,0.001029327822976761
43,waking,action,2,0.00274095284608764
43,waking,action,3,0.0028073363349082653
43,waking,action,4,0.6063202360577243
43,waking,action,5,0.49068907807990336
44,waking,visual,0,0.0
44,waking,visual,1,0.0
44,waking,visual,2,0.0
44,waking,visual,3,0.0
44,waking,visual,4,0.0
44,waking,visual,5,0.0
44,waking,visual,6,0.0
44,waking,visual,7,0.0
44,waking,visual,8,0.0
44,waking,visual,9,0.0
44,waking,visual,10,0.0
44,waking,visual,11,0.0
44,waking,visual,12,0.0
44,waking,visual,13,0.0
44,waking,visual,14,0.0
44,waking,visual,15,0.5333333333333333
44,waking,visual,16,0.0
44,waking,visual,17,0.0
44,waking,visual,18,0.0
44,waking,visual,19,0.0
44,waking,visual,20,0.36999999999999994
44,waking,visual,21,0.0
44,waking,visual,22,0.0
44,waking,visual,23,0.75
44,waking,visual,24,0.0
44,waking,visual,25,0.0
44,waking,visual,26,0.0
44,waking,visual,27,0.4033333333333333
44,waking,visual,28,0.0
44,waking,visual,29,0.0
44,waking,visual,30,0.0
44,waking,visual,31,0.0
44,waking,visual,32,0.0
44,waking,visual,33,0.0
44,waking,visual,34,0.0
44,waking,visual,35,0.0
44,waking,visual,36,0.0
44,waking,visual,37,0.0
44,waking,visual,38,0.0
44,waking,visual,39,0.0
44,waking,visual,40,0.0
44,waking,visual,41,0.0
44,waking,visual,42,0.0
44,waking,visual,43,0.0
44,waking,visual,44,0.0
44,waking,visual,45,0.0
44,waking,visual,46,0.0
44,waking,visual,47,0.0
44,waking,visual,48,0.0
44,waking,visual,49,0.0
44,waking,visual,50,0.0
44,waking,visual,51,0.0
44,waking,visual,52,0.0
44,waking,visual,53,0.0
44,waking,visual,54,0.0
44,waking,visual,55,0.0
44,waking,visual,56,0.0
44,waking,visual,57,0.0
44,waking,visual,58,0.0
44,waking,visual,59,0.0
44,waking,visual,60,0.0
44,waking,visual,61,0.0
44,waking,visual,62,0.0
44,waking,visual,63,0.0
44,waking,visual,64,0.0
44,waking,visual,65,0.0
44,waking,visual,66,0.0
44,waking,visual,67,0.0
44,waking,visual,68,0.0
44,waking,visual,69,0.0
44,waking,visual,70,0.0
44,waking,visual,71,0.0
44,waking,visual,72,0.0
44,waking,visual,73,0.0
44,waking,visual,74,0.0
44,waking,visual,75,0.0
44,waking,visual,76,0.0
44,waking,visual,77,0.0
44,waking,visual,78,0.0
44,waking,visual,79,0.0
44,waking,visual,80,0.0
44,waking,visual,81,0.75
44,waking,visual,82,0.1
44,waking,visual,83,0.75
44,waking,visual,84,0.0
44,waking,visual,85,0.0
44,waking,visual,86,0.0
44,waking,visual,87,0.0
44,waking,visual,88,0.0
44,waking,visual,89,0.0
44,waking,visual,90,0.0
44,waking,visual,91,0.0
44,waking,visual,92,0.0
44,waking,visual,93,0.0
44,waking,visual,94,0.0
44,waking,visual,95,0.0
44,waking,visual,96,0.95
44,waking,visual,97,0.08
44,waking,visual,98,0.08
44,waking,visual,99,0.0
44,waking,visual,100,0.0
44,waking,visual,101,0.0
44,waking,visual,102,0.0
44,waking,visual,103,0.0
44,waking,visual,104,0.0
44,waking,visual,105,0.65
44,waking,visual,106,0.95
44,waking,visual,107,0.65
44,waking,visual,108,0.0
44,waking,visual,109,0.0
44,waking,visual,110,0.0
44,waking,visual,111,0.0
44,waking,visual,112,0.0
44,waking,visual,113,0.0
44,waking,visual,114,0.0
44,waking,visual,115,0.0
44,waking,visual,116,0.0
44,waking,visual,117,0.08
44,waking,visual,118,0.18
44,waking,visual,119,0.95
44,waking,visual,120,0.0
44,waking,visual,121,0.0
44,waking,visual,122,0.0
44,waking,visual,123,0.0
44,waking,visual,124,0.0
44,waking,visual,125,0.0
44,waking,visual,126,0.0
44,waking,visual,127,0.0
44,waking,visual,128,0.0
44,waking,visual,129,0.0
44,waking,visual,130,0.0
44,waking,visual,131,0.0
44,waking,visual,132,0.0
44,waking,visual,133,0.0
44,waking,visual,134,0.0
44,waking,visual,135,0.0
44,waking,visual,136,0.0
44,waking,visual,137,0.0
44,waking,visual,138,0.0
44,waking,visual,139,0.0
44,waking,visual,140,0.0
44,waking,visual,141,0.0
44,waking,visual,142,0.0
44,waking,visual,143,0.0
44,waking,visual,144,0.0
44,waking,visual,145,0.0
44,waking,visual,146,0.0
44,waking,visual,147,0.0
44,waking,visual,148,0.0
44,waking,visual,149,0.0
44,waking,visual,150,0.0
44,waking,visual,151,0.0
44,waking,visual,152,0.0
44,waking,visual,153,0.0
44,waking,visual,154,0.0
44,waking,visual,155,0.0
44,waking,visual,156,0.0
44,waking,visual,157,0.0
44,waking,visual,158,0.0
44,waking,visual,159,0.0
44,waking,visual,160,0.0
44,waking,visual,161,0.0
44,waking,visual,162,0.0
44,waking,visual,163,0.0
44,waking,visual,164,0.0
44,waking,visual,165,0.0
44,waking,visual,166,0.0
44,waking,visual,167,0.0
44,waking,visual,168,0.0
44,waking,visual,169,0.0
44,waking,visual,170,0.0
44,waking,visual,171,0.0
44,waking,visual,172,0.0
44,waking,visual,173,0.0
44,waking,visual,174,0.0
44,waking,visual,175,0.0
44,waking,visual,176,0.0
44,waking,visual,177,0.0
44,waking,visual,178,0.0
44,waking,visual,179,0.0
44,waking,audio,0,0.30235415248806563
44,waking,audio,1,0.14748163575213666
44,waking,audio,2,0.2629784329387051
44,waking,audio,3,0.1850483896804816
44,waking,audio,4,0.28084138868287734
44,waking,audio,5,0.17460919282180726
44,waking,audio,6,0.27641982372967194
44,waking,audio,7,0.06241737955186141
44,waking,audio,8,0.006196662018083221
44,waking,audio,9,0.00307490017892878
44,waking,audio,10,0.005569212182560179
44,waking,audio,11,0.003166353069290251
44,waking,audio,12,0.004367729957316602
44,waking,audio,13,0.0017350026423471887
44,waking,audio,14,0.002177639215652505
44,waking,audio,15,0.0004917249841795979
44,waking,proprioceptive,0,0.7357912029113368
44,waking,proprioceptive,1,0.6908235303644071
44,waking,proprioceptive,2,0.6066666666666665
44,waking,proprioceptive,3,0.78
44,waking,proprioceptive,4,0.0
44,waking,proprioceptive,5,0.9654400694235568
44,waking,prediction,0,0.0
44,waking,prediction,1,0.0
44,waking,prediction,2,0.0
44,waking,prediction,3,1.9811169511723686e-09
44,waking,prediction,4,0.0
44,waking,prediction,5,0.0
44,waking,prediction,6,0.0
44,waking,prediction,7,0.0
44,waking,prediction,8,6.545656584629406e-05
44,waking,prediction,9,0.021761623411449046
44,waking,prediction,10,1.601142619289029e-08
44,waking,prediction,11,2.3451002281604938e-05
44,waking,prediction,12,0.0
44,waking,prediction,13,0.0
44,waking,prediction,14,0.0
44,waking,prediction,15,0.04004630707347111
44,waking,prediction,16,0.0009048968460903911
44,waking,prediction,17,0.008408450515581074
44,waking,prediction,18,0.0
44,waking,prediction,19,0.0
44,waking,prediction,20,0.047635481368535404
44,waking,prediction,21,0.0004481718555068089
44,waking,prediction,22,5.301370332960067e-12
44,waking,prediction,23,0.08293271380979574
44,waking,prediction,24,0.0
44,waking,prediction,25,3.228458667400124e-07
44,waking,prediction,26,2.799592124779073e-05
44,waking,prediction,27,0.04088055557697441
44,waking,prediction,28,0.005940816975173573
44,waking,prediction,29,5.5793184958772865e-05
44,waking,prediction,30,0.0
44,waking,prediction,31,0.0
44,waking,prediction,32,8.394893554434444e-05
44,waking,prediction,33,0.0
44,waking,prediction,34,0.0
44,waking,prediction,35,0.0
44,waking,emotion,0,0.5295521824534528
44,waking,emotion,1,0.3032507784135139
44,waking,emotion,2,0.7170082940450504
44,waking,action,0,0.014702142719791096
44,waking,action,1,0.00330269732927201
44,waking,action,2,0.0012735828144492816
44,waking,action,3,0.005608127641616663
44,waking,action,4,0.5608001869865421
44,waking,action,5,0.5421283522154687
45,waking,visual,0,0.0
45,waking,visual,1,0.0
45,waking,visual,2,0.0
45,waking,visual,3,0.0
45,waking,visual,4,0.0
45,waking,visual,5,0.0
45,waking,visual,6,0.0
45,waking,visual,7,0.0
45,waking,visual,8,0.0
45,waking,visual,9,0.0
45,waking,visual,10,0.0
45,waking,visual,11,0.0
45,waking,visual,12,0.0
45,waking,visual,13,0.0
45,waking,visual,14,0.0
45,waking,visual,15,0.5333333333333333
45,waking,visual,16,0.0
45,waking,visual,17,0.0
45,waking,visual,18,0.0
45,waking,visual,19,0.0
45,waking,visual,20,0.36999999999999994
45,waking,visual,21,0.0
45,waking,visual,22,0.75
45,waking,visual,23,0.0
45,waking,visual,24,0.0
45,waking,visual,25,0.0
45,waking,visual,26,0.0
45,waking,visual,27,0.4033333333333333
45,waking,visual,28,0.0
45,waking,visual,29,0.0
45,waking,visual,30,0.0
45,waking,visual,31,0.0
45,waking,visual,32,0.0
45,waking,visual,33,0.0
45,waking,visual,34,0.0
45,waking,visual,35,0.0
45,waking,visual,36,0.0
45,waking,visual,37,0.0
45,waking,visual,38,0.0
45,waking,visual,39,0.0
45,waking,visual,40,0.0
45,waking,visual,41,0.0
45,waking,visual,42,0.0
45,waking,visual,43,0.0
45,waking,visual,44,0.0
45,waking,visual,45,0.0
45,waking,visual,46,0.0
45,waking,visual,47,0.0
45,waking,visual,48,0.0
45,waking,visual,49,0.0
45,waking,visual,50,0.0
45,waking,visual,51,0.0
45,waking,visual,52,0.0
45,waking,visual,53,0.0
45,waking,visual,54,0.0
45,waking,visual,55,0.0
45,waking,visual,56,0.0
45,waking,visual,57,0.0
45,waking,visual,58,0.0
45,waking,visual,59,0.0
45,waking,visual,60,0.0
45,waking,visual,61,0.0
45,waking,visual,62,0.0
45,waking,visual,63,0.0
45,waking,visual,64,0.0
45,waking,visual,65,0.0
45,waking,visual,66,0.0
45,waking,visual,67,0.0
45,waking,visual,68,0.0
45,waking,visual,69,0.0
45,waking,visual,70,0.0
45,waking,visual,71,0.0
45,waking,visual,72,0.0
45,waking,visual,73,0.0
45,waking,visual,74,0.0
45,waking,visual,75,0.0
45,waking,visual,76,0.0
45,waking,visual,77,0.0
45,waking,visual,78,0.0
45,waking,visual,79,0.0
45,waking,visual,80,0.0
45,waking,visual,81,0.75
45,waking,visual,82,0.1
45,waking,visual,83,0.75
45,waking,visual,84,0.0
45,waking,visual,85,0.0
45,waking,visual,86,0.0
45,waking,visual,87,0.0
45,waking,visual,88,0.0
45,waking,visual,89,0.0
45,waking,visual,90,0.0
45,waking,visual,91,0.0
45,waking,visual,92,0.0
45,waking,visual,93,0.0
45,waking,visual,94,0.0
45,waking,visual,95,0.0
45,waking,visual,96,0.95
45,waking,visual,97,0.08
45,waking,visual,98,0.08
45,waking,visual,99,0.0
45,waking,visual,100,0.0
45,waking,visual,101,0.0
45,waking,visual,102,0.65
45,waking,visual,103,0.95
45,waking,visual,104,0.65
45,waking,visual,105,0.0
45,waking,visual,106,0.0
45,waking,visual,107,0.0
45,waking,visual,108,0.0
45,waking,visual,109,0.0
45,waking,visual,110,0.0
45,waking,visual,111,0.0
45,waking,visual,112,0.0
45,waking,visual,113,0.0
45,waking,visual,114,0.0
45,waking,visual,115,0.0
45,waking,visual,116,0.0
45,waking,visual,117,0.08
45,waking,visual,118,0.18
45,waking,visual,119,0.95
45,waking,visual,120,0.0
45,waking,visual,121,0.0
45,waking,visual,122,0.0
45,waking,visual,123,0.0
45,waking,visual,124,0.0
45,waking,visual,125,0.0
45,waking,visual,126,0.0
45,waking,visual,127,0.0
45,waking,visual,128,0.0
45,waking,visual,129,0.0
45,waking,visual,130,0.0
45,waking,visual,131,0.0
45,waking,visual,132,0.0
45,waking,visual,133,0.0
45,waking,visual,134,0.0
45,waking,visual,135,0.0
45,waking,visual,136,0.0
45,waking,visual,137,0.0
45,waking,visual,138,0.0
45,waking,visual,139,0.0
45,waking,visual,140,0.0
45,waking,visual,141,0.0
45,waking,visual,142,0.0
45,waking,visual,143,0.0
45,waking,visual,144,0.0
45,waking,visual,145,0.0
45,waking,visual,146,0.0
45,waking,visual,147,0.0
45,waking,visual,148,0.0
45,waking,visual,149,0.0
45,waking,visual,150,0.0
45,waking,visual,151,0.0
45,waking,visual,152,0.0
45,waking,visual,153,0.0
45,waking,visual,154,0.0
45,waking,visual,155,0.0
45,waking,visual,156,0.0
45,waking,visual,157,0.0
45,waking,visual,158,0.0
45,waking,visual,159,0.0
45,waking,visual,160,0.0
45,waking,visual,161,0.0
45,waking,visual,162,0.0
45,waking,visual,163,0.0
45,waking,visual,164,0.0
45,waking,visual,165,0.0
45,waking,visual,166,0.75
45,waking,visual,167,0.75
45,waking,visual,168,0.0
45,waking,visual,169,0.0
45,waking,visual,170,0.0
45,waking,visual,171,0.0
45,waking,visual,172,0.0
45,waking,visual,173,0.0
45,waking,visual,174,0.0
45,waking,visual,175,0.0
45,waking,visual,176,0.0
45,waking,visual,177,0.0
45,waking,visual,178,0.0
45,waking,visual,179,0.0
45,waking,audio,0,0.3087307460150166
45,waking,audio,1,0.1506340205175009
45,waking,audio,2,0.26864513158082076
45,waking,audio,3,0.1882489778565561
45,waking,audio,4,0.2852481854161098
45,waking,audio,5,0.17615033042375255
45,waking,audio,6,0.27815668740046523
45,waking,audio,7,0.06280957457429862
45,waking,audio,8,0.006376593526950969
45,waking,audio,9,0.0031523847653642523
45,waking,audio,10,0.005666698642115664
45,waking,audio,11,0.0032005881760744925
45,waking,audio,12,0.004406796733232465
45,waking,audio,13,0.0015411376019452971
45,waking,audio,14,0.0017368636707932872
45,waking,audio,15,0.00039219502243720283
45,waking,proprioceptive,0,0.7180889616058775
45,waking,proprioceptive,1,0.7108276925282383
45,waking,proprioceptive,2,0.6066666666666675
45,waking,proprioceptive,3,0.7799999999999999
45,waking,proprioceptive,4,0.0
45,waking,proprioceptive,5,0.9896338913431
45,waking,prediction,0,0.0
45,waking,prediction,1,0.0
45,waking,prediction,2,0.0
45,waking,prediction,3,1.2846317199704882e-09
45,waking,prediction,4,0.0
45,waking,prediction,5,0.0
45,waking,prediction,6,0.0
45,waking,prediction,7,0.0
45,waking,prediction,8,4.194687447302565e-05
45,waking,prediction,9,0.01618911009422756
45,waking,prediction,10,9.718151732126757e-09
45,waking,prediction,11,1.4875060104389243e-05
45,waking,prediction,12,0.0
45,waking,prediction,13,0.0
45,waking,prediction,14,0.0
45,waking,prediction,15,0.04532931064829926
45,waking,prediction,16,0.000901182673989035
45,waking,prediction,17,0.006028801242706188
45,waking,prediction,18,0.0
45,waking,prediction,19,0.0
45,waking,prediction,20,0.048514520329826095
45,waking,prediction,21,0.0005496797189439069
45,waking,prediction,22,0.006469696020827733
45,waking,prediction,23,0.0752013128189481
45,waking,prediction,24,0.0
45,waking,prediction,25,2.087768822782229e-07
45,waking,prediction,26,1.686124678252515e-05
45,waking,prediction,27,0.04289454758156979
45,waking,prediction,28,0.004393764986631547
45,waking,prediction,29,6.658267948206529e-05
45,waking,prediction,30,0.0
45,waking,prediction,31,0.0
45,waking,prediction,32,0.00011828182776718066
45,waking,prediction,33,0.0
45,waking,prediction,34,0.0
45,waking,prediction,35,0.0
45,waking,emotion,0,0.5463355889721095
45,waking,emotion,1,0.30884896193417366
45,waking,emotion,2,0.7376196892971559
45,waking,action,0,0.01619629010601924
45,waking,action,1,0.006203400720517492
45,waking,action,2,0.000591209993130389
45,waking,action,3,0.00855830572732584
45,waking,action,4,0.5036068908284648
45,waking,action,5,0.5956341994127661
46,waking,visual,0,0.0
46,waking,visual,1,0.0
46,waking,visual,2,0.0
46,waking,visual,3,0.0
46,waking,visual,4,0.0
46,waking,visual,5,0.0
46,waking,visual,6,0.0
46,waking,visual,7,0.0
46,waking,visual,8,0.0
46,waking,visual,9,0.0
46,waking,visual,10,0.0
46,waking,visual,11,0.0
46,waking,visual,12,0.0
46,waking,visual,13,0.0
46,waking,visual,14,0.0
46,waking,visual,15,0.5333333333333333
46,waking,visual,16,0.0
46,waking,visual,17,0.0
46,waking,visual,18,0.0
46,waking,visual,19,0.0
46,waking,visual,20,0.36999999999999994
46,waking,visual,21,0.0
46,waking,visual,22,0.75
46,waking,visual,23,0.0
46,waking,visual,24,0.0
46,waking,visual,25,0.0
46,waking,visual,26,0.0
46,waking,visual,27,0.4033333333333333
46,waking,visual,28,0.0
46,waking,visual,29,0.0
46,waking,visual,30,0.0
46,waking,visual,31,0.0
46,waking,visual,32,0.0
46,waking,visual,33,0.0
46,waking,visual,34,0.0
46,waking,visual,35,0.0
46,waking,visual,36,0.0
46,waking,visual,37,0.0
46,waking,visual,38,0.0
46,waking,visual,39,0.0
46,waking,visual,40,0.0
46,waking,visual,41,0.0
46,waking,visual,42,0.0
46,waking,visual,43,0.0
46,waking,visual,44,0.0
46,waking,visual,45,0.0
46,waking,visual,46,0.0
46,waking,visual,47,0.0
46,waking,visual,48,0.0
46,waking,visual,49,0.0
46,waking,visual,50,0.0
46,waking,visual,51,0.0
46,waking,visual,52,0.0
46,waking,visual,53,0.0
46,waking,visual,54,0.0
46,waking,visual,55,0.0
46,waking,visual,56,0.0
46,waking,visual,57,0.0
46,waking,visual,58,0.0
46,waking,visual,59,0.0
46,waking,visual,60,0.0
46,waking,visual,61,0.0
46,waking,visual,62,0.0
46,waking,visual,63,0.0
46,waking,visual,64,0.0
46,waking,visual,65,0.0
46,waking,visual,66,0.0
46,waking,visual,67,0.0
46,waking,visual,68,0.0
46,waking,visual,69,0.0
46,waking,visual,70,0.0
46,waking,visual,71,0.0
46,waking,visual,72,0.0
46,waking,visual,73,0.0
46,waking,visual,74,0.0
46,waking,visual,75,0.0
46,waking,visual,76,0.0
46,waking,visual,77,0.0
46,waking,visual,78,0.0
46,waking,visual,79,0.0
46,waking,visual,80,0.0
46,waking,visual,81,0.75
46,waking,visual,82,0.1
46,waking,visual,83,0.75
46,waking,visual,84,0.0
46,waking,visual,85,0.0
46,waking,visual,86,0.0
46,waking,visual,87,0.0
46,waking,visual,88,0.0
46,waking,visual,89,0.0
46,waking,visual,90,0.0
46,waking,visual,91,0.0
46,waking,visual,92,0.0
46,waking,visual,93,0.0
46,waking,visual,94,0.0
46,waking,visual,95,0.0
46,waking,visual,96,0.95
46,waking,visual,97,0.08
46,waking,visual,98,0.08
46,waking,visual,99,0.0
46,waking,visual,100,0.0
46,waking,visual,101,0.0
46,waking,visual,102,0.65
46,waking,visual,103,0.95
46,waking,visual,104,0.65
46,waking,visual,105,0.0
46,waking,visual,106,0.0
46,waking,visual,107,0.0
46,waking,visual,108,0.0
46,waking,visual,109,0.0
46,waking,visual,110,0.0
46,waking,visual,111,0.0
46,waking,visual,112,0.0
46,waking,visual,113,0.0
46,waking,visual,114,0.0
46,waking,visual,115,0.0
46,waking,visual,116,0.0
46,waking,visual,117,0.08
46,waking,visual,118,0.18
46,waking,visual,119,0.95
46,waking,visual,120,0.0
46,waking,visual,121,0.0
46,waking,visual,122,0.0
46,waking,visual,123,0.0
46,waking,visual,124,0.0
46,waking,visual,125,0.0
46,waking,visual,126,0.0
46,waking,visual,127,0.0
46,waking,visual,128,0.0
46,waking,visual,129,0.0
46,waking,visual,130,0.0
46,waking,visual,131,0.0
46,waking,visual,132,0.0
46,waking,visual,133,0.0
46,waking,visual,134,0.0
46,waking,visual,135,0.0
46,waking,visual,136,0.0
46,waking,visual,137,0.0
46,waking,visual,138,0.0
46,waking,visual,139,0.0
46,waking,visual,140,0.0
46,waking,visual,141,0.0
46,waking,visual,142,0.0
46,waking,visual,143,0.0
46,waking,visual,144,0.0
46,waking,visual,145,0.0
46,waking,visual,146,0.0
46,waking,visual,147,0.0
46,waking,visual,148,0.0
46,waking,visual,149,0.0
46,waking,visual,150,0.0
46,waking,visual,151,0.0
46,waking,visual,152,0.0
46,waking,visual,153,0.0
46,waking,visual,154,0.0
46,waking,visual,155,0.0
46,waking,visual,156,0.0
46,waking,visual,157,0.0
46,waking,visual,158,0.0
46,waking,visual,159,0.0
46,waking,visual,160,0.0
46,waking,visual,161,0.0
46,waking,visual,162,0.0
46,waking,visual,163,0.0
46,waking,visual,164,0.0
46,waking,visual,165,0.0
46,waking,visual,166,0.0
46,waking,visual,167,0.0
46,waking,visual,168,0.0
46,waking,visual,169,0.0
46,waking,visual,170,0.0
46,waking,visual,171,0.0
46,waking,visual,172,0.0
46,waking,visual,173,0.0
46,waking,visual,174,0.0
46,waking,visual,175,0.0
46,waking,visual,176,0.0
46,waking,visual,177,0.0
46,waking,visual,178,0.0
46,waking,visual,179,0.0
46,waking,audio,0,0.31516304295091535
46,waking,audio,1,0.15381120464712916
46,waking,audio,2,0.27435254688610855
46,waking,audio,3,0.19145232118787114
46,waking,audio,4,0.28965025281846385
46,waking,audio,5,0.1774396856202819
46,waking,audio,6,0.27934175677271683
46,waking,audio,7,0.06307717088416187
46,waking,audio,8,0.006432296935898751
46,waking,audio,9,0.003177184129628252
46,waking,audio,10,0.0057074153052877885
46,waking,audio,11,0.003203343331315056
46,waking,audio,12,0.0044020674023540485
46,waking,audio,13,0.0012893551965293404
46,waking,audio,14,0.0011850693722516015
46,waking,audio,15,0.000267596309863255
46,waking,proprioceptive,0,0.6958471242110694
46,waking,proprioceptive,1,0.7316355219938534
46,waking,proprioceptive,2,0.6066666666666665
46,waking,proprioceptive,3,0.78
46,waking,proprioceptive,4,0.0
46,waking,proprioceptive,5,0.9997113399172639
46,waking,prediction,0,0.0
46,waking,prediction,1,0.0
46,waking,prediction,2,0.0
46,waking,prediction,3,8.334640312958946e-10
46,waking,prediction,4,0.0
46,waking,prediction,5,0.0
46,waking,prediction,6,0.0
46,waking,prediction,7,0.0
46,waking,prediction,8,2.6907457036300283e-05
46,waking,prediction,9,0.011888211802294518
46,waking,prediction,10,5.894890420063833e-09
46,waking,prediction,11,9.44063912457304e-06
46,waking,prediction,12,0.0
46,waking,prediction,13,0.0
46,waking,prediction,14,0.0
46,waking,prediction,15,0.049494258298173326
46,waking,prediction,16,0.000883334638567946
46,waking,prediction,17,0.004296015138630745
46,waking,prediction,18,0.0
46,waking,prediction,19,0.0
46,waking,prediction,20,0.04927038445399207
46,waking,prediction,21,0.0006709442806107406
46,waking,prediction,22,0.016999241018247097
46,waking,prediction,23,0.06323095280200902
46,waking,prediction,24,0.0
46,waking,prediction,25,1.3507387530342026e-07
46,waking,prediction,26,1.0149014914649713e-05
46,waking,prediction,27,0.04449506086265024
46,waking,prediction,28,0.0032736373116931793
46,waking,prediction,29,6.41898500374045e-05
46,waking,prediction,30,0.0
46,waking,prediction,31,0.0
46,waking,prediction,32,0.0001490489257931316
46,waking,prediction,33,0.0
46,waking,prediction,34,0.0
46,waking,prediction,35,0.0
46,waking,emotion,0,0.548842375259363
46,waking,emotion,1,0.31205187336891393
46,waking,emotion,2,0.7487893540505158
46,waking,action,0,0.01680540484791303
46,waking,action,1,0.009236909236648747
46,waking,action,2,0.0002742613936518271
46,waking,action,3,0.011278596881232818
46,waking,action,4,0.4308915829310943
46,waking,action,5,0.6501787783057333
47,waking,visual,0,0.0
47,waking,visual,1,0.0
47,waking,visual,2,0.0
47,waking,visual,3,0.0
47,waking,visual,4,0.0
47,waking,visual,5,0.0
47,waking,visual,6,0.0
47,waking,visual,7,0.0
47,waking,visual,8,0.0
47,waking,visual,9,0.0
47,waking,visual,10,0.0
47,waking,visual,11,0.0
47,waking,visual,12,0.0
47,waking,visual,13,0.0
47,waking,visual,14,0.0
47,waking,visual,15,0.5333333333333333
47,waking,visual,16,0.0
47,waking,visual,17,0.0
47,waking,visual,18,0.0
47,waking,visual,19,0.0
47,waking,visual,20,0.36999999999999994
47,waking,visual,21,0.0
47,waking,visual,22,0.75
47,waking,visual,23,0.0
47,waking,visual,24,0.0
47,waking,visual,25,0.0
47,waking,visual,26,0.0
47,waking,visual,27,0.4033333333333333
47,waking,visual,28,0.0
47,waking,visual,29,0.0
47,waking,visual,30,0.0
47,waking,visual,31,0.0
47,waking,visual,32,0.0
47,waking,visual,33,0.0
47,waking,visual,34,0.0
47,waking,visual,35,0.0
47,waking,visual,36,0.0
47,waking,visual,37,0.0
47,waking,visual,38,0.0
47,waking,visual,39,0.0
47,waking,visual,40,0.0
47,waking,visual,41,0.0
47,waking,visual,42,0.0
47,waking,visual,43,0.0
47,waking,visual,44,0.0
47,waking,visual,45,0.0
47,waking,visual,46,0.0
47,waking,visual,47,0.0
47,waking,visual,48,0.0
47,waking,visual,49,0.0
47,waking,visual,50,0.0
47,waking,visual,51,0.0
47,waking,visual,52,0.0
47,waking,visual,53,0.0
47,waking,visual,54,0.0
47,waking,visual,55,0.0
47,waking,visual,56,0.0
47,waking,visual,57,0.0
47,waking,visual,58,0.0
47,waking,visual,59,0.0
47,waking,visual,60,0.0
47,waking,visual,61,0.0
47,waking,visual,62,0.0
47,waking,visual,63,0.0
47,waking,visual,64,0.0
47,waking,visual,65,0.0
47,waking,visual,66,0.0
47,waking,visual,67,0.0
47,waking,visual,68,0.0
47,waking,visual,69,0.0
47,waking,visual,70,0.0
47,waking,visual,71,0.0
47,waking,visual,72,0.0
47,waking,visual,73,0.0
47,waking,visual,74,0.0
47,waking,visual,75,0.0
47,waking,visual,76,0.0
47,waking,visual,77,0.0
47,waking,visual,78,0.0
47,waking,visual,79,0.0
47,waking,visual,80,0.0
47,waking,visual,81,0.75
47,waking,visual,82,0.1
47,waking,visual,83,0.75
47,waking,visual,84,0.0
47,waking,visual,85,0.0
47,waking,visual,86,0.0
47,waking,visual,87,0.0
47,waking,visual,88,0.0
47,waking,visual,89,0.0
47,waking,visual,90,0.0
47,waking,visual,91,0.0
47,waking,visual,92,0.0
47,waking,visual,93,0.0
47,waking,visual,94,0.0
47,waking,visual,95,0.0
47,waking,visual,96,0.95
47,waking,visual,97,0.08
47,waking,visual,98,0.08
47,waking,visual,99,0.0
47,waking,visual,100,0.0
47,waking,visual,101,0.0
47,waking,visual,102,0.65
47,waking,visual,103,0.95
47,waking,visual,104,0.65
47,waking,visual,105,0.0
47,waking,visual,106,0.0
47,waking,visual,107,0.0
47,waking,visual,108,0.0
47,waking,visual,109,0.0
47,waking,visual,110,0.0
47,waking,visual,111,0.0
47,waking,visual,112,0.0
47,waking,visual,113,0.0
47,waking,visual,114,0.0
47,waking,visual,115,0.0
47,waking,visual,116,0.0
47,waking,visual,117,0.08
47,waking,visual,118,0.18
47,waking,visual,119,0.95
47,waking,visual,120,0.0
47,waking,visual,121,0.0
47,waking,visual,122,0.0
47,waking,visual,123,0.0
47,waking,visual,124,0.0
47,waking,visual,125,0.0
47,waking,visual,126,0.0
47,waking,visual,127,0.0
47,waking,visual,128,0.0
47,waking,visual,129,0.0
47,waking,visual,130,0.0
47,waking,visual,131,0.0
47,waking,visual,132,0.0
47,waking,visual,133,0.0
47,waking,visual,134,0.0
47,waking,visual,135,0.0
47,waking,visual,136,0.0
47,waking,visual,137,0.0
47,waking,visual,138,0.0
47,waking,visual,139,0.0
47,waking,visual,140,0.0
47,waking,visual,141,0.0
47,waking,visual,142,0.0
47,waking,visual,143,0.0
47,waking,visual,144,0.0
47,waking,visual,145,0.0
47,waking,visual,146,0.0
47,waking,visual,147,0.0
47,waking,visual,148,0.0
47,waking,visual,149,0.0
47,waking,visual,150,0.0
47,waking,visual,151,0.0
47,waking,visual,152,0.0
47,waking,visual,153,0.0
47,waking,visual,154,0.0
47,waking,visual,155,0.0
47,waking,visual,156,0.0
47,waking,visual,157,0.0
47,waking,visual,158,0.0
47,waking,visual,159,0.0
47,waking,visual,160,0.0
47,waking,visual,161,0.0
47,waking,visual,162,0.0
47,waking,visual,163,0.0
47,waking,visual,164,0.0
47,waking,visual,165,0.0
47,waking,visual,166,0.0
47,waking,visual,167,0.0
47,waking,visual,168,0.0
47,waking,visual,169,0.0
47,waking,visual,170,0.0
47,waking,visual,171,0.0
47,waking,visual,172,0.0
47,waking,visual,173,0.0
47,waking,visual,174,0.0
47,waking,visual,175,0.0
47,waking,visual,176,0.0
47,waking,visual,177,0.0
47,waking,visual,178,0.0
47,waking,visual,179,0.0
47,waking,audio,0,0.32143713838800764
47,waking,audio,1,0.15692397117069964
47,waking,audio,2,0.28001051965955015
47,waking,audio,3,0.19460914677477562
47,waking,audio,4,0.2939784553692323
47,waking,audio,5,0.17840706926705394
47,waking,audio,6,0.27984659736991296
47,waking,audio,7,0.06319116714804486
47,waking,audio,8,0.006274095437092286
47,waking,audio,9,0.0031127665235704816
47,waking,audio,10,0.0056579727734416
47,waking,audio,11,0.0031568255869044715
47,waking,audio,12,0.004328202550768434
47,waking,audio,13,0.0009673836467720409
47,waking,audio,14,0.0005048405971961323
47,waking,audio,15,0.00011399626388299
47,waking,proprioceptive,0,0.6675689489176473
47,waking,proprioceptive,1,0.7528473026744511
47,waking,proprioceptive,2,0.6066666666666651
47,waking,proprioceptive,3,0.78
47,waking,proprioceptive,4,0.0
47,waking,proprioceptive,5,0.9953818776057417
47,waking,prediction,0,0.0
47,waking,prediction,1,0.0
47,waking,prediction,2,0.0
47,waking,prediction,3,5.40780288000553e-10
47,waking,prediction,4,0.0
47,waking,prediction,5,0.0
47,waking,prediction,6,0.0
47,waking,prediction,7,0.0
47,waking,prediction,8,1.7264032071758802e-05
47,waking,prediction,9,0.008634802813673523
47,waking,prediction,10,3.5740681613241953e-09
47,waking,prediction,11,5.991981190317872e-06
47,waking,prediction,12,0.0
47,waking,prediction,13,0.0
47,waking,prediction,14,0.0
47,waking,prediction,15,0.05272449401684626
47,waking,prediction,16,0.0008565405977795593
47,waking,prediction,17,0.0030408950848517047
47,waking,prediction,18,0.0
47,waking,prediction,19,0.0
47,waking,prediction,20,0.049881720622833005
47,waking,prediction,21,0.0008075292788377184
47,waking,prediction,22,0.027416588858477794
47,waking,prediction,23,0.05072827149437022
47,waking,prediction,24,0.0
47,waking,prediction,25,8.742154971816872e-08
47,waking,prediction,26,6.105958115026382e-06
47,waking,prediction,27,0.04576068450373683
47,waking,prediction,28,0.0024656163538412756
47,waking,prediction,29,5.3165529847882654e-05
47,waking,prediction,30,0.0
47,waking,prediction,31,0.0
47,waking,prediction,32,0.00017549712253348115
47,waking,prediction,33,0.0
47,waking,prediction,34,0.0
47,waking,prediction,35,0.0
47,waking,emotion,0,0.5500290209634136
47,waking,emotion,1,0.31407517521096434
47,waking,emotion,2,0.7551943864225591
47,waking,action,0,0.01645342988112681
47,waking,action,1,0.012026816871630128
47,waking,action,2,0.00012716249873865264
47,waking,action,3,0.013464204583608603
47,waking,action,4,0.33869886365639706
47,waking,action,5,0.702625846206831
48,waking,visual,0,0.0
48,waking,visual,1,0.0
48,waking,visual,2,0.0
48,waking,visual,3,0.0
48,waking,visual,4,0.0
48,waking,visual,5,0.0
48,waking,visual,6,0.0
48,waking,visual,7,0.0
48,waking,visual,8,0.0
48,waking,visual,9,0.0
48,waking,visual,10,0.0
48,waking,visual,11,0.0
48,waking,visual,12,0.0
48,waking,visual,13,0.0
48,waking,visual,14,0.0
48,waking,visual,15,0.5333333333333333
48,waking,visual,16,0.0
48,waking,visual,17,0.0
48,waking,visual,18,0.0
48,waking,visual,19,0.0
48,waking,visual,20,0.36999999999999994
48,waking,visual,21,0.0
48,waking,visual,22,0.75
48,waking,visual,23,0.0
48,waking,visual,24,0.0
48,waking,visual,25,0.0
48,waking,visual,26,0.0
48,waking,visual,27,0.4033333333333333
48,waking,visual,28,0.0
48,waking,visual,29,0.0
48,waking,visual,30,0.0
48,waking,visual,31,0.0
48,waking,visual,32,0.0
48,waking,visual,33,0.0
48,waking,visual,34,0.0
48,waking,visual,35,0.0
48,waking,visual,36,0.0
48,waking,visual,37,0.0
48,waking,visual,38,0.0
48,waking,visual,39,0.0
48,waking,visual,40,0.0
48,waking,visual,41,0.0
48,waking,visual,42,0.0
48,waking,visual,43,0.0
48,waking,visual,44,0.0
48,waking,visual,45,0.0
48,waking,visual,46,0.0
48,waking,visual,47,0.0
48,waking,visual,48,0.0
48,waking,visual,49,0.0
48,waking,visual,50,0.0
48,waking,visual,51,0.0
48,waking,visual,52,0.0
48,waking,visual,53,0.0
48,waking,visual,54,0.0
48,waking,visual,55,0.0
48,waking,visual,56,0.0
48,waking,visual,57,0.0
48,waking,visual,58,0.0
48,waking,visual,59,0.0
48,waking,visual,60,0.0
48,waking,visual,61,0.0
48,waking,visual,62,0.0
48,waking,visual,63,0.0
48,waking,visual,64,0.0
48,waking,visual,65,0.0
48,waking,visual,66,0.0
48,waking,visual,67,0.0
48,waking,visual,68,0.0
48,waking,visual,69,0.0
48,waking,visual,70,0.0
48,waking,visual,71,0.0
48,waking,visual,72,0.0
48,waking,visual,73,0.0
48,waking,visual,74,0.0
48,waking,visual,75,0.0
48,waking,visual,76,0.0
48,waking,visual,77,0.0
48,waking,visual,78,0.0
48,waking,visual,79,0.0
48,waking,visual,80,0.0
48,waking,visual,81,0.75
48,waking,visual,82,0.1
48,waking,visual,83,0.75
48,waking,visual,84,0.0
48,waking,visual,85,0.0
48,waking,visual,86,0.0
48,waking,visual,87,0.0
48,waking,visual,88,0.0
48,waking,visual,89,0.0
48,waking,visual,90,0.0
48,waking,visual,91,0.0
48,waking,visual,92,0.0
48,waking,visual,93,0.0
48,waking,visual,94,0.0
48,waking,visual,95,0.0
48,waking,visual,96,0.95
48,waking,visual,97,0.08
48,waking,visual,98,0.08
48,waking,visual,99,0.0
48,waking,visual,100,0.0
48,waking,visual,101,0.0
48,waking,visual,102,0.65
48,waking,visual,103,0.95
48,waking,visual,104,0.65
48,waking,visual,105,0.0
48,waking,visual,106,0.0
48,waking,visual,107,0.0
48,waking,visual,108,0.0
48,waking,visual,109,0.0
48,waking,visual,110,0.0
48,waking,visual,111,0.0
48,waking,visual,112,0.0
48,waking,visual,113,0.0
48,waking,visual,114,0.0
48,waking,visual,115,0.0
48,waking,visual,116,0.0
48,waking,visual,117,0.08
48,waking,visual,118,0.18
48,waking,visual,119,0.95
48,waking,visual,120,0.0
48,waking,visual,121,0.0
48,waking,visual,122,0.0
48,waking,visual,123,0.0
48,waking,visual,124,0.0
48,waking,visual,125,0.0
48,waking,visual,126,0.0
48,waking,visual,127,0.0
48,waking,visual,128,0.0
48,waking,visual,129,0.0
48,waking,visual,130,0.0
48,waking,visual,131,0.0
48,waking,visual,132,0.0
48,waking,visual,133,0.0
48,waking,visual,134,0.0
48,waking,visual,135,0.0
48,waking,visual,136,0.0
48,waking,visual,137,0.0
48,waking,visual,138,0.0
48,waking,visual,139,0.0
48,waking,visual,140,0.0
48,waking,visual,141,0.0
48,waking,visual,142,0.0
48,waking,visual,143,0.0
48,waking,visual,144,0.0
48,waking,visual,145,0.0
48,waking,visual,146,0.0
48,waking,visual,147,0.0
48,waking,visual,148,0.0
48,waking,visual,149,0.0
48,waking,visual,150,0.0
48,waking,visual,151,0.0
48,waking,visual,152,0.0
48,waking,visual,153,0.0
48,waking,visual,154,0.0
48,waking,visual,155,0.0
48,waking,visual,156,0.0
48,waking,visual,157,0.0
48,waking,visual,158,0.0
48,waking,visual,159,0.0
48,waking,visual,160,0.0
48,waking,visual,161,0.0
48,waking,visual,162,0.0
48,waking,visual,163,0.0
48,waking,visual,164,0.0
48,waking,visual,165,0.0
48,waking,visual,166,0.0
48,waking,visual,167,0.0
48,waking,visual,168,0.0
48,waking,visual,169,0.0
48,waking,visual,170,0.0
48,waking,visual,171,0.0
48,waking,visual,172,0.0
48,waking,visual,173,0.0
48,waking,visual,174,0.0
48,waking,visual,175,0.0
48,waking,visual,176,0.0
48,waking,visual,177,0.0
48,waking,visual,178,0.0
48,waking,visual,179,0.0
48,waking,audio,0,0.3272111746609546
48,waking,audio,1,0.15983175803711977
48,waking,audio,2,0.28548515121245027
48,waking,audio,3,0.19764626760502324
48,waking,audio,4,0.29812858088288796
48,waking,audio,5,0.178974526927471
48,waking,audio,6,0.2795390659811985
48,waking,audio,7,0.06312172457639967
48,waking,audio,8,0.005774036272946981
48,waking,audio,9,0.0029077868664201256
48,waking,audio,10,0.005474631552900122
48,waking,audio,11,0.003037120830247625
48,waking,audio,12,0.004150125513655678
48,waking,audio,13,0.0005674576604170756
48,waking,audio,14,0.00030753138871447705
48,waking,audio,15,6.944257164519241e-05
48,waking,proprioceptive,0,0.6317162247552655
48,waking,proprioceptive,1,0.77324338463599
48,waking,proprioceptive,2,0.6066666666666669
48,waking,proprioceptive,3,0.78
48,waking,proprioceptive,4,0.0
48,waking,proprioceptive,5,0.9767703248252871
48,waking,prediction,0,0.0
48,waking,prediction,1,0.0
48,waking,prediction,2,0.0
48,waking,prediction,3,3.508873642158171e-10
48,waking,prediction,4,0.0
48,waking,prediction,5,0.0
48,waking,prediction,6,0.0
48,waking,prediction,7,0.0
48,waking,prediction,8,1.1077975786250706e-05
48,waking,prediction,9,0.006210547447041929
48,waking,prediction,10,2.1663617477433174e-09
48,waking,prediction,11,3.803230750650963e-06
48,waking,prediction,12,0.0
48,waking,prediction,13,0.0
48,waking,prediction,14,0.0
48,waking,prediction,15,0.0552072013257225
48,waking,prediction,16,0.0008238366999537628
48,waking,prediction,17,0.0021523041448092933
48,waking,prediction,18,0.0
48,waking,prediction,19,0.0
48,waking,prediction,20,0.0503641226068912
48,waking,prediction,21,0.0009461364661953245
48,waking,prediction,22,0.03622708050251157
48,waking,prediction,23,0.03941734919129733
48,waking,prediction,24,0.0
48,waking,prediction,25,5.659293314917459e-08
48,waking,prediction,26,3.672528760462552e-06
48,waking,prediction,27,0.04676251943600866
48,waking,prediction,28,0.0018838532547224304
48,waking,prediction,29,3.809588754342304e-05
48,waking,prediction,30,0.0
48,waking,prediction,31,0.0
48,waking,prediction,32,0.0001977188735394714
48,waking,prediction,33,0.0
48,waking,prediction,34,0.0
48,waking,prediction,35,0.0
48,waking,emotion,0,0.5499364023640942
48,waking,emotion,1,0.31501893385710716
48,waking,emotion,2,0.7568996416788847
48,waking,action,0,0.015173956291627964
48,waking,action,1,0.014285790072169409
48,waking,action,2,5.894144753957405e-05
48,waking,action,3,0.014921283088564876
48,waking,action,4,0.21605859098285993
48,waking,action,5,0.7193287148647609
49,waking,visual,0,0.0
49,waking,visual,1,0.0
49,waking,visual,2,0.0
49,waking,visual,3,0.0
49,waking,visual,4,0.0
49,waking,visual,5,0.0
49,waking,visual,6,0.0
49,waking,visual,7,0.0
49,waking,visual,8,0.0
49,waking,visual,9,0.0
49,waking,visual,10,0.0
49,waking,visual,11,0.0
49,waking,visual,12,0.0
49,waking,visual,13,0.0
49,waking,visual,14,0.0
49,waking,visual,15,0.5333333333333333
49,waking,visual,16,0.0
49,waking,visual,17,0.0
49,waking,visual,18,0.0
49,waking,visual,19,0.0
49,waking,visual,20,0.36999999999999994
49,waking,visual,21,0.0
49,waking,visual,22,0.75
49,waking,visual,23,0.0
49,waking,visual,24,0.0
49,waking,visual,25,0.0
49,waking,visual,26,0.0
49,waking,visual,27,0.4033333333333333
49,waking,visual,28,0.0
49,waking,visual,29,0.0
49,waking,visual,30,0.0
49,waking,visual,31,0.0
49,waking,visual,32,0.0
49,waking,visual,33,0.0
49,waking,visual,34,0.0
49,waking,visual,35,0.0
49,waking,visual,36,0.0
49,waking,visual,37,0.0
49,waking,visual,38,0.0
49,waking,visual,39,0.0
49,waking,visual,40,0.0
49,waking,visual,41,0.0
49,waking,visual,42,0.0
49,waking,visual,43,0.0
49,waking,visual,44,0.0
49,waking,visual,45,0.0
49,waking,visual,46,0.0
49,waking,visual,47,0.0
49,waking,visual,48,0.0
49,waking,visual,49,0.0
49,waking,visual,50,0.0
49,waking,visual,51,0.0
49,waking,visual,52,0.0
49,waking,visual,53,0.0
49,waking,visual,54,0.0
49,waking,visual,55,0.0
49,waking,visual,56,0.0
49,waking,visual,57,0.0
49,waking,visual,58,0.0
49,waking,visual,59,0.0
49,waking,visual,60,0.0
49,waking,visual,61,0.0
49,waking,visual,62,0.0
49,waking,visual,63,0.0
49,waking,visual,64,0.0
49,waking,visual,65,0.0
49,waking,visual,66,0.0
49,waking,visual,67,0.0
49,waking,visual,68,0.0
49,waking,visual,69,0.0
49,waking,visual,70,0.0
49,waking,visual,71,0.0
49,waking,visual,72,0.0
49,waking,visual,73,0.0
49,waking,visual,74,0.0
49,waking,visual,75,0.0
49,waking,visual,76,0.0
49,waking,visual,77,0.0
49,waking,visual,78,0.0
49,waking,visual,79,0.0
49,waking,visual,80,0.0
49,waking,visual,81,0.75
49,waking,visual,82,0.1
49,waking,visual,83,0.75
49,waking,visual,84,0.0
49,waking,visual,85,0.0
49,waking,visual,86,0.0
49,waking,visual,87,0.0
49,waking,visual,88,0.0
49,waking,visual,89,0.0
49,waking,visual,90,0.0
49,waking,visual,91,0.0
49,waking,visual,92,0.0
49,waking,visual,93,0.0
49,waking,visual,94,0.0
49,waking,visual,95,0.0
49,waking,visual,96,0.95
49,waking,visual,97,0.08
49,waking,visual,98,0.08
49,waking,visual,99,0.0
49,waking,visual,100,0.0
49,waking,visual,101,0.0
49,waking,visual,102,0.65
49,waking,visual,103,0.95
49,waking,visual,104,0.65
49,waking,visual,105,0.0
49,waking,visual,106,0.0
49,waking,visual,107,0.0
49,waking,visual,108,0.0
49,waking,visual,109,0.0
49,waking,visual,110,0.0
49,waking,visual,111,0.0
49,waking,visual,112,0.0
49,waking,visual,113,0.0
49,waking,visual,114,0.0
49,waking,visual,115,0.0
49,waking,visual,116,0.0
49,waking,visual,117,0.08
49,waking,visual,118,0.18
49,waking,visual,119,0.95
49,waking,visual,120,0.0
49,waking,visual,121,0.0
49,waking,visual,122,0.0
49,waking,visual,123,0.0
49,waking,visual,124,0.0
49,waking,visual,125,0.0
49,waking,visual,126,0.0
49,waking,visual,127,0.0
49,waking,visual,128,0.0
49,waking,visual,129,0.0
49,waking,visual,130,0.0
49,waking,visual,131,0.0
49,waking,visual,132,0.0
49,waking,visual,133,0.0
49,waking,visual,134,0.0
49,waking,visual,135,0.0
49,waking,visual,136,0.0
49,waking,visual,137,0.0
49,waking,visual,138,0.0
49,waking,visual,139,0.0
49,waking,visual,140,0.0
49,waking,visual,141,0.0
49,waking,visual,142,0.0
49,waking,visual,143,0.0
49,waking,visual,144,0.0
49,waking,visual,145,0.0
49,waking,visual,146,0.0
49,waking,visual,147,0.0
49,waking,visual,148,0.0
49,waking,visual,149,0.0
49,waking,visual,150,0.0
49,waking,visual,151,0.0
49,waking,visual,152,0.0
49,waking,visual,153,0.0
49,waking,visual,154,0.0
49,waking,visual,155,0.0
49,waking,visual,156,0.0
49,waking,visual,157,0.0
49,waking,visual,158,0.0
49,waking,visual,159,0.0
49,waking,visual,160,0.0
49,waking,visual,161,0.0
49,waking,visual,162,0.0
49,waking,visual,163,0.0
49,waking,visual,164,0.0
49,waking,visual,165,0.0
49,waking,visual,166,0.0
49,waking,visual,167,0.0
49,waking,visual,168,0.0
49,waking,visual,169,0.0
49,waking,visual,170,0.0
49,waking,visual,171,0.0
49,waking,visual,172,0.0
49,waking,visual,173,0.0
49,waking,visual,174,0.0
49,waking,visual,175,0.0
49,waking,visual,176,0.0
49,waking,visual,177,0.0
49,waking,visual,178,0.0
49,waking,visual,179,0.0
49,waking,audio,0,0.3317857142451836
49,waking,audio,1,0.16224998473769203
49,waking,audio,2,0.2905083341578716
49,waking,audio,3,0.20039250374110407
49,waking,audio,4,0.30183616775021505
49,waking,audio,5,0.17906470664390065
49,waking,audio,6,0.2783509875333012
49,waking,audio,7,0.0628534487978422
49,waking,audio,8,0.004574539584228987
49,waking,audio,9,0.0024182267005722624
49,waking,audio,10,0.005023182945421312
49,waking,audio,11,0.0027462361360808263
49,waking,audio,12,0.003707586867327084
49,waking,audio,13,9.017971642963363e-05
49,waking,audio,14,0.0011880784478973117
49,waking,audio,15,0.00026827577855746687
49,waking,proprioceptive,0,0.5840227853822235
49,waking,proprioceptive,1,0.7797389446696286
49,waking,proprioceptive,2,0.5841701999529411
49,waking,proprioceptive,3,0.7510759713680683
49,waking,proprioceptive,4,0.0
49,waking,proprioceptive,5,0.9444132613189105
49,waking,prediction,0,0.0
49,waking,prediction,1,0.0
49,waking,prediction,2,0.0
49,waking,prediction,3,2.2767540643273412e-10
49,waking,prediction,4,0.0
49,waking,prediction,5,0.0
49,waking,prediction,6,0.0
49,waking,prediction,7,0.0
49,waking,prediction,8,7.108528665750865e-06
49,waking,prediction,9,0.004425302906123838
49,waking,prediction,10,1.3130022455837503e-09
49,waking,prediction,11,2.4139955268188943e-06
49,waking,prediction,12,0.0
49,waking,prediction,13,0.0
49,waking,prediction,14,0.0
49,waking,prediction,15,0.05710463649061157
49,waking,prediction,16,0.0007880054158277477
49,waking,prediction,17,0.0015167475965280207
49,waking,prediction,18,0.0
49,waking,prediction,19,0.0
49,waking,prediction,20,0.050734406827771875
49,waking,prediction,21,0.0010756848072392428
49,waking,prediction,22,0.04314901030219216
49,waking,prediction,23,0.029924245156498136
49,waking,prediction,24,0.0
49,waking,prediction,25,3.663900178083862e-08
49,waking,prediction,26,2.20873211635837e-06
49,waking,prediction,27,0.04755578880919474
49,waking,prediction,28,0.0014766185596043098
49,waking,prediction,29,2.4491921222028148e-05
49,waking,prediction,30,0.0
49,waking,prediction,31,0.0
49,waking,prediction,32,0.00021328305524781973
49,waking,prediction,33,0.0
49,waking,prediction,34,0.0
49,waking,prediction,35,0.0
49,waking,emotion,0,0.5485343245497148
49,waking,emotion,1,0.31466190043432957
49,waking,emotion,2,0.755414389341833
49,waking,action,0,0.013065572576548893
49,waking,action,1,0.01580825858827335
49,waking,action,2,2.7317755354359996e-05
49,waking,action,3,0.015528712119803872
49,waking,action,4,0.0824588013263595
49,waking,action,5,0.71728845894823
50,waking,visual,0,0.0
50,waking,visual,1,0.0
50,waking,visual,2,0.0
50,waking,visual,3,0.0
50,waking,visual,4,0.0
50,waking,visual,5,0.0
50,waking,visual,6,0.0
50,waking,visual,7,0.0
50,waking,visual,8,0.0
50,waking,visual,9,0.0
50,waking,visual,10,0.0
50,waking,visual,11,0.0
50,waking,visual,12,0.0
50,waking,visual,13,0.0
50,waking,visual,14,0.0
50,waking,visual,15,0.5333333333333333
50,waking,visual,16,0.0
50,waking,visual,17,0.0
50,waking,visual,18,0.0
50,waking,visual,19,0.0
50,waking,visual,20,0.36999999999999994
50,waking,visual,21,0.0
50,waking,visual,22,0.75
50,waking,visual,23,0.0
50,waking,visual,24,0.0
50,waking,visual,25,0.0
50,waking,visual,26,0.0
50,waking,visual,27,0.4033333333333333
50,waking,visual,28,0.0
50,waking,visual,29,0.0
50,waking,visual,30,0.0
50,waking,visual,31,0.0
50,waking,visual,32,0.0
50,waking,visual,33,0.0
50,waking,visual,34,0.0
50,waking,visual,35,0.0
50,waking,visual,36,0.0
50,waking,visual,37,0.0
50,waking,visual,38,0.0
50,waking,visual,39,0.0
50,waking,visual,40,0.0
50,waking,visual,41,0.0
50,waking,visual,42,0.0
50,waking,visual,43,0.0
50,waking,visual,44,0.0
50,waking,visual,45,0.0
50,waking,visual,46,0.0
50,waking,visual,47,0.0
50,waking,visual,48,0.0
50,waking,visual,49,0.0
50,waking,visual,50,0.0
50,waking,visual,51,0.0
50,waking,visual,52,0.0
50,waking,visual,53,0.0
50,waking,visual,54,0.0
50,waking,visual,55,0.0
50,waking,visual,56,0.0
50,waking,visual,57,0.0
50,waking,visual,58,0.0
50,waking,visual,59,0.0
50,waking,visual,60,0.0
50,waking,visual,61,0.0
50,waking,visual,62,0.0
50,waking,visual,63,0.0
50,waking,visual,64,0.0
50,waking,visual,65,0.0
50,waking,visual,66,0.0
50,waking,visual,67,0.0
50,waking,visual,68,0.0
50,waking,visual,69,0.0
50,waking,visual,70,0.0
50,waking,visual,71,0.0
50,waking,visual,72,0.0
50,waking,visual,73,0.0
50,waking,visual,74,0.0
50,waking,visual,75,0.0
50,waking,visual,76,0.0
50,waking,visual,77,0.0
50,waking,visual,78,0.0
50,waking,visual,79,0.0
50,waking,visual,80,0.0
50,waking,visual,81,0.75
50,waking,visual,82,0.1
50,waking,visual,83,0.75
50,waking,visual,84,0.0
50,waking,visual,85,0.0
50,waking,visual,86,0.0
50,waking,visual,87,0.0
50,waking,visual,88,0.0
50,waking,visual,89,0.0
50,waking,visual,90,0.0
50,waking,visual,91,0.0
50,waking,visual,92,0.0
50,waking,visual,93,0.0
50,waking,visual,94,0.0
50,waking,visual,95,0.0
50,waking,visual,96,0.95
50,waking,visual,97,0.08
50,waking,visual,98,0.08
50,waking,visual,99,0.0
50,waking,visual,100,0.0
50,waking,visual,101,0.0
50,waking,visual,102,0.65
50,waking,visual,103,0.95
50,waking,visual,104,0.65
50,waking,visual,105,0.0
50,waking,visual,106,0.0
50,waking,visual,107,0.0
50,waking,visual,108,0.0
50,waking,visual,109,0.0
50,waking,visual,110,0.0
50,waking,visual,111,0.0
50,waking,visual,112,0.0
50,waking,visual,113,0.0
50,waking,visual,114,0.0
50,waking,visual,115,0.0
50,waking,visual,116,0.0
50,waking,visual,117,0.08
50,waking,visual,118,0.18
50,waking,visual,119,0.95
50,waking,visual,120,0.0
50,waking,visual,121,0.0
50,waking,visual,122,0.0
50,waking,visual,123,0.0
50,waking,visual,124,0.0
50,waking,visual,125,0.0
50,waking,visual,126,0.0
50,waking,visual,127,0.0
50,waking,visual,128,0.0
50,waking,visual,129,0.0
50,waking,visual,130,0.0
50,waking,visual,131,0.0
50,waking,visual,132,0.0
50,waking,visual,133,0.0
50,waking,visual,134,0.0
50,waking,visual,135,0.0
50,waking,visual,136,0.0
50,waking,visual,137,0.0
50,waking,visual,138,0.0
50,waking,visual,139,0.0
50,waking,visual,140,0.0
50,waking,visual,141,0.0
50,waking,visual,142,0.0
50,waking,visual,143,0.0
50,waking,visual,144,0.0
50,waking,visual,145,0.0
50,waking,visual,146,0.0
50,waking,visual,147,0.0
50,waking,visual,148,0.0
50,waking,visual,149,0.0
50,waking,visual,150,0.0
50,waking,visual,151,0.0
50,waking,visual,152,0.0
50,waking,visual,153,0.0
50,waking,visual,154,0.0
50,waking,visual,155,0.0
50,waking,visual,156,0.0
50,waking,visual,157,0.0
50,waking,visual,158,0.0
50,waking,visual,159,0.0
50,waking,visual,160,0.0
50,waking,visual,161,0.0
50,waking,visual,162,0.0
50,waking,visual,163,0.0
50,waking,visual,164,0.0
50,waking,visual,165,0.0
50,waking,visual,166,0.0
50,waking,visual,167,0.0
50,waking,visual,168,0.0
50,waking,visual,169,0.0
50,waking,visual,170,0.0
50,waking,visual,171,0.0
50,waking,visual,172,0.0
50,waking,visual,173,0.0
50,waking,visual,174,0.0
50,waking,visual,175,0.0
50,waking,visual,176,0.0
50,waking,visual,177,0.0
50,waking,visual,178,0.0
50,waking,visual,179,0.0
50,waking,audio,0,0.33468455624192583
50,waking,audio,1,0.16398813577378646
50,waking,audio,2,0.29491808568263095
50,waking,audio,3,0.2027543479895421
50,waking,audio,4,0.3049600202406009
50,waking,audio,5,0.1786690807680614
50,waking,audio,6,0.27631784181276275
50,waking,audio,7,0.06239435137707547
50,waking,audio,8,0.0028988419967422296
50,waking,audio,9,0.0017381510360944263
50,waking,audio,10,0.004409751524759364
50,waking,audio,11,0.002361844248438022
50,waking,audio,12,0.003123852490385881
50,waking,audio,13,0.000395625875839245
50,waking,audio,14,0.0020331457205384207
50,waking,audio,15,0.00045909742076673254
50,waking,proprioceptive,0,0.5320673116269177
50,waking,proprioceptive,1,0.7789455118132009
50,waking,proprioceptive,2,0.5615653516224323
50,waking,proprioceptive,3,0.7220125949431261
50,waking,proprioceptive,4,0.0
50,waking,proprioceptive,5,0.8992435563117451
50,waking,prediction,0,0.0
50,waking,prediction,1,0.0
50,waking,prediction,2,0.0
50,waking,prediction,3,1.4772183745278487e-10
50,waking,prediction,4,0.0
50,waking,prediction,5,0.0
50,waking,prediction,6,0.0
50,waking,prediction,7,0.0
50,waking,prediction,8,4.561042856765974e-06
50,waking,prediction,9,0.003123111726071526
50,waking,prediction,10,7.958241293412627e-10
50,waking,prediction,11,1.5321453524763081e-06
50,waking,prediction,12,0.0
50,waking,prediction,13,0.0
50,waking,prediction,14,0.0
50,waking,prediction,15,0.058549484587088585
50,waking,prediction,16,0.0007516756454695982
50,waking,prediction,17,0.0010579187925442422
50,waking,prediction,18,0.0
50,waking,prediction,19,0.0
50,waking,prediction,20,0.05100964370617887
50,waking,prediction,21,0.0011896881869720595
50,waking,prediction,22,0.04837272951816453
50,waking,prediction,23,0.022316063725632673
50,waking,prediction,24,0.0
50,waking,prediction,25,2.3719905847212038e-08
50,waking,prediction,26,1.3284278522919302e-06
50,waking,prediction,27,0.04816408797563004
50,waking,prediction,28,0.0011869646303146674
50,waking,prediction,29,1.574546862106752e-05
50,waking,prediction,30,0.0
50,waking,prediction,31,0.0
50,waking,prediction,32,0.00022202161372277275
50,waking,prediction,33,0.0
50,waking,prediction,34,0.0
50,waking,prediction,35,0.0
50,waking,emotion,0,0.5457664120708203
50,waking,emotion,1,0.3138312466587907
50,waking,emotion,2,0.7520580954928938
50,waking,action,0,0.010296637373307549
50,waking,action,1,0.01646485328573716
50,waking,action,2,1.2661592776580772e-05
50,waking,action,3,0.015233545218882419
50,waking,action,4,-0.05410880673250269
50,waking,action,5,0.7031430905241769
51,waking,visual,0,0.0
51,waking,visual,1,0.0
51,waking,visual,2,0.0
51,waking,visual,3,0.0
51,waking,visual,4,0.0
51,waking,visual,5,0.0
51,waking,visual,6,0.0
51,waking,visual,7,0.0
51,waking,visual,8,0.0
51,waking,visual,9,0.0
51,waking,visual,10,0.0
51,waking,visual,11,0.0
51,waking,visual,12,0.0
51,waking,visual,13,0.0
51,waking,visual,14,0.0
51,waking,visual,15,0.5333333333333333
51,waking,visual,16,0.0
51,waking,visual,17,0.0
51,waking,visual,18,0.0
51,waking,visual,19,0.0
51,waking,visual,20,0.36999999999999994
51,waking,visual,21,0.0
51,waking,visual,22,0.75
51,waking,visual,23,0.0
51,waking,visual,24,0.0
51,waking,visual,25,0.0
51,waking,visual,26,0.0
51,waking,visual,27,0.4033333333333333
51,waking,visual,28,0.0
51,waking,visual,29,0.0
51,waking,visual,30,0.0
51,waking,visual,31,0.0
51,waking,visual,32,0.0
51,waking,visual,33,0.0
51,waking,visual,34,0.0
51,waking,visual,35,0.0
51,waking,visual,36,0.0
51,waking,visual,37,0.0
51,waking,visual,38,0.0
51,waking,visual,39,0.0
51,waking,visual,40,0.0
51,waking,visual,41,0.0
51,waking,visual,42,0.0
51,waking,visual,43,0.0
51,waking,visual,44,0.0
51,waking,visual,45,0.0
51,waking,visual,46,0.0
51,waking,visual,47,0.0
51,waking,visual,48,0.0
51,waking,visual,49,0.0
51,waking,visual,50,0.0
51,waking,visual,51,0.0
51,waking,visual,52,0.0
51,waking,visual,53,0.0
51,waking,visual,54,0.0
51,waking,visual,55,0.0
51,waking,visual,56,0.0
51,waking,visual,57,0.0
51,waking,visual,58,0.0
51,waking,visual,59,0.0
51,waking,visual,60,0.0
51,waking,visual,61,0.0
51,waking,visual,62,0.0
51,waking,visual,63,0.0
51,waking,visual,64,0.0
51,waking,visual,65,0.0
51,waking,visual,66,0.0
51,waking,visual,67,0.0
51,waking,visual,68,0.0
51,waking,visual,69,0.0
51,waking,visual,70,0.0
51,waking,visual,71,0.0
51,waking,visual,72,0.0
51,waking,visual,73,0.0
51,waking,visual,74,0.0
51,waking,visual,75,0.0
51,waking,visual,76,0.0
51,waking,visual,77,0.0
51,waking,visual,78,0.0
51,waking,visual,79,0.0
51,waking,visual,80,0.0
51,waking,visual,81,0.75
51,waking,visual,82,0.1
51,waking,visual,83,0.75
51,waking,visual,84,0.0
51,waking,visual,85,0.0
51,waking,visual,86,0.0
51,waking,visual,87,0.0
51,waking,visual,88,0.0
51,waking,visual,89,0.0
51,waking,visual,90,0.0
51,waking,visual,91,0.0
51,waking,visual,92,0.0
51,waking,visual,93,0.0
51,waking,visual,94,0.0
51,waking,visual,95,0.0
51,waking,visual,96,0.95
51,waking,visual,97,0.08
51,waking,visual,98,0.08
51,waking,visual,99,0.0
51,waking,visual,100,0.0
51,waking,visual,101,0.0
51,waking,visual,102,0.65
51,waking,visual,103,0.95
51,waking,visual,104,0.65
51,waking,visual,105,0.0
51,waking,visual,106,0.0
51,waking,visual,107,0.0
51,waking,visual,108,0.0
51,waking,visual,109,0.0
51,waking,visual,110,0.0
51,waking,visual,111,0.0
51,waking,visual,112,0.0
51,waking,visual,113,0.0
51,waking,visual,114,0.0
51,waking,visual,115,0.0
51,waking,visual,116,0.0
51,waking,visual,117,0.08
51,waking,visual,118,0.18
51,waking,visual,119,0.95
51,waking,visual,120,0.0
51,waking,visual,121,0.0
51,waking,visual,122,0.0
51,waking,visual,123,0.0
51,waking,visual,124,0.0
51,waking,visual,125,0.0
51,waking,visual,126,0.0
51,waking,visual,127,0.0
51,waking,visual,128,0.0
51,waking,visual,129,0.0
51,waking,visual,130,0.0
51,waking,visual,131,0.0
51,waking,visual,132,0.0
51,waking,visual,133,0.0
51,waking,visual,134,0.0
51,waking,visual,135,0.0
51,waking,visual,136,0.0
51,waking,visual,137,0.0
51,waking,visual,138,0.0
51,waking,visual,139,0.0
51,waking,visual,140,0.0
51,waking,visual,141,0.0
51,waking,visual,142,0.0
51,waking,visual,143,0.0
51,waking,visual,144,0.0
51,waking,visual,145,0.0
51,waking,visual,146,0.0
51,waking,visual,147,0.0
51,waking,visual,148,0.0
51,waking,visual,149,0.0
51,waking,visual,150,0.0
51,waking,visual,151,0.0
51,waking,visual,152,0.0
51,waking,visual,153,0.0
51,waking,visual,154,0.0
51,waking,visual,155,0.0
51,waking,visual,156,0.0
51,waking,visual,157,0.0
51,waking,visual,158,0.0
51,waking,visual,159,0.0
51,waking,visual,160,0.0
51,waking,visual,161,0.0
51,waking,visual,162,0.0
51,waking,visual,163,0.0
51,waking,visual,164,0.0
51,waking,visual,165,0.0
51,waking,visual,166,0.0
51,waking,visual,167,0.0
51,waking,visual,168,0.0
51,waking,visual,169,0.0
51,waking,visual,170,0.0
51,waking,visual,171,0.0
51,waking,visual,172,0.0
51,waking,visual,173,0.0
51,waking,visual,174,0.0
51,waking,visual,175,0.0
51,waking,visual,176,0.0
51,waking,visual,177,0.0
51,waking,visual,178,0.0
51,waking,visual,179,0.0
51,waking,audio,0,0.335592373633716
51,waking,audio,1,0.16491992237219016
51,waking,audio,2,0.2986058105428532
51,waking,audio,3,0.20467194896611038
51,waking,audio,4,0.30741101586757
51,waking,audio,5,0.17780910219400983
51,waking,audio,6,0.27352100228707205
51,waking,audio,7,0.061762806968048534
51,waking,audio,8,0.0009078173917901888
51,waking,audio,9,0.0009317865984037055
51,waking,audio,10,0.00368772486022223
51,waking,audio,11,0.00191760097656829
51,waking,audio,12,0.002450995626969099
51,waking,audio,13,0.0008599785740515675
51,waking,audio,14,0.0027968395256907086
51,waking,audio,15,0.0006315444090269351
51,waking,proprioceptive,0,0.478957686270693
51,waking,proprioceptive,1,0.7734445352038466
51,waking,proprioceptive,2,0.5485059445436496
51,waking,proprioceptive,3,0.7052219286989778
51,waking,proprioceptive,4,0.0
51,waking,proprioceptive,5,0.8425634734564003
51,waking,prediction,0,0.0
51,waking,prediction,1,0.0
51,waking,prediction,2,0.0
51,waking,prediction,3,9.583732078990617e-11
51,waking,prediction,4,0.0
51,waking,prediction,5,0.0
51,waking,prediction,6,0.0
51,waking,prediction,7,0.0
51,waking,prediction,8,2.9260245978480254e-06
51,waking,prediction,9,0.0021808734573796934
51,waking,prediction,10,4.824044074466685e-10
51,waking,prediction,11,9.723529750146674e-07
51,waking,prediction,12,0.0
51,waking,prediction,13,0.0
51,waking,prediction,14,0.0
51,waking,prediction,15,0.05964797755982685
51,waking,prediction,16,0.0007170309411908799
51,waking,prediction,17,0.0007241371712682872
51,waking,prediction,18,0.0
51,waking,prediction,19,0.0
51,waking,prediction,20,0.05120462012456938
51,waking,prediction,21,0.0012856300116808625
51,waking,prediction,22,0.052227486024434375
51,waking,prediction,23,0.016406437452669294
51,waking,prediction,24,0.0
51,waking,prediction,25,1.5355064701148127e-08
51,waking,prediction,26,7.990524472628755e-07
51,waking,prediction,27,0.04861725637899773
51,waking,prediction,28,0.0009780595910985018
51,waking,prediction,29,1.0121803310786717e-05
51,waking,prediction,30,0.0
51,waking,prediction,31,0.0
51,waking,prediction,32,0.000225876473646302
51,waking,prediction,33,0.0
51,waking,prediction,34,0.0
51,waking,prediction,35,0.0
51,waking,emotion,0,0.5419974335440421
51,waking,emotion,1,0.3126613544606737
51,waking,emotion,2,0.7471082169491053
51,waking,action,0,0.007102312582399614
51,waking,action,1,0.016200345189163756
51,waking,action,2,0.00037125792330557506
51,waking,action,3,0.014051205892569833
51,waking,action,4,-0.18872895606327855
51,waking,action,5,0.677131329837013
52,waking,visual,0,0.0
52,waking,visual,1,0.0
52,waking,visual,2,0.0
52,waking,visual,3,0.0
52,waking,visual,4,0.0
52,waking,visual,5,0.0
52,waking,visual,6,0.0
52,waking,visual,7,0.0
52,waking,visual,8,0.0
52,waking,visual,9,0.0
52,waking,visual,10,0.0
52,waking,visual,11,0.0
52,waking,visual,12,0.0
52,waking,visual,13,0.0
52,waking,visual,14,0.0
52,waking,visual,15,0.5333333333333333
52,waking,visual,16,0.0
52,waking,visual,17,0.0
52,waking,visual,18,0.0
52,waking,visual,19,0.0
52,waking,visual,20,0.36999999999999994
52,waking,visual,21,0.0
52,waking,visual,22,0.75
52,waking,visual,23,0.0
52,waking,visual,24,0.0
52,waking,visual,25,0.0
52,waking,visual,26,0.0
52,waking,visual,27,0.4033333333333333
52,waking,visual,28,0.0
52,waking,visual,29,0.0
52,waking,visual,30,0.0
52,waking,visual,31,0.0
52,waking,visual,32,0.0
52,waking,visual,33,0.0
52,waking,visual,34,0.0
52,waking,visual,35,0.0
52,waking,visual,36,0.0
52,waking,visual,37,0.0
52,waking,visual,38,0.0
52,waking,visual,39,0.0
52,waking,visual,40,0.0
52,waking,visual,41,0.0
52,waking,visual,42,0.0
52,waking,visual,43,0.0
52,waking,visual,44,0.0
52,waking,visual,45,0.0
52,waking,visual,46,0.0
52,waking,visual,47,0.0
52,waking,visual,48,0.0
52,waking,visual,49,0.0
52,waking,visual,50,0.0
52,waking,visual,51,0.0
52,waking,visual,52,0.0
52,waking,visual,53,0.0
52,waking,visual,54,0.0
52,waking,visual,55,0.0
52,waking,visual,56,0.0
52,waking,visual,57,0.0
52,waking,visual,58,0.0
52,waking,visual,59,0.0
52,waking,visual,60,0.0
52,waking,visual,61,0.0
52,waking,visual,62,0.0
52,waking,visual,63,0.0
52,waking,visual,64,0.0
52,waking,visual,65,0.0
52,waking,visual,66,0.0
52,waking,visual,67,0.0
52,waking,visual,68,0.0
52,waking,visual,69,0.0
52,waking,visual,70,0.0
52,waking,visual,71,0.0
52,waking,visual,72,0.0
52,waking,visual,73,0.0
52,waking,visual,74,0.0
52,waking,visual,75,0.0
52,waking,visual,76,0.0
52,waking,visual,77,0.0
52,waking,visual,78,0.0
52,waking,visual,79,0.0
52,waking,visual,80,0.0
52,waking,visual,81,0.75
52,waking,visual,82,0.1
52,waking,visual,83,0.75
52,waking,visual,84,0.0
52,waking,visual,85,0.0
52,waking,visual,86,0.0
52,waking,visual,87,0.0
52,waking,visual,88,0.0
52,waking,visual,89,0.0
52,waking,visual,90,0.0
52,waking,visual,91,0.0
52,waking,visual,92,0.0
52,waking,visual,93,0.0
52,waking,visual,94,0.0
52,waking,visual,95,0.0
52,waking,visual,96,0.95
52,waking,visual,97,0.08
52,waking,visual,98,0.08
52,waking,visual,99,0.0
52,waking,visual,100,0.0
52,waking,visual,101,0.0
52,waking,visual,102,0.65
52,waking,visual,103,0.95
52,waking,visual,104,0.65
52,waking,visual,105,0.0
52,waking,visual,106,0.0
52,waking,visual,107,0.0
52,waking,visual,108,0.0
52,waking,visual,109,0.0
52,waking,visual,110,0.0
52,waking,visual,111,0.0
52,waking,visual,112,0.0
52,waking,visual,113,0.0
52,waking,visual,114,0.0
52,waking,visual,115,0.0
52,waking,visual,116,0.0
52,waking,visual,117,0.08
52,waking,visual,118,0.18
52,waking,visual,119,0.95
52,waking,visual,120,0.0
52,waking,visual,121,0.0
52,waking,visual,122,0.0
52,waking,visual,123,0.0
52,waking,visual,124,0.0
52,waking,visual,125,0.0
52,waking,visual,126,0.0
52,waking,visual,127,0.0
52,waking,visual,128,0.0
52,waking,visual,129,0.0
52,waking,visual,130,0.0
52,waking,visual,131,0.0
52,waking,visual,132,0.0
52,waking,visual,133,0.0
52,waking,visual,134,0.0
52,waking,visual,135,0.0
52,waking,visual,136,0.0
52,waking,visual,137,0.0
52,waking,visual,138,0.0
52,waking,visual,139,0.0
52,waking,visual,140,0.0
52,waking,visual,141,0.0
52,waking,visual,142,0.0
52,waking,visual,143,0.0
52,waking,visual,144,0.0
52,waking,visual,145,0.0
52,waking,visual,146,0.0
52,waking,visual,147,0.0
52,waking,visual,148,0.0
52,waking,visual,149,0.0
52,waking,visual,150,0.0
52,waking,visual,151,0.0
52,waking,visual,152,0.0
52,waking,visual,153,0.0
52,waking,visual,154,0.0
52,waking,visual,155,0.0
52,waking,visual,156,0.0
52,waking,visual,157,0.0
52,waking,visual,158,0.0
52,waking,visual,159,0.0
52,waking,visual,160,0.0
52,waking,visual,161,0.0
52,waking,visual,162,0.0
52,waking,visual,163,0.0
52,waking,visual,164,0.0
52,waking,visual,165,0.0
52,waking,visual,166,0.0
52,waking,visual,167,0.0
52,waking,visual,168,0.0
52,waking,visual,169,0.0
52,waking,visual,170,0.0
52,waking,visual,171,0.0
52,waking,visual,172,0.0
52,waking,visual,173,0.0
52,waking,visual,174,0.0
52,waking,visual,175,0.0
52,waking,visual,176,0.0
52,waking,visual,177,0.0
52,waking,visual,178,0.0
52,waking,visual,179,0.0
52,waking,audio,0,0.3343692098261457
52,waking,audio,1,0.16498645672740134
52,waking,audio,2,0.30150354208819363
52,waking,audio,3,0.20610371906140734
52,waking,audio,4,0.30912565366716316
52,waking,audio,5,0.17652624794874477
52,waking,audio,6,0.2700762562429039
52,waking,audio,7,0.06098496108710733
52,waking,audio,8,0.0012231638075703155
52,waking,audio,9,6.653435521117301e-05
52,waking,audio,10,0.002897731545340454
52,waking,audio,11,0.0014317700952969636
52,waking,audio,12,0.0017146377995931328
52,waking,audio,13,0.0012828542452650582
52,waking,audio,14,0.0034447460441681677
52,waking,audio,15,0.0007778458809412012
52,waking,proprioceptive,0,0.42660540597539154
52,waking,proprioceptive,1,0.7633288504921714
52,waking,proprioceptive,2,0.5467315609458283
52,waking,proprioceptive,3,0.7029405783589225
52,waking,proprioceptive,4,0.0
52,waking,proprioceptive,5,0.7760071259647665
52,waking,prediction,0,0.0
52,waking,prediction,1,0.0
52,waking,prediction,2,0.0
52,waking,prediction,3,6.216891942595264e-11
52,waking,prediction,4,0.0
52,waking,prediction,5,0.0
52,waking,prediction,6,0.0
52,waking,prediction,7,0.0
52,waking,prediction,8,1.8766933935184193e-06
52,waking,prediction,9,0.0015237857022243318
52,waking,prediction,10,2.92463380660485e-10
52,waking,prediction,11,6.170145537168559e-07
52,waking,prediction,12,0.0
52,waking,prediction,13,0.0
52,waking,prediction,14,0.0
52,waking,prediction,15,0.060483902376555786
52,waking,prediction,16,0.0006856799790102144
52,waking,prediction,17,0.0004800937675861334
52,waking,prediction,18,0.0
52,waking,prediction,19,0.0
52,waking,prediction,20,0.05133263991660782
52,waking,prediction,21,0.0013637059292764338
52,waking,prediction,22,0.05504764296125762
52,waking,prediction,23,0.011918997179826177
52,waking,prediction,24,0.0
52,waking,prediction,25,9.939035707903104e-09
52,waking,prediction,26,4.807047805020808e-07
52,waking,prediction,27,0.04894539603562813
52,waking,prediction,28,0.000825741490644778
52,waking,prediction,29,6.506005317844512e-06
52,waking,prediction,30,0.0
52,waking,prediction,31,0.0
52,waking,prediction,32,0.0002275551158249423
52,waking,prediction,33,0.0
52,waking,prediction,34,0.0
52,waking,prediction,35,0.0
52,waking,emotion,0,0.5376558358905166
52,waking,emotion,1,0.3113184008402689
52,waking,emotion,2,0.7409357186295217
52,waking,action,0,0.0037754421324332947
52,waking,action,1,0.015028447227914559
52,waking,action,2,0.0024446278852730654
52,waking,action,3,0.012066044695568648
52,waking,action,4,-0.3165564615543
52,waking,action,5,0.6396921568894258
53,waking,visual,0,0.0
53,waking,visual,1,0.0
53,waking,visual,2,0.0
53,waking,visual,3,0.0
53,waking,visual,4,0.0
53,waking,visual,5,0.0
53,waking,visual,6,0.0
53,waking,visual,7,0.0
53,waking,visual,8,0.0
53,waking,visual,9,0.0
53,waking,visual,10,0.0
53,waking,visual,11,0.0
53,waking,visual,12,0.0
53,waking,visual,13,0.0
53,waking,visual,14,0.0
53,waking,visual,15,0.5333333333333333
53,waking,visual,16,0.0
53,waking,visual,17,0.0
53,waking,visual,18,0.0
53,waking,visual,19,0.0
53,waking,visual,20,0.36999999999999994
53,waking,visual,21,0.0
53,waking,visual,22,0.75
53,waking,visual,23,0.0
53,waking,visual,24,0.0
53,waking,visual,25,0.0
53,waking,visual,26,0.0
53,waking,visual,27,0.4033333333333333
53,waking,visual,28,0.0
53,waking,visual,29,0.0
53,waking,visual,30,0.0
53,waking,visual,31,0.0
53,waking,visual,32,0.0
53,waking,visual,33,0.0
53,waking,visual,34,0.0
53,waking,visual,35,0.0
53,waking,visual,36,0.0
53,waking,visual,37,0.0
53,waking,visual,38,0.0
53,waking,visual,39,0.0
53,waking,visual,40,0.0
53,waking,visual,41,0.0
53,waking,visual,42,0.0
53,waking,visual,43,0.0
53,waking,visual,44,0.0
53,waking,visual,45,0.0
53,waking,visual,46,0.0
53,waking,visual,47,0.0
53,waking,visual,48,0.0
53,waking,visual,49,0.0
53,waking,visual,50,0.0
53,waking,visual,51,0.0
53,waking,visual,52,0.0
53,waking,visual,53,0.0
53,waking,visual,54,0.0
53,waking,visual,55,0.0
53,waking,visual,56,0.0
53,waking,visual,57,0.0
53,waking,visual,58,0.0
53,waking,visual,59,0.0
53,waking,visual,60,0.0
53,waking,visual,61,0.0
53,waking,visual,62,0.0
53,waking,visual,63,0.0
53,waking,visual,64,0.0
53,waking,visual,65,0.0
53,waking,visual,66,0.0
53,waking,visual,67,0.0
53,waking,visual,68,0.0
53,waking,visual,69,0.0
53,waking,visual,70,0.0
53,waking,visual,71,0.0
53,waking,visual,72,0.0
53,waking,visual,73,0.0
53,waking,visual,74,0.0
53,waking,visual,75,0.0
53,waking,visual,76,0.0
53,waking,visual,77,0.0
53,waking,visual,78,0.0
53,waking,visual,79,0.0
53,waking,visual,80,0.0
53,waking,visual,81,0.75
53,waking,visual,82,0.1
53,waking,visual,83,0.75
53,waking,visual,84,0.0
53,waking,visual,85,0.0
53,waking,visual,86,0.0
53,waking,visual,87,0.0
53,waking,visual,88,0.0
53,waking,visual,89,0.0
53,waking,visual,90,0.0
53,waking,visual,91,0.0
53,waking,visual,92,0.0
53,waking,visual,93,0.0
53,waking,visual,94,0.0
53,waking,visual,95,0.0
53,waking,visual,96,0.95
53,waking,visual,97,0.08
53,waking,visual,98,0.08
53,waking,visual,99,0.0
53,waking,visual,100,0.0
53,waking,visual,101,0.0
53,waking,visual,102,0.65
53,waking,visual,103,0.95
53,waking,visual,104,0.65
53,waking,visual,105,0.0
53,waking,visual,106,0.0
53,waking,visual,107,0.0
53,waking,visual,108,0.0
53,waking,visual,109,0.0
53,waking,visual,110,0.0
53,waking,visual,111,0.0
53,waking,visual,112,0.0
53,waking,visual,113,0.0
53,waking,visual,114,0.0
53,waking,visual,115,0.0
53,waking,visual,116,0.0
53,waking,visual,117,0.08
53,waking,visual,118,0.18
53,waking,visual,119,0.95
53,waking,visual,120,0.0
53,waking,visual,121,0.0
53,waking,visual,122,0.0
53,waking,visual,123,0.0
53,waking,visual,124,0.0
53,waking,visual,125,0.0
53,waking,visual,126,0.0
53,waking,visual,127,0.0
53,waking,visual,128,0.0
53,waking,visual,129,0.0
53,waking,visual,130,0.0
53,waking,visual,131,0.0
53,waking,visual,132,0.0
53,waking,visual,133,0.0
53,waking,visual,134,0.0
53,waking,visual,135,0.0
53,waking,visual,136,0.0
53,waking,visual,137,0.0
53,waking,visual,138,0.0
53,waking,visual,139,0.0
53,waking,visual,140,0.0
53,waking,visual,141,0.0
53,waking,visual,142,0.0
53,waking,visual,143,0.0
53,waking,visual,144,0.0
53,waking,visual,145,0.0
53,waking,visual,146,0.0
53,waking,visual,147,0.0
53,waking,visual,148,0.0
53,waking,visual,149,0.0
53,waking,visual,150,0.0
53,waking,visual,151,0.0
53,waking,visual,152,0.0
53,waking,visual,153,0.0
53,waking,visual,154,0.0
53,waking,visual,155,0.0
53,waking,visual,156,0.0
53,waking,visual,157,0.0
53,waking,visual,158,0.0
53,waking,visual,159,0.0
53,waking,visual,160,0.0
53,waking,visual,161,0.0
53,waking,visual,162,0.0
53,waking,visual,163,0.0
53,waking,visual,164,0.0
53,waking,visual,165,0.0
53,waking,visual,166,0.0
53,waking,visual,167,0.0
53,waking,visual,168,0.0
53,waking,visual,169,0.0
53,waking,visual,170,0.0
53,waking,visual,171,0.0
53,waking,visual,172,0.0
53,waking,visual,173,0.0
53,waking,visual,174,0.0
53,waking,visual,175,0.0
53,waking,visual,176,0.0
53,waking,visual,177,0.0
53,waking,visual,178,0.0
53,waking,visual,179,0.0
53,waking,audio,0,0.3310913877079955
53,waking,audio,1,0.1642117114442231
53,waking,audio,2,0.30359238990679277
53,waking,audio,3,0.2070301636453726
53,waking,audio,4,0.3100718360319824
53,waking,audio,5,0.17487730406584423
53,waking,audio,6,0.26612120116820126
53,waking,audio,7,0.06009188413475513
53,waking,audio,8,0.0032778221181501976
53,waking,audio,9,0.0007747452831782242
53,waking,audio,10,0.0020888478185991377
53,waking,audio,11,0.0009264445839652635
53,waking,audio,12,0.000946182364819248
53,waking,audio,13,0.0016489438829005443
53,waking,audio,14,0.003955055074702618
53,waking,audio,15,0.0008930769523522036
53,waking,proprioceptive,0,0.37689470939555
53,waking,proprioceptive,1,0.7487691721236649
53,waking,proprioceptive,2,0.5551252600049821
53,waking,proprioceptive,3,0.7137324771492641
53,waking,proprioceptive,4,0.0
53,waking,proprioceptive,5,0.7014933643623239
53,waking,prediction,0,0.0
53,waking,prediction,1,0.0
53,waking,prediction,2,0.0
53,waking,prediction,3,4.032320611479482e-11
53,waking,prediction,4,0.0
53,waking,prediction,5,0.0
53,waking,prediction,6,0.0
53,waking,prediction,7,0.0
53,waking,prediction,8,1.2033497617401941e-06
53,waking,prediction,9,0.0010615219127905662
53,waking,prediction,10,1.7734469577902692e-10
53,waking,prediction,11,3.9147912453223544e-07
53,waking,prediction,12,0.0
53,waking,prediction,13,0.0
53,waking,prediction,14,0.0
53,waking,prediction,15,0.06110054950487495
53,waking,prediction,16,0.0006585914428926922
53,waking,prediction,17,0.00031061269787205115
53,waking,prediction,18,0.0
53,waking,prediction,19,0.0
53,waking,prediction,20,0.051405825298372225
53,waking,prediction,21,0.0014256252588665502
53,waking,prediction,22,0.05711671004810192
53,waking,prediction,23,0.0085695865550372
53,waking,prediction,24,0.0
53,waking,prediction,25,6.432496163618458e-09
53,waking,prediction,26,2.892462810888506e-07
53,waking,prediction,27,0.04917603440428864
53,waking,prediction,28,0.0007138610748851958
53,waking,prediction,29,4.181325728595025e-06
53,waking,prediction,30,0.0
53,waking,prediction,31,0.0
53,waking,prediction,32,0.00022951291885454656
53,waking,prediction,33,0.0
53,waking,prediction,34,0.0
53,waking,prediction,35,0.0
53,waking,emotion,0,0.5331133091277478
53,waking,emotion,1,0.3099505403799592
53,waking,emotion,2,0.7338819949242659
53,waking,action,0,0.0018170932213241373
53,waking,action,1,0.013032832248423044
53,waking,action,2,0.005234584074048573
53,waking,action,3,0.009431867138889398
53,waking,action,4,-0.4329906157368402
53,waking,action,5,0.5914574031225395
54,waking,visual,0,0.0
54,waking,visual,1,0.0
54,waking,visual,2,0.0
54,waking,visual,3,0.0
54,waking,visual,4,0.0
54,waking,visual,5,0.0
54,waking,visual,6,0.0
54,waking,visual,7,0.0
54,waking,visual,8,0.0
54,waking,visual,9,0.0
54,waking,visual,10,0.0
54,waking,visual,11,0.0
54,waking,visual,12,0.0
54,waking,visual,13,0.0
54,waking,visual,14,0.0
54,waking,visual,15,0.5333333333333333
54,waking,visual,16,0.0
54,waking,visual,17,0.0
54,waking,visual,18,0.0
54,waking,visual,19,0.0
54,waking,visual,20,0.36999999999999994
54,waking,visual,21,0.0
54,waking,visual,22,0.75
54,waking,visual,23,0.0
54,waking,visual,24,0.0
54,waking,visual,25,0.0
54,waking,visual,26,0.0
54,waking,visual,27,0.4033333333333333
54,waking,visual,28,0.0
54,waking,visual,29,0.0
54,waking,visual,30,0.0
54,waking,visual,31,0.0
54,waking,visual,32,0.0
54,waking,visual,33,0.0
54,waking,visual,34,0.0
54,waking,visual,35,0.0
54,waking,visual,36,0.0
54,waking,visual,37,0.0
54,waking,visual,38,0.0
54,waking,visual,39,0.0
54,waking,visual,40,0.0
54,waking,visual,41,0.0
54,waking,visual,42,0.0
54,waking,visual,43,0.0
54,waking,visual,44,0.0
54,waking,visual,45,0.0
54,waking,visual,46,0.0
54,waking,visual,47,0.0
54,waking,visual,48,0.0
54,waking,visual,49,0.0
54,waking,visual,50,0.0
54,waking,visual,51,0.0
54,waking,visual,52,0.0
54,waking,visual,53,0.0
54,waking,visual,54,0.0
54,waking,visual,55,0.0
54,waking,visual,56,0.0
54,waking,visual,57,0.0
54,waking,visual,58,0.0
54,waking,visual,59,0.0
54,waking,visual,60,0.0
54,waking,visual,61,0.0
54,waking,visual,62,0.0
54,waking,visual,63,0.0
54,waking,visual,64,0.0
54,waking,visual,65,0.0
54,waking,visual,66,0.0
54,waking,visual,67,0.0
54,waking,visual,68,0.0
54,waking,visual,69,0.0
54,waking,visual,70,0.0
54,waking,visual,71,0.0
54,waking,visual,72,0.0
54,waking,visual,73,0.0
54,waking,visual,74,0.0
54,waking,visual,75,0.0
54,waking,visual,76,0.0
54,waking,visual,77,0.0
54,waking,visual,78,0.0
54,waking,visual,79,0.0
54,waking,visual,80,0.0
54,waking,visual,81,0.75
54,waking,visual,82,0.1
54,waking,visual,83,0.75
54,waking,visual,84,0.0
54,waking,visual,85,0.0
54,waking,visual,86,0.0
54,waking,visual,87,0.0
54,waking,visual,88,0.0
54,waking,visual,89,0.0
54,waking,visual,90,0.0
54,waking,visual,91,0.0
54,waking,visual,92,0.0
54,waking,visual,93,0.0
54,waking,visual,94,0.0
54,waking,visual,95,0.0
54,waking,visual,96,0.95
54,waking,visual,97,0.08
54,waking,visual,98,0.08
54,waking,visual,99,0.0
54,waking,visual,100,0.0
54,waking,visual,101,0.0
54,waking,visual,102,0.65
54,waking,visual,103,0.95
54,waking,visual,104,0.65
54,waking,visual,105,0.0
54,waking,visual,106,0.0
54,waking,visual,107,0.0
54,waking,visual,108,0.0
54,waking,visual,109,0.0
54,waking,visual,110,0.0
54,waking,visual,111,0.0
54,waking,visual,112,0.0
54,waking,visual,113,0.0
54,waking,visual,114,0.0
54,waking,visual,115,0.0
54,waking,visual,116,0.0
54,waking,visual,117,0.08
54,waking,visual,118,0.18
54,waking,visual,119,0.95
54,waking,visual,120,0.0
54,waking,visual,121,0.0
54,waking,visual,122,0.0
54,waking,visual,123,0.0
54,waking,visual,124,0.0
54,waking,visual,125,0.0
54,waking,visual,126,0.0
54,waking,visual,127,0.0
54,waking,visual,128,0.0
54,waking,visual,129,0.0
54,waking,visual,130,0.0
54,waking,visual,131,0.0
54,waking,visual,132,0.0
54,waking,visual,133,0.0
54,waking,visual,134,0.0
54,waking,visual,135,0.0
54,waking,visual,136,0.0
54,waking,visual,137,0.0
54,waking,visual,138,0.0
54,waking,visual,139,0.0
54,waking,visual,140,0.0
54,waking,visual,141,0.0
54,waking,visual,142,0.0
54,waking,visual,143,0.0
54,waking,visual,144,0.0
54,waking,visual,145,0.0
54,waking,visual,146,0.0
54,waking,visual,147,0.0
54,waking,visual,148,0.0
54,waking,visual,149,0.0
54,waking,visual,150,0.0
54,waking,visual,151,0.0
54,waking,visual,152,0.0
54,waking,visual,153,0.0
54,waking,visual,154,0.0
54,waking,visual,155,0.0
54,waking,visual,156,0.0
54,waking,visual,157,0.0
54,waking,visual,158,0.0
54,waking,visual,159,0.0
54,waking,visual,160,0.0
54,waking,visual,161,0.0
54,waking,visual,162,0.0
54,waking,visual,163,0.0
54,waking,visual,164,0.0
54,waking,visual,165,0.0
54,waking,visual,166,0.0
54,waking,visual,167,0.0
54,waking,visual,168,0.0
54,waking,visual,169,0.0
54,waking,visual,170,0.0
54,waking,visual,171,0.0
54,waking,visual,172,0.0
54,waking,visual,173,0.0
54,waking,visual,174,0.0
54,waking,visual,175,0.0
54,waking,visual,176,0.0
54,waking,visual,177,0.0
54,waking,visual,178,0.0
54,waking,visual,179,0.0
54,waking,audio,0,0.32603610636155794
54,waking,audio,1,0.16269735585408054
54,waking,audio,2,0.3049040281807299
54,waking,audio,3,0.20745643709077774
54,waking,audio,4,0.31025328387715956
54,waking,audio,5,0.17292986950116543
54,waking,audio,6,0.2618036004380363
54,waking,audio,7,0.05911694203439529
54,waking,audio,8,0.005055281346437568
54,waking,audio,9,0.0015143555901425687
54,waking,audio,10,0.0013116382739371546
54,waking,audio,11,0.00042627344540513423
54,waking,audio,12,0.00018144784517715173
54,waking,audio,13,0.0019474345646788016
54,waking,audio,14,0.004317600730164961
54,waking,audio,15,0.000974942100359838
54,waking,proprioceptive,0,0.33161476054678396
54,waking,proprioceptive,1,0.7300112123254313
54,waking,proprioceptive,2,0.570118397040936
54,waking,proprioceptive,3,0.7330093676240612
54,waking,proprioceptive,4,0.0
54,waking,proprioceptive,5,0.621170455132961
54,waking,prediction,0,0.0
54,waking,prediction,1,0.0
54,waking,prediction,2,0.0
54,waking,prediction,3,2.615052279833775e-11
54,waking,prediction,4,0.0
54,waking,prediction,5,0.0
54,waking,prediction,6,0.0
54,waking,prediction,7,0.0
54,waking,prediction,8,7.713716494119615e-07
54,waking,prediction,9,0.0007334975259218102
54,waking,prediction,10,1.075644334907873e-10
54,waking,prediction,11,2.483499409568458e-07
54,waking,prediction,12,0.0
54,waking,prediction,13,0.0
54,waking,prediction,14,0.0
54,waking,prediction,15,0.0615435707989045
54,waking,prediction,16,0.0006360704940767306
54,waking,prediction,17,0.00020068550389270608
54,waking,prediction,18,0.0
54,waking,prediction,19,0.0
54,waking,prediction,20,0.05143512662876468
54,waking,prediction,21,0.0014737387757903008
54,waking,prediction,22,0.058655114504803776
54,waking,prediction,23,0.006103183530416454
54,waking,prediction,24,0.0
54,waking,prediction,25,4.162461399651879e-09
54,waking,prediction,26,1.7408468242701223e-07
54,waking,prediction,27,0.049332910136660114
54,waking,prediction,28,0.0006313797314060783
54,waking,prediction,29,2.6868870877178544e-06
54,waking,prediction,30,0.0
54,waking,prediction,31,0.0
54,waking,prediction,32,0.00023327804056874922
54,waking,prediction,33,0.0
54,waking,prediction,34,0.0
54,waking,prediction,35,0.0
54,waking,emotion,0,0.5285877151369415
54,waking,emotion,1,0.3086430444836842
54,waking,emotion,2,0.7261577240826703
54,waking,action,0,0.0008742644689165568
54,waking,action,1,0.010367957146462775
54,waking,action,2,0.008115945207305419
54,waking,action,3,0.006369312615259915
54,waking,action,4,-0.5338407752849235
54,waking,action,5,0.5332410884942065
55,waking,visual,0,0.0
55,waking,visual,1,0.0
55,waking,visual,2,0.0
55,waking,visual,3,0.0
55,waking,visual,4,0.0
55,waking,visual,5,0.0
55,waking,visual,6,0.0
55,waking,visual,7,0.0
55,waking,visual,8,0.0
55,waking,visual,9,0.0
55,waking,visual,10,0.0
55,waking,visual,11,0.0
55,waking,visual,12,0.0
55,waking,visual,13,0.0
55,waking,visual,14,0.0
55,waking,visual,15,0.5333333333333333
55,waking,visual,16,0.0
55,waking,visual,17,0.0
55,waking,visual,18,0.0
55,waking,visual,19,0.0
55,waking,visual,20,0.36999999999999994
55,waking,visual,21,0.0
55,waking,visual,22,0.75
55,waking,visual,23,0.0
55,waking,visual,24,0.0
55,waking,visual,25,0.0
55,waking,visual,26,0.0
55,waking,visual,27,0.4033333333333333
55,waking,visual,28,0.0
55,waking,visual,29,0.0
55,waking,visual,30,0.0
55,waking,visual,31,0.0
55,waking,visual,32,0.0
55,waking,visual,33,0.0
55,waking,visual,34,0.0
55,waking,visual,35,0.0
55,waking,visual,36,0.0
55,waking,visual,37,0.0
55,waking,visual,38,0.0
55,waking,visual,39,0.0
55,waking,visual,40,0.0
55,waking,visual,41,0.0
55,waking,visual,42,0.0
55,waking,visual,43,0.0
55,waking,visual,44,0.0
55,waking,visual,45,0.0
55,waking,visual,46,0.0
55,waking,visual,47,0.0
55,waking,visual,48,0.0
55,waking,visual,49,0.0
55,waking,visual,50,0.0
55,waking,visual,51,0.0
55,waking,visual,52,0.0
55,waking,visual,53,0.0
55,waking,visual,54,0.0
55,waking,visual,55,0.0
55,waking,visual,56,0.0
55,waking,visual,57,0.0
55,waking,visual,58,0.0
55,waking,visual,59,0.0
55,waking,visual,60,0.0
55,waking,visual,61,0.0
55,waking,visual,62,0.0
55,waking,visual,63,0.0
55,waking,visual,64,0.0
55,waking,visual,65,0.0
55,waking,visual,66,0.0
55,waking,visual,67,0.0
55,waking,visual,68,0.0
55,waking,visual,69,0.0
55,waking,visual,70,0.0
55,waking,visual,71,0.0
55,waking,visual,72,0.0
55,waking,visual,73,0.0
55,waking,visual,74,0.0
55,waking,visual,75,0.0
55,waking,visual,76,0.0
55,waking,visual,77,0.0
55,waking,visual,78,0.0
55,waking,visual,79,0.0
55,waking,visual,80,0.0
55,waking,visual,81,0.75
55,waking,visual,82,0.1
55,waking,visual,83,0.75
55,waking,visual,84,0.0
55,waking,visual,85,0.0
55,waking,visual,86,0.0
55,waking,visual,87,0.0
55,waking,visual,88,0.0
55,waking,visual,89,0.0
55,waking,visual,90,0.0
55,waking,visual,91,0.0
55,waking,visual,92,0.0
55,waking,visual,93,0.0
55,waking,visual,94,0.0
55,waking,visual,95,0.0
55,waking,visual,96,0.95
55,waking,visual,97,0.08
55,waking,visual,98,0.08
55,waking,visual,99,0.0
55,waking,visual,100,0.0
55,waking,visual,101,0.0
55,waking,visual,102,0.65
55,waking,visual,103,0.95
55,waking,visual,104,0.65
55,waking,visual,105,0.0
55,waking,visual,106,0.0
55,waking,visual,107,0.0
55,waking,visual,108,0.0
55,waking,visual,109,0.0
55,waking,visual,110,0.0
55,waking,visual,111,0.0
55,waking,visual,112,0.0
55,waking,visual,113,0.0
55,waking,visual,114,0.0
55,waking,visual,115,0.0
55,waking,visual,116,0.0
55,waking,visual,117,0.08
55,waking,visual,118,0.18
55,waking,visual,119,0.95
55,waking,visual,120,0.0
55,waking,visual,121,0.0
55,waking,visual,122,0.0
55,waking,visual,123,0.0
55,waking,visual,124,0.0
55,waking,visual,125,0.0
55,waking,visual,126,0.0
55,waking,visual,127,0.0
55,waking,visual,128,0.0
55,waking,visual,129,0.0
55,waking,visual,130,0.0
55,waking,visual,131,0.0
55,waking,visual,132,0.0
55,waking,visual,133,0.0
55,waking,visual,134,0.0
55,waking,visual,135,0.0
55,waking,visual,136,0.0
55,waking,visual,137,0.0
55,waking,visual,138,0.0
55,waking,visual,139,0.0
55,waking,visual,140,0.0
55,waking,visual,141,0.0
55,waking,visual,142,0.0
55,waking,visual,143,0.0
55,waking,visual,144,0.0
55,waking,visual,145,0.0
55,waking,visual,146,0.0
55,waking,visual,147,0.0
55,waking,visual,148,0.0
55,waking,visual,149,0.0
55,waking,visual,150,0.0
55,waking,visual,151,0.0
55,waking,visual,152,0.0
55,waking,visual,153,0.0
55,waking,visual,154,0.0
55,waking,visual,155,0.0
55,waking,visual,156,0.0
55,waking,visual,157,0.0
55,waking,visual,158,0.0
55,waking,visual,159,0.0
55,waking,visual,160,0.0
55,waking,visual,161,0.0
55,waking,visual,162,0.0
55,waking,visual,163,0.0
55,waking,visual,164,0.0
55,waking,visual,165,0.0
55,waking,visual,166,0.0
55,waking,visual,167,0.0
55,waking,visual,168,0.0
55,waking,visual,169,0.0
55,waking,visual,170,0.0
55,waking,visual,171,0.0
55,waking,visual,172,0.0
55,waking,visual,173,0.0
55,waking,visual,174,0.0
55,waking,visual,175,0.0
55,waking,visual,176,0.0
55,waking,visual,177,0.0
55,waking,visual,178,0.0
55,waking,visual,179,0.0
55,waking,audio,0,0.3196170734473591
55,waking,audio,1,0.16059953862354553
55,waking,audio,2,0.30551528687767837
55,waking,audio,3,0.20741299053815151
55,waking,audio,4,0.30971142306688987
55,waking,audio,5,0.17075843450553155
55,waking,audio,6,0.2572719450009325
55,waking,audio,7,0.05809366500021056
55,waking,audio,8,0.006419032914198819
55,waking,audio,9,0.0020978172305350096
55,waking,audio,10,0.0006112586969484468
55,waking,audio,11,4.34465526262251e-05
55,waking,audio,12,0.0005418608102696898
55,waking,audio,13,0.0021714349956338808
55,waking,audio,14,0.004531655437103821
55,waking,audio,15,0.0010232770341847275
55,waking,proprioceptive,0,0.2923952540558634
55,waking,proprioceptive,1,0.7073715344144132
55,waking,proprioceptive,2,0.5868651764210165
55,waking,proprioceptive,3,0.7545409411127366
55,waking,proprioceptive,4,0.0
55,waking,proprioceptive,5,0.5373541451947665
55,waking,prediction,0,0.0
55,waking,prediction,1,0.0
55,waking,prediction,2,0.0
55,waking,prediction,3,1.6957167194086772e-11
55,waking,prediction,4,0.0
55,waking,prediction,5,0.0
55,waking,prediction,6,0.0
55,waking,prediction,7,0.0
55,waking,prediction,8,4.943149783151604e-07
55,waking,prediction,9,0.0004987774995975043
55,waking,prediction,10,6.525867028518826e-11
55,waking,prediction,11,1.5753094721167094e-07
55,waking,prediction,12,0.0
55,waking,prediction,13,0.0
55,waking,prediction,14,0.0
55,waking,prediction,15,0.061854223607651734
55,waking,prediction,16,0.0006180141621476078
55,waking,prediction,17,0.00012964124828836955
55,waking,prediction,18,0.0
55,waking,prediction,19,0.0
55,waking,prediction,20,0.051430084843895614
55,waking,prediction,21,0.0015105470386284074
55,waking,prediction,22,0.059826130236613304
55,waking,prediction,23,0.0043067723639486685
55,waking,prediction,24,0.0
55,waking,prediction,25,2.6930931955767026e-09
55,waking,prediction,26,1.0480257893023692e-07
55,waking,prediction,27,0.04943553059651414
55,waking,prediction,28,0.0005705714716159015
55,waking,prediction,29,1.7262980311192119e-06
55,waking,prediction,30,0.0
55,waking,prediction,31,0.0
55,waking,prediction,32,0.00023921275540687758
55,waking,prediction,33,0.0
55,waking,prediction,34,0.0
55,waking,prediction,35,0.0
55,waking,emotion,0,0.5241085125368625
55,waking,emotion,1,0.30741067569009556
55,waking,emotion,2,0.7178065349814936
55,waking,action,0,0.00042049328496974504
55,waking,action,1,0.007256592958052236
55,waking,action,2,0.010670354050640441
55,waking,action,3,0.00315596190540838
55,waking,action,4,-0.6154771886793236
55,waking,action,5,0.46602568390516097
56,waking,visual,0,0.0
56,waking,visual,1,0.0
56,waking,visual,2,0.0
56,waking,visual,3,0.0
56,waking,visual,4,0.0
56,waking,visual,5,0.0
56,waking,visual,6,0.0
56,waking,visual,7,0.0
56,waking,visual,8,0.0
56,waking,visual,9,0.0
56,waking,visual,10,0.0
56,waking,visual,11,0.0
56,waking,visual,12,0.0
56,waking,visual,13,0.0
56,waking,visual,14,0.0
56,waking,visual,15,0.5333333333333333
56,waking,visual,16,0.0
56,waking,visual,17,0.0
56,waking,visual,18,0.0
56,waking,visual,19,0.0
56,waking,visual,20,0.36999999999999994
56,waking,visual,21,0.0
56,waking,visual,22,0.75
56,waking,visual,23,0.0
56,waking,visual,24,0.0
56,waking,visual,25,0.0
56,waking,visual,26,0.0
56,waking,visual,27,0.4033333333333333
56,waking,visual,28,0.0
56,waking,visual,29,0.0
56,waking,visual,30,0.0
56,waking,visual,31,0.0
56,waking,visual,32,0.0
56,waking,visual,33,0.0
56,waking,visual,34,0.0
56,waking,visual,35,0.0
56,waking,visual,36,0.0
56,waking,visual,37,0.0
56,waking,visual,38,0.0
56,waking,visual,39,0.0
56,waking,visual,40,0.0
56,waking,visual,41,0.0
56,waking,visual,42,0.0
56,waking,visual,43,0.0
56,waking,visual,44,0.0
56,waking,visual,45,0.0
56,waking,visual,46,0.0
56,waking,visual,47,0.0
56,waking,visual,48,0.0
56,waking,visual,49,0.0
56,waking,visual,50,0.0
56,waking,visual,51,0.0
56,waking,visual,52,0.0
56,waking,visual,53,0.0
56,waking,visual,54,0.0
56,waking,visual,55,0.0
56,waking,visual,56,0.0
56,waking,visual,57,0.0
56,waking,visual,58,0.0
56,waking,visual,59,0.0
56,waking,visual,60,0.0
56,waking,visual,61,0.0
56,waking,visual,62,0.0
56,waking,visual,63,0.0
56,waking,visual,64,0.0
56,waking,visual,65,0.0
56,waking,visual,66,0.0
56,waking,visual,67,0.0
56,waking,visual,68,0.0
56,waking,visual,69,0.0
56,waking,visual,70,0.0
56,waking,visual,71,0.0
56,waking,visual,72,0.0
56,waking,visual,73,0.0
56,waking,visual,74,0.0
56,waking,visual,75,0.0
56,waking,visual,76,0.0
56,waking,visual,77,0.0
56,waking,visual,78,0.0
56,waking,visual,79,0.0
56,waking,visual,80,0.0
56,waking,visual,81,0.75
56,waking,visual,82,0.1
56,waking,visual,83,0.75
56,waking,visual,84,0.0
56,waking,visual,85,0.0
56,waking,visual,86,0.0
56,waking,visual,87,0.0
56,waking,visual,88,0.0
56,waking,visual,89,0.0
56,waking,visual,90,0.0
56,waking,visual,91,0.0
56,waking,visual,92,0.0
56,waking,visual,93,0.0
56,waking,visual,94,0.0
56,waking,visual,95,0.0
56,waking,visual,96,0.95
56,waking,visual,97,0.08
56,waking,visual,98,0.08
56,waking,visual,99,0.0
56,waking,visual,100,0.0
56,waking,visual,101,0.0
56,waking,visual,102,0.65
56,waking,visual,103,0.95
56,waking,visual,104,0.65
56,waking,visual,105,0.0
56,waking,visual,106,0.0
56,waking,visual,107,0.0
56,waking,visual,108,0.0
56,waking,visual,109,0.0
56,waking,visual,110,0.0
56,waking,visual,111,0.0
56,waking,visual,112,0.0
56,waking,visual,113,0.0
56,waking,visual,114,0.0
56,waking,visual,115,0.0
56,waking,visual,116,0.0
56,waking,visual,117,0.08
56,waking,visual,118,0.18
56,waking,visual,119,0.95
56,waking,visual,120,0.0
56,waking,visual,121,0.0
56,waking,visual,122,0.0
56,waking,visual,123,0.0
56,waking,visual,124,0.0
56,waking,visual,125,0.0
56,waking,visual,126,0.0
56,waking,visual,127,0.0
56,waking,visual,128,0.0
56,waking,visual,129,0.0
56,waking,visual,130,0.0
56,waking,visual,131,0.0
56,waking,visual,132,0.0
56,waking,visual,133,0.0
56,waking,visual,134,0.0
56,waking,visual,135,0.0
56,waking,visual,136,0.0
56,waking,visual,137,0.0
56,waking,visual,138,0.0
56,waking,visual,139,0.0
56,waking,visual,140,0.0
56,waking,visual,141,0.0
56,waking,visual,142,0.0
56,waking,visual,143,0.0
56,waking,visual,144,0.0
56,waking,visual,145,0.0
56,waking,visual,146,0.0
56,waking,visual,147,0.0
56,waking,visual,148,0.0
56,waking,visual,149,0.0
56,waking,visual,150,0.0
56,waking,visual,151,0.0
56,waking,visual,152,0.0
56,waking,visual,153,0.0
56,waking,visual,154,0.0
56,waking,visual,155,0.0
56,waking,visual,156,0.0
56,waking,visual,157,0.0
56,waking,visual,158,0.0
56,waking,visual,159,0.0
56,waking,visual,160,0.0
56,waking,visual,161,0.0
56,waking,visual,162,0.0
56,waking,visual,163,0.0
56,waking,visual,164,0.0
56,waking,visual,165,0.0
56,waking,visual,166,0.0
56,waking,visual,167,0.0
56,waking,visual,168,0.0
56,waking,visual,169,0.0
56,waking,visual,170,0.0
56,waking,visual,171,0.0
56,waking,visual,172,0.0
56,waking,visual,173,0.0
56,waking,visual,174,0.0
56,waking,visual,175,0.0
56,waking,visual,176,0.0
56,waking,visual,177,0.0
56,waking,visual,178,0.0
56,waking,visual,179,0.0
56,waking,audio,0,0.3123015777828081
56,waking,audio,1,0.15809851996560473
56,waking,audio,2,0.30553813445119377
56,waking,audio,3,0.20695390101654434
56,waking,audio,4,0.3085238012311567
56,waking,audio,5,0.16844101121475005
56,waking,audio,6,0.25266856146137634
56,waking,audio,7,0.05705419129773015
56,waking,audio,8,0.0073154956645510305
56,waking,audio,9,0.0025010186579408067
56,waking,audio,10,2.2847573515394348e-05
56,waking,audio,11,0.00045908952160717
56,waking,audio,12,0.001187621835733177
56,waking,audio,13,0.002317423290781495
56,waking,audio,14,0.0046033835395561384
56,waking,audio,15,0.0010394737024804132
56,waking,proprioceptive,0,0.2606477599580405
56,waking,proprioceptive,1,0.6812322104075628
56,waking,proprioceptive,2,0.6004485286927261
56,waking,proprioceptive,3,0.7720052511763613
56,waking,proprioceptive,4,0.0
56,waking,proprioceptive,5,0.45246089783681864
56,waking,prediction,0,0.0
56,waking,prediction,1,0.0
56,waking,prediction,2,0.0
56,waking,prediction,3,1.0994571535273487e-11
56,waking,prediction,4,0.0
56,waking,prediction,5,0.0
56,waking,prediction,6,0.0
56,waking,prediction,7,0.0
56,waking,prediction,8,3.1667075492185023e-07
56,waking,prediction,9,0.0003294838618154601
56,waking,prediction,10,3.9604220320868934e-11
56,waking,prediction,11,9.991223119296381e-08
56,waking,prediction,12,0.0
56,waking,prediction,13,0.0
56,waking,prediction,14,0.0
56,waking,prediction,15,0.06206670228608081
56,waking,prediction,16,0.0006040548592567172
56,waking,prediction,17,8.373295340472045e-05
56,waking,prediction,18,0.0
56,waking,prediction,19,0.0
56,waking,prediction,20,0.05139843107607329
56,waking,prediction,21,0.0015383979943348427
56,waking,prediction,22,0.06074734220114012
56,waking,prediction,23,0.0030101633433691328
56,waking,prediction,24,0.0
56,waking,prediction,25,1.742122270530567e-09
56,waking,prediction,26,6.311268414010001e-08
56,waking,prediction,27,0.04949916116473825
56,waking,prediction,28,0.0005259071298907448
56,waking,prediction,29,1.108941696252524e-06
56,waking,prediction,30,0.0
56,waking,prediction,31,0.0
56,waking,prediction,32,0.0002466139300076515
56,waking,prediction,33,0.0
56,waking,prediction,34,0.0
56,waking,prediction,35,0.0
56,waking,emotion,0,0.5195292567445441
56,waking,emotion,1,0.30619835652293975
56,waking,emotion,2,0.7087148244854155
56,waking,action,0,0.00020217205934369522
56,waking,action,1,0.003980023803092373
56,waking,action,2,0.012613346422920738
56,waking,action,3,0.001526694267981691
56,waking,action,4,0.0
56,waking,action,5,0.0
57,waking,visual,0,0.0
57,waking,visual,1,0.0
57,waking,visual,2,0.0
57,waking,visual,3,0.0
57,waking,visual,4,0.0
57,waking,visual,5,0.0
57,waking,visual,6,0.0
57,waking,visual,7,0.0
57,waking,visual,8,0.0
57,waking,visual,9,0.0
57,waking,visual,10,0.0
57,waking,visual,11,0.0
57,waking,visual,12,0.0
57,waking,visual,13,0.0
57,waking,visual,14,0.0
57,waking,visual,15,0.5333333333333333
57,waking,visual,16,0.0
57,waking,visual,17,0.0
57,waking,visual,18,0.0
57,waking,visual,19,0.0
57,waking,visual,20,0.36999999999999994
57,waking,visual,21,0.0
57,waking,visual,22,0.75
57,waking,visual,23,0.0
57,waking,visual,24,0.0
57,waking,visual,25,0.0
57,waking,visual,26,0.0
57,waking,visual,27,0.4033333333333333
57,waking,visual,28,0.0
57,waking,visual,29,0.0
57,waking,visual,30,0.0
57,waking,visual,31,0.0
57,waking,visual,32,0.0
57,waking,visual,33,0.0
57,waking,visual,34,0.0
57,waking,visual,35,0.0
57,waking,visual,36,0.0
57,waking,visual,37,0.0
57,waking,visual,38,0.0
57,waking,visual,39,0.0
57,waking,visual,40,0.0
57,waking,visual,41,0.0
57,waking,visual,42,0.0
57,waking,visual,43,0.0
57,waking,visual,44,0.0
57,waking,visual,45,0.0
57,waking,visual,46,0.0
57,waking,visual,47,0.0
57,waking,visual,48,0.0
57,waking,visual,49,0.0
57,waking,visual,50,0.0
57,waking,visual,51,0.0
57,waking,visual,52,0.0
57,waking,visual,53,0.0
57,waking,visual,54,0.0
57,waking,visual,55,0.0
57,waking,visual,56,0.0
57,waking,visual,57,0.0
57,waking,visual,58,0.0
57,waking,visual,59,0.0
57,waking,visual,60,0.0
57,waking,visual,61,0.0
57,waking,visual,62,0.0
57,waking,visual,63,0.0
57,waking,visual,64,0.0
57,waking,visual,65,0.0
57,waking,visual,66,0.0
57,waking,visual,67,0.0
57,waking,visual,68,0.0
57,waking,visual,69,0.0
57,waking,visual,70,0.0
57,waking,visual,71,0.0
57,waking,visual,72,0.0
57,waking,visual,73,0.0
57,waking,visual,74,0.0
57,waking,visual,75,0.0
57,waking,visual,76,0.0
57,waking,visual,77,0.0
57,waking,visual,78,0.0
57,waking,visual,79,0.0
57,waking,visual,80,0.0
57,waking,visual,81,0.75
57,waking,visual,82,0.1
57,waking,visual,83,0.75
57,waking,visual,84,0.0
57,waking,visual,85,0.0
57,waking,visual,86,0.0
57,waking,visual,87,0.0
57,waking,visual,88,0.0
57,waking,visual,89,0.0
57,waking,visual,90,0.0
57,waking,visual,91,0.0
57,waking,visual,92,0.0
57,waking,visual,93,0.0
57,waking,visual,94,0.0
57,waking,visual,95,0.0
57,waking,visual,96,0.95
57,waking,visual,97,0.08
57,waking,visual,98,0.08
57,waking,visual,99,0.0
57,waking,visual,100,0.0
57,waking,visual,101,0.0
57,waking,visual,102,0.65
57,waking,visual,103,0.95
57,waking,visual,104,0.65
57,waking,visual,105,0.0
57,waking,visual,106,0.0
57,waking,visual,107,0.0
57,waking,visual,108,0.0
57,waking,visual,109,0.0
57,waking,visual,110,0.0
57,waking,visual,111,0.0
57,waking,visual,112,0.0
57,waking,visual,113,0.0
57,waking,visual,114,0.0
57,waking,visual,115,0.0
57,waking,visual,116,0.0
57,waking,visual,117,0.08
57,waking,visual,118,0.18
57,waking,visual,119,0.95
57,waking,visual,120,0.0
57,waking,visual,121,0.0
57,waking,visual,122,0.0
57,waking,visual,123,0.0
57,waking,visual,124,0.0
57,waking,visual,125,0.0
57,waking,visual,126,0.0
57,waking,visual,127,0.0
57,waking,visual,128,0.0
57,waking,visual,129,0.0
57,waking,visual,130,0.0
57,waking,visual,131,0.0
57,waking,visual,132,0.0
57,waking,visual,133,0.0
57,waking,visual,134,0.0
57,waking,visual,135,0.0
57,waking,visual,136,0.0
57,waking,visual,137,0.0
57,waking,visual,138,0.0
57,waking,visual,139,0.0
57,waking,visual,140,0.0
57,waking,visual,141,0.0
57,waking,visual,142,0.0
57,waking,visual,143,0.0
57,waking,visual,144,0.0
57,waking,visual,145,0.0
57,waking,visual,146,0.0
57,waking,visual,147,0.0
57,waking,visual,148,0.0
57,waking,visual,149,0.0
57,waking,visual,150,0.0
57,waking,visual,151,0.0
57,waking,visual,152,0.0
57,waking,visual,153,0.0
57,waking,visual,154,0.0
57,waking,visual,155,0.0
57,waking,visual,156,0.0
57,waking,visual,157,0.0
57,waking,visual,158,0.0
57,waking,visual,159,0.0
57,waking,visual,160,0.0
57,waking,visual,161,0.0
57,waking,visual,162,0.0
57,waking,visual,163,0.0
57,waking,visual,164,0.0
57,waking,visual,165,0.0
57,waking,visual,166,0.0
57,waking,visual,167,0.0
57,waking,visual,168,0.0
57,waking,visual,169,0.0
57,waking,visual,170,0.0
57,waking,visual,171,0.0
57,waking,visual,172,0.0
57,waking,visual,173,0.0
57,waking,visual,174,0.0
57,waking,visual,175,0.0
57,waking,visual,176,0.0
57,waking,visual,177,0.0
57,waking,visual,178,0.0
57,waking,visual,179,0.0
57,waking,audio,0,0.31033344926300604
57,waking,audio,1,0.15799207263487455
57,waking,audio,2,0.30871524354927476
57,waking,audio,3,0.20809154814098108
57,waking,audio,4,0.30941033418562214
57,waking,audio,5,0.16850359580634153
57,waking,audio,6,0.25253771213304166
57,waking,audio,7,0.05702464467520296
57,waking,audio,8,0.001968128519802048
57,waking,audio,9,0.00010644733073017498
57,waking,audio,10,0.003177109098080999
57,waking,audio,11,0.0011376471244367303
57,waking,audio,12,0.0008865329544654466
57,waking,audio,13,6.258459159147467e-05
57,waking,audio,14,0.00013084932833468121
57,waking,audio,15,2.954662252718787e-05
57,waking,proprioceptive,0,0.5
57,waking,proprioceptive,1,0.5
57,waking,proprioceptive,2,0.0
57,waking,proprioceptive,3,0.0
57,waking,proprioceptive,4,0.0
57,waking,proprioceptive,5,0.36893822495605566
57,waking,prediction,0,0.0
57,waking,prediction,1,0.0
57,waking,prediction,2,0.0
57,waking,prediction,3,7.127831169079706e-12
57,waking,prediction,4,0.0
57,waking,prediction,5,0.0
57,waking,prediction,6,0.0
57,waking,prediction,7,0.0
57,waking,prediction,8,2.02800377375176e-07
57,waking,prediction,9,0.00020988470169782625
57,waking,prediction,10,2.4043293327017757e-11
57,waking,prediction,11,6.336135195804852e-08
57,waking,prediction,12,0.0
57,waking,prediction,13,0.0
57,waking,prediction,14,0.0
57,waking,prediction,15,0.06220760107685373
57,waking,prediction,16,0.0005937635727522226
57,waking,prediction,17,5.4071686218215346e-05
57,waking,prediction,18,0.0
57,waking,prediction,19,0.0
57,waking,prediction,20,0.05134575739337126
57,waking,prediction,21,0.001559332129271218
57,waking,prediction,22,0.06150228592969899
57,waking,prediction,23,0.0021075887256928947
57,waking,prediction,24,0.0
57,waking,prediction,25,1.1267466315410585e-09
57,waking,prediction,26,3.8019821088201976e-08
57,waking,prediction,27,0.049534888117263004
57,waking,prediction,28,0.0004934033515831905
57,waking,prediction,29,7.122337801581641e-07
57,waking,prediction,30,0.0
57,waking,prediction,31,0.0
57,waking,prediction,32,0.00015824314848666485
57,waking,prediction,33,0.0
57,waking,prediction,34,0.0
57,waking,prediction,35,0.0
57,waking,emotion,0,0.4896002686843305
57,waking,emotion,1,0.29550949152391
57,waking,emotion,2,0.6729770075108649
57,waking,action,0,9.716739345582516e-05
57,waking,action,1,0.0020029525361331202
57,waking,action,2,0.013760547946651713
57,waking,action,3,0.0007384446891938062
57,waking,action,4,0.0
57,waking,action,5,0.0
58,waking,visual,0,0.0
58,waking,visual,1,0.0
58,waking,visual,2,0.0
58,waking,visual,3,0.0
58,waking,visual,4,0.0
58,waking,visual,5,0.0
58,waking,visual,6,0.0
58,waking,visual,7,0.0
58,waking,visual,8,0.0
58,waking,visual,9,0.0
58,waking,visual,10,0.0
58,waking,visual,11,0.0
58,waking,visual,12,0.0
58,waking,visual,13,0.0
58,waking,visual,14,0.0
58,waking,visual,15,0.5333333333333333
58,waking,visual,16,0.0
58,waking,visual,17,0.0
58,waking,visual,18,0.0
58,waking,visual,19,0.0
58,waking,visual,20,0.36999999999999994
58,waking,visual,21,0.0
58,waking,visual,22,0.0
58,waking,visual,23,0.0
58,waking,visual,24,0.0
58,waking,visual,25,0.0
58,waking,visual,26,0.0
58,waking,visual,27,0.4033333333333333
58,waking,visual,28,0.75
58,waking,visual,29,0.0
58,waking,visual,30,0.0
58,waking,visual,31,0.0
58,waking,visual,32,0.0
58,waking,visual,33,0.0
58,waking,visual,34,0.0
58,waking,visual,35,0.0
58,waking,visual,36,0.0
58,waking,visual,37,0.0
58,waking,visual,38,0.0
58,waking,visual,39,0.0
58,waking,visual,40,0.0
58,waking,visual,41,0.0
58,waking,visual,42,0.0
58,waking,visual,43,0.0
58,waking,visual,44,0.0
58,waking,visual,45,0.0
58,waking,visual,46,0.0
58,waking,visual,47,0.0
58,waking,visual,48,0.0
58,waking,visual,49,0.0
58,waking,visual,50,0.0
58,waking,visual,51,0.0
58,waking,visual,52,0.0
58,waking,visual,53,0.0
58,waking,visual,54,0.0
58,waking,visual,55,0.0
58,waking,visual,56,0.0
58,waking,visual,57,0.0
58,waking,visual,58,0.0
58,waking,visual,59,0.0
58,waking,visual,60,0.0
58,waking,visual,61,0.0
58,waking,visual,62,0.0
58,waking,visual,63,0.0
58,waking,visual,64,0.0
58,waking,visual,65,0.0
58,waking,visual,66,0.0
58,waking,visual,67,0.0
58,waking,visual,68,0.0
58,waking,visual,69,0.0
58,waking,visual,70,0.0
58,waking,visual,71,0.0
58,waking,visual,72,0.0
58,waking,visual,73,0.0
58,waking,visual,74,0.0
58,waking,visual,75,0.0
58,waking,visual,76,0.0
58,waking,visual,77,0.0
58,waking,visual,78,0.0
58,waking,visual,79,0.0
58,waking,visual,80,0.0
58,waking,visual,81,0.75
58,waking,visual,82,0.1
58,waking,visual,83,0.75
58,waking,visual,84,0.0
58,waking,visual,85,0.0
58,waking,visual,86,0.0
58,waking,visual,87,0.0
58,waking,visual,88,0.0
58,waking,visual,89,0.0
58,waking,visual,90,0.0
58,waking,visual,91,0.0
58,waking,visual,92,0.0
58,waking,visual,93,0.0
58,waking,visual,94,0.0
58,waking,visual,95,0.0
58,waking,visual,96,0.95
58,waking,visual,97,0.08
58,waking,visual,98,0.08
58,waking,visual,99,0.0
58,waking,visual,100,0.0
58,waking,visual,101,0.0
58,waking,visual,102,0.0
58,waking,visual,103,0.0
58,waking,visual,104,0.0
58,waking,visual,105,0.0
58,waking,visual,106,0.0
58,waking,visual,107,0.0
58,waking,visual,108,0.0
58,waking,visual,109,0.0
58,waking,visual,110,0.0
58,waking,visual,111,0.0
58,waking,visual,112,0.0
58,waking,visual,113,0.0
58,waking,visual,114,0.0
58,waking,visual,115,0.0
58,waking,visual,116,0.0
58,waking,visual,117,0.08
58,waking,visual,118,0.18
58,waking,visual,119,0.95
58,waking,visual,120,0.65
58,waking,visual,121,0.95
58,waking,visual,122,0.65
58,waking,visual,123,0.0
58,waking,visual,124,0.0
58,waking,visual,125,0.0
58,waking,visual,126,0.0
58,waking,visual,127,0.0
58,waking,visual,128,0.0
58,waking,visual,129,0.0
58,waking,visual,130,0.0
58,waking,visual,131,0.0
58,waking,visual,132,0.0
58,waking,visual,133,0.0
58,waking,visual,134,0.0
58,waking,visual,135,0.0
58,waking,visual,136,0.0
58,waking,visual,137,0.0
58,waking,visual,138,0.0
58,waking,visual,139,0.0
58,waking,visual,140,0.0
58,waking,visual,141,0.0
58,waking,visual,142,0.0
58,waking,visual,143,0.0
58,waking,visual,144,0.0
58,waking,visual,145,0.0
58,waking,visual,146,0.0
58,waking,visual,147,0.0
58,waking,visual,148,0.0
58,waking,visual,149,0.0
58,waking,visual,150,0.0
58,waking,visual,151,0.0
58,waking,visual,152,0.0
58,waking,visual,153,0.0
58,waking,visual,154,0.0
58,waking,visual,155,0.0
58,waking,visual,156,0.0
58,waking,visual,157,0.0
58,waking,visual,158,0.0
58,waking,visual,159,0.0
58,waking,visual,160,0.0
58,waking,visual,161,0.0
58,waking,visual,162,0.0
58,waking,visual,163,0.0
58,waking,visual,164,0.0
58,waking,visual,165,0.0
58,waking,visual,166,0.75
58,waking,visual,167,0.0
58,waking,visual,168,0.0
58,waking,visual,169,0.0
58,waking,visual,170,0.0
58,waking,visual,171,0.0
58,waking,visual,172,0.75
58,waking,visual,173,0.0
58,waking,visual,174,0.0
58,waking,visual,175,0.0
58,waking,visual,176,0.0
58,waking,visual,177,0.0
58,waking,visual,178,0.0
58,waking,visual,179,0.0
58,waking,audio,0,0.30837111798466604
58,waking,audio,1,0.15788996442948214
58,waking,audio,2,0.3119028873772467
58,waking,audio,3,0.20922163509735833
58,waking,audio,4,0.31027615218698273
58,waking,audio,5,0.16855131162696724
58,waking,audio,6,0.2523828898226016
58,waking,audio,7,0.05698968479865198
58,waking,audio,8,0.0019623312783400015
58,waking,audio,9,0.00010210820539241494
58,waking,audio,10,0.003187643827971931
58,waking,audio,11,0.0011300869563772575
58,waking,audio,12,0.0008658180013605965
58,waking,audio,13,4.7715820625710004e-05
58,waking,audio,14,0.00015482231044006145
58,waking,audio,15,3.495987655098565e-05
58,waking,proprioceptive,0,0.5
58,waking,proprioceptive,1,0.5
58,waking,proprioceptive,2,0.0
58,waking,proprioceptive,3,0.0
58,waking,proprioceptive,4,0.0
58,waking,proprioceptive,5,0.28919412414830314
58,waking,prediction,0,0.0
58,waking,prediction,1,0.0
58,waking,prediction,2,0.0
58,waking,prediction,3,4.6163046850600296e-12
58,waking,prediction,4,0.0
58,waking,prediction,5,0.0
58,waking,prediction,6,0.0
58,waking,prediction,7,0.0
58,waking,prediction,8,1.2965011426575052e-07
58,waking,prediction,9,0.00013201226922253287
58,waking,prediction,10,1.4611281776412368e-11
58,waking,prediction,11,4.0140034672409977e-08
58,waking,prediction,12,0.0
58,waking,prediction,13,0.0
58,waking,prediction,14,0.0
58,waking,prediction,15,0.06221317826241912
58,waking,prediction,16,0.0005637577331008088
58,waking,prediction,17,3.488795099670686e-05
58,waking,prediction,18,0.0
58,waking,prediction,19,0.0
58,waking,prediction,20,0.05119160799248636
58,waking,prediction,21,0.0015746236908943815
58,waking,prediction,22,0.051017777621480784
58,waking,prediction,23,0.0014736321223111485
58,waking,prediction,24,0.0
58,waking,prediction,25,7.281256960125154e-10
58,waking,prediction,26,2.2926822787688972e-08
58,waking,prediction,27,0.04949594391539826
58,waking,prediction,28,0.01150408122474668
58,waking,prediction,29,4.5705801251699496e-07
58,waking,prediction,30,0.0
58,waking,prediction,31,0.0
58,waking,prediction,32,0.0001006627477050063
58,waking,prediction,33,0.0
58,waking,prediction,34,0.0
58,waking,prediction,35,0.0
58,waking,emotion,0,0.4626086180946192
58,waking,emotion,1,0.285219904192801
58,waking,emotion,2,0.6384794990189762
58,waking,action,0,4.660811453591381e-05
58,waking,action,1,0.001007011729168944
58,waking,action,2,0.014034670048584517
58,waking,action,3,0.00035674657316355656
58,waking,action,4,0.0
58,waking,action,5,0.0
59,waking,visual,0,0.0
59,waking,visual,1,0.0
59,waking,visual,2,0.0
59,waking,visual,3,0.0
59,waking,visual,4,0.0
59,waking,visual,5,0.0
59,waking,visual,6,0.0
59,waking,visual,7,0.0
59,waking,visual,8,0.0
59,waking,visual,9,0.0
59,waking,visual,10,0.0
59,waking,visual,11,0.0
59,waking,visual,12,0.0
59,waking,visual,13,0.0
59,waking,visual,14,0.0
59,waking,visual,15,0.5333333333333333
59,waking,visual,16,0.0
59,waking,visual,17,0.0
59,waking,visual,18,0.0
59,waking,visual,19,0.0
59,waking,visual,20,0.36999999999999994
59,waking,visual,21,0.0
59,waking,visual,22,0.0
59,waking,visual,23,0.0
59,waking,visual,24,0.0
59,waking,visual,25,0.0
59,waking,visual,26,0.0
59,waking,visual,27,0.4033333333333333
59,waking,visual,28,0.75
59,waking,visual,29,0.0
59,waking,visual,30,0.0
59,waking,visual,31,0.0
59,waking,visual,32,0.0
59,waking,visual,33,0.0
59,waking,visual,34,0.0
59,waking,visual,35,0.0
59,waking,visual,36,0.0
59,waking,visual,37,0.0
59,waking,visual,38,0.0
59,waking,visual,39,0.0
59,waking,visual,40,0.0
59,waking,visual,41,0.0
59,waking,visual,42,0.0
59,waking,visual,43,0.0
59,waking,visual,44,0.0
59,waking,visual,45,0.0
59,waking,visual,46,0.0
59,waking,visual,47,0.0
59,waking,visual,48,0.0
59,waking,visual,49,0.0
59,waking,visual,50,0.0
59,waking,visual,51,0.0
59,waking,visual,52,0.0
59,waking,visual,53,0.0
59,waking,visual,54,0.0
59,waking,visual,55,0.0
59,waking,visual,56,0.0
59,waking,visual,57,0.0
59,waking,visual,58,0.0
59,waking,visual,59,0.0
59,waking,visual,60,0.0
59,waking,visual,61,0.0
59,waking,visual,62,0.0
59,waking,visual,63,0.0
59,waking,visual,64,0.0
59,waking,visual,65,0.0
59,waking,visual,66,0.0
59,waking,visual,67,0.0
59,waking,visual,68,0.0
59,waking,visual,69,0.0
59,waking,visual,70,0.0
59,waking,visual,71,0.0
59,waking,visual,72,0.0
59,waking,visual,73,0.0
59,waking,visual,74,0.0
59,waking,visual,75,0.0
59,waking,visual,76,0.0
59,waking,visual,77,0.0
59,waking,visual,78,0.0
59,waking,visual,79,0.0
59,waking,visual,80,0.0
59,waking,visual,81,0.75
59,waking,visual,82,0.1
59,waking,visual,83,0.75
59,waking,visual,84,0.0
59,waking,visual,85,0.0
59,waking,visual,86,0.0
59,waking,visual,87,0.0
59,waking,visual,88,0.0
59,waking,visual,89,0.0
59,waking,visual,90,0.0
59,waking,visual,91,0.0
59,waking,visual,92,0.0
59,waking,visual,93,0.0
59,waking,visual,94,0.0
59,waking,visual,95,0.0
59,waking,visual,96,0.95
59,waking,visual,97,0.08
59,waking,visual,98,0.08
59,waking,visual,99,0.0
59,waking,visual,100,0.0
59,waking,visual,101,0.0
59,waking,visual,102,0.0
59,waking,visual,103,0.0
59,waking,visual,104,0.0
59,waking,visual,105,0.0
59,waking,visual,106,0.0
59,waking,visual,107,0.0
59,waking,visual,108,0.0
59,waking,visual,109,0.0
59,waking,visual,110,0.0
59,waking,visual,111,0.0
59,waking,visual,112,0.0
59,waking,visual,113,0.0
59,waking,visual,114,0.0
59,waking,visual,115,0.0
59,waking,visual,116,0.0
59,waking,visual,117,0.08
59,waking,visual,118,0.18
59,waking,visual,119,0.95
59,waking,visual,120,0.65
59,waking,visual,121,0.95
59,waking,visual,122,0.65
59,waking,visual,123,0.0
59,waking,visual,124,0.0
59,waking,visual,125,0.0
59,waking,visual,126,0.0
59,waking,visual,127,0.0
59,waking,visual,128,0.0
59,waking,visual,129,0.0
59,waking,visual,130,0.0
59,waking,visual,131,0.0
59,waking,visual,132,0.0
59,waking,visual,133,0.0
59,waking,visual,134,0.0
59,waking,visual,135,0.0
59,waking,visual,136,0.0
59,waking,visual,137,0.0
59,waking,visual,138,0.0
59,waking,visual,139,0.0
59,waking,visual,140,0.0
59,waking,visual,141,0.0
59,waking,visual,142,0.0
59,waking,visual,143,0.0
59,waking,visual,144,0.0
59,waking,visual,145,0.0
59,waking,visual,146,0.0
59,waking,visual,147,0.0
59,waking,visual,148,0.0
59,waking,visual,149,0.0
59,waking,visual,150,0.0
59,waking,visual,151,0.0
59,waking,visual,152,0.0
59,waking,visual,153,0.0
59,waking,visual,154,0.0
59,waking,visual,155,0.0
59,waking,visual,156,0.0
59,waking,visual,157,0.0
59,waking,visual,158,0.0
59,waking,visual,159,0.0
59,waking,visual,160,0.0
59,waking,visual,161,0.0
59,waking,visual,162,0.0
59,waking,visual,163,0.0
59,waking,visual,164,0.0
59,waking,visual,165,0.0
59,waking,visual,166,0.0
59,waking,visual,167,0.0
59,waking,visual,168,0.0
59,waking,visual,169,0.0
59,waking,visual,170,0.0
59,waking,visual,171,0.0
59,waking,visual,172,0.0
59,waking,visual,173,0.0
59,waking,visual,174,0.0
59,waking,visual,175,0.0
59,waking,visual,176,0.0
59,waking,visual,177,0.0
59,waking,visual,178,0.0
59,waking,visual,179,0.0
59,waking,audio,0,0.3064158643674875
59,waking,audio,1,0.1577914135329757
59,waking,audio,2,0.31509436659626805
59,waking,audio,3,0.21034219589621023
59,waking,audio,4,0.3111202210374955
59,waking,audio,5,0.16858412830929156
59,waking,audio,6,0.2522042575009705
59,waking,audio,7,0.056949348467961076
59,waking,audio,8,0.0019552536171785206
59,waking,audio,9,9.855089650642745e-05
59,waking,audio,10,0.0031914792190213537
59,waking,audio,11,0.001120560798851894
59,waking,audio,12,0.0008440688505127469
59,waking,audio,13,3.2816682324326996e-05
59,waking,audio,14,0.00017863232163112253
59,waking,audio,15,4.03363306909002e-05
59,waking,proprioceptive,0,0.5
59,waking,proprioceptive,1,0.5
59,waking,proprioceptive,2,0.0
59,waking,proprioceptive,3,0.0
59,waking,proprioceptive,4,0.0
59,waking,proprioceptive,5,0.21552765501502336
59,waking,prediction,0,0.0
59,waking,prediction,1,0.0
59,waking,prediction,2,0.0
59,waking,prediction,3,2.986993826235285e-12
59,waking,prediction,4,0.0
59,waking,prediction,5,0.0
59,waking,prediction,6,0.0
59,waking,prediction,7,0.0
59,waking,prediction,8,8.275203116466547e-08
59,waking,prediction,9,8.296140588657494e-05
59,waking,prediction,10,8.888511580176694e-12
59,waking,prediction,11,2.54053079846279e-08
59,waking,prediction,12,0.0
59,waking,prediction,13,0.0
59,waking,prediction,14,0.0
59,waking,prediction,15,0.06209138635795825
59,waking,prediction,16,0.0004918443375054156
59,waking,prediction,17,2.24911659750852e-05
59,waking,prediction,18,0.0
59,waking,prediction,19,0.0
59,waking,prediction,20,0.05095217618149879
59,waking,prediction,21,0.0015889845234322729
59,waking,prediction,22,0.03798420034329887
59,waking,prediction,23,0.0010289468527288341
59,waking,prediction,24,0.0
59,waking,prediction,25,4.701298337869476e-10
59,waking,prediction,26,1.3839568312219269e-08
59,waking,prediction,27,0.049399759309786885
59,waking,prediction,28,0.025799947312215958
59,waking,prediction,29,2.9305822199812087e-07
59,waking,prediction,30,0.0
59,waking,prediction,31,0.0
59,waking,prediction,32,6.393109934048826e-05
59,waking,prediction,33,0.0
59,waking,prediction,34,0.0
59,waking,prediction,35,0.0
59,waking,emotion,0,0.43539225958756245
59,waking,emotion,1,0.2751195421632376
59,waking,emotion,2,0.6042216301471556
59,waking,action,0,0.0007288285192503863
59,waking,action,1,0.0005057966948820552
59,waking,action,2,0.013395634515730727
59,waking,action,3,0.00017215937031259305
59,waking,action,4,0.0
59,waking,action,5,0.0
60,waking,visual,0,0.0
60,waking,visual,1,0.0
60,waking,visual,2,0.0
60,waking,visual,3,0.0
60,waking,visual,4,0.0
60,waking,visual,5,0.0
60,waking,visual,6,0.0
60,waking,visual,7,0.0
60,waking,visual,8,0.0
60,waking,visual,9,0.0
60,waking,visual,10,0.0
60,waking,visual,11,0.0
60,waking,visual,12,0.0
60,waking,visual,13,0.0
60,waking,visual,14,0.0
60,waking,visual,15,0.5333333333333333
60,waking,visual,16,0.0
60,waking,visual,17,0.0
60,waking,visual,18,0.0
60,waking,visual,19,0.0
60,waking,visual,20,0.0
60,waking,visual,21,0.36999999999999994
60,waking,visual,22,0.0
60,waking,visual,23,0.0
60,waking,visual,24,0.0
60,waking,visual,25,0.0
60,waking,visual,26,0.0
60,waking,visual,27,0.4033333333333333
60,waking,visual,28,0.75
60,waking,visual,29,0.0
60,waking,visual,30,0.0
60,waking,visual,31,0.0
60,waking,visual,32,0.0
60,waking,visual,33,0.0
60,waking,visual,34,0.0
60,waking,visual,35,0.0
60,waking,visual,36,0.0
60,waking,visual,37,0.0
60,waking,visual,38,0.0
60,waking,visual,39,0.0
60,waking,visual,40,0.0
60,waking,visual,41,0.0
60,waking,visual,42,0.0
60,waking,visual,43,0.0
60,waking,visual,44,0.0
60,waking,visual,45,0.0
60,waking,visual,46,0.0
60,waking,visual,47,0.0
60,waking,visual,48,0.0
60,waking,visual,49,0.0
60,waking,visual,50,0.0
60,waking,visual,51,0.0
60,waking,visual,52,0.0
60,waking,visual,53,0.0
60,waking,visual,54,0.0
60,waking,visual,55,0.0
60,waking,visual,56,0.0
60,waking,visual,57,0.0
60,waking,visual,58,0.0
60,waking,visual,59,0.0
60,waking,visual,60,0.0
60,waking,visual,61,0.0
60,waking,visual,62,0.0
60,waking,visual,63,0.0
60,waking,visual,64,0.0
60,waking,visual,65,0.0
60,waking,visual,66,0.0
60,waking,visual,67,0.0
60,waking,visual,68,0.0
60,waking,visual,69,0.0
60,waking,visual,70,0.0
60,waking,visual,71,0.0
60,waking,visual,72,0.0
60,waking,visual,73,0.0
60,waking,visual,74,0.0
60,waking,visual,75,0.0
60,waking,visual,76,0.0
60,waking,visual,77,0.0
60,waking,visual,78,0.0
60,waking,visual,79,0.0
60,waking,visual,80,0.0
60,waking,visual,81,0.75
60,waking,visual,82,0.1
60,waking,visual,83,0.75
60,waking,visual,84,0.0
60,waking,visual,85,0.0
60,waking,visual,86,0.0
60,waking,visual,87,0.0
60,waking,visual,88,0.0
60,waking,visual,89,0.0
60,waking,visual,90,0.0
60,waking,visual,91,0.0
60,waking,visual,92,0.0
60,waking,visual,93,0.0
60,waking,visual,94,0.0
60,waking,visual,95,0.0
60,waking,visual,96,0.0
60,waking,visual,97,0.0
60,waking,visual,98,0.0
60,waking,visual,99,0.95
60,waking,visual,100,0.08
60,waking,visual,101,0.08
60,waking,visual,102,0.0
60,waking,visual,103,0.0
60,waking,visual,104,0.0
60,waking,visual,105,0.0
60,waking,visual,106,0.0
60,waking,visual,107,0.0
60,waking,visual,108,0.0
60,waking,visual,109,0.0
60,waking,visual,110,0.0
60,waking,visual,111,0.0
60,waking,visual,112,0.0
60,waking,visual,113,0.0
60,waking,visual,114,0.0
60,waking,visual,115,0.0
60,waking,visual,116,0.0
60,waking,visual,117,0.08
60,waking,visual,118,0.18
60,waking,visual,119,0.95
60,waking,visual,120,0.65
60,waking,visual,121,0.95
60,waking,visual,122,0.65
60,waking,visual,123,0.0
60,waking,visual,124,0.0
60,waking,visual,125,0.0
60,waking,visual,126,0.0
60,waking,visual,127,0.0
60,waking,visual,128,0.0
60,waking,visual,129,0.0
60,waking,visual,130,0.0
60,waking,visual,131,0.0
60,waking,visual,132,0.0
60,waking,visual,133,0.0
60,waking,visual,134,0.0
60,waking,visual,135,0.0
60,waking,visual,136,0.0
60,waking,visual,137,0.0
60,waking,visual,138,0.0
60,waking,visual,139,0.0
60,waking,visual,140,0.0
60,waking,visual,141,0.0
60,waking,visual,142,0.0
60,waking,visual,143,0.0
60,waking,visual,144,0.0
60,waking,visual,145,0.0
60,waking,visual,146,0.0
60,waking,visual,147,0.0
60,waking,visual,148,0.0
60,waking,visual,149,0.0
60,waking,visual,150,0.0
60,waking,visual,151,0.0
60,waking,visual,152,0.0
60,waking,visual,153,0.0
60,waking,visual,154,0.0
60,waking,visual,155,0.0
60,waking,visual,156,0.0
60,waking,visual,157,0.0
60,waking,visual,158,0.0
60,waking,visual,159,0.0
60,waking,visual,160,0.0
60,waking,visual,161,0.0
60,waking,visual,162,0.0
60,waking,visual,163,0.0
60,waking,visual,164,0.36999999999999994
60,waking,visual,165,0.36999999999999994
60,waking,visual,166,0.0
60,waking,visual,167,0.0
60,waking,visual,168,0.0
60,waking,visual,169,0.0
60,waking,visual,170,0.0
60,waking,visual,171,0.0
60,waking,visual,172,0.0
60,waking,visual,173,0.0
60,waking,visual,174,0.0
60,waking,visual,175,0.0
60,waking,visual,176,0.0
60,waking,visual,177,0.0
60,waking,visual,178,0.0
60,waking,visual,179,0.0
60,waking,audio,0,0.30446875712003996
60,waking,audio,1,0.1576954077294087
60,waking,audio,2,0.3182821281474977
60,waking,audio,3,0.21145105807273007
60,waking,audio,4,0.31194145678968077
60,waking,audio,5,0.168602028074851
60,waking,audio,6,0.2520020022767342
60,waking,audio,7,0.05690367793345611
60,waking,audio,8,0.001947107247447566
60,waking,audio,9,9.600580356700084e-05
60,waking,audio,10,0.0031877615512296287
60,waking,audio,11,0.0011088621765198425
60,waking,audio,12,0.0008212357521852898
60,waking,audio,13,1.7899765559437064e-05
60,waking,audio,14,0.00020225522423628073
60,waking,audio,15,4.567053450496572e-05
60,waking,proprioceptive,0,0.5
60,waking,proprioceptive,1,0.5
60,waking,proprioceptive,2,0.0
60,waking,proprioceptive,3,0.0
60,waking,proprioceptive,4,0.0
60,waking,proprioceptive,5,0.15006265620322817
60,waking,prediction,0,0.0
60,waking,prediction,1,0.0
60,waking,prediction,2,0.0
60,waking,prediction,3,1.9309588800702773e-12
60,waking,prediction,4,0.0
60,waking,prediction,5,0.0
60,waking,prediction,6,0.0
60,waking,prediction,7,0.0
60,waking,prediction,8,5.273213289645884e-08
60,waking,prediction,9,5.209224255114695e-05
60,waking,prediction,10,5.412657897415345e-12
60,waking,prediction,11,1.606425312734602e-08
60,waking,prediction,12,0.0
60,waking,prediction,13,0.0
60,waking,prediction,14,0.0
60,waking,prediction,15,0.061870919493245045
60,waking,prediction,16,0.0003988606464705147
60,waking,prediction,17,1.4487259391492683e-05
60,waking,prediction,18,0.0
60,waking,prediction,19,0.0
60,waking,prediction,20,0.04497994076638464
60,waking,prediction,21,0.006350562502749509
60,waking,prediction,22,0.02607161010311153
60,waking,prediction,23,0.0007193334085468426
60,waking,prediction,24,0.0
60,waking,prediction,25,3.032965187438115e-10
60,waking,prediction,26,8.362584944923706e-09
60,waking,prediction,27,0.04925762557812856
60,waking,prediction,28,0.039649388466578915
60,waking,prediction,29,1.8774875691947744e-07
60,waking,prediction,30,0.0
60,waking,prediction,31,0.0
60,waking,prediction,32,4.053632365012634e-05
60,waking,prediction,33,2.7418741492462802e-05
60,waking,prediction,34,0.0
60,waking,prediction,35,0.0
60,waking,emotion,0,0.41030758880876655
60,waking,emotion,1,0.26537910156789624
60,waking,emotion,2,0.5711543413395562
60,waking,action,0,0.0028266195163250954
60,waking,action,1,0.0002538065188233814
60,waking,action,2,0.011880374762111855
60,waking,action,3,8.299000118705674e-05
60,waking,action,4,0.0
60,waking,action,5,0.0
61,waking,visual,0,0.0
61,waking,visual,1,0.0
61,waking,visual,2,0.0
61,waking,visual,3,0.0
61,waking,visual,4,0.0
61,waking,visual,5,0.0
61,waking,visual,6,0.0
61,waking,visual,7,0.0
61,waking,visual,8,0.0
61,waking,visual,9,0.0
61,waking,visual,10,0.0
61,waking,visual,11,0.0
61,waking,visual,12,0.0
61,waking,visual,13,0.0
61,waking,visual,14,0.0
61,waking,visual,15,0.5333333333333333
61,waking,visual,16,0.0
61,waking,visual,17,0.0
61,waking,visual,18,0.0
61,waking,visual,19,0.0
61,waking,visual,20,0.0
61,waking,visual,21,0.36999999999999994
61,waking,visual,22,0.0
61,waking,visual,23,0.0
61,waking,visual,24,0.0
61,waking,visual,25,0.0
61,waking,visual,26,0.0
61,waking,visual,27,1.0
61,waking,visual,28,0.0
61,waking,visual,29,0.0
61,waking,visual,30,0.0
61,waking,visual,31,0.0
61,waking,visual,32,0.0
61,waking,visual,33,0.0
61,waking,visual,34,0.0
61,waking,visual,35,0.0
61,waking,visual,36,0.0
61,waking,visual,37,0.0
61,waking,visual,38,0.0
61,waking,visual,39,0.0
61,waking,visual,40,0.0
61,waking,visual,41,0.0
61,waking,visual,42,0.0
61,waking,visual,43,0.0
61,waking,visual,44,0.0
61,waking,visual,45,0.0
61,waking,visual,46,0.0
61,waking,visual,47,0.0
61,waking,visual,48,0.0
61,waking,visual,49,0.0
61,waking,visual,50,0.0
61,waking,visual,51,0.0
61,waking,visual,52,0.0
61,waking,visual,53,0.0
61,waking,visual,54,0.0
61,waking,visual,55,0.0
61,waking,visual,56,0.0
61,waking,visual,57,0.0
61,waking,visual,58,0.0
61,waking,visual,59,0.0
61,waking,visual,60,0.0
61,waking,visual,61,0.0
61,waking,visual,62,0.0
61,waking,visual,63,0.0
61,waking,visual,64,0.0
61,waking,visual,65,0.0
61,waking,visual,66,0.0
61,waking,visual,67,0.0
61,waking,visual,68,0.0
61,waking,visual,69,0.0
61,waking,visual,70,0.0
61,waking,visual,71,0.0
61,waking,visual,72,0.0
61,waking,visual,73,0.0
61,waking,visual,74,0.0
61,waking,visual,75,0.0
61,waking,visual,76,0.0
61,waking,visual,77,0.0
61,waking,visual,78,0.0
61,waking,visual,79,0.0
61,waking,visual,80,0.0
61,waking,visual,81,0.75
61,waking,visual,82,0.1
61,waking,visual,83,0.75
61,waking,visual,84,0.0
61,waking,visual,85,0.0
61,waking,visual,86,0.0
61,waking,visual,87,0.0
61,waking,visual,88,0.0
61,waking,visual,89,0.0
61,waking,visual,90,0.0
61,waking,visual,91,0.0
61,waking,visual,92,0.0
61,waking,visual,93,0.0
61,waking,visual,94,0.0
61,waking,visual,95,0.0
61,waking,visual,96,0.0
61,waking,visual,97,0.0
61,waking,visual,98,0.0
61,waking,visual,99,0.95
61,waking,visual,100,0.08
61,waking,visual,101,0.08
61,waking,visual,102,0.0
61,waking,visual,103,0.0
61,waking,visual,104,0.0
61,waking,visual,105,0.0
61,waking,visual,106,0.0
61,waking,visual,107,0.0
61,waking,visual,108,0.0
61,waking,visual,109,0.0
61,waking,visual,110,0.0
61,waking,visual,111,0.0
61,waking,visual,112,0.0
61,waking,visual,113,0.0
61,waking,visual,114,0.0
61,waking,visual,115,0.0
61,waking,visual,116,0.0
61,waking,visual,117,0.73
61,waking,visual,118,1.0
61,waking,visual,119,1.0
61,waking,visual,120,0.0
61,waking,visual,121,0.0
61,waking,visual,122,0.0
61,waking,visual,123,0.0
61,waking,visual,124,0.0
61,waking,visual,125,0.0
61,waking,visual,126,0.0
61,waking,visual,127,0.0
61,waking,visual,128,0.0
61,waking,visual,129,0.0
61,waking,visual,130,0.0
61,waking,visual,131,0.0
61,waking,visual,132,0.0
61,waking,visual,133,0.0
61,waking,visual,134,0.0
61,waking,visual,135,0.0
61,waking,visual,136,0.0
61,waking,visual,137,0.0
61,waking,visual,138,0.0
61,waking,visual,139,0.0
61,waking,visual,140,0.0
61,waking,visual,141,0.0
61,waking,visual,142,0.0
61,waking,visual,143,0.0
61,waking,visual,144,0.0
61,waking,visual,145,0.0
61,waking,visual,146,0.0
61,waking,visual,147,0.0
61,waking,visual,148,0.0
61,waking,visual,149,0.0
61,waking,visual,150,0.0
61,waking,visual,151,0.0
61,waking,visual,152,0.0
61,waking,visual,153,0.0
61,waking,visual,154,0.0
61,waking,visual,155,0.0
61,waking,visual,156,0.0
61,waking,visual,157,0.0
61,waking,visual,158,0.0
61,waking,visual,159,0.0
61,waking,visual,160,0.0
61,waking,visual,161,0.0
61,waking,visual,162,0.0
61,waking,visual,163,0.0
61,waking,visual,164,0.0
61,waking,visual,165,0.0
61,waking,visual,166,0.0
61,waking,visual,167,0.0
61,waking,visual,168,0.0
61,waking,visual,169,0.0
61,waking,visual,170,0.0
61,waking,visual,171,0.5966666666666667
61,waking,visual,172,0.75
61,waking,visual,173,0.0
61,waking,visual,174,0.0
61,waking,visual,175,0.0
61,waking,visual,176,0.0
61,waking,visual,177,0.0
61,waking,visual,178,0.0
61,waking,visual,179,0.0
61,waking,audio,0,0.302530659136219
61,waking,audio,1,0.1576006974548897
61,waking,audio,2,0.3214577167484031
61,waking,audio,3,0.21254583096315724
61,waking,audio,4,0.31273872356059174
61,waking,audio,5,0.16860500569710812
61,waking,audio,6,0.251776334810563
61,waking,audio,7,0.05685272076367553
61,waking,audio,8,0.0019380979838209411
61,waking,audio,9,9.471027451901648e-05
61,waking,audio,10,0.0031755886009054435
61,waking,audio,11,0.0010947728904271703
61,waking,audio,12,0.0007972667709109649
61,waking,audio,13,2.977622257122059e-06
61,waking,audio,14,0.0002256674661711977
61,waking,audio,15,5.0957169780582734e-05
61,waking,proprioceptive,0,0.5
61,waking,proprioceptive,1,0.5
61,waking,proprioceptive,2,0.0
61,waking,proprioceptive,3,0.0
61,waking,proprioceptive,4,0.0
61,waking,proprioceptive,5,0.09468651414719231
61,waking,prediction,0,0.0
61,waking,prediction,1,0.0
61,waking,prediction,2,0.0
61,waking,prediction,3,1.2472190387258749e-12
61,waking,prediction,4,0.0
61,waking,prediction,5,0.0
61,waking,prediction,6,0.0
61,waking,prediction,7,0.0
61,waking,prediction,8,3.3551114553420143e-08
61,waking,prediction,9,3.2681988279342864e-05
61,waking,prediction,10,3.2993640607994004e-12
61,waking,prediction,11,1.014889794351797e-08
61,waking,prediction,12,0.0
61,waking,prediction,13,0.0
61,waking,prediction,14,0.0
61,waking,prediction,15,0.061588222797959565
61,waking,prediction,16,0.00031292347916116056
61,waking,prediction,17,9.323984856329065e-06
61,waking,prediction,18,0.0
61,waking,prediction,19,0.0
61,waking,prediction,20,0.0371891739629557
61,waking,prediction,21,0.012584442406733528
61,waking,prediction,22,0.016478763369726875
61,waking,prediction,23,0.00048495915028879067
61,waking,prediction,24,0.0
61,waking,prediction,25,1.9550528159768704e-10
61,waking,prediction,26,5.058190655323755e-09
61,waking,prediction,27,0.05662771051954557
61,waking,prediction,28,0.0404232319909377
61,waking,prediction,29,1.201832880584876e-07
61,waking,prediction,30,0.0
61,waking,prediction,31,0.0
61,waking,prediction,32,2.5663122086434527e-05
61,waking,prediction,33,8.767786321897889e-05
61,waking,prediction,34,0.0
61,waking,prediction,35,0.0
61,waking,emotion,0,0.3871717999362564
61,waking,emotion,1,0.256001581999046
61,waking,emotion,2,0.5393736111430504
61,waking,action,0,0.005624104557788079
61,waking,action,1,0.00012723852213014034
61,waking,action,2,0.009600675583563412
61,waking,action,3,3.996531176735941e-05
61,waking,action,4,0.0
61,waking,action,5,0.0
62,waking,visual,0,0.0
62,waking,visual,1,0.0
62,waking,visual,2,0.0
62,waking,visual,3,0.0
62,waking,visual,4,0.0
62,waking,visual,5,0.0
62,waking,visual,6,0.0
62,waking,visual,7,0.0
62,waking,visual,8,0.0
62,waking,visual,9,0.0
62,waking,visual,10,0.0
62,waking,visual,11,0.0
62,waking,visual,12,0.0
62,waking,visual,13,0.0
62,waking,visual,14,0.0
62,waking,visual,15,0.5333333333333333
62,waking,visual,16,0.0
62,waking,visual,17,0.0
62,waking,visual,18,0.0
62,waking,visual,19,0.0
62,waking,visual,20,0.0
62,waking,visual,21,0.36999999999999994
62,waking,visual,22,0.0
62,waking,visual,23,0.0
62,waking,visual,24,0.0
62,waking,visual,25,0.0
62,waking,visual,26,0.0
62,waking,visual,27,1.0
62,waking,visual,28,0.0
62,waking,visual,29,0.0
62,waking,visual,30,0.0
62,waking,visual,31,0.0
62,waking,visual,32,0.0
62,waking,visual,33,0.0
62,waking,visual,34,0.0
62,waking,visual,35,0.0
62,waking,visual,36,0.0
62,waking,visual,37,0.0
62,waking,visual,38,0.0
62,waking,visual,39,0.0
62,waking,visual,40,0.0
62,waking,visual,41,0.0
62,waking,visual,42,0.0
62,waking,visual,43,0.0
62,waking,visual,44,0.0
62,waking,visual,45,0.0
62,waking,visual,46,0.0
62,waking,visual,47,0.0
62,waking,visual,48,0.0
62,waking,visual,49,0.0
62,waking,visual,50,0.0
62,waking,visual,51,0.0
62,waking,visual,52,0.0
62,waking,visual,53,0.0
62,waking,visual,54,0.0
62,waking,visual,55,0.0
62,waking,visual,56,0.0
62,waking,visual,57,0.0
62,waking,visual,58,0.0
62,waking,visual,59,0.0
62,waking,visual,60,0.0
62,waking,visual,61,0.0
62,waking,visual,62,0.0
62,waking,visual,63,0.0
62,waking,visual,64,0.0
62,waking,visual,65,0.0
62,waking,visual,66,0.0
62,waking,visual,67,0.0
62,waking,visual,68,0.0
62,waking,visual,69,0.0
62,waking,visual,70,0.0
62,waking,visual,71,0.0
62,waking,visual,72,0.0
62,waking,visual,73,0.0
62,waking,visual,74,0.0
62,waking,visual,75,0.0
62,waking,visual,76,0.0
62,waking,visual,77,0.0
62,waking,visual,78,0.0
62,waking,visual,79,0.0
62,waking,visual,80,0.0
62,waking,visual,81,0.75
62,waking,visual,82,0.1
62,waking,visual,83,0.75
62,waking,visual,84,0.0
62,waking,visual,85,0.0
62,waking,visual,86,0.0
62,waking,visual,87,0.0
62,waking,visual,88,0.0
62,waking,visual,89,0.0
62,waking,visual,90,0.0
62,waking,visual,91,0.0
62,waking,visual,92,0.0
62,waking,visual,93,0.0
62,waking,visual,94,0.0
62,waking,visual,95,0.0
62,waking,visual,96,0.0
62,waking,visual,97,0.0
62,waking,visual,98,0.0
62,waking,visual,99,0.95
62,waking,visual,100,0.08
62,waking,visual,101,0.08
62,waking,visual,102,0.0
62,waking,visual,103,0.0
62,waking,visual,104,0.0
62,waking,visual,105,0.0
62,waking,visual,106,0.0
62,waking,visual,107,0.0
62,waking,visual,108,0.0
62,waking,visual,109,0.0
62,waking,visual,110,0.0
62,waking,visual,111,0.0
62,waking,visual,112,0.0
62,waking,visual,113,0.0
62,waking,visual,114,0.0
62,waking,visual,115,0.0
62,waking,visual,116,0.0
62,waking,visual,117,0.73
62,waking,visual,118,1.0
62,waking,visual,119,1.0
62,waking,visual,120,0.0
62,waking,visual,121,0.0
62,waking,visual,122,0.0
62,waking,visual,123,0.0
62,waking,visual,124,0.0
62,waking,visual,125,0.0
62,waking,visual,126,0.0
62,waking,visual,127,0.0
62,waking,visual,128,0.0
62,waking,visual,129,0.0
62,waking,visual,130,0.0
62,waking,visual,131,0.0
62,waking,visual,132,0.0
62,waking,visual,133,0.0
62,waking,visual,134,0.0
62,waking,visual,135,0.0
62,waking,visual,136,0.0
62,waking,visual,137,0.0
62,waking,visual,138,0.0
62,waking,visual,139,0.0
62,waking,visual,140,0.0
62,waking,visual,141,0.0
62,waking,visual,142,0.0
62,waking,visual,143,0.0
62,waking,visual,144,0.0
62,waking,visual,145,0.0
62,waking,visual,146,0.0
62,waking,visual,147,0.0
62,waking,visual,148,0.0
62,waking,visual,149,0.0
62,waking,visual,150,0.0
62,waking,visual,151,0.0
62,waking,visual,152,0.0
62,waking,visual,153,0.0
62,waking,visual,154,0.0
62,waking,visual,155,0.0
62,waking,visual,156,0.0
62,waking,visual,157,0.0
62,waking,visual,158,0.0
62,waking,visual,159,0.0
62,waking,visual,160,0.0
62,waking,visual,161,0.0
62,waking,visual,162,0.0
62,waking,visual,163,0.0
62,waking,visual,164,0.0
62,waking,visual,165,0.0
62,waking,visual,166,0.0
62,waking,visual,167,0.0
62,waking,visual,168,0.0
62,waking,visual,169,0.0
62,waking,visual,170,0.0
62,waking,visual,171,0.0
62,waking,visual,172,0.0
62,waking,visual,173,0.0
62,waking,visual,174,0.0
62,waking,visual,175,0.0
62,waking,visual,176,0.0
62,waking,visual,177,0.0
62,waking,visual,178,0.0
62,waking,visual,179,0.0
62,waking,audio,0,0.3006022336417414
62,waking,audio,1,0.15750579022451705
62,waking,audio,2,0.3246117333836666
62,waking,audio,3,0.2136238957438416
62,waking,audio,4,0.31351083185486195
62,waking,audio,5,0.16859306843780353
62,waking,audio,6,0.2515274886618156
62,waking,audio,7,0.05679652969782934
62,waking,audio,8,0.001928425494477637
62,waking,audio,9,9.490723037264281e-05
62,waking,audio,10,0.00315401663526349
62,waking,audio,11,0.001078064780684368
62,waking,audio,12,0.0007721082942702129
62,waking,audio,13,1.1937259304595216e-05
62,waking,audio,14,0.00024884614874737254
62,waking,audio,15,5.6191065846186716e-05
62,waking,proprioceptive,0,0.5
62,waking,proprioceptive,1,0.5
62,waking,proprioceptive,2,0.0
62,waking,proprioceptive,3,0.0
62,waking,proprioceptive,4,0.0
62,waking,proprioceptive,5,0.050995748837689814
62,waking,prediction,0,0.0
62,waking,prediction,1,0.0
62,waking,prediction,2,0.0
62,waking,prediction,3,8.049567369636018e-13
62,waking,prediction,4,0.0
62,waking,prediction,5,0.0
62,waking,prediction,6,0.0
62,waking,prediction,7,0.0
62,waking,prediction,8,2.131648615664778e-08
62,waking,prediction,9,2.0487455332557675e-05
62,waking,prediction,10,2.0131740510493698e-12
62,waking,prediction,11,6.406624679303938e-09
62,waking,prediction,12,0.0
62,waking,prediction,13,0.0
62,waking,prediction,14,0.0
62,waking,prediction,15,0.06127631856939131
62,waking,prediction,16,0.0002455249747266571
62,waking,prediction,17,5.996026874998664e-06
62,waking,prediction,18,0.0
62,waking,prediction,19,0.0
62,waking,prediction,20,0.029539397762789528
62,waking,prediction,21,0.018654711350941756
62,waking,prediction,22,0.009748539889777301
62,waking,prediction,23,0.00030646205550623337
62,waking,prediction,24,0.0
62,waking,prediction,25,1.2592055896510436e-10
62,waking,prediction,26,3.062526284401992e-09
62,waking,prediction,27,0.06624620202160339
62,waking,prediction,28,0.03562518814484541
62,waking,prediction,29,7.687064636686534e-08
62,waking,prediction,30,0.0
62,waking,prediction,31,0.0
62,waking,prediction,32,1.622369608734225e-05
62,waking,prediction,33,0.0001530920314092293
62,waking,prediction,34,0.0
62,waking,prediction,35,0.0
62,waking,emotion,0,0.3640158857889482
62,waking,emotion,1,0.24686827255140611
62,waking,emotion,2,0.5083674824578518
62,waking,action,0,0.008603195742512063
62,waking,action,1,6.37279458986946e-05
62,waking,action,2,0.0067401951357932074
62,waking,action,3,0.00013810624636595903
62,waking,action,4,0.0
62,waking,action,5,0.0
63,waking,visual,0,0.0
63,waking,visual,1,0.0
63,waking,visual,2,0.0
63,waking,visual,3,0.0
63,waking,visual,4,0.0
63,waking,visual,5,0.0
63,waking,visual,6,0.0
63,waking,visual,7,0.0
63,waking,visual,8,0.0
63,waking,visual,9,0.0
63,waking,visual,10,0.0
63,waking,visual,11,0.0
63,waking,visual,12,0.0
63,waking,visual,13,0.0
63,waking,visual,14,0.0
63,waking,visual,15,0.5333333333333333
63,waking,visual,16,0.0
63,waking,visual,17,0.0
63,waking,visual,18,0.0
63,waking,visual,19,0.0
63,waking,visual,20,0.0
63,waking,visual,21,0.36999999999999994
63,waking,visual,22,0.0
63,waking,visual,23,0.0
63,waking,visual,24,0.0
63,waking,visual,25,0.0
63,waking,visual,26,0.0
63,waking,visual,27,1.0
63,waking,visual,28,0.0
63,waking,visual,29,0.0
63,waking,visual,30,0.0
63,waking,visual,31,0.0
63,waking,visual,32,0.0
63,waking,visual,33,0.0
63,waking,visual,34,0.0
63,waking,visual,35,0.0
63,waking,visual,36,0.0
63,waking,visual,37,0.0
63,waking,visual,38,0.0
63,waking,visual,39,0.0
63,waking,visual,40,0.0
63,waking,visual,41,0.0
63,waking,visual,42,0.0
63,waking,visual,43,0.0
63,waking,visual,44,0.0
63,waking,visual,45,0.0
63,waking,visual,46,0.0
63,waking,visual,47,0.0
63,waking,visual,48,0.0
63,waking,visual,49,0.0
63,waking,visual,50,0.0
63,waking,visual,51,0.0
63,waking,visual,52,0.0
63,waking,visual,53,0.0
63,waking,visual,54,0.0
63,waking,visual,55,0.0
63,waking,visual,56,0.0
63,waking,visual,57,0.0
63,waking,visual,58,0.0
63,waking,visual,59,0.0
63,waking,visual,60,0.0
63,waking,visual,61,0.0
63,waking,visual,62,0.0
63,waking,visual,63,0.0
63,waking,visual,64,0.0
63,waking,visual,65,0.0
63,waking,visual,66,0.0
63,waking,visual,67,0.0
63,waking,visual,68,0.0
63,waking,visual,69,0.0
63,waking,visual,70,0.0
63,waking,visual,71,0.0
63,waking,visual,72,0.0
63,waking,visual,73,0.0
63,waking,visual,74,0.0
63,waking,visual,75,0.0
63,waking,visual,76,0.0
63,waking,visual,77,0.0
63,waking,visual,78,0.0
63,waking,visual,79,0.0
63,waking,visual,80,0.0
63,waking,visual,81,0.75
63,waking,visual,82,0.1
63,waking,visual,83,0.75
63,waking,visual,84,0.0
63,waking,visual,85,0.0
63,waking,visual,86,0.0
63,waking,visual,87,0.0
63,waking,visual,88,0.0
63,waking,visual,89,0.0
63,waking,visual,90,0.0
63,waking,visual,91,0.0
63,waking,visual,92,0.0
63,waking,visual,93,0.0
63,waking,visual,94,0.0
63,waking,visual,95,0.0
63,waking,visual,96,0.0
63,waking,visual,97,0.0
63,waking,visual,98,0.0
63,waking,visual,99,0.95
63,waking,visual,100,0.08
63,waking,visual,101,0.08
63,waking,visual,102,0.0
63,waking,visual,103,0.0
63,waking,visual,104,0.0
63,waking,visual,105,0.0
63,waking,visual,106,0.0
63,waking,visual,107,0.0
63,waking,visual,108,0.0
63,waking,visual,109,0.0
63,waking,visual,110,0.0
63,waking,visual,111,0.0
63,waking,visual,112,0.0
63,waking,visual,113,0.0
63,waking,visual,114,0.0
63,waking,visual,115,0.0
63,waking,visual,116,0.0
63,waking,visual,117,0.73
63,waking,visual,118,1.0
63,waking,visual,119,1.0
63,waking,visual,120,0.0
63,waking,visual,121,0.0
63,waking,visual,122,0.0
63,waking,visual,123,0.0
63,waking,visual,124,0.0
63,waking,visual,125,0.0
63,waking,visual,126,0.0
63,waking,visual,127,0.0
63,waking,visual,128,0.0
63,waking,visual,129,0.0
63,waking,visual,130,0.0
63,waking,visual,131,0.0
63,waking,visual,132,0.0
63,waking,visual,133,0.0
63,waking,visual,134,0.0
63,waking,visual,135,0.0
63,waking,visual,136,0.0
63,waking,visual,137,0.0
63,waking,visual,138,0.0
63,waking,visual,139,0.0
63,waking,visual,140,0.0
63,waking,visual,141,0.0
63,waking,visual,142,0.0
63,waking,visual,143,0.0
63,waking,visual,144,0.0
63,waking,visual,145,0.0
63,waking,visual,146,0.0
63,waking,visual,147,0.0
63,waking,visual,148,0.0
63,waking,visual,149,0.0
63,waking,visual,150,0.0
63,waking,visual,151,0.0
63,waking,visual,152,0.0
63,waking,visual,153,0.0
63,waking,visual,154,0.0
63,waking,visual,155,0.0
63,waking,visual,156,0.0
63,waking,visual,157,0.0
63,waking,visual,158,0.0
63,waking,visual,159,0.0
63,waking,visual,160,0.0
63,waking,visual,161,0.0
63,waking,visual,162,0.0
63,waking,visual,163,0.0
63,waking,visual,164,0.0
63,waking,visual,165,0.0
63,waking,visual,166,0.0
63,waking,visual,167,0.0
63,waking,visual,168,0.0
63,waking,visual,169,0.0
63,waking,visual,170,0.0
63,waking,visual,171,0.0
63,waking,visual,172,0.0
63,waking,visual,173,0.0
63,waking,visual,174,0.0
63,waking,visual,175,0.0
63,waking,visual,176,0.0
63,waking,visual,177,0.0
63,waking,visual,178,0.0
63,waking,visual,179,0.0
63,waking,audio,0,0.2986839507440819
63,waking,audio,1,0.15740894703875136
63,waking,audio,2,0.32773380377894024
63,waking,audio,3,0.21468239797901564
63,waking,audio,4,0.3142565375999647
63,waking,audio,5,0.16856623595765552
63,waking,audio,6,0.2512557195714346
63,waking,audio,7,0.056735162483872344
63,waking,audio,8,0.0019182828976594957
63,waking,audio,9,9.684318576569373e-05
63,waking,audio,10,0.003122070395273624
63,waking,audio,11,0.0010585022351740359
63,waking,audio,12,0.0007457057451027427
63,waking,audio,13,2.6832480148009097e-05
63,waking,audio,14,0.00027176909038101327
63,waking,audio,15,6.136721395699762e-05
63,waking,proprioceptive,0,0.5
63,waking,proprioceptive,1,0.5
63,waking,proprioceptive,2,0.0
63,waking,proprioceptive,3,0.0
63,waking,proprioceptive,4,0.0
63,waking,proprioceptive,5,0.020249985406393
63,waking,prediction,0,0.0
63,waking,prediction,1,0.0
63,waking,prediction,2,0.0
63,waking,prediction,3,5.191112718586365e-13
63,waking,prediction,4,0.0
63,waking,prediction,5,0.0
63,waking,prediction,6,0.0
63,waking,prediction,7,0.0
63,waking,prediction,8,1.3523844017410612e-08
63,waking,prediction,9,1.2832869599702724e-05
63,waking,prediction,10,1.2295560969441135e-12
63,waking,prediction,11,4.041007786267508e-09
63,waking,prediction,12,0.0
63,waking,prediction,13,0.0
63,waking,prediction,14,0.0
63,waking,prediction,15,0.060955959023167
63,waking,prediction,16,0.00020014840270213166
63,waking,prediction,17,3.8528691758164446e-06
63,waking,prediction,18,0.0
63,waking,prediction,19,0.0
63,waking,prediction,20,0.022865915174573797
63,waking,prediction,21,0.023894155405287373
63,waking,prediction,22,0.0057726475359750565
63,waking,prediction,23,0.00019350755018281095
63,waking,prediction,24,0.0
63,waking,prediction,25,8.103895846150286e-11
63,waking,prediction,26,1.856004395688878e-09
63,waking,prediction,27,0.07558315703255543
63,waking,prediction,28,0.029124772798935272
63,waking,prediction,29,4.912904536956032e-08
63,waking,prediction,30,0.0
63,waking,prediction,31,0.0
63,waking,prediction,32,1.0241512765720427e-05
63,waking,prediction,33,0.00021063519447382393
63,waking,prediction,34,0.0
63,waking,prediction,35,0.0
63,waking,emotion,0,0.34234345881078043
63,waking,emotion,1,0.2380993055745454
63,waking,emotion,2,0.47884302911047316
63,waking,action,0,0.011366924795921142
63,waking,action,1,0.00047240088639375775
63,waking,action,2,0.0035486203034726174
63,waking,action,3,0.001907277528821123
63,waking,action,4,0.0
63,waking,action,5,0.0
64,waking,visual,0,0.0
64,waking,visual,1,0.0
64,waking,visual,2,0.0
64,waking,visual,3,0.0
64,waking,visual,4,0.0
64,waking,visual,5,0.0
64,waking,visual,6,0.0
64,waking,visual,7,0.0
64,waking,visual,8,0.0
64,waking,visual,9,0.0
64,waking,visual,10,0.0
64,waking,visual,11,0.0
64,waking,visual,12,0.0
64,waking,visual,13,0.0
64,waking,visual,14,0.0
64,waking,visual,15,0.5333333333333333
64,waking,visual,16,0.0
64,waking,visual,17,0.0
64,waking,visual,18,0.0
64,waking,visual,19,0.0
64,waking,visual,20,0.0
64,waking,visual,21,0.36999999999999994
64,waking,visual,22,0.0
64,waking,visual,23,0.0
64,waking,visual,24,0.0
64,waking,visual,25,0.0
64,waking,visual,26,0.0
64,waking,visual,27,1.0
64,waking,visual,28,0.0
64,waking,visual,29,0.0
64,waking,visual,30,0.0
64,waking,visual,31,0.0
64,waking,visual,32,0.0
64,waking,visual,33,0.0
64,waking,visual,34,0.0
64,waking,visual,35,0.0
64,waking,visual,36,0.0
64,waking,visual,37,0.0
64,waking,visual,38,0.0
64,waking,visual,39,0.0
64,waking,visual,40,0.0
64,waking,visual,41,0.0
64,waking,visual,42,0.0
64,waking,visual,43,0.0
64,waking,visual,44,0.0
64,waking,visual,45,0.0
64,waking,visual,46,0.0
64,waking,visual,47,0.0
64,waking,visual,48,0.0
64,waking,visual,49,0.0
64,waking,visual,50,0.0
64,waking,visual,51,0.0
64,waking,visual,52,0.0
64,waking,visual,53,0.0
64,waking,visual,54,0.0
64,waking,visual,55,0.0
64,waking,visual,56,0.0
64,waking,visual,57,0.0
64,waking,visual,58,0.0
64,waking,visual,59,0.0
64,waking,visual,60,0.0
64,waking,visual,61,0.0
64,waking,visual,62,0.0
64,waking,visual,63,0.0
64,waking,visual,64,0.0
64,waking,visual,65,0.0
64,waking,visual,66,0.0
64,waking,visual,67,0.0
64,waking,visual,68,0.0
64,waking,visual,69,0.0
64,waking,visual,70,0.0
64,waking,visual,71,0.0
64,waking,visual,72,0.0
64,waking,visual,73,0.0
64,waking,visual,74,0.0
64,waking,visual,75,0.0
64,waking,visual,76,0.0
64,waking,visual,77,0.0
64,waking,visual,78,0.0
64,waking,visual,79,0.0
64,waking,visual,80,0.0
64,waking,visual,81,0.75
64,waking,visual,82,0.1
64,waking,visual,83,0.75
64,waking,visual,84,0.0
64,waking,visual,85,0.0
64,waking,visual,86,0.0
64,waking,visual,87,0.0
64,waking,visual,88,0.0
64,waking,visual,89,0.0
64,waking,visual,90,0.0
64,waking,visual,91,0.0
64,waking,visual,92,0.0
64,waking,visual,93,0.0
64,waking,visual,94,0.0
64,waking,visual,95,0.0
64,waking,visual,96,0.0
64,waking,visual,97,0.0
64,waking,visual,98,0.0
64,waking,visual,99,0.95
64,waking,visual,100,0.08
64,waking,visual,101,0.08
64,waking,visual,102,0.0
64,waking,visual,103,0.0
64,waking,visual,104,0.0
64,waking,visual,105,0.0
64,waking,visual,106,0.0
64,waking,visual,107,0.0
64,waking,visual,108,0.0
64,waking,visual,109,0.0
64,waking,visual,110,0.0
64,waking,visual,111,0.0
64,waking,visual,112,0.0
64,waking,visual,113,0.0
64,waking,visual,114,0.0
64,waking,visual,115,0.0
64,waking,visual,116,0.0
64,waking,visual,117,0.73
64,waking,visual,118,1.0
64,waking,visual,119,1.0
64,waking,visual,120,0.0
64,waking,visual,121,0.0
64,waking,visual,122,0.0
64,waking,visual,123,0.0
64,waking,visual,124,0.0
64,waking,visual,125,0.0
64,waking,visual,126,0.0
64,waking,visual,127,0.0
64,waking,visual,128,0.0
64,waking,visual,129,0.0
64,waking,visual,130,0.0
64,waking,visual,131,0.0
64,waking,visual,132,0.0
64,waking,visual,133,0.0
64,waking,visual,134,0.0
64,waking,visual,135,0.0
64,waking,visual,136,0.0
64,waking,visual,137,0.0
64,waking,visual,138,0.0
64,waking,visual,139,0.0
64,waking,visual,140,0.0
64,waking,visual,141,0.0
64,waking,visual,142,0.0
64,waking,visual,143,0.0
64,waking,visual,144,0.0
64,waking,visual,145,0.0
64,waking,visual,146,0.0
64,waking,visual,147,0.0
64,waking,visual,148,0.0
64,waking,visual,149,0.0
64,waking,visual,150,0.0
64,waking,visual,151,0.0
64,waking,visual,152,0.0
64,waking,visual,153,0.0
64,waking,visual,154,0.0
64,waking,visual,155,0.0
64,waking,visual,156,0.0
64,waking,visual,157,0.0
64,waking,visual,158,0.0
64,waking,visual,159,0.0
64,waking,visual,160,0.0
64,waking,visual,161,0.0
64,waking,visual,162,0.0
64,waking,visual,163,0.0
64,waking,visual,164,0.0
64,waking,visual,165,0.0
64,waking,visual,166,0.0
64,waking,visual,167,0.0
64,waking,visual,168,0.0
64,waking,visual,169,0.0
64,waking,visual,170,0.0
64,waking,visual,171,0.0
64,waking,visual,172,0.0
64,waking,visual,173,0.0
64,waking,visual,174,0.0
64,waking,visual,175,0.0
64,waking,visual,176,0.0
64,waking,visual,177,0.0
64,waking,visual,178,0.0
64,waking,visual,179,0.0
64,waking,audio,0,0.296776094585315
64,waking,audio,1,0.15730818147457587
64,waking,audio,2,0.33081256030893874
64,waking,audio,3,0.21571824353867713
64,waking,audio,4,0.3149745421288076
64,waking,audio,5,0.1685245402025327
64,waking,audio,6,0.25096130468556566
64,waking,audio,7,0.056668681703192246
64,waking,audio,8,0.001907856158766874
64,waking,audio,9,0.00010076556417548677
64,waking,audio,10,0.0030787565299985054
64,waking,audio,11,0.0010358455596614913
64,waking,audio,12,0.0007180045288429082
64,waking,audio,13,4.169575512280588e-05
64,waking,audio,14,0.00029441488586895437
64,waking,audio,15,6.648078068009766e-05
64,waking,proprioceptive,0,0.5
64,waking,proprioceptive,1,0.5
64,waking,proprioceptive,2,0.0
64,waking,proprioceptive,3,0.0
64,waking,proprioceptive,4,0.0
64,waking,proprioceptive,5,0.0033356385461131843
64,waking,prediction,0,0.0
64,waking,prediction,1,0.0
64,waking,prediction,2,0.0
64,waking,prediction,3,3.3452408446701153e-13
64,waking,prediction,4,0.0
64,waking,prediction,5,0.0
64,waking,prediction,6,0.0
64,waking,prediction,7,0.0
64,waking,prediction,8,8.56831997865638e-09
64,waking,prediction,9,8.03205817297713e-06
64,waking,prediction,10,7.51649580813915e-13
64,waking,prediction,11,2.5469562800327125e-09
64,waking,prediction,12,0.0
64,waking,prediction,13,0.0
64,waking,prediction,14,0.0
64,waking,prediction,15,0.060642675331674306
64,waking,prediction,16,0.00017483585283776932
64,waking,prediction,17,2.4738573220937315e-06
64,waking,prediction,18,0.0
64,waking,prediction,19,0.0
64,waking,prediction,20,0.017416206502722343
64,waking,prediction,21,0.02812989679797034
64,waking,prediction,22,0.0034214874587714258
64,waking,prediction,23,0.00012209283651575914
64,waking,prediction,24,0.0
64,waking,prediction,25,5.2114805195435175e-11
64,waking,prediction,26,1.1258405458470875e-09
64,waking,prediction,27,0.08361763183193702
64,waking,prediction,28,0.02276179420416079
64,waking,prediction,29,3.1375336184652484e-08
64,waking,prediction,30,0.0
64,waking,prediction,31,0.0
64,waking,prediction,32,2.108154146750121e-05
64,waking,prediction,33,0.00025654944251953747
64,waking,prediction,34,0.0
64,waking,prediction,35,0.0
64,waking,emotion,0,0.32220180649170793
64,waking,emotion,1,0.22971793319023148
64,waking,emotion,2,0.45100634383222243
64,waking,action,0,0.01361931172836046
64,waking,action,1,0.002383905977765963
64,waking,action,2,0.0016605193879181512
64,waking,action,3,0.00451584999190028
64,waking,action,4,0.0
64,waking,action,5,0.0
65,waking,visual,0,0.0
65,waking,visual,1,0.0
65,waking,visual,2,0.0
65,waking,visual,3,0.0
65,waking,visual,4,0.0
65,waking,visual,5,0.0
65,waking,visual,6,0.0
65,waking,visual,7,0.0
65,waking,visual,8,0.0
65,waking,visual,9,0.0
65,waking,visual,10,0.0
65,waking,visual,11,0.0
65,waking,visual,12,0.0
65,waking,visual,13,0.0
65,waking,visual,14,0.0
65,waking,visual,15,0.5333333333333333
65,waking,visual,16,0.0
65,waking,visual,17,0.0
65,waking,visual,18,0.0
65,waking,visual,19,0.0
65,waking,visual,20,0.0
65,waking,visual,21,0.36999999999999994
65,waking,visual,22,0.0
65,waking,visual,23,0.0
65,waking,visual,24,0.0
65,waking,visual,25,0.0
65,waking,visual,26,0.0
65,waking,visual,27,0.75
65,waking,visual,28,0.0
65,waking,visual,29,0.0
65,waking,visual,30,0.0
65,waking,visual,31,0.0
65,waking,visual,32,0.0
65,waking,visual,33,0.4033333333333333
65,waking,visual,34,0.0
65,waking,visual,35,0.0
65,waking,visual,36,0.0
65,waking,visual,37,0.0
65,waking,visual,38,0.0
65,waking,visual,39,0.0
65,waking,visual,40,0.0
65,waking,visual,41,0.0
65,waking,visual,42,0.0
65,waking,visual,43,0.0
65,waking,visual,44,0.0
65,waking,visual,45,0.0
65,waking,visual,46,0.0
65,waking,visual,47,0.0
65,waking,visual,48,0.0
65,waking,visual,49,0.0
65,waking,visual,50,0.0
65,waking,visual,51,0.0
65,waking,visual,52,0.0
65,waking,visual,53,0.0
65,waking,visual,54,0.0
65,waking,visual,55,0.0
65,waking,visual,56,0.0
65,waking,visual,57,0.0
65,waking,visual,58,0.0
65,waking,visual,59,0.0
65,waking,visual,60,0.0
65,waking,visual,61,0.0
65,waking,visual,62,0.0
65,waking,visual,63,0.0
65,waking,visual,64,0.0
65,waking,visual,65,0.0
65,waking,visual,66,0.0
65,waking,visual,67,0.0
65,waking,visual,68,0.0
65,waking,visual,69,0.0
65,waking,visual,70,0.0
65,waking,visual,71,0.0
65,waking,visual,72,0.0
65,waking,visual,73,0.0
65,waking,visual,74,0.0
65,waking,visual,75,0.0
65,waking,visual,76,0.0
65,waking,visual,77,0.0
65,waking,visual,78,0.0
65,waking,visual,79,0.0
65,waking,visual,80,0.0
65,waking,visual,81,0.75
65,waking,visual,82,0.1
65,waking,visual,83,0.75
65,waking,visual,84,0.0
65,waking,visual,85,0.0
65,waking,visual,86,0.0
65,waking,visual,87,0.0
65,waking,visual,88,0.0
65,waking,visual,89,0.0
65,waking,visual,90,0.0
65,waking,visual,91,0.0
65,waking,visual,92,0.0
65,waking,visual,93,0.0
65,waking,visual,94,0.0
65,waking,visual,95,0.0
65,waking,visual,96,0.0
65,waking,visual,97,0.0
65,waking,visual,98,0.0
65,waking,visual,99,0.95
65,waking,visual,100,0.08
65,waking,visual,101,0.08
65,waking,visual,102,0.0
65,waking,visual,103,0.0
65,waking,visual,104,0.0
65,waking,visual,105,0.0
65,waking,visual,106,0.0
65,waking,visual,107,0.0
65,waking,visual,108,0.0
65,waking,visual,109,0.0
65,waking,visual,110,0.0
65,waking,visual,111,0.0
65,waking,visual,112,0.0
65,waking,visual,113,0.0
65,waking,visual,114,0.0
65,waking,visual,115,0.0
65,waking,visual,116,0.0
65,waking,visual,117,0.65
65,waking,visual,118,0.95
65,waking,visual,119,0.65
65,waking,visual,120,0.0
65,waking,visual,121,0.0
65,waking,visual,122,0.0
65,waking,visual,123,0.0
65,waking,visual,124,0.0
65,waking,visual,125,0.0
65,waking,visual,126,0.0
65,waking,visual,127,0.0
65,waking,visual,128,0.0
65,waking,visual,129,0.0
65,waking,visual,130,0.0
65,waking,visual,131,0.0
65,waking,visual,132,0.0
65,waking,visual,133,0.0
65,waking,visual,134,0.0
65,waking,visual,135,0.08
65,waking,visual,136,0.18
65,waking,visual,137,0.95
65,waking,visual,138,0.0
65,waking,visual,139,0.0
65,waking,visual,140,0.0
65,waking,visual,141,0.0
65,waking,visual,142,0.0
65,waking,visual,143,0.0
65,waking,visual,144,0.0
65,waking,visual,145,0.0
65,waking,visual,146,0.0
65,waking,visual,147,0.0
65,waking,visual,148,0.0
65,waking,visual,149,0.0
65,waking,visual,150,0.0
65,waking,visual,151,0.0
65,waking,visual,152,0.0
65,waking,visual,153,0.0
65,waking,visual,154,0.0
65,waking,visual,155,0.0
65,waking,visual,156,0.0
65,waking,visual,157,0.0
65,waking,visual,158,0.0
65,waking,visual,159,0.0
65,waking,visual,160,0.0
65,waking,visual,161,0.0
65,waking,visual,162,0.0
65,waking,visual,163,0.0
65,waking,visual,164,0.0
65,waking,visual,165,0.0
65,waking,visual,166,0.0
65,waking,visual,167,0.0
65,waking,visual,168,0.0
65,waking,visual,169,0.0
65,waking,visual,170,0.0
65,waking,visual,171,0.25
65,waking,visual,172,0.0
65,waking,visual,173,0.0
65,waking,visual,174,0.0
65,waking,visual,175,0.0
65,waking,visual,176,0.0
65,waking,visual,177,0.4033333333333333
65,waking,visual,178,0.0
65,waking,visual,179,0.0
65,waking,audio,0,0.2948787713382722
65,waking,audio,1,0.15720126225845843
65,waking,audio,2,0.3338356412119079
65,waking,audio,3,0.216728098852728
65,waking,audio,4,0.315663493373539
65,waking,audio,5,0.16846802526628146
65,waking,audio,6,0.25064454172462236
65,waking,audio,7,0.056597154582979245
65,waking,audio,8,0.0018973232470427814
65,waking,audio,9,0.00010691921611744037
65,waking,audio,10,0.003023080902969155
65,waking,audio,11,0.0010098553140508726
65,waking,audio,12,0.000688951244731395
65,waking,audio,13,5.65149362512507e-05
65,waking,audio,14,0.00031676296094329537
65,waking,audio,15,7.152712021300106e-05
65,waking,proprioceptive,0,0.5
65,waking,proprioceptive,1,0.5
65,waking,proprioceptive,2,0.0
65,waking,proprioceptive,3,0.0
65,waking,proprioceptive,4,0.0
65,waking,proprioceptive,5,0.0007403567619773121
65,waking,prediction,0,0.0
65,waking,prediction,1,0.0
65,waking,prediction,2,0.0
65,waking,prediction,3,2.1542420326383665e-13
65,waking,prediction,4,0.0
65,waking,prediction,5,0.0
65,waking,prediction,6,0.0
65,waking,prediction,7,0.0
65,waking,prediction,8,5.421760870884588e-09
65,waking,prediction,9,5.023548568948302e-06
65,waking,prediction,10,4.59899044834563e-13
65,waking,prediction,11,1.6041550736508945e-09
65,waking,prediction,12,0.0
65,waking,prediction,13,0.0
65,waking,prediction,14,0.0
65,waking,prediction,15,0.06034421437384045
65,waking,prediction,16,0.00016413369289293921
65,waking,prediction,17,1.5872598345933748e-06
65,waking,prediction,18,0.0
65,waking,prediction,19,0.0
65,waking,prediction,20,0.013145497155589183
65,waking,prediction,21,0.03141159271898338
65,waking,prediction,22,0.0020297336460143815
65,waking,prediction,23,7.697951962064891e-05
65,waking,prediction,24,0.0
65,waking,prediction,25,3.3489736574779103e-11
65,waking,prediction,26,6.835236015952917e-10
65,waking,prediction,27,0.08754130022911458
65,waking,prediction,28,0.01728878849058403
65,waking,prediction,29,2.002275887827729e-08
65,waking,prediction,30,0.0
65,waking,prediction,31,0.0
65,waking,prediction,32,5.921392767606116e-05
65,waking,prediction,33,0.005676220200680285
65,waking,prediction,34,0.0
65,waking,prediction,35,0.0
65,waking,emotion,0,0.3042936172743244
65,waking,emotion,1,0.22179307567375042
65,waking,emotion,2,0.4252886812918462
65,waking,action,0,0.015148224494084817
65,waking,action,1,0.005077335162927226
65,waking,action,2,0.0007777709369246621
65,waking,action,3,0.0073940495760023974
65,waking,action,4,0.0
65,waking,action,5,0.0
66,waking,visual,0,0.0
66,waking,visual,1,0.0
66,waking,visual,2,0.0
66,waking,visual,3,0.0
66,waking,visual,4,0.0
66,waking,visual,5,0.0
66,waking,visual,6,0.0
66,waking,visual,7,0.0
66,waking,visual,8,0.0
66,waking,visual,9,0.0
66,waking,visual,10,0.0
66,waking,visual,11,0.0
66,waking,visual,12,0.0
66,waking,visual,13,0.0
66,waking,visual,14,0.0
66,waking,visual,15,0.5333333333333333
66,waking,visual,16,0.0
66,waking,visual,17,0.0
66,waking,visual,18,0.0
66,waking,visual,19,0.0
66,waking,visual,20,0.0
66,waking,visual,21,0.36999999999999994
66,waking,visual,22,0.0
66,waking,visual,23,0.0
66,waking,visual,24,0.0
66,waking,visual,25,0.0
66,waking,visual,26,0.0
66,waking,visual,27,0.75
66,waking,visual,28,0.0
66,waking,visual,29,0.0
66,waking,visual,30,0.0
66,waking,visual,31,0.0
66,waking,visual,32,0.0
66,waking,visual,33,0.4033333333333333
66,waking,visual,34,0.0
66,waking,visual,35,0.0
66,waking,visual,36,0.0
66,waking,visual,37,0.0
66,waking,visual,38,0.0
66,waking,visual,39,0.0
66,waking,visual,40,0.0
66,waking,visual,41,0.0
66,waking,visual,42,0.0
66,waking,visual,43,0.0
66,waking,visual,44,0.0
66,waking,visual,45,0.0
66,waking,visual,46,0.0
66,waking,visual,47,0.0
66,waking,visual,48,0.0
66,waking,visual,49,0.0
66,waking,visual,50,0.0
66,waking,visual,51,0.0
66,waking,visual,52,0.0
66,waking,visual,53,0.0
66,waking,visual,54,0.0
66,waking,visual,55,0.0
66,waking,visual,56,0.0
66,waking,visual,57,0.0
66,waking,visual,58,0.0
66,waking,visual,59,0.0
66,waking,visual,60,0.0
66,waking,visual,61,0.0
66,waking,visual,62,0.0
66,waking,visual,63,0.0
66,waking,visual,64,0.0
66,waking,visual,65,0.0
66,waking,visual,66,0.0
66,waking,visual,67,0.0
66,waking,visual,68,0.0
66,waking,visual,69,0.0
66,waking,visual,70,0.0
66,waking,visual,71,0.0
66,waking,visual,72,0.0
66,waking,visual,73,0.0
66,waking,visual,74,0.0
66,waking,visual,75,0.0
66,waking,visual,76,0.0
66,waking,visual,77,0.0
66,waking,visual,78,0.0
66,waking,visual,79,0.0
66,waking,visual,80,0.0
66,waking,visual,81,0.75
66,waking,visual,82,0.1
66,waking,visual,83,0.75
66,waking,visual,84,0.0
66,waking,visual,85,0.0
66,waking,visual,86,0.0
66,waking,visual,87,0.0
66,waking,visual,88,0.0
66,waking,visual,89,0.0
66,waking,visual,90,0.0
66,waking,visual,91,0.0
66,waking,visual,92,0.0
66,waking,visual,93,0.0
66,waking,visual,94,0.0
66,waking,visual,95,0.0
66,waking,visual,96,0.0
66,waking,visual,97,0.0
66,waking,visual,98,0.0
66,waking,visual,99,0.95
66,waking,visual,100,0.08
66,waking,visual,101,0.08
66,waking,visual,102,0.0
66,waking,visual,103,0.0
66,waking,visual,104,0.0
66,waking,visual,105,0.0
66,waking,visual,106,0.0
66,waking,visual,107,0.0
66,waking,visual,108,0.0
66,waking,visual,109,0.0
66,waking,visual,110,0.0
66,waking,visual,111,0.0
66,waking,visual,112,0.0
66,waking,visual,113,0.0
66,waking,visual,114,0.0
66,waking,visual,115,0.0
66,waking,visual,116,0.0
66,waking,visual,117,0.65
66,waking,visual,118,0.95
66,waking,visual,119,0.65
66,waking,visual,120,0.0
66,waking,visual,121,0.0
66,waking,visual,122,0.0
66,waking,visual,123,0.0
66,waking,visual,124,0.0
66,waking,visual,125,0.0
66,waking,visual,126,0.0
66,waking,visual,127,0.0
66,waking,visual,128,0.0
66,waking,visual,129,0.0
66,waking,visual,130,0.0
66,waking,visual,131,0.0
66,waking,visual,132,0.0
66,waking,visual,133,0.0
66,waking,visual,134,0.0
66,waking,visual,135,0.08
66,waking,visual,136,0.18
66,waking,visual,137,0.95
66,waking,visual,138,0.0
66,waking,visual,139,0.0
66,waking,visual,140,0.0
66,waking,visual,141,0.0
66,waking,visual,142,0.0
66,waking,visual,143,0.0
66,waking,visual,144,0.0
66,waking,visual,145,0.0
66,waking,visual,146,0.0
66,waking,visual,147,0.0
66,waking,visual,148,0.0
66,waking,visual,149,0.0
66,waking,visual,150,0.0
66,waking,visual,151,0.0
66,waking,visual,152,0.0
66,waking,visual,153,0.0
66,waking,visual,154,0.0
66,waking,visual,155,0.0
66,waking,visual,156,0.0
66,waking,visual,157,0.0
66,waking,visual,158,0.0
66,waking,visual,159,0.0
66,waking,visual,160,0.0
66,waking,visual,161,0.0
66,waking,visual,162,0.0
66,waking,visual,163,0.0
66,waking,visual,164,0.0
66,waking,visual,165,0.0
66,waking,visual,166,0.0
66,waking,visual,167,0.0
66,waking,visual,168,0.0
66,waking,visual,169,0.0
66,waking,visual,170,0.0
66,waking,visual,171,0.0
66,waking,visual,172,0.0
66,waking,visual,173,0.0
66,waking,visual,174,0.0
66,waking,visual,175,0.0
66,waking,visual,176,0.0
66,waking,visual,177,0.0
66,waking,visual,178,0.0
66,waking,visual,179,0.0
66,waking,audio,0,0.292991918319083
66,waking,audio,1,0.1570857201900082
66,waking,audio,2,0.3367897113112571
66,waking,audio,3,0.2177083965493531
66,waking,audio,4,0.31632198855684296
66,waking,audio,5,0.16839674723143205
66,waking,audio,6,0.25030574810276474
66,waking,audio,7,0.05652065279739849
66,waking,audio,8,0.0018868530191892274
66,waking,audio,9,0.00011554206845024173
66,waking,audio,10,0.0029540700993492264
66,waking,audio,11,0.000980297696625082
66,waking,audio,12,0.0006584951833039643
66,waking,audio,13,7.127803484940909e-05
66,waking,audio,14,0.00033879362185762485
66,waking,audio,15,7.650178558075288e-05
66,waking,proprioceptive,0,0.5
66,waking,proprioceptive,1,0.5
66,waking,proprioceptive,2,0.0
66,waking,proprioceptive,3,0.0
66,waking,proprioceptive,4,0.0
66,waking,proprioceptive,5,0.012538963237692713
66,waking,prediction,0,0.0
66,waking,prediction,1,0.0
66,waking,prediction,2,0.0
66,waking,prediction,3,1.3864157818501238e-13
66,waking,prediction,4,0.0
66,waking,prediction,5,0.0
66,waking,prediction,6,0.0
66,waking,prediction,7,0.0
66,waking,prediction,8,3.4268152761330287e-09
66,waking,prediction,9,3.1397084521861583e-06
66,waking,prediction,10,2.8162236525179964e-13
66,waking,prediction,11,1.0097101780632954e-09
66,waking,prediction,12,0.0
66,waking,prediction,13,0.0
66,waking,prediction,14,0.0
66,waking,prediction,15,0.06006572107753127
66,waking,prediction,16,0.00016261031067832743
66,waking,prediction,17,1.0176971456593208e-06
66,waking,prediction,18,0.0
66,waking,prediction,19,0.0
66,waking,prediction,20,0.009888655980846634
66,waking,prediction,21,0.03387641182462443
66,waking,prediction,22,0.001205104246916564
66,waking,prediction,23,4.8504882426306405e-05
66,waking,prediction,24,0.0
66,waking,prediction,25,2.150600945449131e-11
66,waking,prediction,26,4.153234912083042e-10
66,waking,prediction,27,0.08918396984863546
66,waking,prediction,28,0.012906845943548812
66,waking,prediction,29,1.2769061065038776e-08
66,waking,prediction,30,0.0
66,waking,prediction,31,0.0
66,waking,prediction,32,0.00012042587813255277
66,waking,prediction,33,0.012830220966186714
66,waking,prediction,34,0.0
66,waking,prediction,35,0.0
66,waking,emotion,0,0.28730626144618443
66,waking,emotion,1,0.2142543184805682
66,waking,emotion,2,0.40140678308925754
66,waking,action,0,0.015820051938758645
66,waking,action,1,0.008024789066355304
66,waking,action,2,0.00036463449072733335
66,waking,action,3,0.01012615185497018
66,waking,action,4,0.0
66,waking,action,5,0.0
67,waking,visual,0,0.0
67,waking,visual,1,0.0
67,waking,visual,2,0.0
67,waking,visual,3,0.0
67,waking,visual,4,0.0
67,waking,visual,5,0.0
67,waking,visual,6,0.0
67,waking,visual,7,0.0
67,waking,visual,8,0.0
67,waking,visual,9,0.0
67,waking,visual,10,0.0
67,waking,visual,11,0.0
67,waking,visual,12,0.0
67,waking,visual,13,0.0
67,waking,visual,14,0.0
67,waking,visual,15,0.5333333333333333
67,waking,visual,16,0.0
67,waking,visual,17,0.0
67,waking,visual,18,0.0
67,waking,visual,19,0.0
67,waking,visual,20,0.0
67,waking,visual,21,0.36999999999999994
67,waking,visual,22,0.0
67,waking,visual,23,0.0
67,waking,visual,24,0.0
67,waking,visual,25,0.0
67,waking,visual,26,0.0
67,waking,visual,27,0.75
67,waking,visual,28,0.0
67,waking,visual,29,0.0
67,waking,visual,30,0.0
67,waking,visual,31,0.0
67,waking,visual,32,0.0
67,waking,visual,33,0.4033333333333333
67,waking,visual,34,0.0
67,waking,visual,35,0.0
67,waking,visual,36,0.0
67,waking,visual,37,0.0
67,waking,visual,38,0.0
67,waking,visual,39,0.0
67,waking,visual,40,0.0
67,waking,visual,41,0.0
67,waking,visual,42,0.0
67,waking,visual,43,0.0
67,waking,visual,44,0.0
67,waking,visual,45,0.0
67,waking,visual,46,0.0
67,waking,visual,47,0.0
67,waking,visual,48,0.0
67,waking,visual,49,0.0
67,waking,visual,50,0.0
67,waking,visual,51,0.0
67,waking,visual,52,0.0
67,waking,visual,53,0.0
67,waking,visual,54,0.0
67,waking,visual,55,0.0
67,waking,visual,56,0.0
67,waking,visual,57,0.0
67,waking,visual,58,0.0
67,waking,visual,59,0.0
67,waking,visual,60,0.0
67,waking,visual,61,0.0
67,waking,visual,62,0.0
67,waking,visual,63,0.0
67,waking,visual,64,0.0
67,waking,visual,65,0.0
67,waking,visual,66,0.0
67,waking,visual,67,0.0
67,waking,visual,68,0.0
67,waking,visual,69,0.0
67,waking,visual,70,0.0
67,waking,visual,71,0.0
67,waking,visual,72,0.0
67,waking,visual,73,0.0
67,waking,visual,74,0.0
67,waking,visual,75,0.0
67,waking,visual,76,0.0
67,waking,visual,77,0.0
67,waking,visual,78,0.0
67,waking,visual,79,0.0
67,waking,visual,80,0.0
67,waking,visual,81,0.75
67,waking,visual,82,0.1
67,waking,visual,83,0.75
67,waking,visual,84,0.0
67,waking,visual,85,0.0
67,waking,visual,86,0.0
67,waking,visual,87,0.0
67,waking,visual,88,0.0
67,waking,visual,89,0.0
67,waking,visual,90,0.0
67,waking,visual,91,0.0
67,waking,visual,92,0.0
67,waking,visual,93,0.0
67,waking,visual,94,0.0
67,waking,visual,95,0.0
67,waking,visual,96,0.0
67,waking,visual,97,0.0
67,waking,visual,98,0.0
67,waking,visual,99,0.95
67,waking,visual,100,0.08
67,waking,visual,101,0.08
67,waking,visual,102,0.0
67,waking,visual,103,0.0
67,waking,visual,104,0.0
67,waking,visual,105,0.0
67,waking,visual,106,0.0
67,waking,visual,107,0.0
67,waking,visual,108,0.0
67,waking,visual,109,0.0
67,waking,visual,110,0.0
67,waking,visual,111,0.0
67,waking,visual,112,0.0
67,waking,visual,113,0.0
67,waking,visual,114,0.0
67,waking,visual,115,0.0
67,waking,visual,116,0.0
67,waking,visual,117,0.65
67,waking,visual,118,0.95
67,waking,visual,119,0.65
67,waking,visual,120,0.0
67,waking,visual,121,0.0
67,waking,visual,122,0.0
67,waking,visual,123,0.0
67,waking,visual,124,0.0
67,waking,visual,125,0.0
67,waking,visual,126,0.0
67,waking,visual,127,0.0
67,waking,visual,128,0.0
67,waking,visual,129,0.0
67,waking,visual,130,0.0
67,waking,visual,131,0.0
67,waking,visual,132,0.0
67,waking,visual,133,0.0
67,waking,visual,134,0.0
67,waking,visual,135,0.08
67,waking,visual,136,0.18
67,waking,visual,137,0.95
67,waking,visual,138,0.0
67,waking,visual,139,0.0
67,waking,visual,140,0.0
67,waking,visual,141,0.0
67,waking,visual,142,0.0
67,waking,visual,143,0.0
67,waking,visual,144,0.0
67,waking,visual,145,0.0
67,waking,visual,146,0.0
67,waking,visual,147,0.0
67,waking,visual,148,0.0
67,waking,visual,149,0.0
67,waking,visual,150,0.0
67,waking,visual,151,0.0
67,waking,visual,152,0.0
67,waking,visual,153,0.0
67,waking,visual,154,0.0
67,waking,visual,155,0.0
67,waking,visual,156,0.0
67,waking,visual,157,0.0
67,waking,visual,158,0.0
67,waking,visual,159,0.0
67,waking,visual,160,0.0
67,waking,visual,161,0.0
67,waking,visual,162,0.0
67,waking,visual,163,0.0
67,waking,visual,164,0.0
67,waking,visual,165,0.0
67,waking,visual,166,0.0
67,waking,visual,167,0.0
67,waking,visual,168,0.0
67,waking,visual,169,0.0
67,waking,visual,170,0.0
67,waking,visual,171,0.0
67,waking,visual,172,0.0
67,waking,visual,173,0.0
67,waking,visual,174,0.0
67,waking,visual,175,0.0
67,waking,visual,176,0.0
67,waking,visual,177,0.0
67,waking,visual,178,0.0
67,waking,visual,179,0.0
67,waking,audio,0,0.2911153145094839
67,waking,audio,1,0.15695886032458173
67,waking,audio,2,0.3396605086206137
67,waking,audio,3,0.21865534756918123
67,waking,audio,4,0.3169485786787964
67,waking,audio,5,0.1683107739890278
67,waking,audio,6,0.24994526000294778
67,waking,audio,7,0.05643925225873015
67,waking,audio,8,0.0018766038095990867
67,waking,audio,9,0.00012685986542645966
67,waking,audio,10,0.0028707973093565764
67,waking,audio,11,0.0009469510198281406
67,waking,audio,12,0.0006265901219534298
67,waking,audio,13,8.597324240425253e-05
67,waking,audio,14,0.0003604880998169524
67,waking,audio,15,8.14005386683414e-05
67,waking,proprioceptive,0,0.5
67,waking,proprioceptive,1,0.5
67,waking,proprioceptive,2,0.0
67,waking,proprioceptive,3,0.0
67,waking,proprioceptive,4,0.0
67,waking,proprioceptive,5,0.03839129864827978
67,waking,prediction,0,0.0
67,waking,prediction,1,0.0
67,waking,prediction,2,0.0
67,waking,prediction,3,8.917334388312357e-14
67,waking,prediction,4,0.0
67,waking,prediction,5,0.0
67,waking,prediction,6,0.0
67,waking,prediction,7,0.0
67,waking,prediction,8,2.163586195184216e-09
67,waking,prediction,9,1.961021679318269e-06
67,waking,prediction,10,1.7258365988617033e-13
67,waking,prediction,11,6.35160617427173e-10
67,waking,prediction,12,0.0
67,waking,prediction,13,0.0
67,waking,prediction,14,0.0
67,waking,prediction,15,0.05980669162606022
67,waking,prediction,16,0.00016602660223487335
67,waking,prediction,17,6.520869355010496e-07
67,waking,prediction,18,0.0
67,waking,prediction,19,0.0
67,waking,prediction,20,0.007454655793069219
67,waking,prediction,21,0.0356881183228173
67,waking,prediction,22,0.0007160472409179931
67,waking,prediction,23,3.054442056839092e-05
67,waking,prediction,24,0.0
67,waking,prediction,25,1.380144826091119e-11
67,waking,prediction,26,2.525493649623419e-10
67,waking,prediction,27,0.08963840409537345
67,waking,prediction,28,0.009552314654489347
67,waking,prediction,29,8.137905446243156e-09
67,waking,prediction,30,0.0
67,waking,prediction,31,0.0
67,waking,prediction,32,0.0001928265800154493
67,waking,prediction,33,0.01987358385876367
67,waking,prediction,34,0.0
67,waking,prediction,35,0.0
67,waking,emotion,0,0.2719880369443546
67,waking,emotion,1,0.20716985655168793
67,waking,emotion,2,0.37977559825769924
67,waking,action,0,0.015570265616144512
67,waking,action,1,0.01082238592961588
67,waking,action,2,0.00017109172391010293
67,waking,action,3,0.012402494037923933
67,waking,action,4,0.0
67,waking,action,5,0.0
68,waking,visual,0,0.0
68,waking,visual,1,0.0
68,waking,visual,2,0.0
68,waking,visual,3,0.0
68,waking,visual,4,0.0
68,waking,visual,5,0.0
68,waking,visual,6,0.0
68,waking,visual,7,0.0
68,waking,visual,8,0.0
68,waking,visual,9,0.0
68,waking,visual,10,0.0
68,waking,visual,11,0.0
68,waking,visual,12,0.0
68,waking,visual,13,0.0
68,waking,visual,14,0.0
68,waking,visual,15,0.5333333333333333
68,waking,visual,16,0.0
68,waking,visual,17,0.0
68,waking,visual,18,0.0
68,waking,visual,19,0.0
68,waking,visual,20,0.0
68,waking,visual,21,0.36999999999999994
68,waking,visual,22,0.0
68,waking,visual,23,0.0
68,waking,visual,24,0.0
68,waking,visual,25,0.0
68,waking,visual,26,0.0
68,waking,visual,27,0.75
68,waking,visual,28,0.0
68,waking,visual,29,0.0
68,waking,visual,30,0.0
68,waking,visual,31,0.0
68,waking,visual,32,0.0
68,waking,visual,33,0.4033333333333333
68,waking,visual,34,0.0
68,waking,visual,35,0.0
68,waking,visual,36,0.0
68,waking,visual,37,0.0
68,waking,visual,38,0.0
68,waking,visual,39,0.0
68,waking,visual,40,0.0
68,waking,visual,41,0.0
68,waking,visual,42,0.0
68,waking,visual,43,0.0
68,waking,visual,44,0.0
68,waking,visual,45,0.0
68,waking,visual,46,0.0
68,waking,visual,47,0.0
68,waking,visual,48,0.0
68,waking,visual,49,0.0
68,waking,visual,50,0.0
68,waking,visual,51,0.0
68,waking,visual,52,0.0
68,waking,visual,53,0.0
68,waking,visual,54,0.0
68,waking,visual,55,0.0
68,waking,visual,56,0.0
68,waking,visual,57,0.0
68,waking,visual,58,0.0
68,waking,visual,59,0.0
68,waking,visual,60,0.0
68,waking,visual,61,0.0
68,waking,visual,62,0.0
68,waking,visual,63,0.0
68,waking,visual,64,0.0
68,waking,visual,65,0.0
68,waking,visual,66,0.0
68,waking,visual,67,0.0
68,waking,visual,68,0.0
68,waking,visual,69,0.0
68,waking,visual,70,0.0
68,waking,visual,71,0.0
68,waking,visual,72,0.0
68,waking,visual,73,0.0
68,waking,visual,74,0.0
68,waking,visual,75,0.0
68,waking,visual,76,0.0
68,waking,visual,77,0.0
68,waking,visual,78,0.0
68,waking,visual,79,0.0
68,waking,visual,80,0.0
68,waking,visual,81,0.75
68,waking,visual,82,0.1
68,waking,visual,83,0.75
68,waking,visual,84,0.0
68,waking,visual,85,0.0
68,waking,visual,86,0.0
68,waking,visual,87,0.0
68,waking,visual,88,0.0
68,waking,visual,89,0.0
68,waking,visual,90,0.0
68,waking,visual,91,0.0
68,waking,visual,92,0.0
68,waking,visual,93,0.0
68,waking,visual,94,0.0
68,waking,visual,95,0.0
68,waking,visual,96,0.0
68,waking,visual,97,0.0
68,waking,visual,98,0.0
68,waking,visual,99,0.95
68,waking,visual,100,0.08
68,waking,visual,101,0.08
68,waking,visual,102,0.0
68,waking,visual,103,0.0
68,waking,visual,104,0.0
68,waking,visual,105,0.0
68,waking,visual,106,0.0
68,waking,visual,107,0.0
68,waking,visual,108,0.0
68,waking,visual,109,0.0
68,waking,visual,110,0.0
68,waking,visual,111,0.0
68,waking,visual,112,0.0
68,waking,visual,113,0.0
68,waking,visual,114,0.0
68,waking,visual,115,0.0
68,waking,visual,116,0.0
68,waking,visual,117,0.65
68,waking,visual,118,0.95
68,waking,visual,119,0.65
68,waking,visual,120,0.0
68,waking,visual,121,0.0
68,waking,visual,122,0.0
68,waking,visual,123,0.0
68,waking,visual,124,0.0
68,waking,visual,125,0.0
68,waking,visual,126,0.0
68,waking,visual,127,0.0
68,waking,visual,128,0.0
68,waking,visual,129,0.0
68,waking,visual,130,0.0
68,waking,visual,131,0.0
68,waking,visual,132,0.0
68,waking,visual,133,0.0
68,waking,visual,134,0.0
68,waking,visual,135,0.08
68,waking,visual,136,0.18
68,waking,visual,137,0.95
68,waking,visual,138,0.0
68,waking,visual,139,0.0
68,waking,visual,140,0.0
68,waking,visual,141,0.0
68,waking,visual,142,0.0
68,waking,visual,143,0.0
68,waking,visual,144,0.0
68,waking,visual,145,0.0
68,waking,visual,146,0.0
68,waking,visual,147,0.0
68,waking,visual,148,0.0
68,waking,visual,149,0.0
68,waking,visual,150,0.0
68,waking,visual,151,0.0
68,waking,visual,152,0.0
68,waking,visual,153,0.0
68,waking,visual,154,0.0
68,waking,visual,155,0.0
68,waking,visual,156,0.0
68,waking,visual,157,0.0
68,waking,visual,158,0.0
68,waking,visual,159,0.0
68,waking,visual,160,0.0
68,waking,visual,161,0.0
68,waking,visual,162,0.0
68,waking,visual,163,0.0
68,waking,visual,164,0.0
68,waking,visual,165,0.0
68,waking,visual,166,0.0
68,waking,visual,167,0.0
68,waking,visual,168,0.0
68,waking,visual,169,0.0
68,waking,visual,170,0.0
68,waking,visual,171,0.0
68,waking,visual,172,0.0
68,waking,visual,173,0.0
68,waking,visual,174,0.0
68,waking,visual,175,0.0
68,waking,visual,176,0.0
68,waking,visual,177,0.0
68,waking,visual,178,0.0
68,waking,visual,179,0.0
68,waking,audio,0,0.2892485927854601
68,waking,audio,1,0.15681778031497282
68,waking,audio,2,0.34243292115855534
68,waking,audio,3,0.21956496083400504
68,waking,audio,4,0.3175417750935396
68,waking,audio,5,0.16821018503882906
68,waking,audio,6,0.24956343141284434
68,waking,audio,7,0.056353032899674534
68,waking,audio,8,0.001866721724023801
68,waking,audio,9,0.00014108000960891265
68,waking,audio,10,0.0027724125379416376
68,waking,audio,11,0.0009096132648238053
68,waking,audio,12,0.0005931964147432023
68,waking,audio,13,0.00010058895019873781
68,waking,audio,14,0.00038182859010343906
68,waking,audio,15,8.621935905561706e-05
68,waking,proprioceptive,0,0.5
68,waking,proprioceptive,1,0.5
68,waking,proprioceptive,2,0.0
68,waking,proprioceptive,3,0.0
68,waking,proprioceptive,4,0.0
68,waking,proprioceptive,5,0.07755202811198691
68,waking,prediction,0,0.0
68,waking,prediction,1,0.0
68,waking,prediction,2,0.0
68,waking,prediction,3,5.732461787718593e-14
68,waking,prediction,4,0.0
68,waking,prediction,5,0.0
68,waking,prediction,6,0.0
68,waking,prediction,7,0.0
68,waking,prediction,8,1.3647006589928794e-09
68,waking,prediction,9,1.2240794447065864e-06
68,waking,prediction,10,1.0583488588131188e-13
68,waking,prediction,11,3.9932761969384324e-10
68,waking,prediction,12,0.0
68,waking,prediction,13,0.0
68,waking,prediction,14,0.0
68,waking,prediction,15,0.059567368977268755
68,waking,prediction,16,0.0001715202842540333
68,waking,prediction,17,4.1756923609766685e-07
68,waking,prediction,18,0.0
68,waking,prediction,19,0.0
68,waking,prediction,20,0.005664217972028133
68,waking,prediction,21,0.036999587344021395
68,waking,prediction,22,0.00042575388706207957
68,waking,prediction,23,1.922370260733754e-05
68,waking,prediction,24,0.0
68,waking,prediction,25,8.851682699558165e-12
68,waking,prediction,26,1.5367446643039267e-10
68,waking,prediction,27,0.08952272010169372
68,waking,prediction,28,0.007062688001894714
68,waking,prediction,29,5.183277160149627e-09
68,waking,prediction,30,0.0
68,waking,prediction,31,0.0
68,waking,prediction,32,0.0002666498870076452
68,waking,prediction,33,0.026024444070125195
68,waking,prediction,34,0.0
68,waking,prediction,35,0.0
68,waking,emotion,0,0.2583650998235498
68,waking,emotion,1,0.2005568670921004
68,waking,emotion,2,0.36053566630768946
68,waking,action,0,0.014407180646621606
68,waking,action,1,0.013162157407825592
68,waking,action,2,8.033977956204657e-05
68,waking,action,3,0.0140034128109398
68,waking,action,4,0.0
68,waking,action,5,0.0
69,waking,visual,0,0.0
69,waking,visual,1,0.0
69,waking,visual,2,0.0
69,waking,visual,3,0.0
69,waking,visual,4,0.0
69,waking,visual,5,0.0
69,waking,visual,6,0.0
69,waking,visual,7,0.0
69,waking,visual,8,0.0
69,waking,visual,9,0.0
69,waking,visual,10,0.0
69,waking,visual,11,0.0
69,waking,visual,12,0.0
69,waking,visual,13,0.0
69,waking,visual,14,0.0
69,waking,visual,15,0.5333333333333333
69,waking,visual,16,0.0
69,waking,visual,17,0.0
69,waking,visual,18,0.0
69,waking,visual,19,0.0
69,waking,visual,20,0.0
69,waking,visual,21,0.36999999999999994
69,waking,visual,22,0.0
69,waking,visual,23,0.0
69,waking,visual,24,0.0
69,waking,visual,25,0.0
69,waking,visual,26,0.0
69,waking,visual,27,0.75
69,waking,visual,28,0.0
69,waking,visual,29,0.0
69,waking,visual,30,0.0
69,waking,visual,31,0.0
69,waking,visual,32,0.0
69,waking,visual,33,0.4033333333333333
69,waking,visual,34,0.0
69,waking,visual,35,0.0
69,waking,visual,36,0.0
69,waking,visual,37,0.0
69,waking,visual,38,0.0
69,waking,visual,39,0.0
69,waking,visual,40,0.0
69,waking,visual,41,0.0
69,waking,visual,42,0.0
69,waking,visual,43,0.0
69,waking,visual,44,0.0
69,waking,visual,45,0.0
69,waking,visual,46,0.0
69,waking,visual,47,0.0
69,waking,visual,48,0.0
69,waking,visual,49,0.0
69,waking,visual,50,0.0
69,waking,visual,51,0.0
69,waking,visual,52,0.0
69,waking,visual,53,0.0
69,waking,visual,54,0.0
69,waking,visual,55,0.0
69,waking,visual,56,0.0
69,waking,visual,57,0.0
69,waking,visual,58,0.0
69,waking,visual,59,0.0
69,waking,visual,60,0.0
69,waking,visual,61,0.0
69,waking,visual,62,0.0
69,waking,visual,63,0.0
69,waking,visual,64,0.0
69,waking,visual,65,0.0
69,waking,visual,66,0.0
69,waking,visual,67,0.0
69,waking,visual,68,0.0
69,waking,visual,69,0.0
69,waking,visual,70,0.0
69,waking,visual,71,0.0
69,waking,visual,72,0.0
69,waking,visual,73,0.0
69,waking,visual,74,0.0
69,waking,visual,75,0.0
69,waking,visual,76,0.0
69,waking,visual,77,0.0
69,waking,visual,78,0.0
69,waking,visual,79,0.0
69,waking,visual,80,0.0
69,waking,visual,81,0.75
69,waking,visual,82,0.1
69,waking,visual,83,0.75
69,waking,visual,84,0.0
69,waking,visual,85,0.0
69,waking,visual,86,0.0
69,waking,visual,87,0.0
69,waking,visual,88,0.0
69,waking,visual,89,0.0
69,waking,visual,90,0.0
69,waking,visual,91,0.0
69,waking,visual,92,0.0
69,waking,visual,93,0.0
69,waking,visual,94,0.0
69,waking,visual,95,0.0
69,waking,visual,96,0.0
69,waking,visual,97,0.0
69,waking,visual,98,0.0
69,waking,visual,99,0.95
69,waking,visual,100,0.08
69,waking,visual,101,0.08
69,waking,visual,102,0.0
69,waking,visual,103,0.0
69,waking,visual,104,0.0
69,waking,visual,105,0.0
69,waking,visual,106,0.0
69,waking,visual,107,0.0
69,waking,visual,108,0.0
69,waking,visual,109,0.0
69,waking,visual,110,0.0
69,waking,visual,111,0.0
69,waking,visual,112,0.0
69,waking,visual,113,0.0
69,waking,visual,114,0.0
69,waking,visual,115,0.0
69,waking,visual,116,0.0
69,waking,visual,117,0.65
69,waking,visual,118,0.95
69,waking,visual,119,0.65
69,waking,visual,120,0.0
69,waking,visual,121,0.0
69,waking,visual,122,0.0
69,waking,visual,123,0.0
69,waking,visual,124,0.0
69,waking,visual,125,0.0
69,waking,visual,126,0.0
69,waking,visual,127,0.0
69,waking,visual,128,0.0
69,waking,visual,129,0.0
69,waking,visual,130,0.0
69,waking,visual,131,0.0
69,waking,visual,132,0.0
69,waking,visual,133,0.0
69,waking,visual,134,0.0
69,waking,visual,135,0.08
69,waking,visual,136,0.18
69,waking,visual,137,0.95
69,waking,visual,138,0.0
69,waking,visual,139,0.0
69,waking,visual,140,0.0
69,waking,visual,141,0.0
69,waking,visual,142,0.0
69,waking,visual,143,0.0
69,waking,visual,144,0.0
69,waking,visual,145,0.0
69,waking,visual,146,0.0
69,waking,visual,147,0.0
69,waking,visual,148,0.0
69,waking,visual,149,0.0
69,waking,visual,150,0.0
69,waking,visual,151,0.0
69,waking,visual,152,0.0
69,waking,visual,153,0.0
69,waking,visual,154,0.0
69,waking,visual,155,0.0
69,waking,visual,156,0.0
69,waking,visual,157,0.0
69,waking,visual,158,0.0
69,waking,visual,159,0.0
69,waking,visual,160,0.0
69,waking,visual,161,0.0
69,waking,visual,162,0.0
69,waking,visual,163,0.0
69,waking,visual,164,0.0
69,waking,visual,165,0.0
69,waking,visual,166,0.0
69,waking,visual,167,0.0
69,waking,visual,168,0.0
69,waking,visual,169,0.0
69,waking,visual,170,0.0
69,waking,visual,171,0.0
69,waking,visual,172,0.0
69,waking,visual,173,0.0
69,waking,visual,174,0.0
69,waking,visual,175,0.0
69,waking,visual,176,0.0
69,waking,visual,177,0.0
69,waking,visual,178,0.0
69,waking,visual,179,0.0
69,waking,audio,0,0.28739125412955957
69,waking,audio,1,0.15665939574040916
69,waking,audio,2,0.34509109794522236
69,waking,audio,3,0.22043307146009603
69,waking,audio,4,0.31810005844511574
69,waking,audio,5,0.16809507127113454
69,waking,audio,6,0.24916063312703982
69,waking,audio,7,0.05626207844804126
69,waking,audio,8,0.0018573386559005423
69,waking,audio,9,0.00015838457456365806
69,waking,audio,10,0.0026581767866670214
69,waking,audio,11,0.0008681106260909899
69,waking,audio,12,0.0005582833515761498
69,waking,audio,13,0.00011511376769451909
69,waking,audio,14,0.0004027982858045287
69,waking,audio,15,9.095445163327665e-05
69,waking,proprioceptive,0,0.5
69,waking,proprioceptive,1,0.5
69,waking,proprioceptive,2,0.0
69,waking,proprioceptive,3,0.0
69,waking,proprioceptive,4,0.0
69,waking,proprioceptive,5,0.1288921295423922
69,waking,prediction,0,0.0
69,waking,prediction,1,0.0
69,waking,prediction,2,0.0
69,waking,prediction,3,3.68327306809657e-14
69,waking,prediction,4,0.0
69,waking,prediction,5,0.0
69,waking,prediction,6,0.0
69,waking,prediction,7,0.0
69,waking,prediction,8,8.600599852021124e-10
69,waking,prediction,9,7.63646627206108e-07
69,waking,prediction,10,6.494122878387958e-14
69,waking,prediction,11,2.509323733521854e-10
69,waking,prediction,12,0.0
69,waking,prediction,13,0.0
69,waking,prediction,14,0.0
69,waking,prediction,15,0.059347593906093205
69,waking,prediction,16,0.0001773647051032129
69,waking,prediction,17,2.672445609510044e-07
69,waking,prediction,18,0.0
69,waking,prediction,19,0.0
69,waking,prediction,20,0.004363772259464454
69,waking,prediction,21,0.03793922163389308
69,waking,prediction,22,0.0002533033454749649
69,waking,prediction,23,1.2092706788652331e-05
69,waking,prediction,24,0.0
69,waking,prediction,25,5.673939072364013e-12
69,waking,prediction,26,9.356614922907988e-11
69,waking,prediction,27,0.08917129713498914
69,waking,prediction,28,0.005256409469173846
69,waking,prediction,29,3.299556024930907e-09
69,waking,prediction,30,0.0
69,waking,prediction,31,0.0
69,waking,prediction,32,0.00033548050881285966
69,waking,prediction,33,0.031058504996143276
69,waking,prediction,34,0.0
69,waking,prediction,35,0.0
69,waking,emotion,0,0.2464479648158637
69,waking,emotion,1,0.1944282800433695
69,waking,emotion,2,0.34379239813103296
69,waking,action,0,0.012409011834213234
69,waking,action,1,0.014820260241035296
69,waking,action,2,3.7750663484472735e-05
69,waking,action,3,0.01478718368096013
69,waking,action,4,0.0
69,waking,action,5,0.0
70,waking,visual,0,0.0
70,waking,visual,1,0.0
70,waking,visual,2,0.0
70,waking,visual,3,0.0
70,waking,visual,4,0.0
70,waking,visual,5,0.0
70,waking,visual,6,0.0
70,waking,visual,7,0.0
70,waking,visual,8,0.0
70,waking,visual,9,0.0
70,waking,visual,10,0.0
70,waking,visual,11,0.0
70,waking,visual,12,0.0
70,waking,visual,13,0.0
70,waking,visual,14,0.0
70,waking,visual,15,0.5333333333333333
70,waking,visual,16,0.0
70,waking,visual,17,0.0
70,waking,visual,18,0.0
70,waking,visual,19,0.0
70,waking,visual,20,0.0
70,waking,visual,21,0.36999999999999994
70,waking,visual,22,0.0
70,waking,visual,23,0.0
70,waking,visual,24,0.0
70,waking,visual,25,0.0
70,waking,visual,26,0.0
70,waking,visual,27,0.75
70,waking,visual,28,0.0
70,waking,visual,29,0.0
70,waking,visual,30,0.0
70,waking,visual,31,0.0
70,waking,visual,32,0.0
70,waking,visual,33,0.4033333333333333
70,waking,visual,34,0.0
70,waking,visual,35,0.0
70,waking,visual,36,0.0
70,waking,visual,37,0.0
70,waking,visual,38,0.0
70,waking,visual,39,0.0
70,waking,visual,40,0.0
70,waking,visual,41,0.0
70,waking,visual,42,0.0
70,waking,visual,43,0.0
70,waking,visual,44,0.0
70,waking,visual,45,0.0
70,waking,visual,46,0.0
70,waking,visual,47,0.0
70,waking,visual,48,0.0
70,waking,visual,49,0.0
70,waking,visual,50,0.0
70,waking,visual,51,0.0
70,waking,visual,52,0.0
70,waking,visual,53,0.0
70,waking,visual,54,0.0
70,waking,visual,55,0.0
70,waking,visual,56,0.0
70,waking,visual,57,0.0
70,waking,visual,58,0.0
70,waking,visual,59,0.0
70,waking,visual,60,0.0
70,waking,visual,61,0.0
70,waking,visual,62,0.0
70,waking,visual,63,0.0
70,waking,visual,64,0.0
70,waking,visual,65,0.0
70,waking,visual,66,0.0
70,waking,visual,67,0.0
70,waking,visual,68,0.0
70,waking,visual,69,0.0
70,waking,visual,70,0.0
70,waking,visual,71,0.0
70,waking,visual,72,0.0
70,waking,visual,73,0.0
70,waking,visual,74,0.0
70,waking,visual,75,0.0
70,waking,visual,76,0.0
70,waking,visual,77,0.0
70,waking,visual,78,0.0
70,waking,visual,79,0.0
70,waking,visual,80,0.0
70,waking,visual,81,0.75
70,waking,visual,82,0.1
70,waking,visual,83,0.75
70,waking,visual,84,0.0
70,waking,visual,85,0.0
70,waking,visual,86,0.0
70,waking,visual,87,0.0
70,waking,visual,88,0.0
70,waking,visual,89,0.0
70,waking,visual,90,0.0
70,waking,visual,91,0.0
70,waking,visual,92,0.0
70,waking,visual,93,0.0
70,waking,visual,94,0.0
70,waking,visual,95,0.0
70,waking,visual,96,0.0
70,waking,visual,97,0.0
70,waking,visual,98,0.0
70,waking,visual,99,0.95
70,waking,visual,100,0.08
70,waking,visual,101,0.08
70,waking,visual,102,0.0
70,waking,visual,103,0.0
70,waking,visual,104,0.0
70,waking,visual,105,0.0
70,waking,visual,106,0.0
70,waking,visual,107,0.0
70,waking,visual,108,0.0
70,waking,visual,109,0.0
70,waking,visual,110,0.0
70,waking,visual,111,0.0
70,waking,visual,112,0.0
70,waking,visual,113,0.0
70,waking,visual,114,0.0
70,waking,visual,115,0.0
70,waking,visual,116,0.0
70,waking,visual,117,0.65
70,waking,visual,118,0.95
70,waking,visual,119,0.65
70,waking,visual,120,0.0
70,waking,visual,121,0.0
70,waking,visual,122,0.0
70,waking,visual,123,0.0
70,waking,visual,124,0.0
70,waking,visual,125,0.0
70,waking,visual,126,0.0
70,waking,visual,127,0.0
70,waking,visual,128,0.0
70,waking,visual,129,0.0
70,waking,visual,130,0.0
70,waking,visual,131,0.0
70,waking,visual,132,0.0
70,waking,visual,133,0.0
70,waking,visual,134,0.0
70,waking,visual,135,0.08
70,waking,visual,136,0.18
70,waking,visual,137,0.95
70,waking,visual,138,0.0
70,waking,visual,139,0.0
70,waking,visual,140,0.0
70,waking,visual,141,0.0
70,waking,visual,142,0.0
70,waking,visual,143,0.0
70,waking,visual,144,0.0
70,waking,visual,145,0.0
70,waking,visual,146,0.0
70,waking,visual,147,0.0
70,waking,visual,148,0.0
70,waking,visual,149,0.0
70,waking,visual,150,0.0
70,waking,visual,151,0.0
70,waking,visual,152,0.0
70,waking,visual,153,0.0
70,waking,visual,154,0.0
70,waking,visual,155,0.0
70,waking,visual,156,0.0
70,waking,visual,157,0.0
70,waking,visual,158,0.0
70,waking,visual,159,0.0
70,waking,visual,160,0.0
70,waking,visual,161,0.0
70,waking,visual,162,0.0
70,waking,visual,163,0.0
70,waking,visual,164,0.0
70,waking,visual,165,0.0
70,waking,visual,166,0.0
70,waking,visual,167,0.0
70,waking,visual,168,0.0
70,waking,visual,169,0.0
70,waking,visual,170,0.0
70,waking,visual,171,0.0
70,waking,visual,172,0.0
70,waking,visual,173,0.0
70,waking,visual,174,0.0
70,waking,visual,175,0.0
70,waking,visual,176,0.0
70,waking,visual,177,0.0
70,waking,visual,178,0.0
70,waking,visual,179,0.0
70,waking,audio,0,0.2855426840574132
70,waking,audio,1,0.15648047309933155
70,waking,audio,2,0.34761859741754364
70,waking,audio,3,0.22125537832210163
70,waking,audio,4,0.31862189018051185
70,waking,audio,5,0.16796553473144027
70,waking,audio,6,0.24873725172094213
70,waking,audio,7,0.05616647619505146
70,waking,audio,8,0.0018485700721463938
70,waking,audio,9,0.0001789226410776057
70,waking,audio,10,0.002527499472321282
70,waking,audio,11,0.0008223068620056007
70,waking,audio,12,0.0005218317353961055
70,waking,audio,13,0.00012953653969427492
70,waking,audio,14,0.0004233814060976837
70,waking,audio,15,9.560225298979597e-05
70,waking,proprioceptive,0,0.5
70,waking,proprioceptive,1,0.5
70,waking,proprioceptive,2,0.0
70,waking,proprioceptive,3,0.0
70,waking,proprioceptive,4,0.0
70,waking,proprioceptive,5,0.19093144388148336
70,waking,prediction,0,0.0
70,waking,prediction,1,0.0
70,waking,prediction,2,0.0
70,waking,prediction,3,2.3655672402736442e-14
70,waking,prediction,4,0.0
70,waking,prediction,5,0.0
70,waking,prediction,6,0.0
70,waking,prediction,7,0.0
70,waking,prediction,8,5.416240943204675e-10
70,waking,prediction,9,4.761609219019019e-07
70,waking,prediction,10,3.9869264159621036e-14
70,waking,prediction,11,1.5761157740611147e-10
70,waking,prediction,12,0.0
70,waking,prediction,13,0.0
70,waking,prediction,14,0.0
70,waking,prediction,15,0.05914701397160338
70,waking,prediction,16,0.00018264783337369576
70,waking,prediction,17,1.7095008942141063e-07
70,waking,prediction,18,0.0
70,waking,prediction,19,0.0
70,waking,prediction,20,0.003428923678491777
70,waking,prediction,21,0.03860864500777116
70,waking,prediction,22,0.00015078278667577356
70,waking,prediction,23,7.603505823880777e-06
70,waking,prediction,24,0.0
70,waking,prediction,25,3.635162423610753e-12
70,waking,prediction,26,5.6998195581274055e-11
70,waking,prediction,27,0.08875601024620806
70,waking,prediction,28,0.0039684289990255224
70,waking,prediction,29,2.0993670680306504e-09
70,waking,prediction,30,0.0
70,waking,prediction,31,0.0
70,waking,prediction,32,0.00039590418311529645
70,waking,prediction,33,0.035017369689736705
70,waking,prediction,34,0.0
70,waking,prediction,35,0.0
70,waking,emotion,0,0.23622854313179764
70,waking,emotion,1,0.18879193735716948
70,waking,emotion,2,0.3296106697205432
70,waking,action,0,0.00972461652327856
70,waking,action,1,0.015650057306870864
70,waking,action,2,1.7748852685128082e-05
70,waking,action,3,0.014683859504450265
70,waking,action,4,0.0
70,waking,action,5,0.0
71,waking,visual,0,0.0
71,waking,visual,1,0.0
71,waking,visual,2,0.0
71,waking,visual,3,0.0
71,waking,visual,4,0.0
71,waking,visual,5,0.0
71,waking,visual,6,0.0
71,waking,visual,7,0.0
71,waking,visual,8,0.0
71,waking,visual,9,0.0
71,waking,visual,10,0.0
71,waking,visual,11,0.0
71,waking,visual,12,0.0
71,waking,visual,13,0.0
71,waking,visual,14,0.0
71,waking,visual,15,0.5333333333333333
71,waking,visual,16,0.0
71,waking,visual,17,0.0
71,waking,visual,18,0.0
71,waking,visual,19,0.0
71,waking,visual,20,0.0
71,waking,visual,21,0.36999999999999994
71,waking,visual,22,0.0
71,waking,visual,23,0.0
71,waking,visual,24,0.0
71,waking,visual,25,0.0
71,waking,visual,26,0.0
71,waking,visual,27,0.75
71,waking,visual,28,0.0
71,waking,visual,29,0.0
71,waking,visual,30,0.0
71,waking,visual,31,0.0
71,waking,visual,32,0.0
71,waking,visual,33,0.4033333333333333
71,waking,visual,34,0.0
71,waking,visual,35,0.0
71,waking,visual,36,0.0
71,waking,visual,37,0.0
71,waking,visual,38,0.0
71,waking,visual,39,0.0
71,waking,visual,40,0.0
71,waking,visual,41,0.0
71,waking,visual,42,0.0
71,waking,visual,43,0.0
71,waking,visual,44,0.0
71,waking,visual,45,0.0
71,waking,visual,46,0.0
71,waking,visual,47,0.0
71,waking,visual,48,0.0
71,waking,visual,49,0.0
71,waking,visual,50,0.0
71,waking,visual,51,0.0
71,waking,visual,52,0.0
71,waking,visual,53,0.0
71,waking,visual,54,0.0
71,waking,visual,55,0.0
71,waking,visual,56,0.0
71,waking,visual,57,0.0
71,waking,visual,58,0.0
71,waking,visual,59,0.0
71,waking,visual,60,0.0
71,waking,visual,61,0.0
71,waking,visual,62,0.0
71,waking,visual,63,0.0
71,waking,visual,64,0.0
71,waking,visual,65,0.0
71,waking,visual,66,0.0
71,waking,visual,67,0.0
71,waking,visual,68,0.0
71,waking,visual,69,0.0
71,waking,visual,70,0.0
71,waking,visual,71,0.0
71,waking,visual,72,0.0
71,waking,visual,73,0.0
71,waking,visual,74,0.0
71,waking,visual,75,0.0
71,waking,visual,76,0.0
71,waking,visual,77,0.0
71,waking,visual,78,0.0
71,waking,visual,79,0.0
71,waking,visual,80,0.0
71,waking,visual,81,0.75
71,waking,visual,82,0.1
71,waking,visual,83,0.75
71,waking,visual,84,0.0
71,waking,visual,85,0.0
71,waking,visual,86,0.0
71,waking,visual,87,0.0
71,waking,visual,88,0.0
71,waking,visual,89,0.0
71,waking,visual,90,0.0
71,waking,visual,91,0.0
71,waking,visual,92,0.0
71,waking,visual,93,0.0
71,waking,visual,94,0.0
71,waking,visual,95,0.0
71,waking,visual,96,0.0
71,waking,visual,97,0.0
71,waking,visual,98,0.0
71,waking,visual,99,0.95
71,waking,visual,100,0.08
71,waking,visual,101,0.08
71,waking,visual,102,0.0
71,waking,visual,103,0.0
71,waking,visual,104,0.0
71,waking,visual,105,0.0
71,waking,visual,106,0.0
71,waking,visual,107,0.0
71,waking,visual,108,0.0
71,waking,visual,109,0.0
71,waking,visual,110,0.0
71,waking,visual,111,0.0
71,waking,visual,112,0.0
71,waking,visual,113,0.0
71,waking,visual,114,0.0
71,waking,visual,115,0.0
71,waking,visual,116,0.0
71,waking,visual,117,0.65
71,waking,visual,118,0.95
71,waking,visual,119,0.65
71,waking,visual,120,0.0
71,waking,visual,121,0.0
71,waking,visual,122,0.0
71,waking,visual,123,0.0
71,waking,visual,124,0.0
71,waking,visual,125,0.0
71,waking,visual,126,0.0
71,waking,visual,127,0.0
71,waking,visual,128,0.0
71,waking,visual,129,0.0
71,waking,visual,130,0.0
71,waking,visual,131,0.0
71,waking,visual,132,0.0
71,waking,visual,133,0.0
71,waking,visual,134,0.0
71,waking,visual,135,0.08
71,waking,visual,136,0.18
71,waking,visual,137,0.95
71,waking,visual,138,0.0
71,waking,visual,139,0.0
71,waking,visual,140,0.0
71,waking,visual,141,0.0
71,waking,visual,142,0.0
71,waking,visual,143,0.0
71,waking,visual,144,0.0
71,waking,visual,145,0.0
71,waking,visual,146,0.0
71,waking,visual,147,0.0
71,waking,visual,148,0.0
71,waking,visual,149,0.0
71,waking,visual,150,0.0
71,waking,visual,151,0.0
71,waking,visual,152,0.0
71,waking,visual,153,0.0
71,waking,visual,154,0.0
71,waking,visual,155,0.0
71,waking,visual,156,0.0
71,waking,visual,157,0.0
71,waking,visual,158,0.0
71,waking,visual,159,0.0
71,waking,visual,160,0.0
71,waking,visual,161,0.0
71,waking,visual,162,0.0
71,waking,visual,163,0.0
71,waking,visual,164,0.0
71,waking,visual,165,0.0
71,waking,visual,166,0.0
71,waking,visual,167,0.0
71,waking,visual,168,0.0
71,waking,visual,169,0.0
71,waking,visual,170,0.0
71,waking,visual,171,0.0
71,waking,visual,172,0.0
71,waking,visual,173,0.0
71,waking,visual,174,0.0
71,waking,visual,175,0.0
71,waking,visual,176,0.0
71,waking,visual,177,0.0
71,waking,visual,178,0.0
71,waking,visual,179,0.0
71,waking,audio,0,0.2837021714102491
71,waking,audio,1,0.15627767089737243
71,waking,audio,2,0.3499985753180316
71,waking,audio,3,0.22202749147792145
71,waking,audio,4,0.3191057267756665
71,waking,audio,5,0.16782168836912337
71,waking,audio,6,0.24829368850185118
71,waking,audio,7,0.05606631675848253
71,waking,audio,8,0.001840512647164061
71,waking,audio,9,0.00020280220195911802
71,waking,audio,10,0.0023799779004879396
71,waking,audio,11,0.0007721131558198202
71,waking,audio,12,0.00048383659515466304
71,waking,audio,13,0.00014384636231690173
71,waking,audio,14,0.00044356321909094776
71,waking,audio,15,0.00010015943656892928
71,waking,proprioceptive,0,0.5
71,waking,proprioceptive,1,0.5
71,waking,proprioceptive,2,0.0
71,waking,proprioceptive,3,0.0
71,waking,proprioceptive,4,0.0
71,waking,proprioceptive,5,0.2618813487753224
71,waking,prediction,0,0.0
71,waking,prediction,1,0.0
71,waking,prediction,2,0.0
71,waking,prediction,3,1.5186826630424396e-14
71,waking,prediction,4,0.0
71,waking,prediction,5,0.0
71,waking,prediction,6,0.0
71,waking,prediction,7,0.0
71,waking,prediction,8,3.4087521786764385e-10
71,waking,prediction,9,2.9676821530111017e-07
71,waking,prediction,10,2.4487475953592394e-14
71,waking,prediction,11,9.895684866457925e-11
71,waking,prediction,12,0.0
71,waking,prediction,13,0.0
71,waking,prediction,14,0.0
71,waking,prediction,15,0.058965174683644116
71,waking,prediction,16,0.00018698674767353066
71,waking,prediction,17,1.093033664343222e-07
71,waking,prediction,18,0.0
71,waking,prediction,19,0.0
71,waking,prediction,20,0.002762591039380221
71,waking,prediction,21,0.03908531203936348
71,waking,prediction,22,8.979512221107209e-05
71,waking,prediction,23,4.778926880805908e-06
71,waking,prediction,24,0.0
71,waking,prediction,25,2.327914042420202e-12
71,waking,prediction,26,3.4736888558578454e-11
71,waking,prediction,27,0.08835865776298846
71,waking,prediction,28,0.003062498911787529
71,waking,prediction,29,1.335139174955077e-09
71,waking,prediction,30,0.0
71,waking,prediction,31,0.0
71,waking,prediction,32,0.000446708236923648
71,waking,prediction,33,0.038050591937984726
71,waking,prediction,34,0.0
71,waking,prediction,35,0.0
71,waking,emotion,0,0.2276779293462036
71,waking,emotion,1,0.183649922386967
71,waking,emotion,2,0.3180107502515077
71,waking,action,0,0.00657176562618679
71,waking,action,1,0.015577427428039256
71,waking,action,2,0.00033175031599527374
71,waking,action,3,0.013692125496965857
71,waking,action,4,0.0
71,waking,action,5,0.0
72,waking,visual,0,0.0
72,waking,visual,1,0.0
72,waking,visual,2,0.0
72,waking,visual,3,0.0
72,waking,visual,4,0.0
72,waking,visual,5,0.0
72,waking,visual,6,0.0
72,waking,visual,7,0.0
72,waking,visual,8,0.0
72,waking,visual,9,0.0
72,waking,visual,10,0.0
72,waking,visual,11,0.0
72,waking,visual,12,0.0
72,waking,visual,13,0.0
72,waking,visual,14,0.0
72,waking,visual,15,0.5333333333333333
72,waking,visual,16,0.0
72,waking,visual,17,0.0
72,waking,visual,18,0.0
72,waking,visual,19,0.0
72,waking,visual,20,0.0
72,waking,visual,21,0.36999999999999994
72,waking,visual,22,0.0
72,waking,visual,23,0.0
72,waking,visual,24,0.0
72,waking,visual,25,0.0
72,waking,visual,26,0.0
72,waking,visual,27,0.75
72,waking,visual,28,0.0
72,waking,visual,29,0.0
72,waking,visual,30,0.0
72,waking,visual,31,0.0
72,waking,visual,32,0.0
72,waking,visual,33,0.4033333333333333
72,waking,visual,34,0.0
72,waking,visual,35,0.0
72,waking,visual,36,0.0
72,waking,visual,37,0.0
72,waking,visual,38,0.0
72,waking,visual,39,0.0
72,waking,visual,40,0.0
72,waking,visual,41,0.0
72,waking,visual,42,0.0
72,waking,visual,43,0.0
72,waking,visual,44,0.0
72,waking,visual,45,0.0
72,waking,visual,46,0.0
72,waking,visual,47,0.0
72,waking,visual,48,0.0
72,waking,visual,49,0.0
72,waking,visual,50,0.0
72,waking,visual,51,0.0
72,waking,visual,52,0.0
72,waking,visual,53,0.0
72,waking,visual,54,0.0
72,waking,visual,55,0.0
72,waking,visual,56,0.0
72,waking,visual,57,0.0
72,waking,visual,58,0.0
72,waking,visual,59,0.0
72,waking,visual,60,0.0
72,waking,visual,61,0.0
72,waking,visual,62,0.0
72,waking,visual,63,0.0
72,waking,visual,64,0.0
72,waking,visual,65,0.0
72,waking,visual,66,0.0
72,waking,visual,67,0.0
72,waking,visual,68,0.0
72,waking,visual,69,0.0
72,waking,visual,70,0.0
72,waking,visual,71,0.0
72,waking,visual,72,0.0
72,waking,visual,73,0.0
72,waking,visual,74,0.0
72,waking,visual,75,0.0
72,waking,visual,76,0.0
72,waking,visual,77,0.0
72,waking,visual,78,0.0
72,waking,visual,79,0.0
72,waking,visual,80,0.0
72,waking,visual,81,0.75
72,waking,visual,82,0.1
72,waking,visual,83,0.75
72,waking,visual,84,0.0
72,waking,visual,85,0.0
72,waking,visual,86,0.0
72,waking,visual,87,0.0
72,waking,visual,88,0.0
72,waking,visual,89,0.0
72,waking,visual,90,0.0
72,waking,visual,91,0.0
72,waking,visual,92,0.0
72,waking,visual,93,0.0
72,waking,visual,94,0.0
72,waking,visual,95,0.0
72,waking,visual,96,0.0
72,waking,visual,97,0.0
72,waking,visual,98,0.0
72,waking,visual,99,0.95
72,waking,visual,100,0.08
72,waking,visual,101,0.08
72,waking,visual,102,0.0
72,waking,visual,103,0.0
72,waking,visual,104,0.0
72,waking,visual,105,0.0
72,waking,visual,106,0.0
72,waking,visual,107,0.0
72,waking,visual,108,0.0
72,waking,visual,109,0.0
72,waking,visual,110,0.0
72,waking,visual,111,0.0
72,waking,visual,112,0.0
72,waking,visual,113,0.0
72,waking,visual,114,0.0
72,waking,visual,115,0.0
72,waking,visual,116,0.0
72,waking,visual,117,0.65
72,waking,visual,118,0.95
72,waking,visual,119,0.65
72,waking,visual,120,0.0
72,waking,visual,121,0.0
72,waking,visual,122,0.0
72,waking,visual,123,0.0
72,waking,visual,124,0.0
72,waking,visual,125,0.0
72,waking,visual,126,0.0
72,waking,visual,127,0.0
72,waking,visual,128,0.0
72,waking,visual,129,0.0
72,waking,visual,130,0.0
72,waking,visual,131,0.0
72,waking,visual,132,0.0
72,waking,visual,133,0.0
72,waking,visual,134,0.0
72,waking,visual,135,0.08
72,waking,visual,136,0.18
72,waking,visual,137,0.95
72,waking,visual,138,0.0
72,waking,visual,139,0.0
72,waking,visual,140,0.0
72,waking,visual,141,0.0
72,waking,visual,142,0.0
72,waking,visual,143,0.0
72,waking,visual,144,0.0
72,waking,visual,145,0.0
72,waking,visual,146,0.0
72,waking,visual,147,0.0
72,waking,visual,148,0.0
72,waking,visual,149,0.0
72,waking,visual,150,0.0
72,waking,visual,151,0.0
72,waking,visual,152,0.0
72,waking,visual,153,0.0
72,waking,visual,154,0.0
72,waking,visual,155,0.0
72,waking,visual,156,0.0
72,waking,visual,157,0.0
72,waking,visual,158,0.0
72,waking,visual,159,0.0
72,waking,visual,160,0.0
72,waking,visual,161,0.0
72,waking,visual,162,0.0
72,waking,visual,163,0.0
72,waking,visual,164,0.0
72,waking,visual,165,0.0
72,waking,visual,166,0.0
72,waking,visual,167,0.0
72,waking,visual,168,0.0
72,waking,visual,169,0.0
72,waking,visual,170,0.0
72,waking,visual,171,0.0
72,waking,visual,172,0.0
72,waking,visual,173,0.0
72,waking,visual,174,0.0
72,waking,visual,175,0.0
72,waking,visual,176,0.0
72,waking,visual,177,0.0
72,waking,visual,178,0.0
72,waking,visual,179,0.0
72,waking,audio,0,0.2818689295520342
72,waking,audio,1,0.1560475889157673
72,waking,audio,2,0.35221401244622064
72,waking,audio,3,0.22274498954838773
72,waking,audio,4,0.31955003669438775
72,waking,audio,5,0.16766365577129264
72,waking,audio,6,0.2478303584425846
72,waking,audio,7,0.05596169384187395
72,waking,audio,8,0.001833241858214929
72,waking,audio,9,0.0002300819816051236
72,waking,audio,10,0.0022154371281890572
72,waking,audio,11,0.0007174980704662826
72,waking,audio,12,0.0004443099187212418
72,waking,audio,13,0.00015803259783073176
72,waking,audio,14,0.00046333005926657567
72,waking,audio,15,0.00010462291660857936
72,waking,proprioceptive,0,0.5
72,waking,proprioceptive,1,0.5
72,waking,proprioceptive,2,0.0
72,waking,proprioceptive,3,0.0
72,waking,proprioceptive,4,0.0
72,waking,proprioceptive,5,0.3396963253903309
72,waking,prediction,0,0.0
72,waking,prediction,1,0.0
72,waking,prediction,2,0.0
72,waking,prediction,3,9.746537827005523e-15
72,waking,prediction,4,0.0
72,waking,prediction,5,0.0
72,waking,prediction,6,0.0
72,waking,prediction,7,0.0
72,waking,prediction,8,2.1442292059380088e-10
72,waking,prediction,9,1.8488758117538558e-07
72,waking,prediction,10,1.5045241122248047e-14
72,waking,prediction,11,6.21085889851683e-11
72,waking,prediction,12,0.0
72,waking,prediction,13,0.0
72,waking,prediction,14,0.0
72,waking,prediction,15,0.058801572289994115
72,waking,prediction,16,0.00019031204184749716
72,waking,prediction,17,6.985953903173672e-08
72,waking,prediction,18,0.0
72,waking,prediction,19,0.0
72,waking,prediction,20,0.0023024684623434645
72,waking,prediction,21,0.03942677116740268
72,waking,prediction,22,5.349395232204509e-05
72,waking,prediction,23,3.0025814622380126e-06
72,waking,prediction,24,0.0
72,waking,prediction,25,1.4901782605261189e-12
72,waking,prediction,26,2.1177249514983517e-11
72,waking,prediction,27,0.08801297436268679
72,waking,prediction,28,0.002432318950239929
72,waking,prediction,29,8.487778099973383e-10
72,waking,prediction,30,0.0
72,waking,prediction,31,0.0
72,waking,prediction,32,0.000488076723197219
72,waking,prediction,33,0.04033516927725543
72,waking,prediction,34,0.0
72,waking,prediction,35,0.0
72,waking,emotion,0,0.220744984164021
72,waking,emotion,1,0.17899807757934513
72,waking,emotion,2,0.30896567033148253
72,waking,action,0,0.003228661979326488
72,waking,action,1,0.014598254402335063
72,waking,action,2,0.002369861476438586
72,waking,action,3,0.011878760010982198
72,waking,action,4,0.0
72,waking,action,5,0.0
73,waking,visual,0,0.0
73,waking,visual,1,0.0
73,waking,visual,2,0.0
73,waking,visual,3,0.0
73,waking,visual,4,0.0
73,waking,visual,5,0.0
73,waking,visual,6,0.0
73,waking,visual,7,0.0
73,waking,visual,8,0.0
73,waking,visual,9,0.0
73,waking,visual,10,0.0
73,waking,visual,11,0.0
73,waking,visual,12,0.0
73,waking,visual,13,0.0
73,waking,visual,14,0.0
73,waking,visual,15,0.5333333333333333
73,waking,visual,16,0.0
73,waking,visual,17,0.0
73,waking,visual,18,0.0
73,waking,visual,19,0.0
73,waking,visual,20,0.0
73,waking,visual,21,0.36999999999999994
73,waking,visual,22,0.0
73,waking,visual,23,0.0
73,waking,visual,24,0.0
73,waking,visual,25,0.0
73,waking,visual,26,0.0
73,waking,visual,27,0.75
73,waking,visual,28,0.0
73,waking,visual,29,0.0
73,waking,visual,30,0.0
73,waking,visual,31,0.0
73,waking,visual,32,0.0
73,waking,visual,33,0.4033333333333333
73,waking,visual,34,0.0
73,waking,visual,35,0.0
73,waking,visual,36,0.0
73,waking,visual,37,0.0
73,waking,visual,38,0.0
73,waking,visual,39,0.0
73,waking,visual,40,0.0
73,waking,visual,41,0.0
73,waking,visual,42,0.0
73,waking,visual,43,0.0
73,waking,visual,44,0.0
73,waking,visual,45,0.0
73,waking,visual,46,0.0
73,waking,visual,47,0.0
73,waking,visual,48,0.0
73,waking,visual,49,0.0
73,waking,visual,50,0.0
73,waking,visual,51,0.0
73,waking,visual,52,0.0
73,waking,visual,53,0.0
73,waking,visual,54,0.0
73,waking,visual,55,0.0
73,waking,visual,56,0.0
73,waking,visual,57,0.0
73,waking,visual,58,0.0
73,waking,visual,59,0.0
73,waking,visual,60,0.0
73,waking,visual,61,0.0
73,waking,visual,62,0.0
73,waking,visual,63,0.0
73,waking,visual,64,0.0
73,waking,visual,65,0.0
73,waking,visual,66,0.0
73,waking,visual,67,0.0
73,waking,visual,68,0.0
73,waking,visual,69,0.0
73,waking,visual,70,0.0
73,waking,visual,71,0.0
73,waking,visual,72,0.0
73,waking,visual,73,0.0
73,waking,visual,74,0.0
73,waking,visual,75,0.0
73,waking,visual,76,0.0
73,waking,visual,77,0.0
73,waking,visual,78,0.0
73,waking,visual,79,0.0
73,waking,visual,80,0.0
73,waking,visual,81,0.75
73,waking,visual,82,0.1
73,waking,visual,83,0.75
73,waking,visual,84,0.0
73,waking,visual,85,0.0
73,waking,visual,86,0.0
73,waking,visual,87,0.0
73,waking,visual,88,0.0
73,waking,visual,89,0.0
73,waking,visual,90,0.0
73,waking,visual,91,0.0
73,waking,visual,92,0.0
73,waking,visual,93,0.0
73,waking,visual,94,0.0
73,waking,visual,95,0.0
73,waking,visual,96,0.0
73,waking,visual,97,0.0
73,waking,visual,98,0.0
73,waking,visual,99,0.95
73,waking,visual,100,0.08
73,waking,visual,101,0.08
73,waking,visual,102,0.0
73,waking,visual,103,0.0
73,waking,visual,104,0.0
73,waking,visual,105,0.0
73,waking,visual,106,0.0
73,waking,visual,107,0.0
73,waking,visual,108,0.0
73,waking,visual,109,0.0
73,waking,visual,110,0.0
73,waking,visual,111,0.0
73,waking,visual,112,0.0
73,waking,visual,113,0.0
73,waking,visual,114,0.0
73,waking,visual,115,0.0
73,waking,visual,116,0.0
73,waking,visual,117,0.65
73,waking,visual,118,0.95
73,waking,visual,119,0.65
73,waking,visual,120,0.0
73,waking,visual,121,0.0
73,waking,visual,122,0.0
73,waking,visual,123,0.0
73,waking,visual,124,0.0
73,waking,visual,125,0.0
73,waking,visual,126,0.0
73,waking,visual,127,0.0
73,waking,visual,128,0.0
73,waking,visual,129,0.0
73,waking,visual,130,0.0
73,waking,visual,131,0.0
73,waking,visual,132,0.0
73,waking,visual,133,0.0
73,waking,visual,134,0.0
73,waking,visual,135,0.08
73,waking,visual,136,0.18
73,waking,visual,137,0.95
73,waking,visual,138,0.0
73,waking,visual,139,0.0
73,waking,visual,140,0.0
73,waking,visual,141,0.0
73,waking,visual,142,0.0
73,waking,visual,143,0.0
73,waking,visual,144,0.0
73,waking,visual,145,0.0
73,waking,visual,146,0.0
73,waking,visual,147,0.0
73,waking,visual,148,0.0
73,waking,visual,149,0.0
73,waking,visual,150,0.0
73,waking,visual,151,0.0
73,waking,visual,152,0.0
73,waking,visual,153,0.0
73,waking,visual,154,0.0
73,waking,visual,155,0.0
73,waking,visual,156,0.0
73,waking,visual,157,0.0
73,waking,visual,158,0.0
73,waking,visual,159,0.0
73,waking,visual,160,0.0
73,waking,visual,161,0.0
73,waking,visual,162,0.0
73,waking,visual,163,0.0
73,waking,visual,164,0.0
73,waking,visual,165,0.0
73,waking,visual,166,0.0
73,waking,visual,167,0.0
73,waking,visual,168,0.0
73,waking,visual,169,0.0
73,waking,visual,170,0.0
73,waking,visual,171,0.0
73,waking,visual,172,0.0
73,waking,visual,173,0.0
73,waking,visual,174,0.0
73,waking,visual,175,0.0
73,waking,visual,176,0.0
73,waking,visual,177,0.0
73,waking,visual,178,0.0
73,waking,visual,179,0.0
73,waking,audio,0,0.2800421198628668
73,waking,audio,1,0.15578682529944757
73,waking,audio,2,0.3542479805180154
73,waking,audio,3,0.2234034866095611
73,waking,audio,4,0.3199533199511822
73,waking,audio,5,0.16749157088289915
73,waking,audio,6,0.24734768910297047
73,waking,audio,7,0.05585270399099334
73,waking,audio,8,0.0018268096891673746
73,waking,audio,9,0.00026076361631974243
73,waking,audio,10,0.0020339680717947894
73,waking,audio,11,0.0006584970611733798
73,waking,audio,12,0.0004032832567944511
73,waking,audio,13,0.00017208488839348668
73,waking,audio,14,0.0004826693396141335
73,waking,audio,15,0.0001089898508806128
73,waking,proprioceptive,0,0.5
73,waking,proprioceptive,1,0.5
73,waking,proprioceptive,2,0.0
73,waking,proprioceptive,3,0.0
73,waking,proprioceptive,4,0.0
73,waking,proprioceptive,5,0.422132931674844
73,waking,prediction,0,0.0
73,waking,prediction,1,0.0
73,waking,prediction,2,0.0
73,waking,prediction,3,6.2532505838649336e-15
73,waking,prediction,4,0.0
73,waking,prediction,5,0.0
73,waking,prediction,6,0.0
73,waking,prediction,7,0.0
73,waking,prediction,8,1.348262204737078e-10
73,waking,prediction,9,1.1514612182368018e-07
73,waking,prediction,10,9.246234317385098e-15
73,waking,prediction,11,3.8969653571452054e-11
73,waking,prediction,12,0.0
73,waking,prediction,13,0.0
73,waking,prediction,14,0.0
73,waking,prediction,15,0.05865560259446444
73,waking,prediction,16,0.0001926865180462137
73,waking,prediction,17,4.463444985865095e-08
73,waking,prediction,18,0.0
73,waking,prediction,19,0.0
73,waking,prediction,20,0.001982522279714489
73,waking,prediction,21,0.039656586077504115
73,waking,prediction,22,3.1876339860106086e-05
73,waking,prediction,23,1.8859412277158936e-06
73,waking,prediction,24,0.0
73,waking,prediction,25,9.535906067583834e-13
73,waking,prediction,26,1.2913930250144837e-11
73,waking,prediction,27,0.08772829685292946
73,waking,prediction,28,0.0020105029363083303
73,waking,prediction,29,5.394049724807889e-10
73,waking,prediction,30,0.0
73,waking,prediction,31,0.0
73,waking,prediction,32,0.0005209589631290263
73,waking,prediction,33,0.04203804341369221
73,waking,prediction,34,0.0
73,waking,prediction,35,0.0
73,waking,emotion,0,0.21535573827334625
73,waking,emotion,1,0.17482572327004192
73,waking,emotion,2,0.30240009551197433
73,waking,action,0,0.0015197938365043818
73,waking,action,1,0.012778134500339931
73,waking,action,2,0.005184497696679608
73,waking,action,3,0.009379238390871618
73,waking,action,4,0.0
73,waking,action,5,0.0
74,waking,visual,0,0.0
74,waking,visual,1,0.0
74,waking,visual,2,0.0
74,waking,visual,3,0.0
74,waking,visual,4,0.0
74,waking,visual,5,0.0
74,waking,visual,6,0.0
74,waking,visual,7,0.0
74,waking,visual,8,0.0
74,waking,visual,9,0.0
74,waking,visual,10,0.0
74,waking,visual,11,0.0
74,waking,visual,12,0.0
74,waking,visual,13,0.0
74,waking,visual,14,0.0
74,waking,visual,15,0.5333333333333333
74,waking,visual,16,0.0
74,waking,visual,17,0.0
74,waking,visual,18,0.0
74,waking,visual,19,0.0
74,waking,visual,20,0.0
74,waking,visual,21,0.36999999999999994
74,waking,visual,22,0.0
74,waking,visual,23,0.0
74,waking,visual,24,0.0
74,waking,visual,25,0.0
74,waking,visual,26,0.0
74,waking,visual,27,0.75
74,waking,visual,28,0.0
74,waking,visual,29,0.0
74,waking,visual,30,0.0
74,waking,visual,31,0.0
74,waking,visual,32,0.0
74,waking,visual,33,0.4033333333333333
74,waking,visual,34,0.0
74,waking,visual,35,0.0
74,waking,visual,36,0.0
74,waking,visual,37,0.0
74,waking,visual,38,0.0
74,waking,visual,39,0.0
74,waking,visual,40,0.0
74,waking,visual,41,0.0
74,waking,visual,42,0.0
74,waking,visual,43,0.0
74,waking,visual,44,0.0
74,waking,visual,45,0.0
74,waking,visual,46,0.0
74,waking,visual,47,0.0
74,waking,visual,48,0.0
74,waking,visual,49,0.0
74,waking,visual,50,0.0
74,waking,visual,51,0.0
74,waking,visual,52,0.0
74,waking,visual,53,0.0
74,waking,visual,54,0.0
74,waking,visual,55,0.0
74,waking,visual,56,0.0
74,waking,visual,57,0.0
74,waking,visual,58,0.0
74,waking,visual,59,0.0
74,waking,visual,60,0.0
74,waking,visual,61,0.0
74,waking,visual,62,0.0
74,waking,visual,63,0.0
74,waking,visual,64,0.0
74,waking,visual,65,0.0
74,waking,visual,66,0.0
74,waking,visual,67,0.0
74,waking,visual,68,0.0
74,waking,visual,69,0.0
74,waking,visual,70,0.0
74,waking,visual,71,0.0
74,waking,visual,72,0.0
74,waking,visual,73,0.0
74,waking,visual,74,0.0
74,waking,visual,75,0.0
74,waking,visual,76,0.0
74,waking,visual,77,0.0
74,waking,visual,78,0.0
74,waking,visual,79,0.0
74,waking,visual,80,0.0
74,waking,visual,81,0.75
74,waking,visual,82,0.1
74,waking,visual,83,0.75
74,waking,visual,84,0.0
74,waking,visual,85,0.0
74,waking,visual,86,0.0
74,waking,visual,87,0.0
74,waking,visual,88,0.0
74,waking,visual,89,0.0
74,waking,visual,90,0.0
74,waking,visual,91,0.0
74,waking,visual,92,0.0
74,waking,visual,93,0.0
74,waking,visual,94,0.0
74,waking,visual,95,0.0
74,waking,visual,96,0.0
74,waking,visual,97,0.0
74,waking,visual,98,0.0
74,waking,visual,99,0.95
74,waking,visual,100,0.08
74,waking,visual,101,0.08
74,waking,visual,102,0.0
74,waking,visual,103,0.0
74,waking,visual,104,0.0
74,waking,visual,105,0.0
74,waking,visual,106,0.0
74,waking,visual,107,0.0
74,waking,visual,108,0.0
74,waking,visual,109,0.0
74,waking,visual,110,0.0
74,waking,visual,111,0.0
74,waking,visual,112,0.0
74,waking,visual,113,0.0
74,waking,visual,114,0.0
74,waking,visual,115,0.0
74,waking,visual,116,0.0
74,waking,visual,117,0.65
74,waking,visual,118,0.95
74,waking,visual,119,0.65
74,waking,visual,120,0.0
74,waking,visual,121,0.0
74,waking,visual,122,0.0
74,waking,visual,123,0.0
74,waking,visual,124,0.0
74,waking,visual,125,0.0
74,waking,visual,126,0.0
74,waking,visual,127,0.0
74,waking,visual,128,0.0
74,waking,visual,129,0.0
74,waking,visual,130,0.0
74,waking,visual,131,0.0
74,waking,visual,132,0.0
74,waking,visual,133,0.0
74,waking,visual,134,0.0
74,waking,visual,135,0.08
74,waking,visual,136,0.18
74,waking,visual,137,0.95
74,waking,visual,138,0.0
74,waking,visual,139,0.0
74,waking,visual,140,0.0
74,waking,visual,141,0.0
74,waking,visual,142,0.0
74,waking,visual,143,0.0
74,waking,visual,144,0.0
74,waking,visual,145,0.0
74,waking,visual,146,0.0
74,waking,visual,147,0.0
74,waking,visual,148,0.0
74,waking,visual,149,0.0
74,waking,visual,150,0.0
74,waking,visual,151,0.0
74,waking,visual,152,0.0
74,waking,visual,153,0.0
74,waking,visual,154,0.0
74,waking,visual,155,0.0
74,waking,visual,156,0.0
74,waking,visual,157,0.0
74,waking,visual,158,0.0
74,waking,visual,159,0.0
74,waking,visual,160,0.0
74,waking,visual,161,0.0
74,waking,visual,162,0.0
74,waking,visual,163,0.0
74,waking,visual,164,0.0
74,waking,visual,165,0.0
74,waking,visual,166,0.0
74,waking,visual,167,0.0
74,waking,visual,168,0.0
74,waking,visual,169,0.0
74,waking,visual,170,0.0
74,waking,visual,171,0.0
74,waking,visual,172,0.0
74,waking,visual,173,0.0
74,waking,visual,174,0.0
74,waking,visual,175,0.0
74,waking,visual,176,0.0
74,waking,visual,177,0.0
74,waking,visual,178,0.0
74,waking,visual,179,0.0
74,waking,audio,0,0.27822087724412276
74,waking,audio,1,0.1554920405721999
74,waking,audio,2,0.35608394182309816
74,waking,audio,3,0.22399870751665257
74,waking,audio,4,0.32031412997155734
74,waking,audio,5,0.1673055777141414
74,waking,audio,6,0.24684611954438773
74,waking,audio,7,0.05573944634873272
74,waking,audio,8,0.0018212426187440567
74,waking,audio,9,0.00029478472724767113
74,waking,audio,10,0.001835961305082734
74,waking,audio,11,0.0005952209070914649
74,waking,audio,12,0.0003608100203751352
74,waking,audio,13,0.00018599316875775318
74,waking,audio,14,0.0005015695585827429
74,waking,audio,15,0.00011325764226061824
74,waking,proprioceptive,0,0.5
74,waking,proprioceptive,1,0.5
74,waking,proprioceptive,2,0.0
74,waking,proprioceptive,3,0.0
74,waking,proprioceptive,4,0.0
74,waking,proprioceptive,5,0.5068144818393098
74,waking,prediction,0,0.0
74,waking,prediction,1,0.0
74,waking,prediction,2,0.0
74,waking,prediction,3,4.011002926326704e-15
74,waking,prediction,4,0.0
74,waking,prediction,5,0.0
74,waking,prediction,6,0.0
74,waking,prediction,7,0.0
74,waking,prediction,8,8.475240434439905e-11
74,waking,prediction,9,7.16912630664442e-08
74,waking,prediction,10,5.683337066152435e-15
74,waking,prediction,11,2.444502767389546e-11
74,waking,prediction,12,0.0
74,waking,prediction,13,0.0
74,waking,prediction,14,0.0
74,waking,prediction,15,0.05852651753645892
74,waking,prediction,16,0.00019421147688963923
74,waking,prediction,17,2.850958524513907e-08
74,waking,prediction,18,0.0
74,waking,prediction,19,0.0
74,waking,prediction,20,0.0017584627105005986
74,waking,prediction,21,0.03980132820552961
74,waking,prediction,22,1.899790807934326e-05
74,waking,prediction,23,1.1842693866330959e-06
74,waking,prediction,24,0.0
74,waking,prediction,25,6.100453005759628e-13
74,waking,prediction,26,7.876256533235393e-12
74,waking,prediction,27,0.0874821783779446
74,waking,prediction,28,0.0017258204356456477
74,waking,prediction,29,3.4269919689771124e-10
74,waking,prediction,30,0.0
74,waking,prediction,31,0.0
74,waking,prediction,32,0.0005465962612849873
74,waking,prediction,33,0.043301379844276365
74,waking,prediction,34,0.0
74,waking,prediction,35,0.0
74,waking,emotion,0,0.2114136200710118
74,waking,emotion,1,0.1711155846420712
74,waking,emotion,2,0.2981907275098798
74,waking,action,0,0.0007151614589402821
74,waking,action,1,0.01025304222884844
74,waking,action,2,0.00816147233485089
74,waking,action,3,0.006396446802862934
74,waking,action,4,0.0
74,waking,action,5,0.0
75,waking,visual,0,0.0
75,waking,visual,1,0.0
75,waking,visual,2,0.0
75,waking,visual,3,0.0
75,waking,visual,4,0.0
75,waking,visual,5,0.0
75,waking,visual,6,0.0
75,waking,visual,7,0.0
75,waking,visual,8,0.0
75,waking,visual,9,0.0
75,waking,visual,10,0.0
75,waking,visual,11,0.0
75,waking,visual,12,0.0
75,waking,visual,13,0.0
75,waking,visual,14,0.0
75,waking,visual,15,0.5333333333333333
75,waking,visual,16,0.0
75,waking,visual,17,0.0
75,waking,visual,18,0.0
75,waking,visual,19,0.0
75,waking,visual,20,0.0
75,waking,visual,21,0.36999999999999994
75,waking,visual,22,0.0
75,waking,visual,23,0.0
75,waking,visual,24,0.0
75,waking,visual,25,0.0
75,waking,visual,26,0.0
75,waking,visual,27,0.75
75,waking,visual,28,0.0
75,waking,visual,29,0.0
75,waking,visual,30,0.0
75,waking,visual,31,0.0
75,waking,visual,32,0.0
75,waking,visual,33,0.4033333333333333
75,waking,visual,34,0.0
75,waking,visual,35,0.0
75,waking,visual,36,0.0
75,waking,visual,37,0.0
75,waking,visual,38,0.0
75,waking,visual,39,0.0
75,waking,visual,40,0.0
75,waking,visual,41,0.0
75,waking,visual,42,0.0
75,waking,visual,43,0.0
75,waking,visual,44,0.0
75,waking,visual,45,0.0
75,waking,visual,46,0.0
75,waking,visual,47,0.0
75,waking,visual,48,0.0
75,waking,visual,49,0.0
75,waking,visual,50,0.0
75,waking,visual,51,0.0
75,waking,visual,52,0.0
75,waking,visual,53,0.0
75,waking,visual,54,0.0
75,waking,visual,55,0.0
75,waking,visual,56,0.0
75,waking,visual,57,0.0
75,waking,visual,58,0.0
75,waking,visual,59,0.0
75,waking,visual,60,0.0
75,waking,visual,61,0.0
75,waking,visual,62,0.0
75,waking,visual,63,0.0
75,waking,visual,64,0.0
75,waking,visual,65,0.0
75,waking,visual,66,0.0
75,waking,visual,67,0.0
75,waking,visual,68,0.0
75,waking,visual,69,0.0
75,waking,visual,70,0.0
75,waking,visual,71,0.0
75,waking,visual,72,0.0
75,waking,visual,73,0.0
75,waking,visual,74,0.0
75,waking,visual,75,0.0
75,waking,visual,76,0.0
75,waking,visual,77,0.0
75,waking,visual,78,0.0
75,waking,visual,79,0.0
75,waking,visual,80,0.0
75,waking,visual,81,0.75
75,waking,visual,82,0.1
75,waking,visual,83,0.75
75,waking,visual,84,0.0
75,waking,visual,85,0.0
75,waking,visual,86,0.0
75,waking,visual,87,0.0
75,waking,visual,88,0.0
75,waking,visual,89,0.0
75,waking,visual,90,0.0
75,waking,visual,91,0.0
75,waking,visual,92,0.0
75,waking,visual,93,0.0
75,waking,visual,94,0.0
75,waking,visual,95,0.0
75,waking,visual,96,0.0
75,waking,visual,97,0.0
75,waking,visual,98,0.0
75,waking,visual,99,0.95
75,waking,visual,100,0.08
75,waking,visual,101,0.08
75,waking,visual,102,0.0
75,waking,visual,103,0.0
75,waking,visual,104,0.0
75,waking,visual,105,0.0
75,waking,visual,106,0.0
75,waking,visual,107,0.0
75,waking,visual,108,0.0
75,waking,visual,109,0.0
75,waking,visual,110,0.0
75,waking,visual,111,0.0
75,waking,visual,112,0.0
75,waking,visual,113,0.0
75,waking,visual,114,0.0
75,waking,visual,115,0.0
75,waking,visual,116,0.0
75,waking,visual,117,0.65
75,waking,visual,118,0.95
75,waking,visual,119,0.65
75,waking,visual,120,0.0
75,waking,visual,121,0.0
75,waking,visual,122,0.0
75,waking,visual,123,0.0
75,waking,visual,124,0.0
75,waking,visual,125,0.0
75,waking,visual,126,0.0
75,waking,visual,127,0.0
75,waking,visual,128,0.0
75,waking,visual,129,0.0
75,waking,visual,130,0.0
75,waking,visual,131,0.0
75,waking,visual,132,0.0
75,waking,visual,133,0.0
75,waking,visual,134,0.0
75,waking,visual,135,0.08
75,waking,visual,136,0.18
75,waking,visual,137,0.95
75,waking,visual,138,0.0
75,waking,visual,139,0.0
75,waking,visual,140,0.0
75,waking,visual,141,0.0
75,waking,visual,142,0.0
75,waking,visual,143,0.0
75,waking,visual,144,0.0
75,waking,visual,145,0.0
75,waking,visual,146,0.0
75,waking,visual,147,0.0
75,waking,visual,148,0.0
75,waking,visual,149,0.0
75,waking,visual,150,0.0
75,waking,visual,151,0.0
75,waking,visual,152,0.0
75,waking,visual,153,0.0
75,waking,visual,154,0.0
75,waking,visual,155,0.0
75,waking,visual,156,0.0
75,waking,visual,157,0.0
75,waking,visual,158,0.0
75,waking,visual,159,0.0
75,waking,visual,160,0.0
75,waking,visual,161,0.0
75,waking,visual,162,0.0
75,waking,visual,163,0.0
75,waking,visual,164,0.0
75,waking,visual,165,0.0
75,waking,visual,166,0.0
75,waking,visual,167,0.0
75,waking,visual,168,0.0
75,waking,visual,169,0.0
75,waking,visual,170,0.0
75,waking,visual,171,0.0
75,waking,visual,172,0.0
75,waking,visual,173,0.0
75,waking,visual,174,0.0
75,waking,visual,175,0.0
75,waking,visual,176,0.0
75,waking,visual,177,0.0
75,waking,visual,178,0.0
75,waking,visual,179,0.0
75,waking,audio,0,0.27640433715540247
75,waking,audio,1,0.1551600270976478
75,waking,audio,2,0.35770607554372374
75,waking,audio,3,0.2245265698718978
75,waking,audio,4,0.32063109724712524
75,waking,audio,5,0.16710583003614013
75,waking,audio,6,0.2463260992423718
75,waking,audio,7,0.05562202240956783
75,waking,audio,8,0.0018165400887202865
75,waking,audio,9,0.0003320134745520842
75,waking,audio,10,0.0016221337206255848
75,waking,audio,11,0.0005278623552452399
75,waking,audio,12,0.00031696727556790316
75,waking,audio,13,0.00019974767800126636
75,waking,audio,14,0.0005200203020159222
75,waking,audio,15,0.00011742393916489013
75,waking,proprioceptive,0,0.5
75,waking,proprioceptive,1,0.5
75,waking,proprioceptive,2,0.0
75,waking,proprioceptive,3,0.0
75,waking,proprioceptive,4,0.0
75,waking,proprioceptive,5,0.5912995673155679
75,waking,prediction,0,0.0
75,waking,prediction,1,0.0
75,waking,prediction,2,0.0
75,waking,prediction,3,2.5722322654150903e-15
75,waking,prediction,4,0.0
75,waking,prediction,5,0.0
75,waking,prediction,6,0.0
75,waking,prediction,7,0.0
75,waking,prediction,8,5.326581836319289e-11
75,waking,prediction,9,4.4625363536299696e-08
75,waking,prediction,10,3.493643418238866e-15
75,waking,prediction,11,1.5330715846779006e-11
75,waking,prediction,12,0.0
75,waking,prediction,13,0.0
75,waking,prediction,14,0.0
75,waking,prediction,15,0.05841350020564233
75,waking,prediction,16,0.00019502705380166274
75,waking,prediction,17,1.820585012716256e-08
75,waking,prediction,18,0.0
75,waking,prediction,19,0.0
75,waking,prediction,20,0.0016003945937249373
75,waking,prediction,21,0.039884975877477885
75,waking,prediction,22,1.1323486313701223e-05
75,waking,prediction,23,7.434994814467212e-07
75,waking,prediction,24,0.0
75,waking,prediction,25,3.901770048943543e-13
75,waking,prediction,26,4.80416362913816e-12
75,waking,prediction,27,0.08726362821508069
75,waking,prediction,28,0.0015320353754550537
75,waking,prediction,29,2.176764107227686e-10
75,waking,prediction,30,0.0
75,waking,prediction,31,0.0
75,waking,prediction,32,0.0005662482434822258
75,waking,prediction,33,0.04423935620782818
75,waking,prediction,34,0.0
75,waking,prediction,35,0.0
75,waking,emotion,0,0.20880048744329768
75,waking,emotion,1,0.1678439279496538
75,waking,emotion,2,0.2961682122412228
75,waking,action,0,0.00033645835846588505
75,waking,action,1,0.007228002274390018
75,waking,action,2,0.010874574878781495
75,waking,action,3,0.0031933464086818853
75,waking,action,4,0.0
75,waking,action,5,0.0
76,waking,visual,0,0.0
76,waking,visual,1,0.0
76,waking,visual,2,0.0
76,waking,visual,3,0.0
76,waking,visual,4,0.0
76,waking,visual,5,0.0
76,waking,visual,6,0.0
76,waking,visual,7,0.0
76,waking,visual,8,0.0
76,waking,visual,9,0.0
76,waking,visual,10,0.0
76,waking,visual,11,0.0
76,waking,visual,12,0.0
76,waking,visual,13,0.0
76,waking,visual,14,0.0
76,waking,visual,15,0.5333333333333333
76,waking,visual,16,0.0
76,waking,visual,17,0.0
76,waking,visual,18,0.0
76,waking,visual,19,0.0
76,waking,visual,20,0.0
76,waking,visual,21,0.36999999999999994
76,waking,visual,22,0.0
76,waking,visual,23,0.0
76,waking,visual,24,0.0
76,waking,visual,25,0.0
76,waking,visual,26,0.0
76,waking,visual,27,0.75
76,waking,visual,28,0.0
76,waking,visual,29,0.0
76,waking,visual,30,0.0
76,waking,visual,31,0.0
76,waking,visual,32,0.0
76,waking,visual,33,0.4033333333333333
76,waking,visual,34,0.0
76,waking,visual,35,0.0
76,waking,visual,36,0.0
76,waking,visual,37,0.0
76,waking,visual,38,0.0
76,waking,visual,39,0.0
76,waking,visual,40,0.0
76,waking,visual,41,0.0
76,waking,visual,42,0.0
76,waking,visual,43,0.0
76,waking,visual,44,0.0
76,waking,visual,45,0.0
76,waking,visual,46,0.0
76,waking,visual,47,0.0
76,waking,visual,48,0.0
76,waking,visual,49,0.0
76,waking,visual,50,0.0
76,waking,visual,51,0.0
76,waking,visual,52,0.0
76,waking,visual,53,0.0
76,waking,visual,54,0.0
76,waking,visual,55,0.0
76,waking,visual,56,0.0
76,waking,visual,57,0.0
76,waking,visual,58,0.0
76,waking,visual,59,0.0
76,waking,visual,60,0.0
76,waking,visual,61,0.0
76,waking,visual,62,0.0
76,waking,visual,63,0.0
76,waking,visual,64,0.0
76,waking,visual,65,0.0
76,waking,visual,66,0.0
76,waking,visual,67,0.0
76,waking,visual,68,0.0
76,waking,visual,69,0.0
76,waking,visual,70,0.0
76,waking,visual,71,0.0
76,waking,visual,72,0.0
76,waking,visual,73,0.0
76,waking,visual,74,0.0
76,waking,visual,75,0.0
76,waking,visual,76,0.0
76,waking,visual,77,0.0
76,waking,visual,78,0.0
76,waking,visual,79,0.0
76,waking,visual,80,0.0
76,waking,visual,81,0.75
76,waking,visual,82,0.1
76,waking,visual,83,0.75
76,waking,visual,84,0.0
76,waking,visual,85,0.0
76,waking,visual,86,0.0
76,waking,visual,87,0.0
76,waking,visual,88,0.0
76,waking,visual,89,0.0
76,waking,visual,90,0.0
76,waking,visual,91,0.0
76,waking,visual,92,0.0
76,waking,visual,93,0.0
76,waking,visual,94,0.0
76,waking,visual,95,0.0
76,waking,visual,96,0.0
76,waking,visual,97,0.0
76,waking,visual,98,0.0
76,waking,visual,99,0.95
76,waking,visual,100,0.08
76,waking,visual,101,0.08
76,waking,visual,102,0.0
76,waking,visual,103,0.0
76,waking,visual,104,0.0
76,waking,visual,105,0.0
76,waking,visual,106,0.0
76,waking,visual,107,0.0
76,waking,visual,108,0.0
76,waking,visual,109,0.0
76,waking,visual,110,0.0
76,waking,visual,111,0.0
76,waking,visual,112,0.0
76,waking,visual,113,0.0
76,waking,visual,114,0.0
76,waking,visual,115,0.0
76,waking,visual,116,0.0
76,waking,visual,117,0.65
76,waking,visual,118,0.95
76,waking,visual,119,0.65
76,waking,visual,120,0.0
76,waking,visual,121,0.0
76,waking,visual,122,0.0
76,waking,visual,123,0.0
76,waking,visual,124,0.0
76,waking,visual,125,0.0
76,waking,visual,126,0.0
76,waking,visual,127,0.0
76,waking,visual,128,0.0
76,waking,visual,129,0.0
76,waking,visual,130,0.0
76,waking,visual,131,0.0
76,waking,visual,132,0.0
76,waking,visual,133,0.0
76,waking,visual,134,0.0
76,waking,visual,135,0.08
76,waking,visual,136,0.18
76,waking,visual,137,0.95
76,waking,visual,138,0.0
76,waking,visual,139,0.0
76,waking,visual,140,0.0
76,waking,visual,141,0.0
76,waking,visual,142,0.0
76,waking,visual,143,0.0
76,waking,visual,144,0.0
76,waking,visual,145,0.0
76,waking,visual,146,0.0
76,waking,visual,147,0.0
76,waking,visual,148,0.0
76,waking,visual,149,0.0
76,waking,visual,150,0.0
76,waking,visual,151,0.0
76,waking,visual,152,0.0
76,waking,visual,153,0.0
76,waking,visual,154,0.0
76,waking,visual,155,0.0
76,waking,visual,156,0.0
76,waking,visual,157,0.0
76,waking,visual,158,0.0
76,waking,visual,159,0.0
76,waking,visual,160,0.0
76,waking,visual,161,0.0
76,waking,visual,162,0.0
76,waking,visual,163,0.0
76,waking,visual,164,0.0
76,waking,visual,165,0.0
76,waking,visual,166,0.0
76,waking,visual,167,0.0
76,waking,visual,168,0.0
76,waking,visual,169,0.0
76,waking,visual,170,0.0
76,waking,visual,171,0.0
76,waking,visual,172,0.0
76,waking,visual,173,0.0
76,waking,visual,174,0.0
76,waking,visual,175,0.0
76,waking,visual,176,0.0
76,waking,visual,177,0.0
76,waking,visual,178,0.0
76,waking,visual,179,0.0
76,waking,audio,0,0.27459166350367753
76,waking,audio,1,0.1547877819045432
76,waking,audio,2,0.3590996207161524
76,waking,audio,3,0.22498327012825026
76,waking,audio,4,0.32090295408284253
76,waking,audio,5,0.1668924910657978
76,waking,audio,6,0.24578808700210697
76,waking,audio,7,0.05550053577466932
76,waking,audio,8,0.0018126736517249387
76,waking,audio,9,0.0003722451931046089
76,waking,audio,10,0.0013935451724286785
76,waking,audio,11,0.0004567002563524436
76,waking,audio,12,0.0002718568357172879
76,waking,audio,13,0.00021333897034234162
76,waking,audio,14,0.0005380122402648402
76,waking,audio,15,0.00012148663489851275
76,waking,proprioceptive,0,0.5
76,waking,proprioceptive,1,0.5
76,waking,proprioceptive,2,0.0
76,waking,proprioceptive,3,0.0
76,waking,proprioceptive,4,0.0
76,waking,proprioceptive,5,0.6731524437040048
76,waking,prediction,0,0.0
76,waking,prediction,1,0.0
76,waking,prediction,2,0.0
76,waking,prediction,3,1.6492799849315827e-15
76,waking,prediction,4,0.0
76,waking,prediction,5,0.0
76,waking,prediction,6,0.0
76,waking,prediction,7,0.0
76,waking,prediction,8,3.347379463643812e-11
76,waking,prediction,9,2.7772686544576463e-08
76,waking,prediction,10,2.1476165789427018e-15
76,waking,prediction,11,9.613014539144395e-12
76,waking,prediction,12,0.0
76,waking,prediction,13,0.0
76,waking,prediction,14,0.0
76,waking,prediction,15,0.05831567250823855
76,waking,prediction,16,0.0001952916633864795
76,waking,prediction,17,1.1623908730562483e-08
76,waking,prediction,18,0.0
76,waking,prediction,19,0.0
76,waking,prediction,20,0.001488052876907664
76,waking,prediction,21,0.039927110575013594
76,waking,prediction,22,6.749282074820233e-06
76,waking,prediction,23,4.666980915080222e-07
76,waking,prediction,24,0.0
76,waking,prediction,25,2.4950686958232633e-13
76,waking,prediction,26,2.9303448241934522e-12
76,waking,prediction,27,0.08706743145350879
76,waking,prediction,28,0.0013989898488278962
76,waking,prediction,29,1.3823926976904725e-10
76,waking,prediction,30,0.0
76,waking,prediction,31,0.0
76,waking,prediction,32,0.0005811028580547971
76,waking,prediction,33,0.044940328483430214
76,waking,prediction,34,0.0
76,waking,prediction,35,0.0
76,waking,emotion,0,0.2073784216612068
76,waking,emotion,1,0.16498090112380406
76,waking,emotion,2,0.2961204909779912
76,waking,action,0,0.0001582751724403143
76,waking,action,1,0.003969624379348505
76,waking,action,2,0.01302307051672937
76,waking,action,3,0.0015244825261178452
76,waking,action,4,0.0
76,waking,action,5,0.0
77,waking,visual,0,0.0
77,waking,visual,1,0.0
77,waking,visual,2,0.0
77,waking,visual,3,0.0
77,waking,visual,4,0.0
77,waking,visual,5,0.0
77,waking,visual,6,0.0
77,waking,visual,7,0.0
77,waking,visual,8,0.0
77,waking,visual,9,0.0
77,waking,visual,10,0.0
77,waking,visual,11,0.0
77,waking,visual,12,0.0
77,waking,visual,13,0.0
77,waking,visual,14,0.0
77,waking,visual,15,0.5333333333333333
77,waking,visual,16,0.0
77,waking,visual,17,0.0
77,waking,visual,18,0.0
77,waking,visual,19,0.0
77,waking,visual,20,0.0
77,waking,visual,21,0.36999999999999994
77,waking,visual,22,0.0
77,waking,visual,23,0.0
77,waking,visual,24,0.0
77,waking,visual,25,0.0
77,waking,visual,26,0.75
77,waking,visual,27,0.0
77,waking,visual,28,0.0
77,waking,visual,29,0.0
77,waking,visual,30,0.0
77,waking,visual,31,0.0
77,waking,visual,32,0.4033333333333333
77,waking,visual,33,0.0
77,waking,visual,34,0.0
77,waking,visual,35,0.0
77,waking,visual,36,0.0
77,waking,visual,37,0.0
77,waking,visual,38,0.0
77,waking,visual,39,0.0
77,waking,visual,40,0.0
77,waking,visual,41,0.0
77,waking,visual,42,0.0
77,waking,visual,43,0.0
77,waking,visual,44,0.0
77,waking,visual,45,0.0
77,waking,visual,46,0.0
77,waking,visual,47,0.0
77,waking,visual,48,0.0
77,waking,visual,49,0.0
77,waking,visual,50,0.0
77,waking,visual,51,0.0
77,waking,visual,52,0.0
77,waking,visual,53,0.0
77,waking,visual,54,0.0
77,waking,visual,55,0.0
77,waking,visual,56,0.0
77,waking,visual,57,0.0
77,waking,visual,58,0.0
77,waking,visual,59,0.0
77,waking,visual,60,0.0
77,waking,visual,61,0.0
77,waking,visual,62,0.0
77,waking,visual,63,0.0
77,waking,visual,64,0.0
77,waking,visual,65,0.0
77,waking,visual,66,0.0
77,waking,visual,67,0.0
77,waking,visual,68,0.0
77,waking,visual,69,0.0
77,waking,visual,70,0.0
77,waking,visual,71,0.0
77,waking,visual,72,0.0
77,waking,visual,73,0.0
77,waking,visual,74,0.0
77,waking,visual,75,0.0
77,waking,visual,76,0.0
77,waking,visual,77,0.0
77,waking,visual,78,0.0
77,waking,visual,79,0.0
77,waking,visual,80,0.0
77,waking,visual,81,0.75
77,waking,visual,82,0.1
77,waking,visual,83,0.75
77,waking,visual,84,0.0
77,waking,visual,85,0.0
77,waking,visual,86,0.0
77,waking,visual,87,0.0
77,waking,visual,88,0.0
77,waking,visual,89,0.0
77,waking,visual,90,0.0
77,waking,visual,91,0.0
77,waking,visual,92,0.0
77,waking,visual,93,0.0
77,waking,visual,94,0.0
77,waking,visual,95,0.0
77,waking,visual,96,0.0
77,waking,visual,97,0.0
77,waking,visual,98,0.0
77,waking,visual,99,0.95
77,waking,visual,100,0.08
77,waking,visual,101,0.08
77,waking,visual,102,0.0
77,waking,visual,103,0.0
77,waking,visual,104,0.0
77,waking,visual,105,0.0
77,waking,visual,106,0.0
77,waking,visual,107,0.0
77,waking,visual,108,0.0
77,waking,visual,109,0.0
77,waking,visual,110,0.0
77,waking,visual,111,0.0
77,waking,visual,112,0.0
77,waking,visual,113,0.0
77,waking,visual,114,0.65
77,waking,visual,115,0.95
77,waking,visual,116,0.65
77,waking,visual,117,0.0
77,waking,visual,118,0.0
77,waking,visual,119,0.0
77,waking,visual,120,0.0
77,waking,visual,121,0.0
77,waking,visual,122,0.0
77,waking,visual,123,0.0
77,waking,visual,124,0.0
77,waking,visual,125,0.0
77,waking,visual,126,0.0
77,waking,visual,127,0.0
77,waking,visual,128,0.0
77,waking,visual,129,0.0
77,waking,visual,130,0.0
77,waking,visual,131,0.0
77,waking,visual,132,0.08
77,waking,visual,133,0.18
77,waking,visual,134,0.95
77,waking,visual,135,0.0
77,waking,visual,136,0.0
77,waking,visual,137,0.0
77,waking,visual,138,0.0
77,waking,visual,139,0.0
77,waking,visual,140,0.0
77,waking,visual,141,0.0
77,waking,visual,142,0.0
77,waking,visual,143,0.0
77,waking,visual,144,0.0
77,waking,visual,145,0.0
77,waking,visual,146,0.0
77,waking,visual,147,0.0
77,waking,visual,148,0.0
77,waking,visual,149,0.0
77,waking,visual,150,0.0
77,waking,visual,151,0.0
77,waking,visual,152,0.0
77,waking,visual,153,0.0
77,waking,visual,154,0.0
77,waking,visual,155,0.0
77,waking,visual,156,0.0
77,waking,visual,157,0.0
77,waking,visual,158,0.0
77,waking,visual,159,0.0
77,waking,visual,160,0.0
77,waking,visual,161,0.0
77,waking,visual,162,0.0
77,waking,visual,163,0.0
77,waking,visual,164,0.0
77,waking,visual,165,0.0
77,waking,visual,166,0.0
77,waking,visual,167,0.0
77,waking,visual,168,0.0
77,waking,visual,169,0.0
77,waking,visual,170,0.75
77,waking,visual,171,0.75
77,waking,visual,172,0.0
77,waking,visual,173,0.0
77,waking,visual,174,0.0
77,waking,visual,175,0.0
77,waking,visual,176,0.4033333333333333
77,waking,visual,177,0.4033333333333333
77,waking,visual,178,0.0
77,waking,visual,179,0.0
77,waking,audio,0,0.27278207652096853
77,waking,audio,1,0.1543725802421696
77,waking,audio,2,0.36025122316280594
77,waking,audio,3,0.225365370657569
77,waking,audio,4,0.3211285595496957
77,waking,audio,5,0.16666573314069535
77,waking,audio,6,0.24523254988139861
77,waking,audio,7,0.05537509190870292
77,waking,audio,8,0.0018095869827089994
77,waking,audio,9,0.00041520166237360434
77,waking,audio,10,0.0011516024466535213
77,waking,audio,11,0.0003821005293187518
77,waking,audio,12,0.00022560546685318483
77,waking,audio,13,0.0002267579251024332
77,waking,audio,14,0.0005555371207083548
77,waking,audio,15,0.00012544386596639867
77,waking,proprioceptive,0,0.5
77,waking,proprioceptive,1,0.5
77,waking,proprioceptive,2,0.0
77,waking,proprioceptive,3,0.0
77,waking,proprioceptive,4,0.0
77,waking,proprioceptive,5,0.750013254420097
77,waking,prediction,0,0.0
77,waking,prediction,1,0.0
77,waking,prediction,2,0.0
77,waking,prediction,3,1.0573552332434856e-15
77,waking,prediction,4,0.0
77,waking,prediction,5,0.0
77,waking,prediction,6,0.0
77,waking,prediction,7,0.0
77,waking,prediction,8,2.1035733397922696e-11
77,waking,prediction,9,1.7282033640596065e-08
77,waking,prediction,10,1.3201021197005461e-15
77,waking,prediction,11,6.026951723916596e-12
77,waking,prediction,12,0.0
77,waking,prediction,13,0.0
77,waking,prediction,14,0.0
77,waking,prediction,15,0.05823207299698881
77,waking,prediction,16,0.00019515696308302765
77,waking,prediction,17,7.4205257266304645e-09
77,waking,prediction,18,0.0
77,waking,prediction,19,0.0
77,waking,prediction,20,0.0014020588225855818
77,waking,prediction,21,0.039937330212747875
77,waking,prediction,22,4.022604251711138e-06
77,waking,prediction,23,2.929086978441674e-07
77,waking,prediction,24,0.0
77,waking,prediction,25,1.5953084497732783e-13
77,waking,prediction,26,0.007820829474467796
77,waking,prediction,27,0.07607779540838071
77,waking,prediction,28,0.0012730399687889467
77,waking,prediction,29,8.777952185018383e-11
77,waking,prediction,30,0.0
77,waking,prediction,31,0.0
77,waking,prediction,32,0.005880782283379543
77,waking,prediction,33,0.03951275513939407
77,waking,prediction,34,0.0
77,waking,prediction,35,0.0
77,waking,emotion,0,0.21746086530839498
77,waking,emotion,1,0.16265125321141766
77,waking,emotion,2,0.309606866284293
77,waking,action,0,7.445436056530148e-05
77,waking,action,1,0.0019715973238017092
77,waking,action,2,0.014403254887860928
77,waking,action,3,0.0007276631236116469
77,waking,action,4,0.0
77,waking,action,5,0.0
78,waking,visual,0,0.0
78,waking,visual,1,0.0
78,waking,visual,2,0.0
78,waking,visual,3,0.0
78,waking,visual,4,0.0
78,waking,visual,5,0.0
78,waking,visual,6,0.0
78,waking,visual,7,0.0
78,waking,visual,8,0.0
78,waking,visual,9,0.0
78,waking,visual,10,0.0
78,waking,visual,11,0.0
78,waking,visual,12,0.0
78,waking,visual,13,0.0
78,waking,visual,14,0.0
78,waking,visual,15,0.5333333333333333
78,waking,visual,16,0.0
78,waking,visual,17,0.0
78,waking,visual,18,0.0
78,waking,visual,19,0.0
78,waking,visual,20,0.0
78,waking,visual,21,0.36999999999999994
78,waking,visual,22,0.0
78,waking,visual,23,0.0
78,waking,visual,24,0.0
78,waking,visual,25,0.0
78,waking,visual,26,0.75
78,waking,visual,27,0.0
78,waking,visual,28,0.0
78,waking,visual,29,0.0
78,waking,visual,30,0.0
78,waking,visual,31,0.0
78,waking,visual,32,0.4033333333333333
78,waking,visual,33,0.0
78,waking,visual,34,0.0
78,waking,visual,35,0.0
78,waking,visual,36,0.0
78,waking,visual,37,0.0
78,waking,visual,38,0.0
78,waking,visual,39,0.0
78,waking,visual,40,0.0
78,waking,visual,41,0.0
78,waking,visual,42,0.0
78,waking,visual,43,0.0
78,waking,visual,44,0.0
78,waking,visual,45,0.0
78,waking,visual,46,0.0
78,waking,visual,47,0.0
78,waking,visual,48,0.0
78,waking,visual,49,0.0
78,waking,visual,50,0.0
78,waking,visual,51,0.0
78,waking,visual,52,0.0
78,waking,visual,53,0.0
78,waking,visual,54,0.0
78,waking,visual,55,0.0
78,waking,visual,56,0.0
78,waking,visual,57,0.0
78,waking,visual,58,0.0
78,waking,visual,59,0.0
78,waking,visual,60,0.0
78,waking,visual,61,0.0
78,waking,visual,62,0.0
78,waking,visual,63,0.0
78,waking,visual,64,0.0
78,waking,visual,65,0.0
78,waking,visual,66,0.0
78,waking,visual,67,0.0
78,waking,visual,68,0.0
78,waking,visual,69,0.0
78,waking,visual,70,0.0
78,waking,visual,71,0.0
78,waking,visual,72,0.0
78,waking,visual,73,0.0
78,waking,visual,74,0.0
78,waking,visual,75,0.0
78,waking,visual,76,0.0
78,waking,visual,77,0.0
78,waking,visual,78,0.0
78,waking,visual,79,0.0
78,waking,visual,80,0.0
78,waking,visual,81,0.75
78,waking,visual,82,0.1
78,waking,visual,83,0.75
78,waking,visual,84,0.0
78,waking,visual,85,0.0
78,waking,visual,86,0.0
78,waking,visual,87,0.0
78,waking,visual,88,0.0
78,waking,visual,89,0.0
78,waking,visual,90,0.0
78,waking,visual,91,0.0
78,waking,visual,92,0.0
78,waking,visual,93,0.0
78,waking,visual,94,0.0
78,waking,visual,95,0.0
78,waking,visual,96,0.0
78,waking,visual,97,0.0
78,waking,visual,98,0.0
78,waking,visual,99,0.95
78,waking,visual,100,0.08
78,waking,visual,101,0.08
78,waking,visual,102,0.0
78,waking,visual,103,0.0
78,waking,visual,104,0.0
78,waking,visual,105,0.0
78,waking,visual,106,0.0
78,waking,visual,107,0.0
78,waking,visual,108,0.0
78,waking,visual,109,0.0
78,waking,visual,110,0.0
78,waking,visual,111,0.0
78,waking,visual,112,0.0
78,waking,visual,113,0.0
78,waking,visual,114,0.65
78,waking,visual,115,0.95
78,waking,visual,116,0.65
78,waking,visual,117,0.0
78,waking,visual,118,0.0
78,waking,visual,119,0.0
78,waking,visual,120,0.0
78,waking,visual,121,0.0
78,waking,visual,122,0.0
78,waking,visual,123,0.0
78,waking,visual,124,0.0
78,waking,visual,125,0.0
78,waking,visual,126,0.0
78,waking,visual,127,0.0
78,waking,visual,128,0.0
78,waking,visual,129,0.0
78,waking,visual,130,0.0
78,waking,visual,131,0.0
78,waking,visual,132,0.08
78,waking,visual,133,0.18
78,waking,visual,134,0.95
78,waking,visual,135,0.0
78,waking,visual,136,0.0
78,waking,visual,137,0.0
78,waking,visual,138,0.0
78,waking,visual,139,0.0
78,waking,visual,140,0.0
78,waking,visual,141,0.0
78,waking,visual,142,0.0
78,waking,visual,143,0.0
78,waking,visual,144,0.0
78,waking,visual,145,0.0
78,waking,visual,146,0.0
78,waking,visual,147,0.0
78,waking,visual,148,0.0
78,waking,visual,149,0.0
78,waking,visual,150,0.0
78,waking,visual,151,0.0
78,waking,visual,152,0.0
78,waking,visual,153,0.0
78,waking,visual,154,0.0
78,waking,visual,155,0.0
78,waking,visual,156,0.0
78,waking,visual,157,0.0
78,waking,visual,158,0.0
78,waking,visual,159,0.0
78,waking,visual,160,0.0
78,waking,visual,161,0.0
78,waking,visual,162,0.0
78,waking,visual,163,0.0
78,waking,visual,164,0.0
78,waking,visual,165,0.0
78,waking,visual,166,0.0
78,waking,visual,167,0.0
78,waking,visual,168,0.0
78,waking,visual,169,0.0
78,waking,visual,170,0.0
78,waking,visual,171,0.0
78,waking,visual,172,0.0
78,waking,visual,173,0.0
78,waking,visual,174,0.0
78,waking,visual,175,0.0
78,waking,visual,176,0.0
78,waking,visual,177,0.0
78,waking,visual,178,0.0
78,waking,visual,179,0.0
78,waking,audio,0,0.27097487962116273
78,waking,audio,1,0.1539120467946017
78,waking,audio,2,0.36114927162546934
78,waking,audio,3,0.22566988408767616
78,waking,audio,4,0.321306923610766
78,waking,audio,5,0.16642573738482244
78,waking,audio,6,0.2446599621254697
78,waking,audio,7,0.05524579789929961
78,waking,audio,8,0.0018071968998057963
78,waking,audio,9,0.00046053344756791237
78,waking,audio,10,0.0008980484626633922
78,waking,audio,11,0.0003045134301071506
78,waking,audio,12,0.0001783640610703019
78,waking,audio,13,0.00023999575587291266
78,waking,audio,14,0.0005725877559289161
78,waking,audio,15,0.00012929400940330654
78,waking,proprioceptive,0,0.5
78,waking,proprioceptive,1,0.5
78,waking,proprioceptive,2,0.0
78,waking,proprioceptive,3,0.0
78,waking,proprioceptive,4,0.0
78,waking,proprioceptive,5,0.8196660664598592
78,waking,prediction,0,0.0
78,waking,prediction,1,0.0
78,waking,prediction,2,0.0
78,waking,prediction,3,6.779906259511595e-16
78,waking,prediction,4,0.0
78,waking,prediction,5,0.0
78,waking,prediction,6,0.0
78,waking,prediction,7,0.0
78,waking,prediction,8,1.3229783103099447e-11
78,waking,prediction,9,1.0754067745165393e-08
78,waking,prediction,10,8.110444083740647e-16
78,waking,prediction,11,3.779321894916746e-12
78,waking,prediction,12,0.0
78,waking,prediction,13,0.0
78,waking,prediction,14,0.0
78,waking,prediction,15,0.058179890923875814
78,waking,prediction,16,0.00019490363278345935
78,waking,prediction,17,4.7371607263440296e-09
78,waking,prediction,18,0.0
78,waking,prediction,19,0.0
78,waking,prediction,20,0.0013292300661581716
78,waking,prediction,21,0.039927121417139194
78,waking,prediction,22,2.39629911831226e-06
78,waking,prediction,23,1.8386821001788895e-07
78,waking,prediction,24,0.0
78,waking,prediction,25,1.0200178778177319e-13
78,waking,prediction,26,0.01908160288330837
78,waking,prediction,27,0.06192213351139619
78,waking,prediction,28,0.0011051150646753396
78,waking,prediction,29,5.5738585629463906e-11
78,waking,prediction,30,0.0
78,waking,prediction,31,0.0
78,waking,prediction,32,0.01288204476809443
78,waking,prediction,33,0.032234783006439206
78,waking,prediction,34,0.0
78,waking,prediction,35,0.0
78,waking,emotion,0,0.21710366130886313
78,waking,emotion,1,0.16048629600278472
78,waking,emotion,2,0.3220538168254547
78,waking,action,0,3.50555462374827e-05
78,waking,action,1,0.0009792377051787093
78,waking,action,2,0.014880005965140504
78,waking,action,3,0.0003473992142253899
78,waking,action,4,0.0
78,waking,action,5,0.0
79,waking,visual,0,0.0
79,waking,visual,1,0.0
79,waking,visual,2,0.0
79,waking,visual,3,0.0
79,waking,visual,4,0.0
79,waking,visual,5,0.0
79,waking,visual,6,0.0
79,waking,visual,7,0.0
79,waking,visual,8,0.0
79,waking,visual,9,0.0
79,waking,visual,10,0.0
79,waking,visual,11,0.0
79,waking,visual,12,0.0
79,waking,visual,13,0.0
79,waking,visual,14,0.0
79,waking,visual,15,0.5333333333333333
79,waking,visual,16,0.0
79,waking,visual,17,0.0
79,waking,visual,18,0.0
79,waking,visual,19,0.0
79,waking,visual,20,0.0
79,waking,visual,21,0.36999999999999994
79,waking,visual,22,0.0
79,waking,visual,23,0.0
79,waking,visual,24,0.0
79,waking,visual,25,0.0
79,waking,visual,26,0.75
79,waking,visual,27,0.0
79,waking,visual,28,0.0
79,waking,visual,29,0.0
79,waking,visual,30,0.0
79,waking,visual,31,0.0
79,waking,visual,32,0.4033333333333333
79,waking,visual,33,0.0
79,waking,visual,34,0.0
79,waking,visual,35,0.0
79,waking,visual,36,0.0
79,waking,visual,37,0.0
79,waking,visual,38,0.0
79,waking,visual,39,0.0
79,waking,visual,40,0.0
79,waking,visual,41,0.0
79,waking,visual,42,0.0
79,waking,visual,43,0.0
79,waking,visual,44,0.0
79,waking,visual,45,0.0
79,waking,visual,46,0.0
79,waking,visual,47,0.0
79,waking,visual,48,0.0
79,waking,visual,49,0.0
79,waking,visual,50,0.0
79,waking,visual,51,0.0
79,waking,visual,52,0.0
79,waking,visual,53,0.0
79,waking,visual,54,0.0
79,waking,visual,55,0.0
79,waking,visual,56,0.0
79,waking,visual,57,0.0
79,waking,visual,58,0.0
79,waking,visual,59,0.0
79,waking,visual,60,0.0
79,waking,visual,61,0.0
79,waking,visual,62,0.0
79,waking,visual,63,0.0
79,waking,visual,64,0.0
79,waking,visual,65,0.0
79,waking,visual,66,0.0
79,waking,visual,67,0.0
79,waking,visual,68,0.0
79,waking,visual,69,0.0
79,waking,visual,70,0.0
79,waking,visual,71,0.0
79,waking,visual,72,0.0
79,waking,visual,73,0.0
79,waking,visual,74,0.0
79,waking,visual,75,0.0
79,waking,visual,76,0.0
79,waking,visual,77,0.0
79,waking,visual,78,0.0
79,waking,visual,79,0.0
79,waking,visual,80,0.0
79,waking,visual,81,0.75
79,waking,visual,82,0.1
79,waking,visual,83,0.75
79,waking,visual,84,0.0
79,waking,visual,85,0.0
79,waking,visual,86,0.0
79,waking,visual,87,0.0
79,waking,visual,88,0.0
79,waking,visual,89,0.0
79,waking,visual,90,0.0
79,waking,visual,91,0.0
79,waking,visual,92,0.0
79,waking,visual,93,0.0
79,waking,visual,94,0.0
79,waking,visual,95,0.0
79,waking,visual,96,0.0
79,waking,visual,97,0.0
79,waking,visual,98,0.0
79,waking,visual,99,0.95
79,waking,visual,100,0.08
79,waking,visual,101,0.08
79,waking,visual,102,0.0
79,waking,visual,103,0.0
79,waking,visual,104,0.0
79,waking,visual,105,0.0
79,waking,visual,106,0.0
79,waking,visual,107,0.0
79,waking,visual,108,0.0
79,waking,visual,109,0.0
79,waking,visual,110,0.0
79,waking,visual,111,0.0
79,waking,visual,112,0.0
79,waking,visual,113,0.0
79,waking,visual,114,0.65
79,waking,visual,115,0.95
79,waking,visual,116,0.65
79,waking,visual,117,0.0
79,waking,visual,118,0.0
79,waking,visual,119,0.0
79,waking,visual,120,0.0
79,waking,visual,121,0.0
79,waking,visual,122,0.0
79,waking,visual,123,0.0
79,waking,visual,124,0.0
79,waking,visual,125,0.0
79,waking,visual,126,0.0
79,waking,visual,127,0.0
79,waking,visual,128,0.0
79,waking,visual,129,0.0
79,waking,visual,130,0.0
79,waking,visual,131,0.0
79,waking,visual,132,0.08
79,waking,visual,133,0.18
79,waking,visual,134,0.95
79,waking,visual,135,0.0
79,waking,visual,136,0.0
79,waking,visual,137,0.0
79,waking,visual,138,0.0
79,waking,visual,139,0.0
79,waking,visual,140,0.0
79,waking,visual,141,0.0
79,waking,visual,142,0.0
79,waking,visual,143,0.0
79,waking,visual,144,0.0
79,waking,visual,145,0.0
79,waking,visual,146,0.0
79,waking,visual,147,0.0
79,waking,visual,148,0.0
79,waking,visual,149,0.0
79,waking,visual,150,0.0
79,waking,visual,151,0.0
79,waking,visual,152,0.0
79,waking,visual,153,0.0
79,waking,visual,154,0.0
79,waking,visual,155,0.0
79,waking,visual,156,0.0
79,waking,visual,157,0.0
79,waking,visual,158,0.0
79,waking,visual,159,0.0
79,waking,visual,160,0.0
79,waking,visual,161,0.0
79,waking,visual,162,0.0
79,waking,visual,163,0.0
79,waking,visual,164,0.0
79,waking,visual,165,0.0
79,waking,visual,166,0.0
79,waking,visual,167,0.0
79,waking,visual,168,0.0
79,waking,visual,169,0.0
79,waking,visual,170,0.0
79,waking,visual,171,0.0
79,waking,visual,172,0.0
79,waking,visual,173,0.0
79,waking,visual,174,0.0
79,waking,visual,175,0.0
79,waking,visual,176,0.0
79,waking,visual,177,0.0
79,waking,visual,178,0.0
79,waking,visual,179,0.0
79,waking,audio,0,0.26916948414197667
79,waking,audio,1,0.15340422122939315
79,waking,audio,2,0.3617842071150794
79,waking,audio,3,0.22589435090913995
79,waking,audio,4,0.3214372293046234
79,waking,audio,5,0.16617269336588222
79,waking,audio,6,0.24407080411765222
79,waking,audio,7,0.055112762220115026
79,waking,audio,8,0.0018053954791860671
79,waking,audio,9,0.0005078255652085362
79,waking,audio,10,0.0006349354896100778
79,waking,audio,11,0.00022446682146379238
79,waking,audio,12,0.00013030569385735769
79,waking,audio,13,0.00025304401894021833
79,waking,audio,14,0.0005891580078174752
79,waking,audio,15,0.00013303567918458714
79,waking,proprioceptive,0,0.5
79,waking,proprioceptive,1,0.5
79,waking,proprioceptive,2,0.0
79,waking,proprioceptive,3,0.0
79,waking,proprioceptive,4,0.0
79,waking,proprioceptive,5,0.8801027567813758
79,waking,prediction,0,0.0
79,waking,prediction,1,0.0
79,waking,prediction,2,0.0
79,waking,prediction,3,4.346455868129715e-16
79,waking,prediction,4,0.0
79,waking,prediction,5,0.0
79,waking,prediction,6,0.0
79,waking,prediction,7,0.0
79,waking,prediction,8,8.322463358510159e-12
79,waking,prediction,9,6.693003867852946e-09
79,waking,prediction,10,4.979528558961763e-16
79,waking,prediction,11,2.3693907865097795e-12
79,waking,prediction,12,0.0
79,waking,prediction,13,0.0
79,waking,prediction,14,0.0
79,waking,prediction,15,0.0581291317506086
79,waking,prediction,16,0.00019449938885116518
79,waking,prediction,17,3.0246243392852925e-09
79,waking,prediction,18,0.0
79,waking,prediction,19,0.0
79,waking,prediction,20,0.0012664838337199417
79,waking,prediction,21,0.03991409541682872
79,waking,prediction,22,1.426520526925227e-06
79,waking,prediction,23,1.1539515477699894e-07
79,waking,prediction,24,0.0
79,waking,prediction,25,6.522899712804417e-14
79,waking,prediction,26,0.030055890633621334
79,waking,prediction,27,0.048217524073684626
79,waking,prediction,28,0.0009029650177605123
79,waking,prediction,29,3.5398756580502734e-11
79,waking,prediction,30,0.0
79,waking,prediction,31,0.0
79,waking,prediction,32,0.019787104515467682
79,waking,prediction,33,0.02513143810366674
79,waking,prediction,34,0.0
79,waking,prediction,35,0.0
79,waking,emotion,0,0.21918456553841215
79,waking,emotion,1,0.15861031103659784
79,waking,emotion,2,0.33711824720968103
79,waking,action,0,1.650979553777762e-05
79,waking,action,1,0.00048644990789178597
79,waking,action,2,0.014408895642130153
79,waking,action,3,0.00016581316014482582
79,waking,action,4,0.0
79,waking,action,5,0.0
80,waking,visual,0,0.0
80,waking,visual,1,0.0
80,waking,visual,2,0.0
80,waking,visual,3,0.0
80,waking,visual,4,0.0
80,waking,visual,5,0.0
80,waking,visual,6,0.0
80,waking,visual,7,0.0
80,waking,visual,8,0.0
80,waking,visual,9,0.0
80,waking,visual,10,0.0
80,waking,visual,11,0.0
80,waking,visual,12,0.0
80,waking,visual,13,0.0
80,waking,visual,14,0.0
80,waking,visual,15,0.5333333333333333
80,waking,visual,16,0.0
80,waking,visual,17,0.0
80,waking,visual,18,0.0
80,waking,visual,19,0.0
80,waking,visual,20,0.0
80,waking,visual,21,0.36999999999999994
80,waking,visual,22,0.0
80,waking,visual,23,0.0
80,waking,visual,24,0.0
80,waking,visual,25,0.0
80,waking,visual,26,0.75
80,waking,visual,27,0.0
80,waking,visual,28,0.0
80,waking,visual,29,0.0
80,waking,visual,30,0.0
80,waking,visual,31,0.0
80,waking,visual,32,0.4033333333333333
80,waking,visual,33,0.0
80,waking,visual,34,0.0
80,waking,visual,35,0.0
80,waking,visual,36,0.0
80,waking,visual,37,0.0
80,waking,visual,38,0.0
80,waking,visual,39,0.0
80,waking,visual,40,0.0
80,waking,visual,41,0.0
80,waking,visual,42,0.0
80,waking,visual,43,0.0
80,waking,visual,44,0.0
80,waking,visual,45,0.0
80,waking,visual,46,0.0
80,waking,visual,47,0.0
80,waking,visual,48,0.0
80,waking,visual,49,0.0
80,waking,visual,50,0.0
80,waking,visual,51,0.0
80,waking,visual,52,0.0
80,waking,visual,53,0.0
80,waking,visual,54,0.0
80,waking,visual,55,0.0
80,waking,visual,56,0.0
80,waking,visual,57,0.0
80,waking,visual,58,0.0
80,waking,visual,59,0.0
80,waking,visual,60,0.0
80,waking,visual,61,0.0
80,waking,visual,62,0.0
80,waking,visual,63,0.0
80,waking,visual,64,0.0
80,waking,visual,65,0.0
80,waking,visual,66,0.0
80,waking,visual,67,0.0
80,waking,visual,68,0.0
80,waking,visual,69,0.0
80,waking,visual,70,0.0
80,waking,visual,71,0.0
80,waking,visual,72,0.0
80,waking,visual,73,0.0
80,waking,visual,74,0.0
80,waking,visual,75,0.0
80,waking,visual,76,0.0
80,waking,visual,77,0.0
80,waking,visual,78,0.0
80,waking,visual,79,0.0
80,waking,visual,80,0.0
80,waking,visual,81,0.75
80,waking,visual,82,0.1
80,waking,visual,83,0.75
80,waking,visual,84,0.0
80,waking,visual,85,0.0
80,waking,visual,86,0.0
80,waking,visual,87,0.0
80,waking,visual,88,0.0
80,waking,visual,89,0.0
80,waking,visual,90,0.0
80,waking,visual,91,0.0
80,waking,visual,92,0.0
80,waking,visual,93,0.0
80,waking,visual,94,0.0
80,waking,visual,95,0.0
80,waking,visual,96,0.0
80,waking,visual,97,0.0
80,waking,visual,98,0.0
80,waking,visual,99,0.95
80,waking,visual,100,0.08
80,waking,visual,101,0.08
80,waking,visual,102,0.0
80,waking,visual,103,0.0
80,waking,visual,104,0.0
80,waking,visual,105,0.0
80,waking,visual,106,0.0
80,waking,visual,107,0.0
80,waking,visual,108,0.0
80,waking,visual,109,0.0
80,waking,visual,110,0.0
80,waking,visual,111,0.0
80,waking,visual,112,0.0
80,waking,visual,113,0.0
80,waking,visual,114,0.65
80,waking,visual,115,0.95
80,waking,visual,116,0.65
80,waking,visual,117,0.0
80,waking,visual,118,0.0
80,waking,visual,119,0.0
80,waking,visual,120,0.0
80,waking,visual,121,0.0
80,waking,visual,122,0.0
80,waking,visual,123,0.0
80,waking,visual,124,0.0
80,waking,visual,125,0.0
80,waking,visual,126,0.0
80,waking,visual,127,0.0
80,waking,visual,128,0.0
80,waking,visual,129,0.0
80,waking,visual,130,0.0
80,waking,visual,131,0.0
80,waking,visual,132,0.08
80,waking,visual,133,0.18
80,waking,visual,134,0.95
80,waking,visual,135,0.0
80,waking,visual,136,0.0
80,waking,visual,137,0.0
80,waking,visual,138,0.0
80,waking,visual,139,0.0
80,waking,visual,140,0.0
80,waking,visual,141,0.0
80,waking,visual,142,0.0
80,waking,visual,143,0.0
80,waking,visual,144,0.0
80,waking,visual,145,0.0
80,waking,visual,146,0.0
80,waking,visual,147,0.0
80,waking,visual,148,0.0
80,waking,visual,149,0.0
80,waking,visual,150,0.0
80,waking,visual,151,0.0
80,waking,visual,152,0.0
80,waking,visual,153,0.0
80,waking,visual,154,0.0
80,waking,visual,155,0.0
80,waking,visual,156,0.0
80,waking,visual,157,0.0
80,waking,visual,158,0.0
80,waking,visual,159,0.0
80,waking,visual,160,0.0
80,waking,visual,161,0.0
80,waking,visual,162,0.0
80,waking,visual,163,0.0
80,waking,visual,164,0.0
80,waking,visual,165,0.0
80,waking,visual,166,0.0
80,waking,visual,167,0.0
80,waking,visual,168,0.0
80,waking,visual,169,0.0
80,waking,visual,170,0.0
80,waking,visual,171,0.0
80,waking,visual,172,0.0
80,waking,visual,173,0.0
80,waking,visual,174,0.0
80,waking,visual,175,0.0
80,waking,visual,176,0.0
80,waking,visual,177,0.0
80,waking,visual,178,0.0
80,waking,visual,179,0.0
80,waking,audio,0,0.26736543087378384
80,waking,audio,1,0.15284761474441227
80,waking,audio,2,0.36214878943743906
80,waking,audio,3,0.22603690633880236
80,waking,audio,4,0.32151885186654294
80,waking,audio,5,0.16590679874486483
80,waking,audio,6,0.24346556134975522
80,waking,audio,7,0.05497609449833183
80,waking,audio,8,0.001804053268192829
80,waking,audio,9,0.0005566064849808761
80,waking,audio,10,0.00036458232235964116
80,waking,audio,11,0.00014255542966240542
80,waking,audio,12,8.162256191956985e-05
80,waking,audio,13,0.0002658946210173929
80,waking,audio,14,0.0006052427678970018
80,waking,audio,15,0.00013666772178319575
80,waking,proprioceptive,0,0.5
80,waking,proprioceptive,1,0.5
80,waking,proprioceptive,2,0.0
80,waking,proprioceptive,3,0.0
80,waking,proprioceptive,4,0.0
80,waking,proprioceptive,5,0.9295809074282484
80,waking,prediction,0,0.0
80,waking,prediction,1,0.0
80,waking,prediction,2,0.0
80,waking,prediction,3,2.7860398756016707e-16
80,waking,prediction,4,0.0
80,waking,prediction,5,0.0
80,waking,prediction,6,0.0
80,waking,prediction,7,0.0
80,waking,prediction,8,5.2375079311721014e-12
80,waking,prediction,9,4.166336053488828e-09
80,waking,prediction,10,3.0549600757398915e-16
80,waking,prediction,11,1.4852465638131894e-12
80,waking,prediction,12,0.0
80,waking,prediction,13,0.0
80,waking,prediction,14,0.0
80,waking,prediction,15,0.058081598340734696
80,waking,prediction,16,0.00019404431496527761
80,waking,prediction,17,1.9315638311028334e-09
80,waking,prediction,18,0.0
80,waking,prediction,19,0.0
80,waking,prediction,20,0.0012122370568849758
80,waking,prediction,21,0.03990508320340626
80,waking,prediction,22,8.485651100353424e-07
80,waking,prediction,23,7.24114904523769e-08
80,waking,prediction,24,0.0
80,waking,prediction,25,4.172129926394664e-14
80,waking,prediction,26,0.03933307777614314
80,waking,prediction,27,0.03645230788754773
80,waking,prediction,28,0.0006893571465105997
80,waking,prediction,29,2.2485560025741015e-11
80,waking,prediction,30,0.0
80,waking,prediction,31,0.0
80,waking,prediction,32,0.025848313768341034
80,waking,prediction,33,0.019015984340222784
80,waking,prediction,34,0.0
80,waking,prediction,35,0.0
80,waking,emotion,0,0.22350726552695085
80,waking,emotion,1,0.15697595800480174
80,waking,emotion,2,0.3524729077983706
80,waking,action,0,0.0015566240702024321
80,waking,action,1,0.00024170450298617154
80,waking,action,2,0.01302014952419081
80,waking,action,3,7.912950575451621e-05
80,waking,action,4,0.0
80,waking,action,5,0.0
81,waking,visual,0,0.0
81,waking,visual,1,0.0
81,waking,visual,2,0.0
81,waking,visual,3,0.0
81,waking,visual,4,0.0
81,waking,visual,5,0.0
81,waking,visual,6,0.0
81,waking,visual,7,0.0
81,waking,visual,8,0.0
81,waking,visual,9,0.0
81,waking,visual,10,0.0
81,waking,visual,11,0.0
81,waking,visual,12,0.0
81,waking,visual,13,0.0
81,waking,visual,14,0.0
81,waking,visual,15,0.5333333333333333
81,waking,visual,16,0.0
81,waking,visual,17,0.0
81,waking,visual,18,0.0
81,waking,visual,19,0.0
81,waking,visual,20,0.0
81,waking,visual,21,0.36999999999999994
81,waking,visual,22,0.0
81,waking,visual,23,0.0
81,waking,visual,24,0.0
81,waking,visual,25,0.0
81,waking,visual,26,0.0
81,waking,visual,27,0.0
81,waking,visual,28,0.0
81,waking,visual,29,0.0
81,waking,visual,30,0.0
81,waking,visual,31,0.0
81,waking,visual,32,1.0
81,waking,visual,33,0.0
81,waking,visual,34,0.0
81,waking,visual,35,0.0
81,waking,visual,36,0.0
81,waking,visual,37,0.0
81,waking,visual,38,0.0
81,waking,visual,39,0.0
81,waking,visual,40,0.0
81,waking,visual,41,0.0
81,waking,visual,42,0.0
81,waking,visual,43,0.0
81,waking,visual,44,0.0
81,waking,visual,45,0.0
81,waking,visual,46,0.0
81,waking,visual,47,0.0
81,waking,visual,48,0.0
81,waking,visual,49,0.0
81,waking,visual,50,0.0
81,waking,visual,51,0.0
81,waking,visual,52,0.0
81,waking,visual,53,0.0
81,waking,visual,54,0.0
81,waking,visual,55,0.0
81,waking,visual,56,0.0
81,waking,visual,57,0.0
81,waking,visual,58,0.0
81,waking,visual,59,0.0
81,waking,visual,60,0.0
81,waking,visual,61,0.0
81,waking,visual,62,0.0
81,waking,visual,63,0.0
81,waking,visual,64,0.0
81,waking,visual,65,0.0
81,waking,visual,66,0.0
81,waking,visual,67,0.0
81,waking,visual,68,0.0
81,waking,visual,69,0.0
81,waking,visual,70,0.0
81,waking,visual,71,0.0
81,waking,visual,72,0.0
81,waking,visual,73,0.0
81,waking,visual,74,0.0
81,waking,visual,75,0.0
81,waking,visual,76,0.0
81,waking,visual,77,0.0
81,waking,visual,78,0.0
81,waking,visual,79,0.0
81,waking,visual,80,0.0
81,waking,visual,81,0.75
81,waking,visual,82,0.1
81,waking,visual,83,0.75
81,waking,visual,84,0.0
81,waking,visual,85,0.0
81,waking,visual,86,0.0
81,waking,visual,87,0.0
81,waking,visual,88,0.0
81,waking,visual,89,0.0
81,waking,visual,90,0.0
81,waking,visual,91,0.0
81,waking,visual,92,0.0
81,waking,visual,93,0.0
81,waking,visual,94,0.0
81,waking,visual,95,0.0
81,waking,visual,96,0.0
81,waking,visual,97,0.0
81,waking,visual,98,0.0
81,waking,visual,99,0.95
81,waking,visual,100,0.08
81,waking,visual,101,0.08
81,waking,visual,102,0.0
81,waking,visual,103,0.0
81,waking,visual,104,0.0
81,waking,visual,105,0.0
81,waking,visual,106,0.0
81,waking,visual,107,0.0
81,waking,visual,108,0.0
81,waking,visual,109,0.0
81,waking,visual,110,0.0
81,waking,visual,111,0.0
81,waking,visual,112,0.0
81,waking,visual,113,0.0
81,waking,visual,114,0.0
81,waking,visual,115,0.0
81,waking,visual,116,0.0
81,waking,visual,117,0.0
81,waking,visual,118,0.0
81,waking,visual,119,0.0
81,waking,visual,120,0.0
81,waking,visual,121,0.0
81,waking,visual,122,0.0
81,waking,visual,123,0.0
81,waking,visual,124,0.0
81,waking,visual,125,0.0
81,waking,visual,126,0.0
81,waking,visual,127,0.0
81,waking,visual,128,0.0
81,waking,visual,129,0.0
81,waking,visual,130,0.0
81,waking,visual,131,0.0
81,waking,visual,132,0.73
81,waking,visual,133,1.0
81,waking,visual,134,1.0
81,waking,visual,135,0.0
81,waking,visual,136,0.0
81,waking,visual,137,0.0
81,waking,visual,138,0.0
81,waking,visual,139,0.0
81,waking,visual,140,0.0
81,waking,visual,141,0.0
81,waking,visual,142,0.0
81,waking,visual,143,0.0
81,waking,visual,144,0.0
81,waking,visual,145,0.0
81,waking,visual,146,0.0
81,waking,visual,147,0.0
81,waking,visual,148,0.0
81,waking,visual,149,0.0
81,waking,visual,150,0.0
81,waking,visual,151,0.0
81,waking,visual,152,0.0
81,waking,visual,153,0.0
81,waking,visual,154,0.0
81,waking,visual,155,0.0
81,waking,visual,156,0.0
81,waking,visual,157,0.0
81,waking,visual,158,0.0
81,waking,visual,159,0.0
81,waking,visual,160,0.0
81,waking,visual,161,0.0
81,waking,visual,162,0.0
81,waking,visual,163,0.0
81,waking,visual,164,0.0
81,waking,visual,165,0.0
81,waking,visual,166,0.0
81,waking,visual,167,0.0
81,waking,visual,168,0.0
81,waking,visual,169,0.0
81,waking,visual,170,0.75
81,waking,visual,171,0.0
81,waking,visual,172,0.0
81,waking,visual,173,0.0
81,waking,visual,174,0.0
81,waking,visual,175,0.0
81,waking,visual,176,0.5966666666666667
81,waking,visual,177,0.0
81,waking,visual,178,0.0
81,waking,visual,179,0.0
81,waking,audio,0,0.26556240736476416
81,waking,audio,1,0.15224125454104637
81,waking,audio,2,0.36223830612467023
81,waking,audio,3,0.2260963327449341
81,waking,audio,4,0.3215513737567821
81,waking,audio,5,0.16562825891854055
81,waking,audio,6,0.24284472341558855
81,waking,audio,7,0.05483590528739097
81,waking,audio,8,0.0018030235090196745
81,waking,audio,9,0.0006063602033659077
81,waking,audio,10,8.951668723117256e-05
81,waking,audio,11,5.942640613174066e-05
81,waking,audio,12,3.252189023916774e-05
81,waking,audio,13,0.0002785398263242811
81,waking,audio,14,0.0006208379341666737
81,waking,audio,15,0.0001401892109408609
81,waking,proprioceptive,0,0.5
81,waking,proprioceptive,1,0.5
81,waking,proprioceptive,2,0.0
81,waking,proprioceptive,3,0.0
81,waking,proprioceptive,4,0.0
81,waking,proprioceptive,5,0.9666740402515597
81,waking,prediction,0,0.0
81,waking,prediction,1,0.0
81,waking,prediction,2,0.0
81,waking,prediction,3,1.78574235120209e-16
81,waking,prediction,4,0.0
81,waking,prediction,5,0.0
81,waking,prediction,6,0.0
81,waking,prediction,7,0.0
81,waking,prediction,8,3.2977647073908666e-12
81,waking,prediction,9,2.593969165709039e-09
81,waking,prediction,10,1.872896647080885e-16
81,waking,prediction,11,9.309778393085425e-13
81,waking,prediction,12,0.0
81,waking,prediction,13,0.0
81,waking,prediction,14,0.0
81,waking,prediction,15,0.05804172968608186
81,waking,prediction,16,0.00019360510671733998
81,waking,prediction,17,1.2337393584304785e-09
81,waking,prediction,18,0.0
81,waking,prediction,19,0.0
81,waking,prediction,20,0.0011453966982437982
81,waking,prediction,21,0.0398818133512454
81,waking,prediction,22,5.044055949756758e-07
81,waking,prediction,23,4.543665001717112e-08
81,waking,prediction,24,0.0
81,waking,prediction,25,9.107293469650851e-07
81,waking,prediction,26,0.036206687248797886
81,waking,prediction,27,0.026997654480707647
81,waking,prediction,28,0.00048418056340346165
81,waking,prediction,29,1.4285503159225483e-11
81,waking,prediction,30,0.0
81,waking,prediction,31,0.0
81,waking,prediction,32,0.0387688810694298
81,waking,prediction,33,0.014092211468895338
81,waking,prediction,34,0.0
81,waking,prediction,35,0.0
81,waking,emotion,0,0.235419926287817
81,waking,emotion,1,0.15562750777352152
81,waking,emotion,2,0.3690601261664484
81,waking,action,0,0.004173447499479774
81,waking,action,1,0.0001201211002096029
81,waking,action,2,0.010817366977496669
81,waking,action,3,3.776012837464595e-05
81,waking,action,4,0.0
81,waking,action,5,0.0
82,waking,visual,0,0.0
82,waking,visual,1,0.0
82,waking,visual,2,0.0
82,waking,visual,3,0.0
82,waking,visual,4,0.0
82,waking,visual,5,0.0
82,waking,visual,6,0.0
82,waking,visual,7,0.0
82,waking,visual,8,0.0
82,waking,visual,9,0.0
82,waking,visual,10,0.0
82,waking,visual,11,0.0
82,waking,visual,12,0.0
82,waking,visual,13,0.0
82,waking,visual,14,0.0
82,waking,visual,15,0.5333333333333333
82,waking,visual,16,0.0
82,waking,visual,17,0.0
82,waking,visual,18,0.0
82,waking,visual,19,0.0
82,waking,visual,20,0.0
82,waking,visual,21,0.36999999999999994
82,waking,visual,22,0.0
82,waking,visual,23,0.0
82,waking,visual,24,0.0
82,waking,visual,25,0.0
82,waking,visual,26,0.0
82,waking,visual,27,0.0
82,waking,visual,28,0.0
82,waking,visual,29,0.0
82,waking,visual,30,0.0
82,waking,visual,31,0.0
82,waking,visual,32,1.0
82,waking,visual,33,0.0
82,waking,visual,34,0.0
82,waking,visual,35,0.0
82,waking,visual,36,0.0
82,waking,visual,37,0.0
82,waking,visual,38,0.0
82,waking,visual,39,0.0
82,waking,visual,40,0.0
82,waking,visual,41,0.0
82,waking,visual,42,0.0
82,waking,visual,43,0.0
82,waking,visual,44,0.0
82,waking,visual,45,0.0
82,waking,visual,46,0.0
82,waking,visual,47,0.0
82,waking,visual,48,0.0
82,waking,visual,49,0.0
82,waking,visual,50,0.0
82,waking,visual,51,0.0
82,waking,visual,52,0.0
82,waking,visual,53,0.0
82,waking,visual,54,0.0
82,waking,visual,55,0.0
82,waking,visual,56,0.0
82,waking,visual,57,0.0
82,waking,visual,58,0.0
82,waking,visual,59,0.0
82,waking,visual,60,0.0
82,waking,visual,61,0.0
82,waking,visual,62,0.0
82,waking,visual,63,0.0
82,waking,visual,64,0.0
82,waking,visual,65,0.0
82,waking,visual,66,0.0
82,waking,visual,67,0.0
82,waking,visual,68,0.0
82,waking,visual,69,0.0
82,waking,visual,70,0.0
82,waking,visual,71,0.0
82,waking,visual,72,0.0
82,waking,visual,73,0.0
82,waking,visual,74,0.0
82,waking,visual,75,0.0
82,waking,visual,76,0.0
82,waking,visual,77,0.0
82,waking,visual,78,0.0
82,waking,visual,79,0.0
82,waking,visual,80,0.0
82,waking,visual,81,0.75
82,waking,visual,82,0.1
82,waking,visual,83,0.75
82,waking,visual,84,0.0
82,waking,visual,85,0.0
82,waking,visual,86,0.0
82,waking,visual,87,0.0
82,waking,visual,88,0.0
82,waking,visual,89,0.0
82,waking,visual,90,0.0
82,waking,visual,91,0.0
82,waking,visual,92,0.0
82,waking,visual,93,0.0
82,waking,visual,94,0.0
82,waking,visual,95,0.0
82,waking,visual,96,0.0
82,waking,visual,97,0.0
82,waking,visual,98,0.0
82,waking,visual,99,0.95
82,waking,visual,100,0.08
82,waking,visual,101,0.08
82,waking,visual,102,0.0
82,waking,visual,103,0.0
82,waking,visual,104,0.0
82,waking,visual,105,0.0
82,waking,visual,106,0.0
82,waking,visual,107,0.0
82,waking,visual,108,0.0
82,waking,visual,109,0.0
82,waking,visual,110,0.0
82,waking,visual,111,0.0
82,waking,visual,112,0.0
82,waking,visual,113,0.0
82,waking,visual,114,0.0
82,waking,visual,115,0.0
82,waking,visual,116,0.0
82,waking,visual,117,0.0
82,waking,visual,118,0.0
82,waking,visual,119,0.0
82,waking,visual,120,0.0
82,waking,visual,121,0.0
82,waking,visual,122,0.0
82,waking,visual,123,0.0
82,waking,visual,124,0.0
82,waking,visual,125,0.0
82,waking,visual,126,0.0
82,waking,visual,127,0.0
82,waking,visual,128,0.0
82,waking,visual,129,0.0
82,waking,visual,130,0.0
82,waking,visual,131,0.0
82,waking,visual,132,0.73
82,waking,visual,133,1.0
82,waking,visual,134,1.0
82,waking,visual,135,0.0
82,waking,visual,136,0.0
82,waking,visual,137,0.0
82,waking,visual,138,0.0
82,waking,visual,139,0.0
82,waking,visual,140,0.0
82,waking,visual,141,0.0
82,waking,visual,142,0.0
82,waking,visual,143,0.0
82,waking,visual,144,0.0
82,waking,visual,145,0.0
82,waking,visual,146,0.0
82,waking,visual,147,0.0
82,waking,visual,148,0.0
82,waking,visual,149,0.0
82,waking,visual,150,0.0
82,waking,visual,151,0.0
82,waking,visual,152,0.0
82,waking,visual,153,0.0
82,waking,visual,154,0.0
82,waking,visual,155,0.0
82,waking,visual,156,0.0
82,waking,visual,157,0.0
82,waking,visual,158,0.0
82,waking,visual,159,0.0
82,waking,visual,160,0.0
82,waking,visual,161,0.0
82,waking,visual,162,0.0
82,waking,visual,163,0.0
82,waking,visual,164,0.0
82,waking,visual,165,0.0
82,waking,visual,166,0.0
82,waking,visual,167,0.0
82,waking,visual,168,0.0
82,waking,visual,169,0.0
82,waking,visual,170,0.0
82,waking,visual,171,0.0
82,waking,visual,172,0.0
82,waking,visual,173,0.0
82,waking,visual,174,0.0
82,waking,visual,175,0.0
82,waking,visual,176,0.0
82,waking,visual,177,0.0
82,waking,visual,178,0.0
82,waking,visual,179,0.0
82,waking,audio,0,0.2637602601726297
82,waking,audio,1,0.15158471369590787
82,waking,audio,2,0.3620507116140222
82,waking,audio,3,0.2260720945921293
82,waking,audio,4,0.32153459474711304
82,waking,audio,5,0.16533728665549122
82,waking,audio,6,0.24220878303081025
82,waking,audio,7,0.05469230584566684
82,waking,audio,8,0.0018021471921344512
82,waking,audio,9,0.000656540845138498
82,waking,audio,10,0.000187594510648037
82,waking,audio,11,2.4238152804806345e-05
82,waking,audio,12,1.6779009669065648e-05
82,waking,audio,13,0.00029097226304933277
82,waking,audio,14,0.0006359403847782941
82,waking,audio,15,0.0001435994417241307
82,waking,proprioceptive,0,0.5
82,waking,proprioceptive,1,0.5
82,waking,proprioceptive,2,0.0
82,waking,proprioceptive,3,0.0
82,waking,proprioceptive,4,0.0
82,waking,proprioceptive,5,0.9903127429399045
82,waking,prediction,0,0.0
82,waking,prediction,1,0.0
82,waking,prediction,2,0.0
82,waking,prediction,3,1.1448643315063937e-16
82,waking,prediction,4,0.0
82,waking,prediction,5,0.0
82,waking,prediction,6,0.0
82,waking,prediction,7,0.0
82,waking,prediction,8,2.078299174422486e-12
82,waking,prediction,9,1.6151636611714718e-09
82,waking,prediction,10,1.147526171717024e-16
82,waking,prediction,11,5.836955201550473e-13
82,waking,prediction,12,0.0
82,waking,prediction,13,0.0
82,waking,prediction,14,0.0
82,waking,prediction,15,0.058026765702103744
82,waking,prediction,16,0.00019320493322871895
82,waking,prediction,17,7.880952145200897e-10
82,waking,prediction,18,0.0
82,waking,prediction,19,0.0
82,waking,prediction,20,0.0010448305748624559
82,waking,prediction,21,0.03982103252532586
82,waking,prediction,22,2.996486259118354e-07
82,waking,prediction,23,2.851750060721954e-08
82,waking,prediction,24,0.0
82,waking,prediction,25,1.55958006225824e-05
82,waking,prediction,26,0.028630997000589964
82,waking,prediction,27,0.019712165383994455
82,waking,prediction,28,0.0003004301316520238
82,waking,prediction,29,9.076699745294558e-12
82,waking,prediction,30,0.0
82,waking,prediction,31,6.4937761127445286e-06
82,waking,prediction,32,0.05299717567488242
82,waking,prediction,33,0.010288039597622402
82,waking,prediction,34,0.0
82,waking,prediction,35,0.0
82,waking,emotion,0,0.2367490428620093
82,waking,emotion,1,0.15432411651096814
82,waking,emotion,2,0.3796607272924606
82,waking,action,0,0.0072006612663477795
82,waking,action,1,5.970363226399776e-05
82,waking,action,2,0.007975085662792246
82,waking,action,3,1.8024021882277036e-05
82,waking,action,4,0.0
82,waking,action,5,0.0
83,waking,visual,0,0.0
83,waking,visual,1,0.0
83,waking,visual,2,0.0
83,waking,visual,3,0.0
83,waking,visual,4,0.0
83,waking,visual,5,0.0
83,waking,visual,6,0.0
83,waking,visual,7,0.0
83,waking,visual,8,0.0
83,waking,visual,9,0.0
83,waking,visual,10,0.0
83,waking,visual,11,0.0
83,waking,visual,12,0.0
83,waking,visual,13,0.0
83,waking,visual,14,0.0
83,waking,visual,15,0.0
83,waking,visual,16,0.0
83,waking,visual,17,0.0
83,waking,visual,18,0.0
83,waking,visual,19,0.0
83,waking,visual,20,0.0
83,waking,visual,21,0.9033333333333333
83,waking,visual,22,0.0
83,waking,visual,23,0.0
83,waking,visual,24,0.0
83,waking,visual,25,0.0
83,waking,visual,26,0.0
83,waking,visual,27,0.0
83,waking,visual,28,0.0
83,waking,visual,29,0.0
83,waking,visual,30,0.0
83,waking,visual,31,0.0
83,waking,visual,32,1.0
83,waking,visual,33,0.0
83,waking,visual,34,0.0
83,waking,visual,35,0.0
83,waking,visual,36,0.0
83,waking,visual,37,0.0
83,waking,visual,38,0.0
83,waking,visual,39,0.0
83,waking,visual,40,0.0
83,waking,visual,41,0.0
83,waking,visual,42,0.0
83,waking,visual,43,0.0
83,waking,visual,44,0.0
83,waking,visual,45,0.0
83,waking,visual,46,0.0
83,waking,visual,47,0.0
83,waking,visual,48,0.0
83,waking,visual,49,0.0
83,waking,visual,50,0.0
83,waking,visual,51,0.0
83,waking,visual,52,0.0
83,waking,visual,53,0.0
83,waking,visual,54,0.0
83,waking,visual,55,0.0
83,waking,visual,56,0.0
83,waking,visual,57,0.0
83,waking,visual,58,0.0
83,waking,visual,59,0.0
83,waking,visual,60,0.0
83,waking,visual,61,0.0
83,waking,visual,62,0.0
83,waking,visual,63,0.0
83,waking,visual,64,0.0
83,waking,visual,65,0.0
83,waking,visual,66,0.0
83,waking,visual,67,0.0
83,waking,visual,68,0.0
83,waking,visual,69,0.0
83,waking,visual,70,0.0
83,waking,visual,71,0.0
83,waking,visual,72,0.0
83,waking,visual,73,0.0
83,waking,visual,74,0.0
83,waking,visual,75,0.0
83,waking,visual,76,0.0
83,waking,visual,77,0.0
83,waking,visual,78,0.0
83,waking,visual,79,0.0
83,waking,visual,80,0.0
83,waking,visual,81,0.0
83,waking,visual,82,0.0
83,waking,visual,83,0.0
83,waking,visual,84,0.0
83,waking,visual,85,0.0
83,waking,visual,86,0.0
83,waking,visual,87,0.0
83,waking,visual,88,0.0
83,waking,visual,89,0.0
83,waking,visual,90,0.0
83,waking,visual,91,0.0
83,waking,visual,92,0.0
83,waking,visual,93,0.0
83,waking,visual,94,0.0
83,waking,visual,95,0.0
83,waking,visual,96,0.0
83,waking,visual,97,0.0
83,waking,visual,98,0.0
83,waking,visual,99,1.0
83,waking,visual,100,0.18
83,waking,visual,101,0.83
83,waking,visual,102,0.0
83,waking,visual,103,0.0
83,waking,visual,104,0.0
83,waking,visual,105,0.0
83,waking,visual,106,0.0
83,waking,visual,107,0.0
83,waking,visual,108,0.0
83,waking,visual,109,0.0
83,waking,visual,110,0.0
83,waking,visual,111,0.0
83,waking,visual,112,0.0
83,waking,visual,113,0.0
83,waking,visual,114,0.0
83,waking,visual,115,0.0
83,waking,visual,116,0.0
83,waking,visual,117,0.0
83,waking,visual,118,0.0
83,waking,visual,119,0.0
83,waking,visual,120,0.0
83,waking,visual,121,0.0
83,waking,visual,122,0.0
83,waking,visual,123,0.0
83,waking,visual,124,0.0
83,waking,visual,125,0.0
83,waking,visual,126,0.0
83,waking,visual,127,0.0
83,waking,visual,128,0.0
83,waking,visual,129,0.0
83,waking,visual,130,0.0
83,waking,visual,131,0.0
83,waking,visual,132,0.73
83,waking,visual,133,1.0
83,waking,visual,134,1.0
83,waking,visual,135,0.0
83,waking,visual,136,0.0
83,waking,visual,137,0.0
83,waking,visual,138,0.0
83,waking,visual,139,0.0
83,waking,visual,140,0.0
83,waking,visual,141,0.0
83,waking,visual,142,0.0
83,waking,visual,143,0.0
83,waking,visual,144,0.0
83,waking,visual,145,0.0
83,waking,visual,146,0.0
83,waking,visual,147,0.0
83,waking,visual,148,0.0
83,waking,visual,149,0.0
83,waking,visual,150,0.0
83,waking,visual,151,0.0
83,waking,visual,152,0.0
83,waking,visual,153,0.0
83,waking,visual,154,0.0
83,waking,visual,155,0.0
83,waking,visual,156,0.0
83,waking,visual,157,0.0
83,waking,visual,158,0.0
83,waking,visual,159,0.5333333333333333
83,waking,visual,160,0.0
83,waking,visual,161,0.0
83,waking,visual,162,0.0
83,waking,visual,163,0.0
83,waking,visual,164,0.0
83,waking,visual,165,0.5333333333333334
83,waking,visual,166,0.0
83,waking,visual,167,0.0
83,waking,visual,168,0.0
83,waking,visual,169,0.0
83,waking,visual,170,0.0
83,waking,visual,171,0.0
83,waking,visual,172,0.0
83,waking,visual,173,0.0
83,waking,visual,174,0.0
83,waking,visual,175,0.0
83,waking,visual,176,0.0
83,waking,visual,177,0.0
83,waking,visual,178,0.0
83,waking,visual,179,0.0
83,waking,audio,0,0.2619590014957938
83,waking,audio,1,0.150878124692651
83,waking,audio,2,0.36158668830623525
83,waking,audio,3,0.2259643538120019
83,waking,audio,4,0.321468536480675
83,waking,audio,5,0.16503410172627114
83,waking,audio,6,0.24155823508194607
83,waking,audio,7,0.054545407921729766
83,waking,audio,8,0.001801258676835893
83,waking,audio,9,0.0007065890032568745
83,waking,audio,10,0.0004640233077869427
83,waking,audio,11,0.00010774078012740218
83,waking,audio,12,6.605826643801826e-05
83,waking,audio,13,0.0003031849292200739
83,waking,audio,14,0.000650547948864183
83,waking,audio,15,0.00014689792393707268
83,waking,proprioceptive,0,0.5
83,waking,proprioceptive,1,0.5
83,waking,proprioceptive,2,0.0
83,waking,proprioceptive,3,0.0
83,waking,proprioceptive,4,0.0
83,waking,proprioceptive,5,0.9998155006748665
83,waking,prediction,0,0.0
83,waking,prediction,1,0.0
83,waking,prediction,2,0.0
83,waking,prediction,3,7.339142292067663e-17
83,waking,prediction,4,0.0
83,waking,prediction,5,0.0
83,waking,prediction,6,0.0
83,waking,prediction,7,0.0
83,waking,prediction,8,1.310131632425482e-12
83,waking,prediction,9,1.005840963581581e-09
83,waking,prediction,10,7.027178529330205e-17
83,waking,prediction,11,3.659218860092086e-13
83,waking,prediction,12,0.0
83,waking,prediction,13,0.0
83,waking,prediction,14,0.0
83,waking,prediction,15,0.050556380603372766
83,waking,prediction,16,0.0001921630948309043
83,waking,prediction,17,5.03494322736637e-10
83,waking,prediction,18,0.0
83,waking,prediction,19,0.0
83,waking,prediction,20,0.0009195608374201506
83,waking,prediction,21,0.047008542806724896
83,waking,prediction,22,1.7791467070564113e-07
83,waking,prediction,23,1.7896643117649495e-08
83,waking,prediction,24,0.0
83,waking,prediction,25,4.517790600175852e-05
83,waking,prediction,26,0.020396218611779145
83,waking,prediction,27,0.014263854859878418
83,waking,prediction,28,0.000182987883501193
83,waking,prediction,29,5.76793740748423e-12
83,waking,prediction,30,0.0
83,waking,prediction,31,2.431510579819557e-05
83,waking,prediction,32,0.06601803209731076
83,waking,prediction,33,0.007433697433231843
83,waking,prediction,34,0.0
83,waking,prediction,35,0.0
83,waking,emotion,0,0.2437206558661655
83,waking,emotion,1,0.153189393075689
83,waking,emotion,2,0.389418086385114
83,waking,action,0,0.010134866181374986
83,waking,action,1,2.9679164888658593e-05
83,waking,action,2,0.004730958263649563
83,waking,action,3,0.001166069363181353
83,waking,action,4,0.0
83,waking,action,5,0.0
84,waking,visual,0,0.0
84,waking,visual,1,0.0
84,waking,visual,2,0.0
84,waking,visual,3,0.0
84,waking,visual,4,0.0
84,waking,visual,5,0.0
84,waking,visual,6,0.0
84,waking,visual,7,0.0
84,waking,visual,8,0.0
84,waking,visual,9,0.0
84,waking,visual,10,0.0
84,waking,visual,11,0.0
84,waking,visual,12,0.0
84,waking,visual,13,0.0
84,waking,visual,14,0.0
84,waking,visual,15,0.36999999999999994
84,waking,visual,16,0.0
84,waking,visual,17,0.0
84,waking,visual,18,0.0
84,waking,visual,19,0.0
84,waking,visual,20,0.0
84,waking,visual,21,0.5333333333333333
84,waking,visual,22,0.0
84,waking,visual,23,0.0
84,waking,visual,24,0.0
84,waking,visual,25,0.0
84,waking,visual,26,0.0
84,waking,visual,27,0.0
84,waking,visual,28,0.0
84,waking,visual,29,0.0
84,waking,visual,30,0.0
84,waking,visual,31,0.0
84,waking,visual,32,1.0
84,waking,visual,33,0.0
84,waking,visual,34,0.0
84,waking,visual,35,0.0
84,waking,visual,36,0.0
84,waking,visual,37,0.0
84,waking,visual,38,0.0
84,waking,visual,39,0.0
84,waking,visual,40,0.0
84,waking,visual,41,0.0
84,waking,visual,42,0.0
84,waking,visual,43,0.0
84,waking,visual,44,0.0
84,waking,visual,45,0.0
84,waking,visual,46,0.0
84,waking,visual,47,0.0
84,waking,visual,48,0.0
84,waking,visual,49,0.0
84,waking,visual,50,0.0
84,waking,visual,51,0.0
84,waking,visual,52,0.0
84,waking,visual,53,0.0
84,waking,visual,54,0.0
84,waking,visual,55,0.0
84,waking,visual,56,0.0
84,waking,visual,57,0.0
84,waking,visual,58,0.0
84,waking,visual,59,0.0
84,waking,visual,60,0.0
84,waking,visual,61,0.0
84,waking,visual,62,0.0
84,waking,visual,63,0.0
84,waking,visual,64,0.0
84,waking,visual,65,0.0
84,waking,visual,66,0.0
84,waking,visual,67,0.0
84,waking,visual,68,0.0
84,waking,visual,69,0.0
84,waking,visual,70,0.0
84,waking,visual,71,0.0
84,waking,visual,72,0.0
84,waking,visual,73,0.0
84,waking,visual,74,0.0
84,waking,visual,75,0.0
84,waking,visual,76,0.0
84,waking,visual,77,0.0
84,waking,visual,78,0.0
84,waking,visual,79,0.0
84,waking,visual,80,0.0
84,waking,visual,81,0.95
84,waking,visual,82,0.08
84,waking,visual,83,0.08
84,waking,visual,84,0.0
84,waking,visual,85,0.0
84,waking,visual,86,0.0
84,waking,visual,87,0.0
84,waking,visual,88,0.0
84,waking,visual,89,0.0
84,waking,visual,90,0.0
84,waking,visual,91,0.0
84,waking,visual,92,0.0
84,waking,visual,93,0.0
84,waking,visual,94,0.0
84,waking,visual,95,0.0
84,waking,visual,96,0.0
84,waking,visual,97,0.0
84,waking,visual,98,0.0
84,waking,visual,99,0.75
84,waking,visual,100,0.1
84,waking,visual,101,0.75
84,waking,visual,102,0.0
84,waking,visual,103,0.0
84,waking,visual,104,0.0
84,waking,visual,105,0.0
84,waking,visual,106,0.0
84,waking,visual,107,0.0
84,waking,visual,108,0.0
84,waking,visual,109,0.0
84,waking,visual,110,0.0
84,waking,visual,111,0.0
84,waking,visual,112,0.0
84,waking,visual,113,0.0
84,waking,visual,114,0.0
84,waking,visual,115,0.0
84,waking,visual,116,0.0
84,waking,visual,117,0.0
84,waking,visual,118,0.0
84,waking,visual,119,0.0
84,waking,visual,120,0.0
84,waking,visual,121,0.0
84,waking,visual,122,0.0
84,waking,visual,123,0.0
84,waking,visual,124,0.0
84,waking,visual,125,0.0
84,waking,visual,126,0.0
84,waking,visual,127,0.0
84,waking,visual,128,0.0
84,waking,visual,129,0.0
84,waking,visual,130,0.0
84,waking,visual,131,0.0
84,waking,visual,132,0.73
84,waking,visual,133,1.0
84,waking,visual,134,1.0
84,waking,visual,135,0.0
84,waking,visual,136,0.0
84,waking,visual,137,0.0
84,waking,visual,138,0.0
84,waking,visual,139,0.0
84,waking,visual,140,0.0
84,waking,visual,141,0.0
84,waking,visual,142,0.0
84,waking,visual,143,0.0
84,waking,visual,144,0.0
84,waking,visual,145,0.0
84,waking,visual,146,0.0
84,waking,visual,147,0.0
84,waking,visual,148,0.0
84,waking,visual,149,0.0
84,waking,visual,150,0.0
84,waking,visual,151,0.0
84,waking,visual,152,0.0
84,waking,visual,153,0.0
84,waking,visual,154,0.0
84,waking,visual,155,0.0
84,waking,visual,156,0.0
84,waking,visual,157,0.0
84,waking,visual,158,0.0
84,waking,visual,159,0.36999999999999994
84,waking,visual,160,0.0
84,waking,visual,161,0.0
84,waking,visual,162,0.0
84,waking,visual,163,0.0
84,waking,visual,164,0.0
84,waking,visual,165,0.37
84,waking,visual,166,0.0
84,waking,visual,167,0.0
84,waking,visual,168,0.0
84,waking,visual,169,0.0
84,waking,visual,170,0.0
84,waking,visual,171,0.0
84,waking,visual,172,0.0
84,waking,visual,173,0.0
84,waking,visual,174,0.0
84,waking,visual,175,0.0
84,waking,visual,176,0.0
84,waking,visual,177,0.0
84,waking,visual,178,0.0
84,waking,visual,179,0.0
84,waking,audio,0,0.2601588099382196
84,waking,audio,1,0.150122175841369
84,waking,audio,2,0.36084962577297863
84,waking,audio,3,0.22577396466540528
84,waking,audio,4,0.32135344124294085
84,waking,audio,5,0.16471893052827216
84,waking,audio,6,0.2408935757071114
84,waking,audio,7,0.05439532354676709
84,waking,audio,8,0.0018001915575742156
84,waking,audio,9,0.0007559488512819956
84,waking,audio,10,0.0007370625332566161
84,waking,audio,11,0.000190389146596609
84,waking,audio,12,0.00011509523773417518
84,waking,audio,13,0.0003151711979989813
84,waking,audio,14,0.0006646593748346752
84,waking,audio,15,0.00015008437496267374
84,waking,proprioceptive,0,0.5
84,waking,proprioceptive,1,0.5
84,waking,proprioceptive,2,0.0
84,waking,proprioceptive,3,0.0
84,waking,proprioceptive,4,0.0
84,waking,proprioceptive,5,0.9949083445209429
84,waking,prediction,0,0.0
84,waking,prediction,1,0.0
84,waking,prediction,2,0.0
84,waking,prediction,3,4.705360890719271e-17
84,waking,prediction,4,0.0
84,waking,prediction,5,0.0
84,waking,prediction,6,0.0
84,waking,prediction,7,0.0
84,waking,prediction,8,8.263329383941367e-13
84,waking,prediction,9,6.264095612086823e-10
84,waking,prediction,10,4.3017469467051224e-17
84,waking,prediction,11,2.29428889133488e-13
84,waking,prediction,12,0.0
84,waking,prediction,13,0.0
84,waking,prediction,14,0.0
84,waking,prediction,15,0.04572923315370661
84,waking,prediction,16,0.00019023563462711366
84,waking,prediction,17,3.216818989021527e-10
84,waking,prediction,18,0.0
84,waking,prediction,19,0.0
84,waking,prediction,20,0.0007860141425780103
84,waking,prediction,21,0.0516278705190987
84,waking,prediction,22,1.0559783678147395e-07
84,waking,prediction,23,1.1232836721407573e-08
84,waking,prediction,24,0.0
84,waking,prediction,25,8.157078450934337e-05
84,waking,prediction,26,0.013108902317377172
84,waking,prediction,27,0.0102915639200252
84,waking,prediction,28,0.00011151555188145566
84,waking,prediction,29,3.6654655321726155e-12
84,waking,prediction,30,0.0
84,waking,prediction,31,5.0728271986871996e-05
84,waking,prediction,32,0.07697672069115684
84,waking,prediction,33,0.00533778671255747
84,waking,prediction,34,0.0
84,waking,prediction,35,0.0
84,waking,emotion,0,0.24574206623684341
84,waking,emotion,1,0.15207490347367913
84,waking,emotion,2,0.39425302128564543
84,waking,action,0,0.012650189241122633
84,waking,action,1,0.0015224591718880202
84,waking,action,2,0.002217166762097969
84,waking,action,3,0.003515926365476085
84,waking,action,4,0.0
84,waking,action,5,0.0
85,waking,visual,0,0.0
85,waking,visual,1,0.0
85,waking,visual,2,0.0
85,waking,visual,3,0.0
85,waking,visual,4,0.0
85,waking,visual,5,0.0
85,waking,visual,6,0.0
85,waking,visual,7,0.0
85,waking,visual,8,0.0
85,waking,visual,9,0.0
85,waking,visual,10,0.0
85,waking,visual,11,0.0
85,waking,visual,12,0.0
85,waking,visual,13,0.0
85,waking,visual,14,0.0
85,waking,visual,15,0.36999999999999994
85,waking,visual,16,0.0
85,waking,visual,17,0.0
85,waking,visual,18,0.0
85,waking,visual,19,0.0
85,waking,visual,20,0.0
85,waking,visual,21,0.5333333333333333
85,waking,visual,22,0.0
85,waking,visual,23,0.0
85,waking,visual,24,0.0
85,waking,visual,25,0.0
85,waking,visual,26,0.0
85,waking,visual,27,0.0
85,waking,visual,28,0.0
85,waking,visual,29,0.0
85,waking,visual,30,0.0
85,waking,visual,31,0.0
85,waking,visual,32,1.0
85,waking,visual,33,0.0
85,waking,visual,34,0.0
85,waking,visual,35,0.0
85,waking,visual,36,0.0
85,waking,visual,37,0.0
85,waking,visual,38,0.0
85,waking,visual,39,0.0
85,waking,visual,40,0.0
85,waking,visual,41,0.0
85,waking,visual,42,0.0
85,waking,visual,43,0.0
85,waking,visual,44,0.0
85,waking,visual,45,0.0
85,waking,visual,46,0.0
85,waking,visual,47,0.0
85,waking,visual,48,0.0
85,waking,visual,49,0.0
85,waking,visual,50,0.0
85,waking,visual,51,0.0
85,waking,visual,52,0.0
85,waking,visual,53,0.0
85,waking,visual,54,0.0
85,waking,visual,55,0.0
85,waking,visual,56,0.0
85,waking,visual,57,0.0
85,waking,visual,58,0.0
85,waking,visual,59,0.0
85,waking,visual,60,0.0
85,waking,visual,61,0.0
85,waking,visual,62,0.0
85,waking,visual,63,0.0
85,waking,visual,64,0.0
85,waking,visual,65,0.0
85,waking,visual,66,0.0
85,waking,visual,67,0.0
85,waking,visual,68,0.0
85,waking,visual,69,0.0
85,waking,visual,70,0.0
85,waking,visual,71,0.0
85,waking,visual,72,0.0
85,waking,visual,73,0.0
85,waking,visual,74,0.0
85,waking,visual,75,0.0
85,waking,visual,76,0.0
85,waking,visual,77,0.0
85,waking,visual,78,0.0
85,waking,visual,79,0.0
85,waking,visual,80,0.0
85,waking,visual,81,0.95
85,waking,visual,82,0.08
85,waking,visual,83,0.08
85,waking,visual,84,0.0
85,waking,visual,85,0.0
85,waking,visual,86,0.0
85,waking,visual,87,0.0
85,waking,visual,88,0.0
85,waking,visual,89,0.0
85,waking,visual,90,0.0
85,waking,visual,91,0.0
85,waking,visual,92,0.0
85,waking,visual,93,0.0
85,waking,visual,94,0.0
85,waking,visual,95,0.0
85,waking,visual,96,0.0
85,waking,visual,97,0.0
85,waking,visual,98,0.0
85,waking,visual,99,0.75
85,waking,visual,100,0.1
85,waking,visual,101,0.75
85,waking,visual,102,0.0
85,waking,visual,103,0.0
85,waking,visual,104,0.0
85,waking,visual,105,0.0
85,waking,visual,106,0.0
85,waking,visual,107,0.0
85,waking,visual,108,0.0
85,waking,visual,109,0.0
85,waking,visual,110,0.0
85,waking,visual,111,0.0
85,waking,visual,112,0.0
85,waking,visual,113,0.0
85,waking,visual,114,0.0
85,waking,visual,115,0.0
85,waking,visual,116,0.0
85,waking,visual,117,0.0
85,waking,visual,118,0.0
85,waking,visual,119,0.0
85,waking,visual,120,0.0
85,waking,visual,121,0.0
85,waking,visual,122,0.0
85,waking,visual,123,0.0
85,waking,visual,124,0.0
85,waking,visual,125,0.0
85,waking,visual,126,0.0
85,waking,visual,127,0.0
85,waking,visual,128,0.0
85,waking,visual,129,0.0
85,waking,visual,130,0.0
85,waking,visual,131,0.0
85,waking,visual,132,0.73
85,waking,visual,133,1.0
85,waking,visual,134,1.0
85,waking,visual,135,0.0
85,waking,visual,136,0.0
85,waking,visual,137,0.0
85,waking,visual,138,0.0
85,waking,visual,139,0.0
85,waking,visual,140,0.0
85,waking,visual,141,0.0
85,waking,visual,142,0.0
85,waking,visual,143,0.0
85,waking,visual,144,0.0
85,waking,visual,145,0.0
85,waking,visual,146,0.0
85,waking,visual,147,0.0
85,waking,visual,148,0.0
85,waking,visual,149,0.0
85,waking,visual,150,0.0
85,waking,visual,151,0.0
85,waking,visual,152,0.0
85,waking,visual,153,0.0
85,waking,visual,154,0.0
85,waking,visual,155,0.0
85,waking,visual,156,0.0
85,waking,visual,157,0.0
85,waking,visual,158,0.0
85,waking,visual,159,0.0
85,waking,visual,160,0.0
85,waking,visual,161,0.0
85,waking,visual,162,0.0
85,waking,visual,163,0.0
85,waking,visual,164,0.0
85,waking,visual,165,0.0
85,waking,visual,166,0.0
85,waking,visual,167,0.0
85,waking,visual,168,0.0
85,waking,visual,169,0.0
85,waking,visual,170,0.0
85,waking,visual,171,0.0
85,waking,visual,172,0.0
85,waking,visual,173,0.0
85,waking,visual,174,0.0
85,waking,visual,175,0.0
85,waking,visual,176,0.0
85,waking,visual,177,0.0
85,waking,visual,178,0.0
85,waking,visual,179,0.0
85,waking,audio,0,0.258360025510361
85,waking,audio,1,0.1493180908593688
85,waking,audio,2,0.35984551940646514
85,waking,audio,3,0.2255024484181422
85,waking,audio,4,0.3211897650311783
85,waking,audio,5,0.164392005705858
85,waking,audio,6,0.24021530141064615
85,waking,audio,7,0.054242164834662036
85,waking,audio,8,0.0017987844278585796
85,waking,audio,9,0.0008040849820001861
85,waking,audio,10,0.0010041063665134908
85,waking,audio,11,0.00027151624726307055
85,waking,audio,12,0.00016367621176255343
85,waking,audio,13,0.00032692482241417076
85,waking,audio,14,0.0006782742964652477
85,waking,audio,15,0.00015315871210505594
85,waking,proprioceptive,0,0.5
85,waking,proprioceptive,1,0.5
85,waking,proprioceptive,2,0.0
85,waking,proprioceptive,3,0.0
85,waking,proprioceptive,4,0.0
85,waking,proprioceptive,5,0.9757327500776737
85,waking,prediction,0,0.0
85,waking,prediction,1,0.0
85,waking,prediction,2,0.0
85,waking,prediction,3,3.016740560221634e-17
85,waking,prediction,4,0.0
85,waking,prediction,5,0.0
85,waking,prediction,6,0.0
85,waking,prediction,7,0.0
85,waking,prediction,8,5.212965556939493e-13
85,waking,prediction,9,3.901149208202287e-10
85,waking,prediction,10,2.632783910392621e-17
85,waking,prediction,11,1.4384843795862835e-13
85,waking,prediction,12,0.0
85,waking,prediction,13,0.0
85,waking,prediction,14,0.0
85,waking,prediction,15,0.04267135873041096
85,waking,prediction,16,0.0001880822378054801
85,waking,prediction,17,2.0552457388832198e-10
85,waking,prediction,18,0.0
85,waking,prediction,19,0.0
85,waking,prediction,20,0.000659509580821699
85,waking,prediction,21,0.05453445025347865
85,waking,prediction,22,6.26619261514684e-08
85,waking,prediction,23,7.05025204161434e-09
85,waking,prediction,24,0.0
85,waking,prediction,25,0.00011978807567181834
85,waking,prediction,26,0.00796096680684498
85,waking,prediction,27,0.007439642096550117
85,waking,prediction,28,6.797333571610072e-05
85,waking,prediction,29,2.329393118690416e-12
85,waking,prediction,30,0.0
85,waking,prediction,31,8.10519967047499e-05
85,waking,prediction,32,0.08575380732219942
85,waking,prediction,33,0.0038262987880446943
85,waking,prediction,34,0.0
85,waking,prediction,35,0.0
85,waking,emotion,0,0.24499565435969148
85,waking,emotion,1,0.15090810753663636
85,waking,emotion,2,0.39411718394977713
85,waking,action,0,0.014489289609442
85,waking,action,1,0.00404126894576424
85,waking,action,2,0.0010388274891264904
85,waking,action,3,0.006342929418906362
85,waking,action,4,0.0
85,waking,action,5,0.0
86,waking,visual,0,0.0
86,waking,visual,1,0.0
86,waking,visual,2,0.0
86,waking,visual,3,0.0
86,waking,visual,4,0.0
86,waking,visual,5,0.0
86,waking,visual,6,0.0
86,waking,visual,7,0.0
86,waking,visual,8,0.0
86,waking,visual,9,0.0
86,waking,visual,10,0.0
86,waking,visual,11,0.0
86,waking,visual,12,0.0
86,waking,visual,13,0.0
86,waking,visual,14,0.0
86,waking,visual,15,0.36999999999999994
86,waking,visual,16,0.0
86,waking,visual,17,0.0
86,waking,visual,18,0.0
86,waking,visual,19,0.0
86,waking,visual,20,0.0
86,waking,visual,21,0.5333333333333333
86,waking,visual,22,0.0
86,waking,visual,23,0.0
86,waking,visual,24,0.0
86,waking,visual,25,0.0
86,waking,visual,26,0.0
86,waking,visual,27,0.0
86,waking,visual,28,0.0
86,waking,visual,29,0.0
86,waking,visual,30,0.0
86,waking,visual,31,0.0
86,waking,visual,32,1.0
86,waking,visual,33,0.0
86,waking,visual,34,0.0
86,waking,visual,35,0.0
86,waking,visual,36,0.0
86,waking,visual,37,0.0
86,waking,visual,38,0.0
86,waking,visual,39,0.0
86,waking,visual,40,0.0
86,waking,visual,41,0.0
86,waking,visual,42,0.0
86,waking,visual,43,0.0
86,waking,visual,44,0.0
86,waking,visual,45,0.0
86,waking,visual,46,0.0
86,waking,visual,47,0.0
86,waking,visual,48,0.0
86,waking,visual,49,0.0
86,waking,visual,50,0.0
86,waking,visual,51,0.0
86,waking,visual,52,0.0
86,waking,visual,53,0.0
86,waking,visual,54,0.0
86,waking,visual,55,0.0
86,waking,visual,56,0.0
86,waking,visual,57,0.0
86,waking,visual,58,0.0
86,waking,visual,59,0.0
86,waking,visual,60,0.0
86,waking,visual,61,0.0
86,waking,visual,62,0.0
86,waking,visual,63,0.0
86,waking,visual,64,0.0
86,waking,visual,65,0.0
86,waking,visual,66,0.0
86,waking,visual,67,0.0
86,waking,visual,68,0.0
86,waking,visual,69,0.0
86,waking,visual,70,0.0
86,waking,visual,71,0.0
86,waking,visual,72,0.0
86,waking,visual,73,0.0
86,waking,visual,74,0.0
86,waking,visual,75,0.0
86,waking,visual,76,0.0
86,waking,visual,77,0.0
86,waking,visual,78,0.0
86,waking,visual,79,0.0
86,waking,visual,80,0.0
86,waking,visual,81,0.95
86,waking,visual,82,0.08
86,waking,visual,83,0.08
86,waking,visual,84,0.0
86,waking,visual,85,0.0
86,waking,visual,86,0.0
86,waking,visual,87,0.0
86,waking,visual,88,0.0
86,waking,visual,89,0.0
86,waking,visual,90,0.0
86,waking,visual,91,0.0
86,waking,visual,92,0.0
86,waking,visual,93,0.0
86,waking,visual,94,0.0
86,waking,visual,95,0.0
86,waking,visual,96,0.0
86,waking,visual,97,0.0
86,waking,visual,98,0.0
86,waking,visual,99,0.75
86,waking,visual,100,0.1
86,waking,visual,101,0.75
86,waking,visual,102,0.0
86,waking,visual,103,0.0
86,waking,visual,104,0.0
86,waking,visual,105,0.0
86,waking,visual,106,0.0
86,waking,visual,107,0.0
86,waking,visual,108,0.0
86,waking,visual,109,0.0
86,waking,visual,110,0.0
86,waking,visual,111,0.0
86,waking,visual,112,0.0
86,waking,visual,113,0.0
86,waking,visual,114,0.0
86,waking,visual,115,0.0
86,waking,visual,116,0.0
86,waking,visual,117,0.0
86,waking,visual,118,0.0
86,waking,visual,119,0.0
86,waking,visual,120,0.0
86,waking,visual,121,0.0
86,waking,visual,122,0.0
86,waking,visual,123,0.0
86,waking,visual,124,0.0
86,waking,visual,125,0.0
86,waking,visual,126,0.0
86,waking,visual,127,0.0
86,waking,visual,128,0.0
86,waking,visual,129,0.0
86,waking,visual,130,0.0
86,waking,visual,131,0.0
86,waking,visual,132,0.73
86,waking,visual,133,1.0
86,waking,visual,134,1.0
86,waking,visual,135,0.0
86,waking,visual,136,0.0
86,waking,visual,137,0.0
86,waking,visual,138,0.0
86,waking,visual,139,0.0
86,waking,visual,140,0.0
86,waking,visual,141,0.0
86,waking,visual,142,0.0
86,waking,visual,143,0.0
86,waking,visual,144,0.0
86,waking,visual,145,0.0
86,waking,visual,146,0.0
86,waking,visual,147,0.0
86,waking,visual,148,0.0
86,waking,visual,149,0.0
86,waking,visual,150,0.0
86,waking,visual,151,0.0
86,waking,visual,152,0.0
86,waking,visual,153,0.0
86,waking,visual,154,0.0
86,waking,visual,155,0.0
86,waking,visual,156,0.0
86,waking,visual,157,0.0
86,waking,visual,158,0.0
86,waking,visual,159,0.0
86,waking,visual,160,0.0
86,waking,visual,161,0.0
86,waking,visual,162,0.0
86,waking,visual,163,0.0
86,waking,visual,164,0.0
86,waking,visual,165,0.0
86,waking,visual,166,0.0
86,waking,visual,167,0.0
86,waking,visual,168,0.0
86,waking,visual,169,0.0
86,waking,visual,170,0.0
86,waking,visual,171,0.0
86,waking,visual,172,0.0
86,waking,visual,173,0.0
86,waking,visual,174,0.0
86,waking,visual,175,0.0
86,waking,visual,176,0.0
86,waking,visual,177,0.0
86,waking,visual,178,0.0
86,waking,visual,179,0.0
86,waking,audio,0,0.2565631393074506
86,waking,audio,1,0.1484675929054465
86,waking,audio,2,0.35858279469352927
86,waking,audio,3,0.225151949374793
86,waking,audio,4,0.32097816535008533
86,waking,audio,5,0.1640535657663323
86,waking,audio,6,0.23952390821355893
86,waking,audio,7,0.054086043790158474
86,waking,audio,8,0.0017968862029104082
86,waking,audio,9,0.0008504979539223079
86,waking,audio,10,0.0012627247129358699
86,waking,audio,11,0.0003504990433492172
86,waking,audio,12,0.00021159968109296656
86,waking,audio,13,0.00033843993952570317
86,waking,audio,14,0.00069139319708722
86,waking,audio,15,0.00015612104450356268
86,waking,proprioceptive,0,0.5
86,waking,proprioceptive,1,0.5
86,waking,proprioceptive,2,0.0
86,waking,proprioceptive,3,0.0
86,waking,proprioceptive,4,0.0
86,waking,proprioceptive,5,0.9428415586721537
86,waking,prediction,0,0.0
86,waking,prediction,1,0.0
86,waking,prediction,2,0.0
86,waking,prediction,3,1.9340034593510746e-17
86,waking,prediction,4,0.0
86,waking,prediction,5,0.0
86,waking,prediction,6,0.0
86,waking,prediction,7,0.0
86,waking,prediction,8,3.2885823139317607e-13
86,waking,prediction,9,2.42942088869175e-10
86,waking,prediction,10,1.6112962616363872e-17
86,waking,prediction,11,9.01853187735643e-14
86,waking,prediction,12,0.0
86,waking,prediction,13,0.0
86,waking,prediction,14,0.0
86,waking,prediction,15,0.04073480482081016
86,waking,prediction,16,0.00018602037752936203
86,waking,prediction,17,1.3130373477803042e-10
86,waking,prediction,18,0.0
86,waking,prediction,19,0.0
86,waking,prediction,20,0.0005505989842321903
86,waking,prediction,21,0.05635570978878612
86,waking,prediction,22,3.718280730234613e-08
86,waking,prediction,23,4.4247981048875704e-09
86,waking,prediction,24,0.0
86,waking,prediction,25,0.00015908515544953839
86,waking,prediction,26,0.004834540037209723
86,waking,prediction,27,0.005420024651035619
86,waking,prediction,28,4.143198807624371e-05
86,waking,prediction,29,1.4802423082467446e-12
86,waking,prediction,30,0.0
86,waking,prediction,31,0.00011395779373971917
86,waking,prediction,32,0.09256264033578335
86,waking,prediction,33,0.002754078707705234
86,waking,prediction,34,0.0
86,waking,prediction,35,0.0
86,waking,emotion,0,0.2439146272444081
86,waking,emotion,1,0.14970183588916908
86,waking,emotion,2,0.3932545730574229
86,waking,action,0,0.01548899411341682
86,waking,action,1,0.006973020773973264
86,waking,action,2,0.00048671774076646673
86,waking,action,3,0.00915316740161306
86,waking,action,4,0.0
86,waking,action,5,0.0
87,waking,visual,0,0.0
87,waking,visual,1,0.0
87,waking,visual,2,0.0
87,waking,visual,3,0.0
87,waking,visual,4,0.0
87,waking,visual,5,0.0
87,waking,visual,6,0.0
87,waking,visual,7,0.0
87,waking,visual,8,0.0
87,waking,visual,9,0.0
87,waking,visual,10,0.0
87,waking,visual,11,0.0
87,waking,visual,12,0.0
87,waking,visual,13,0.0
87,waking,visual,14,0.0
87,waking,visual,15,0.36999999999999994
87,waking,visual,16,0.0
87,waking,visual,17,0.0
87,waking,visual,18,0.0
87,waking,visual,19,0.0
87,waking,visual,20,0.0
87,waking,visual,21,0.5333333333333333
87,waking,visual,22,0.0
87,waking,visual,23,0.0
87,waking,visual,24,0.0
87,waking,visual,25,0.0
87,waking,visual,26,0.0
87,waking,visual,27,0.0
87,waking,visual,28,0.0
87,waking,visual,29,0.0
87,waking,visual,30,0.0
87,waking,visual,31,0.0
87,waking,visual,32,1.0
87,waking,visual,33,0.0
87,waking,visual,34,0.0
87,waking,visual,35,0.0
87,waking,visual,36,0.0
87,waking,visual,37,0.0
87,waking,visual,38,0.0
87,waking,visual,39,0.0
87,waking,visual,40,0.0
87,waking,visual,41,0.0
87,waking,visual,42,0.0
87,waking,visual,43,0.0
87,waking,visual,44,0.0
87,waking,visual,45,0.0
87,waking,visual,46,0.0
87,waking,visual,47,0.0
87,waking,visual,48,0.0
87,waking,visual,49,0.0
87,waking,visual,50,0.0
87,waking,visual,51,0.0
87,waking,visual,52,0.0
87,waking,visual,53,0.0
87,waking,visual,54,0.0
87,waking,visual,55,0.0
87,waking,visual,56,0.0
87,waking,visual,57,0.0
87,waking,visual,58,0.0
87,waking,visual,59,0.0
87,waking,visual,60,0.0
87,waking,visual,61,0.0
87,waking,visual,62,0.0
87,waking,visual,63,0.0
87,waking,visual,64,0.0
87,waking,visual,65,0.0
87,waking,visual,66,0.0
87,waking,visual,67,0.0
87,waking,visual,68,0.0
87,waking,visual,69,0.0
87,waking,visual,70,0.0
87,waking,visual,71,0.0
87,waking,visual,72,0.0
87,waking,visual,73,0.0
87,waking,visual,74,0.0
87,waking,visual,75,0.0
87,waking,visual,76,0.0
87,waking,visual,77,0.0
87,waking,visual,78,0.0
87,waking,visual,79,0.0
87,waking,visual,80,0.0
87,waking,visual,81,0.95
87,waking,visual,82,0.08
87,waking,visual,83,0.08
87,waking,visual,84,0.0
87,waking,visual,85,0.0
87,waking,visual,86,0.0
87,waking,visual,87,0.0
87,waking,visual,88,0.0
87,waking,visual,89,0.0
87,waking,visual,90,0.0
87,waking,visual,91,0.0
87,waking,visual,92,0.0
87,waking,visual,93,0.0
87,waking,visual,94,0.0
87,waking,visual,95,0.0
87,waking,visual,96,0.0
87,waking,visual,97,0.0
87,waking,visual,98,0.0
87,waking,visual,99,0.75
87,waking,visual,100,0.1
87,waking,visual,101,0.75
87,waking,visual,102,0.0
87,waking,visual,103,0.0
87,waking,visual,104,0.0
87,waking,visual,105,0.0
87,waking,visual,106,0.0
87,waking,visual,107,0.0
87,waking,visual,108,0.0
87,waking,visual,109,0.0
87,waking,visual,110,0.0
87,waking,visual,111,0.0
87,waking,visual,112,0.0
87,waking,visual,113,0.0
87,waking,visual,114,0.0
87,waking,visual,115,0.0
87,waking,visual,116,0.0
87,waking,visual,117,0.0
87,waking,visual,118,0.0
87,waking,visual,119,0.0
87,waking,visual,120,0.0
87,waking,visual,121,0.0
87,waking,visual,122,0.0
87,waking,visual,123,0.0
87,waking,visual,124,0.0
87,waking,visual,125,0.0
87,waking,visual,126,0.0
87,waking,visual,127,0.0
87,waking,visual,128,0.0
87,waking,visual,129,0.0
87,waking,visual,130,0.0
87,waking,visual,131,0.0
87,waking,visual,132,0.73
87,waking,visual,133,1.0
87,waking,visual,134,1.0
87,waking,visual,135,0.0
87,waking,visual,136,0.0
87,waking,visual,137,0.0
87,waking,visual,138,0.0
87,waking,visual,139,0.0
87,waking,visual,140,0.0
87,waking,visual,141,0.0
87,waking,visual,142,0.0
87,waking,visual,143,0.0
87,waking,visual,144,0.0
87,waking,visual,145,0.0
87,waking,visual,146,0.0
87,waking,visual,147,0.0
87,waking,visual,148,0.0
87,waking,visual,149,0.0
87,waking,visual,150,0.0
87,waking,visual,151,0.0
87,waking,visual,152,0.0
87,waking,visual,153,0.0
87,waking,visual,154,0.0
87,waking,visual,155,0.0
87,waking,visual,156,0.0
87,waking,visual,157,0.0
87,waking,visual,158,0.0
87,waking,visual,159,0.0
87,waking,visual,160,0.0
87,waking,visual,161,0.0
87,waking,visual,162,0.0
87,waking,visual,163,0.0
87,waking,visual,164,0.0
87,waking,visual,165,0.0
87,waking,visual,166,0.0
87,waking,visual,167,0.0
87,waking,visual,168,0.0
87,waking,visual,169,0.0
87,waking,visual,170,0.0
87,waking,visual,171,0.0
87,waking,visual,172,0.0
87,waking,visual,173,0.0
87,waking,visual,174,0.0
87,waking,visual,175,0.0
87,waking,visual,176,0.0
87,waking,visual,177,0.0
87,waking,visual,178,0.0
87,waking,visual,179,0.0
87,waking,audio,0,0.25476877860119174
87,waking,audio,1,0.14757285524601926
87,waking,audio,2,0.35707206755160803
87,waking,audio,3,0.22472517487945448
87,waking,audio,4,0.3207194844575578
87,waking,audio,5,0.16370385469231108
87,waking,audio,6,0.238819890841367
87,waking,audio,7,0.053927072125469974
87,waking,audio,8,0.0017943607062588796
87,waking,audio,9,0.0008947376594272416
87,waking,audio,10,0.001510727141921242
87,waking,audio,11,0.0004267744953385111
87,waking,audio,12,0.0002586808925275075
87,waking,audio,13,0.0003497110740212084
87,waking,audio,14,0.0007040173721919174
87,waking,audio,15,0.0001589716646884995
87,waking,proprioceptive,0,0.5
87,waking,proprioceptive,1,0.5
87,waking,proprioceptive,2,0.0
87,waking,proprioceptive,3,0.0
87,waking,proprioceptive,4,0.0
87,waking,proprioceptive,5,0.8971830386858487
87,waking,prediction,0,0.0
87,waking,prediction,1,0.0
87,waking,prediction,2,0.0
87,waking,prediction,3,1.2397901891378713e-17
87,waking,prediction,4,0.0
87,waking,prediction,5,0.0
87,waking,prediction,6,0.0
87,waking,prediction,7,0.0
87,waking,prediction,8,2.0745050830139212e-13
87,waking,prediction,9,1.512806725390182e-10
87,waking,prediction,10,9.861389968841192e-18
87,waking,prediction,11,5.653762072997814e-14
87,waking,prediction,12,0.0
87,waking,prediction,13,0.0
87,waking,prediction,14,0.0
87,waking,prediction,15,0.039499122719434225
87,waking,prediction,16,0.00018418808859859158
87,waking,prediction,17,8.388051733198057e-11
87,waking,prediction,18,0.0
87,waking,prediction,19,0.0
87,waking,prediction,20,0.00046305827264690285
87,waking,prediction,21,0.05750026093068711
87,waking,prediction,22,2.206394615145265e-08
87,waking,prediction,23,2.7768552089602458e-09
87,waking,prediction,24,0.0
87,waking,prediction,25,0.0001984218317855029
87,waking,prediction,26,0.0029359391505587727
87,waking,prediction,27,0.004006952546516909
87,waking,prediction,28,2.525310655501016e-05
87,waking,prediction,29,9.405757246556358e-13
87,waking,prediction,30,0.0
87,waking,prediction,31,0.00014801092872642304
87,waking,prediction,32,0.09773945791708451
87,waking,prediction,33,0.002004630291696662
87,waking,prediction,34,0.0
87,waking,prediction,35,0.0
87,waking,emotion,0,0.24237253191389405
87,waking,emotion,1,0.14841972692516622
87,waking,emotion,2,0.3914300558900286
87,waking,action,0,0.015570210957015745
87,waking,action,1,0.009866345204953168
87,waking,action,2,0.00022804143210178044
87,waking,action,3,0.011594353153452495
87,waking,action,4,0.0
87,waking,action,5,0.0
88,waking,visual,0,0.0
88,waking,visual,1,0.0
88,waking,visual,2,0.0
88,waking,visual,3,0.0
88,waking,visual,4,0.0
88,waking,visual,5,0.0
88,waking,visual,6,0.0
88,waking,visual,7,0.0
88,waking,visual,8,0.0
88,waking,visual,9,0.0
88,waking,visual,10,0.0
88,waking,visual,11,0.0
88,waking,visual,12,0.0
88,waking,visual,13,0.0
88,waking,visual,14,0.0
88,waking,visual,15,0.36999999999999994
88,waking,visual,16,0.0
88,waking,visual,17,0.0
88,waking,visual,18,0.0
88,waking,visual,19,0.0
88,waking,visual,20,0.0
88,waking,visual,21,0.5333333333333333
88,waking,visual,22,0.0
88,waking,visual,23,0.0
88,waking,visual,24,0.0
88,waking,visual,25,0.0
88,waking,visual,26,0.0
88,waking,visual,27,0.0
88,waking,visual,28,0.0
88,waking,visual,29,0.0
88,waking,visual,30,0.0
88,waking,visual,31,0.0
88,waking,visual,32,1.0
88,waking,visual,33,0.0
88,waking,visual,34,0.0
88,waking,visual,35,0.0
88,waking,visual,36,0.0
88,waking,visual,37,0.0
88,waking,visual,38,0.0
88,waking,visual,39,0.0
88,waking,visual,40,0.0
88,waking,visual,41,0.0
88,waking,visual,42,0.0
88,waking,visual,43,0.0
88,waking,visual,44,0.0
88,waking,visual,45,0.0
88,waking,visual,46,0.0
88,waking,visual,47,0.0
88,waking,visual,48,0.0
88,waking,visual,49,0.0
88,waking,visual,50,0.0
88,waking,visual,51,0.0
88,waking,visual,52,0.0
88,waking,visual,53,0.0
88,waking,visual,54,0.0
88,waking,visual,55,0.0
88,waking,visual,56,0.0
88,waking,visual,57,0.0
88,waking,visual,58,0.0
88,waking,visual,59,0.0
88,waking,visual,60,0.0
88,waking,visual,61,0.0
88,waking,visual,62,0.0
88,waking,visual,63,0.0
88,waking,visual,64,0.0
88,waking,visual,65,0.0
88,waking,visual,66,0.0
88,waking,visual,67,0.0
88,waking,visual,68,0.0
88,waking,visual,69,0.0
88,waking,visual,70,0.0
88,waking,visual,71,0.0
88,waking,visual,72,0.0
88,waking,visual,73,0.0
88,waking,visual,74,0.0
88,waking,visual,75,0.0
88,waking,visual,76,0.0
88,waking,visual,77,0.0
88,waking,visual,78,0.0
88,waking,visual,79,0.0
88,waking,visual,80,0.0
88,waking,visual,81,0.95
88,waking,visual,82,0.08
88,waking,visual,83,0.08
88,waking,visual,84,0.0
88,waking,visual,85,0.0
88,waking,visual,86,0.0
88,waking,visual,87,0.0
88,waking,visual,88,0.0
88,waking,visual,89,0.0
88,waking,visual,90,0.0
88,waking,visual,91,0.0
88,waking,visual,92,0.0
88,waking,visual,93,0.0
88,waking,visual,94,0.0
88,waking,visual,95,0.0
88,waking,visual,96,0.0
88,waking,visual,97,0.0
88,waking,visual,98,0.0
88,waking,visual,99,0.75
88,waking,visual,100,0.1
88,waking,visual,101,0.75
88,waking,visual,102,0.0
88,waking,visual,103,0.0
88,waking,visual,104,0.0
88,waking,visual,105,0.0
88,waking,visual,106,0.0
88,waking,visual,107,0.0
88,waking,visual,108,0.0
88,waking,visual,109,0.0
88,waking,visual,110,0.0
88,waking,visual,111,0.0
88,waking,visual,112,0.0
88,waking,visual,113,0.0
88,waking,visual,114,0.0
88,waking,visual,115,0.0
88,waking,visual,116,0.0
88,waking,visual,117,0.0
88,waking,visual,118,0.0
88,waking,visual,119,0.0
88,waking,visual,120,0.0
88,waking,visual,121,0.0
88,waking,visual,122,0.0
88,waking,visual,123,0.0
88,waking,visual,124,0.0
88,waking,visual,125,0.0
88,waking,visual,126,0.0
88,waking,visual,127,0.0
88,waking,visual,128,0.0
88,waking,visual,129,0.0
88,waking,visual,130,0.0
88,waking,visual,131,0.0
88,waking,visual,132,0.73
88,waking,visual,133,1.0
88,waking,visual,134,1.0
88,waking,visual,135,0.0
88,waking,visual,136,0.0
88,waking,visual,137,0.0
88,waking,visual,138,0.0
88,waking,visual,139,0.0
88,waking,visual,140,0.0
88,waking,visual,141,0.0
88,waking,visual,142,0.0
88,waking,visual,143,0.0
88,waking,visual,144,0.0
88,waking,visual,145,0.0
88,waking,visual,146,0.0
88,waking,visual,147,0.0
88,waking,visual,148,0.0
88,waking,visual,149,0.0
88,waking,visual,150,0.0
88,waking,visual,151,0.0
88,waking,visual,152,0.0
88,waking,visual,153,0.0
88,waking,visual,154,0.0
88,waking,visual,155,0.0
88,waking,visual,156,0.0
88,waking,visual,157,0.0
88,waking,visual,158,0.0
88,waking,visual,159,0.0
88,waking,visual,160,0.0
88,waking,visual,161,0.0
88,waking,visual,162,0.0
88,waking,visual,163,0.0
88,waking,visual,164,0.0
88,waking,visual,165,0.0
88,waking,visual,166,0.0
88,waking,visual,167,0.0
88,waking,visual,168,0.0
88,waking,visual,169,0.0
88,waking,visual,170,0.0
88,waking,visual,171,0.0
88,waking,visual,172,0.0
88,waking,visual,173,0.0
88,waking,visual,174,0.0
88,waking,visual,175,0.0
88,waking,visual,176,0.0
88,waking,visual,177,0.0
88,waking,visual,178,0.0
88,waking,visual,179,0.0
88,waking,audio,0,0.2529776883038047
88,waking,audio,1,0.14663644140190268
88,waking,audio,2,0.35532585438334735
88,waking,audio,3,0.2242253226973882
88,waking,audio,4,0.32041472900892176
88,waking,audio,5,0.16334312155108394
88,waking,audio,6,0.2381037419506217
88,waking,audio,7,0.05376536108562426
88,waking,audio,8,0.0017910902973870546
88,waking,audio,9,0.0009364138441165792
88,waking,audio,10,0.0017462131682606796
88,waking,audio,11,0.0004998521820662738
88,waking,audio,12,0.00030475544863606263
88,waking,audio,13,0.00036073314122714306
88,waking,audio,14,0.0007161488907453106
88,waking,audio,15,0.00016171103984571195
88,waking,proprioceptive,0,0.5
88,waking,proprioceptive,1,0.5
88,waking,proprioceptive,2,0.0
88,waking,proprioceptive,3,0.0
88,waking,proprioceptive,4,0.0
88,waking,proprioceptive,5,0.8400735465350928
88,waking,prediction,0,0.0
88,waking,prediction,1,0.0
88,waking,prediction,2,0.0
88,waking,prediction,3,7.947065412184907e-18
88,waking,prediction,4,0.0
88,waking,prediction,5,0.0
88,waking,prediction,6,0.0
88,waking,prediction,7,0.0
88,waking,prediction,8,1.3085368791036108e-13
88,waking,prediction,9,9.419478447632268e-11
88,waking,prediction,10,6.035593142409508e-18
88,waking,prediction,11,3.544100949199299e-14
88,waking,prediction,12,0.0
88,waking,prediction,13,0.0
88,waking,prediction,14,0.0
88,waking,prediction,15,0.038698587770366964
88,waking,prediction,16,0.00018260623341651597
88,waking,prediction,17,5.358066699182518e-11
88,waking,prediction,18,0.0
88,waking,prediction,19,0.0
88,waking,prediction,20,0.00039561781259143394
88,waking,prediction,21,0.05822394283428198
88,waking,prediction,22,1.3093130621448905e-08
88,waking,prediction,23,1.742528337611342e-09
88,waking,prediction,24,0.0
88,waking,prediction,25,0.00023587288266921133
88,waking,prediction,26,0.0017830271854334923
88,waking,prediction,27,0.003028127531589049
88,waking,prediction,28,1.5390735712180603e-05
88,waking,prediction,29,5.97610202064718e-13
88,waking,prediction,30,0.0
88,waking,prediction,31,0.00018105958165059684
88,waking,prediction,32,0.10162195696492103
88,waking,prediction,33,0.0014871619929362825
88,waking,prediction,34,0.0
88,waking,prediction,35,0.0
88,waking,emotion,0,0.24026882545361533
88,waking,emotion,1,0.1470311804397926
88,waking,emotion,2,0.38845444218402875
88,waking,action,0,0.014721856152710495
88,waking,action,1,0.01238078874304294
88,waking,action,2,0.00010684928171551064
88,waking,action,3,0.01341617103662123
88,waking,action,4,0.0
88,waking,action,5,0.0
89,waking,visual,0,0.0
89,waking,visual,1,0.0
89,waking,visual,2,0.0
89,waking,visual,3,0.0
89,waking,visual,4,0.0
89,waking,visual,5,0.0
89,waking,visual,6,0.0
89,waking,visual,7,0.0
89,waking,visual,8,0.0
89,waking,visual,9,0.0
89,waking,visual,10,0.0
89,waking,visual,11,0.0
89,waking,visual,12,0.0
89,waking,visual,13,0.0
89,waking,visual,14,0.0
89,waking,visual,15,0.36999999999999994
89,waking,visual,16,0.0
89,waking,visual,17,0.0
89,waking,visual,18,0.0
89,waking,visual,19,0.0
89,waking,visual,20,0.0
89,waking,visual,21,0.5333333333333333
89,waking,visual,22,0.0
89,waking,visual,23,0.0
89,waking,visual,24,0.0
89,waking,visual,25,0.0
89,waking,visual,26,0.0
89,waking,visual,27,0.0
89,waking,visual,28,0.0
89,waking,visual,29,0.0
89,waking,visual,30,0.0
89,waking,visual,31,0.0
89,waking,visual,32,1.0
89,waking,visual,33,0.0
89,waking,visual,34,0.0
89,waking,visual,35,0.0
89,waking,visual,36,0.0
89,waking,visual,37,0.0
89,waking,visual,38,0.0
89,waking,visual,39,0.0
89,waking,visual,40,0.0
89,waking,visual,41,0.0
89,waking,visual,42,0.0
89,waking,visual,43,0.0
89,waking,visual,44,0.0
89,waking,visual,45,0.0
89,waking,visual,46,0.0
89,waking,visual,47,0.0
89,waking,visual,48,0.0
89,waking,visual,49,0.0
89,waking,visual,50,0.0
89,waking,visual,51,0.0
89,waking,visual,52,0.0
89,waking,visual,53,0.0
89,waking,visual,54,0.0
89,waking,visual,55,0.0
89,waking,visual,56,0.0
89,waking,visual,57,0.0
89,waking,visual,58,0.0
89,waking,visual,59,0.0
89,waking,visual,60,0.0
89,waking,visual,61,0.0
89,waking,visual,62,0.0
89,waking,visual,63,0.0
89,waking,visual,64,0.0
89,waking,visual,65,0.0
89,waking,visual,66,0.0
89,waking,visual,67,0.0
89,waking,visual,68,0.0
89,waking,visual,69,0.0
89,waking,visual,70,0.0
89,waking,visual,71,0.0
89,waking,visual,72,0.0
89,waking,visual,73,0.0
89,waking,visual,74,0.0
89,waking,visual,75,0.0
89,waking,visual,76,0.0
89,waking,visual,77,0.0
89,waking,visual,78,0.0
89,waking,visual,79,0.0
89,waking,visual,80,0.0
89,waking,visual,81,0.95
89,waking,visual,82,0.08
89,waking,visual,83,0.08
89,waking,visual,84,0.0
89,waking,visual,85,0.0
89,waking,visual,86,0.0
89,waking,visual,87,0.0
89,waking,visual,88,0.0
89,waking,visual,89,0.0
89,waking,visual,90,0.0
89,waking,visual,91,0.0
89,waking,visual,92,0.0
89,waking,visual,93,0.0
89,waking,visual,94,0.0
89,waking,visual,95,0.0
89,waking,visual,96,0.0
89,waking,visual,97,0.0
89,waking,visual,98,0.0
89,waking,visual,99,0.75
89,waking,visual,100,0.1
89,waking,visual,101,0.75
89,waking,visual,102,0.0
89,waking,visual,103,0.0
89,waking,visual,104,0.0
89,waking,visual,105,0.0
89,waking,visual,106,0.0
89,waking,visual,107,0.0
89,waking,visual,108,0.0
89,waking,visual,109,0.0
89,waking,visual,110,0.0
89,waking,visual,111,0.0
89,waking,visual,112,0.0
89,waking,visual,113,0.0
89,waking,visual,114,0.0
89,waking,visual,115,0.0
89,waking,visual,116,0.0
89,waking,visual,117,0.0
89,waking,visual,118,0.0
89,waking,visual,119,0.0
89,waking,visual,120,0.0
89,waking,visual,121,0.0
89,waking,visual,122,0.0
89,waking,visual,123,0.0
89,waking,visual,124,0.0
89,waking,visual,125,0.0
89,waking,visual,126,0.0
89,waking,visual,127,0.0
89,waking,visual,128,0.0
89,waking,visual,129,0.0
89,waking,visual,130,0.0
89,waking,visual,131,0.0
89,waking,visual,132,0.73
89,waking,visual,133,1.0
89,waking,visual,134,1.0
89,waking,visual,135,0.0
89,waking,visual,136,0.0
89,waking,visual,137,0.0
89,waking,visual,138,0.0
89,waking,visual,139,0.0
89,waking,visual,140,0.0
89,waking,visual,141,0.0
89,waking,visual,142,0.0
89,waking,visual,143,0.0
89,waking,visual,144,0.0
89,waking,visual,145,0.0
89,waking,visual,146,0.0
89,waking,visual,147,0.0
89,waking,visual,148,0.0
89,waking,visual,149,0.0
89,waking,visual,150,0.0
89,waking,visual,151,0.0
89,waking,visual,152,0.0
89,waking,visual,153,0.0
89,waking,visual,154,0.0
89,waking,visual,155,0.0
89,waking,visual,156,0.0
89,waking,visual,157,0.0
89,waking,visual,158,0.0
89,waking,visual,159,0.0
89,waking,visual,160,0.0
89,waking,visual,161,0.0
89,waking,visual,162,0.0
89,waking,visual,163,0.0
89,waking,visual,164,0.0
89,waking,visual,165,0.0
89,waking,visual,166,0.0
89,waking,visual,167,0.0
89,waking,visual,168,0.0
89,waking,visual,169,0.0
89,waking,visual,170,0.0
89,waking,visual,171,0.0
89,waking,visual,172,0.0
89,waking,visual,173,0.0
89,waking,visual,174,0.0
89,waking,visual,175,0.0
89,waking,visual,176,0.0
89,waking,visual,177,0.0
89,waking,visual,178,0.0
89,waking,visual,179,0.0
89,waking,audio,0,0.2511907098970828
89,waking,audio,1,0.14566123802738196
89,waking,audio,2,0.3533582474414608
89,waking,audio,3,0.22365599967568497
89,waking,audio,4,0.320065047183135
89,waking,audio,5,0.16297162010156718
89,waking,audio,6,0.23737595139511752
89,waking,audio,7,0.05360102128276848
89,waking,audio,8,0.001786978406721873
89,waking,audio,9,0.0009752033745207278
89,waking,audio,10,0.001967606941886524
89,waking,audio,11,0.000569323021703233
89,waking,audio,12,0.0003496818257867629
89,waking,audio,13,0.00037150144951675346
89,waking,audio,14,0.0007277905555041764
89,waking,audio,15,0.00016433980285578131
89,waking,proprioceptive,0,0.5
89,waking,proprioceptive,1,0.5
89,waking,proprioceptive,2,0.0
89,waking,proprioceptive,3,0.0
89,waking,proprioceptive,4,0.0
89,waking,proprioceptive,5,0.7731595755019454
89,waking,prediction,0,0.0
89,waking,prediction,1,0.0
89,waking,prediction,2,0.0
89,waking,prediction,3,6.152002810550843e-18
89,waking,prediction,4,0.0
89,waking,prediction,5,0.0
89,waking,prediction,6,0.0
89,waking,prediction,7,0.0
89,waking,prediction,8,8.252843108768678e-14
89,waking,prediction,9,5.864397425124038e-11
89,waking,prediction,10,3.694370851665678e-18
89,waking,prediction,11,2.2214483653551224e-14
89,waking,prediction,12,0.0
89,waking,prediction,13,0.0
89,waking,prediction,14,0.0
89,waking,prediction,15,0.03816729373944023
89,waking,prediction,16,0.00018123809854299377
89,waking,prediction,17,3.4222252934414996e-11
89,waking,prediction,18,0.0
89,waking,prediction,19,0.0
89,waking,prediction,20,0.0003451382063605382
89,waking,prediction,21,0.05868503899512929
89,waking,prediction,22,7.770392316996554e-09
89,waking,prediction,23,1.0933721517931129e-09
89,waking,prediction,24,0.0
89,waking,prediction,25,0.00026989137661486437
89,waking,prediction,26,0.0010829476407436813
89,waking,prediction,27,0.0023689289787733915
89,waking,prediction,28,9.378856235191517e-06
89,waking,prediction,29,3.7966107294587293e-13
89,waking,prediction,30,0.0
89,waking,prediction,31,0.0002114139697173587
89,waking,prediction,32,0.10450609877931384
89,waking,prediction,33,0.0011411484760504374
89,waking,prediction,34,0.0
89,waking,prediction,35,0.0
89,waking,emotion,0,0.2375307642636533
89,waking,emotion,1,0.14551206094189714
89,waking,emotion,2,0.38418866376903954
89,waking,action,0,0.013001633170977531
89,waking,action,1,0.014266733758576247
89,waking,action,2,5.006942149698402e-05
89,waking,action,3,0.01445283864961604
89,waking,action,4,0.0
89,waking,action,5,0.0
90,waking,visual,0,0.0
90,waking,visual,1,0.0
90,waking,visual,2,0.0
90,waking,visual,3,0.0
90,waking,visual,4,0.0
90,waking,visual,5,0.0
90,waking,visual,6,0.0
90,waking,visual,7,0.0
90,waking,visual,8,0.0
90,waking,visual,9,0.0
90,waking,visual,10,0.0
90,waking,visual,11,0.0
90,waking,visual,12,0.0
90,waking,visual,13,0.0
90,waking,visual,14,0.0
90,waking,visual,15,0.36999999999999994
90,waking,visual,16,0.0
90,waking,visual,17,0.0
90,waking,visual,18,0.0
90,waking,visual,19,0.0
90,waking,visual,20,0.0
90,waking,visual,21,0.5333333333333333
90,waking,visual,22,0.0
90,waking,visual,23,0.0
90,waking,visual,24,0.0
90,waking,visual,25,0.0
90,waking,visual,26,0.0
90,waking,visual,27,0.0
90,waking,visual,28,0.0
90,waking,visual,29,0.0
90,waking,visual,30,0.0
90,waking,visual,31,0.0
90,waking,visual,32,1.0
90,waking,visual,33,0.0
90,waking,visual,34,0.0
90,waking,visual,35,0.0
90,waking,visual,36,0.0
90,waking,visual,37,0.0
90,waking,visual,38,0.0
90,waking,visual,39,0.0
90,waking,visual,40,0.0
90,waking,visual,41,0.0
90,waking,visual,42,0.0
90,waking,visual,43,0.0
90,waking,visual,44,0.0
90,waking,visual,45,0.0
90,waking,visual,46,0.0
90,waking,visual,47,0.0
90,waking,visual,48,0.0
90,waking,visual,49,0.0
90,waking,visual,50,0.0
90,waking,visual,51,0.0
90,waking,visual,52,0.0
90,waking,visual,53,0.0
90,waking,visual,54,0.0
90,waking,visual,55,0.0
90,waking,visual,56,0.0
90,waking,visual,57,0.0
90,waking,visual,58,0.0
90,waking,visual,59,0.0
90,waking,visual,60,0.0
90,waking,visual,61,0.0
90,waking,visual,62,0.0
90,waking,visual,63,0.0
90,waking,visual,64,0.0
90,waking,visual,65,0.0
90,waking,visual,66,0.0
90,waking,visual,67,0.0
90,waking,visual,68,0.0
90,waking,visual,69,0.0
90,waking,visual,70,0.0
90,waking,visual,71,0.0
90,waking,visual,72,0.0
90,waking,visual,73,0.0
90,waking,visual,74,0.0
90,waking,visual,75,0.0
90,waking,visual,76,0.0
90,waking,visual,77,0.0
90,waking,visual,78,0.0
90,waking,visual,79,0.0
90,waking,visual,80,0.0
90,waking,visual,81,0.95
90,waking,visual,82,0.08
90,waking,visual,83,0.08
90,waking,visual,84,0.0
90,waking,visual,85,0.0
90,waking,visual,86,0.0
90,waking,visual,87,0.0
90,waking,visual,88,0.0
90,waking,visual,89,0.0
90,waking,visual,90,0.0
90,waking,visual,91,0.0
90,waking,visual,92,0.0
90,waking,visual,93,0.0
90,waking,visual,94,0.0
90,waking,visual,95,0.0
90,waking,visual,96,0.0
90,waking,visual,97,0.0
90,waking,visual,98,0.0
90,waking,visual,99,0.75
90,waking,visual,100,0.1
90,waking,visual,101,0.75
90,waking,visual,102,0.0
90,waking,visual,103,0.0
90,waking,visual,104,0.0
90,waking,visual,105,0.0
90,waking,visual,106,0.0
90,waking,visual,107,0.0
90,waking,visual,108,0.0
90,waking,visual,109,0.0
90,waking,visual,110,0.0
90,waking,visual,111,0.0
90,waking,visual,112,0.0
90,waking,visual,113,0.0
90,waking,visual,114,0.0
90,waking,visual,115,0.0
90,waking,visual,116,0.0
90,waking,visual,117,0.0
90,waking,visual,118,0.0
90,waking,visual,119,0.0
90,waking,visual,120,0.0
90,waking,visual,121,0.0
90,waking,visual,122,0.0
90,waking,visual,123,0.0
90,waking,visual,124,0.0
90,waking,visual,125,0.0
90,waking,visual,126,0.0
90,waking,visual,127,0.0
90,waking,visual,128,0.0
90,waking,visual,129,0.0
90,waking,visual,130,0.0
90,waking,visual,131,0.0
90,waking,visual,132,0.73
90,waking,visual,133,1.0
90,waking,visual,134,1.0
90,waking,visual,135,0.0
90,waking,visual,136,0.0
90,waking,visual,137,0.0
90,waking,visual,138,0.0
90,waking,visual,139,0.0
90,waking,visual,140,0.0
90,waking,visual,141,0.0
90,waking,visual,142,0.0
90,waking,visual,143,0.0
90,waking,visual,144,0.0
90,waking,visual,145,0.0
90,waking,visual,146,0.0
90,waking,visual,147,0.0
90,waking,visual,148,0.0
90,waking,visual,149,0.0
90,waking,visual,150,0.0
90,waking,visual,151,0.0
90,waking,visual,152,0.0
90,waking,visual,153,0.0
90,waking,visual,154,0.0
90,waking,visual,155,0.0
90,waking,visual,156,0.0
90,waking,visual,157,0.0
90,waking,visual,158,0.0
90,waking,visual,159,0.0
90,waking,visual,160,0.0
90,waking,visual,161,0.0
90,waking,visual,162,0.0
90,waking,visual,163,0.0
90,waking,visual,164,0.0
90,waking,visual,165,0.0
90,waking,visual,166,0.0
90,waking,visual,167,0.0
90,waking,visual,168,0.0
90,waking,visual,169,0.0
90,waking,visual,170,0.0
90,waking,visual,171,0.0
90,waking,visual,172,0.0
90,waking,visual,173,0.0
90,waking,visual,174,0.0
90,waking,visual,175,0.0
90,waking,visual,176,0.0
90,waking,visual,177,0.0
90,waking,visual,178,0.0
90,waking,visual,179,0.0
90,waking,audio,0,0.2494087589587441
90,waking,audio,1,0.14465038389377877
90,waking,audio,2,0.3511845716752715
90,waking,audio,3,0.22302113572638826
90,waking,audio,4,0.3196717044155296
90,waking,audio,5,0.16258960839947706
90,waking,audio,6,0.23663700553251216
90,waking,audio,7,0.053434162539599525
90,waking,audio,8,0.0017819509383387167
90,waking,audio,9,0.0010108541336031895
90,waking,audio,10,0.0021736757661893202
90,waking,audio,11,0.0006348639492967101
90,waking,audio,12,0.0003933427676053869
90,waking,audio,13,0.0003820117020901237
90,waking,audio,14,0.0007389458626053669
90,waking,audio,15,0.00016685874316895583
90,waking,proprioceptive,0,0.5
90,waking,proprioceptive,1,0.5
90,waking,proprioceptive,2,0.0
90,waking,proprioceptive,3,0.0
90,waking,proprioceptive,4,0.0
90,waking,proprioceptive,5,0.6983702865653061
90,waking,prediction,0,0.0
90,waking,prediction,1,0.0
90,waking,prediction,2,0.0
90,waking,prediction,3,5.751371220733703e-18
90,waking,prediction,4,0.0
90,waking,prediction,5,0.0
90,waking,prediction,6,0.0
90,waking,prediction,7,0.0
90,waking,prediction,8,5.204098061730752e-14
90,waking,prediction,9,3.650581582451671e-11
90,waking,prediction,10,2.2616303536370473e-18
90,waking,prediction,11,1.3922646455457937e-14
90,waking,prediction,12,0.0
90,waking,prediction,13,0.0
90,waking,prediction,14,0.0
90,waking,prediction,15,0.037802277998272876
90,waking,prediction,16,0.0001800244278493882
90,waking,prediction,17,2.1855040847751802e-11
90,waking,prediction,18,0.0
90,waking,prediction,19,0.0
90,waking,prediction,20,0.00030811446046127676
90,waking,prediction,21,0.058980812558488464
90,waking,prediction,22,4.612152506303038e-09
90,waking,prediction,23,6.859801581273339e-10
90,waking,prediction,24,0.0
90,waking,prediction,25,0.0002995840301845284
90,waking,prediction,26,0.0006578355724633833
90,waking,prediction,27,0.0019236721461674637
90,waking,prediction,28,5.7143168131255485e-06
90,waking,prediction,29,2.4116658491694484e-13
90,waking,prediction,30,0.0
90,waking,prediction,31,0.00023807945307098723
90,waking,prediction,32,0.10662241842620691
90,waking,prediction,33,0.0009094032383274222
90,waking,prediction,34,0.0
90,waking,prediction,35,0.0
90,waking,emotion,0,0.23411457256443563
90,waking,emotion,1,0.14384522344924325
90,waking,emotion,2,0.3785465983533267
90,waking,action,0,0.010537572035277542
90,waking,action,1,0.015355151894107784
90,waking,action,2,2.3466106954928277e-05
90,waking,action,3,0.01461357419605733
90,waking,action,4,0.0
90,waking,action,5,0.0
91,waking,visual,0,0.0
91,waking,visual,1,0.0
91,waking,visual,2,0.0
91,waking,visual,3,0.0
91,waking,visual,4,0.0
91,waking,visual,5,0.0
91,waking,visual,6,0.0
91,waking,visual,7,0.0
91,waking,visual,8,0.0
91,waking,visual,9,0.0
91,waking,visual,10,0.0
91,waking,visual,11,0.0
91,waking,visual,12,0.0
91,waking,visual,13,0.0
91,waking,visual,14,0.0
91,waking,visual,15,0.36999999999999994
91,waking,visual,16,0.0
91,waking,visual,17,0.0
91,waking,visual,18,0.0
91,waking,visual,19,0.0
91,waking,visual,20,0.0
91,waking,visual,21,0.0
91,waking,visual,22,0.5333333333333333
91,waking,visual,23,0.0
91,waking,visual,24,0.0
91,waking,visual,25,0.0
91,waking,visual,26,0.0
91,waking,visual,27,0.0
91,waking,visual,28,0.0
91,waking,visual,29,0.0
91,waking,visual,30,0.0
91,waking,visual,31,0.0
91,waking,visual,32,1.0
91,waking,visual,33,0.0
91,waking,visual,34,0.0
91,waking,visual,35,0.0
91,waking,visual,36,0.0
91,waking,visual,37,0.0
91,waking,visual,38,0.0
91,waking,visual,39,0.0
91,waking,visual,40,0.0
91,waking,visual,41,0.0
91,waking,visual,42,0.0
91,waking,visual,43,0.0
91,waking,visual,44,0.0
91,waking,visual,45,0.0
91,waking,visual,46,0.0
91,waking,visual,47,0.0
91,waking,visual,48,0.0
91,waking,visual,49,0.0
91,waking,visual,50,0.0
91,waking,visual,51,0.0
91,waking,visual,52,0.0
91,waking,visual,53,0.0
91,waking,visual,54,0.0
91,waking,visual,55,0.0
91,waking,visual,56,0.0
91,waking,visual,57,0.0
91,waking,visual,58,0.0
91,waking,visual,59,0.0
91,waking,visual,60,0.0
91,waking,visual,61,0.0
91,waking,visual,62,0.0
91,waking,visual,63,0.0
91,waking,visual,64,0.0
91,waking,visual,65,0.0
91,waking,visual,66,0.0
91,waking,visual,67,0.0
91,waking,visual,68,0.0
91,waking,visual,69,0.0
91,waking,visual,70,0.0
91,waking,visual,71,0.0
91,waking,visual,72,0.0
91,waking,visual,73,0.0
91,waking,visual,74,0.0
91,waking,visual,75,0.0
91,waking,visual,76,0.0
91,waking,visual,77,0.0
91,waking,visual,78,0.0
91,waking,visual,79,0.0
91,waking,visual,80,0.0
91,waking,visual,81,0.95
91,waking,visual,82,0.08
91,waking,visual,83,0.08
91,waking,visual,84,0.0
91,waking,visual,85,0.0
91,waking,visual,86,0.0
91,waking,visual,87,0.0
91,waking,visual,88,0.0
91,waking,visual,89,0.0
91,waking,visual,90,0.0
91,waking,visual,91,0.0
91,waking,visual,92,0.0
91,waking,visual,93,0.0
91,waking,visual,94,0.0
91,waking,visual,95,0.0
91,waking,visual,96,0.0
91,waking,visual,97,0.0
91,waking,visual,98,0.0
91,waking,visual,99,0.0
91,waking,visual,100,0.0
91,waking,visual,101,0.0
91,waking,visual,102,0.75
91,waking,visual,103,0.1
91,waking,visual,104,0.75
91,waking,visual,105,0.0
91,waking,visual,106,0.0
91,waking,visual,107,0.0
91,waking,visual,108,0.0
91,waking,visual,109,0.0
91,waking,visual,110,0.0
91,waking,visual,111,0.0
91,waking,visual,112,0.0
91,waking,visual,113,0.0
91,waking,visual,114,0.0
91,waking,visual,115,0.0
91,waking,visual,116,0.0
91,waking,visual,117,0.0
91,waking,visual,118,0.0
91,waking,visual,119,0.0
91,waking,visual,120,0.0
91,waking,visual,121,0.0
91,waking,visual,122,0.0
91,waking,visual,123,0.0
91,waking,visual,124,0.0
91,waking,visual,125,0.0
91,waking,visual,126,0.0
91,waking,visual,127,0.0
91,waking,visual,128,0.0
91,waking,visual,129,0.0
91,waking,visual,130,0.0
91,waking,visual,131,0.0
91,waking,visual,132,0.73
91,waking,visual,133,1.0
91,waking,visual,134,1.0
91,waking,visual,135,0.0
91,waking,visual,136,0.0
91,waking,visual,137,0.0
91,waking,visual,138,0.0
91,waking,visual,139,0.0
91,waking,visual,140,0.0
91,waking,visual,141,0.0
91,waking,visual,142,0.0
91,waking,visual,143,0.0
91,waking,visual,144,0.0
91,waking,visual,145,0.0
91,waking,visual,146,0.0
91,waking,visual,147,0.0
91,waking,visual,148,0.0
91,waking,visual,149,0.0
91,waking,visual,150,0.0
91,waking,visual,151,0.0
91,waking,visual,152,0.0
91,waking,visual,153,0.0
91,waking,visual,154,0.0
91,waking,visual,155,0.0
91,waking,visual,156,0.0
91,waking,visual,157,0.0
91,waking,visual,158,0.0
91,waking,visual,159,0.0
91,waking,visual,160,0.0
91,waking,visual,161,0.0
91,waking,visual,162,0.0
91,waking,visual,163,0.0
91,waking,visual,164,0.0
91,waking,visual,165,0.5333333333333333
91,waking,visual,166,0.5333333333333333
91,waking,visual,167,0.0
91,waking,visual,168,0.0
91,waking,visual,169,0.0
91,waking,visual,170,0.0
91,waking,visual,171,0.0
91,waking,visual,172,0.0
91,waking,visual,173,0.0
91,waking,visual,174,0.0
91,waking,visual,175,0.0
91,waking,visual,176,0.0
91,waking,visual,177,0.0
91,waking,visual,178,0.0
91,waking,visual,179,0.0
91,waking,audio,0,0.24763280237069302
91,waking,audio,1,0.14360719820831758
91,waking,audio,2,0.3488210385527565
91,waking,audio,3,0.2223248970064895
91,waking,audio,4,0.3192360588154028
91,waking,audio,5,0.1621973484013776
91,waking,audio,6,0.235887386571819
91,waking,audio,7,0.05326489374202365
91,waking,audio,8,0.0017759565880510753
91,waking,audio,9,0.0010431856854611898
91,waking,audio,10,0.002363533122515027
91,waking,audio,11,0.0006962387198987674
91,waking,audio,12,0.00043564560012682163
91,waking,audio,13,0.0003922599980994701
91,waking,audio,14,0.0007496189606931436
91,waking,audio,15,0.0001692687975758736
91,waking,proprioceptive,0,0.5
91,waking,proprioceptive,1,0.5
91,waking,proprioceptive,2,0.0
91,waking,proprioceptive,3,0.0
91,waking,proprioceptive,4,0.0
91,waking,proprioceptive,5,0.6178618897905545
91,waking,prediction,0,0.0
91,waking,prediction,1,0.0
91,waking,prediction,2,0.0
91,waking,prediction,3,5.3762098023628514e-18
91,waking,prediction,4,0.0
91,waking,prediction,5,0.0
91,waking,prediction,6,0.0
91,waking,prediction,7,0.0
91,waking,prediction,8,3.280864321307645e-14
91,waking,prediction,9,2.2721181430280187e-11
91,waking,prediction,10,1.384798779497965e-18
91,waking,prediction,11,8.724812581000871e-15
91,waking,prediction,12,0.0
91,waking,prediction,13,0.0
91,waking,prediction,14,0.0
91,waking,prediction,15,0.037533882791356554
91,waking,prediction,16,0.00017294734539375964
91,waking,prediction,17,1.3954855371572813e-11
91,waking,prediction,18,0.0
91,waking,prediction,19,0.0
91,waking,prediction,20,0.0002665150139591924
91,waking,prediction,21,0.0512232993062211
91,waking,prediction,22,0.004340749742859334
91,waking,prediction,23,4.3033214376634365e-10
91,waking,prediction,24,0.0
91,waking,prediction,25,0.0003246212834708908
91,waking,prediction,26,0.0003996785869651773
91,waking,prediction,27,0.0016158372138127294
91,waking,prediction,28,3.4808014052523075e-06
91,waking,prediction,29,1.5316849013162017e-13
91,waking,prediction,30,0.0
91,waking,prediction,31,0.0002606580030312038
91,waking,prediction,32,0.10815764561526599
91,waking,prediction,33,0.0007538005684219306
91,waking,prediction,34,0.0
91,waking,prediction,35,0.0
91,waking,emotion,0,0.23107251666941236
91,waking,emotion,1,0.1420949202217388
91,waking,emotion,2,0.3718697831260822
91,waking,action,0,0.0075278448374560235
91,waking,action,1,0.01555133330753501
91,waking,action,2,1.1000260937920771e-05
91,waking,action,3,0.013877612741042936
91,waking,action,4,0.0
91,waking,action,5,0.0
92,waking,visual,0,0.0
92,waking,visual,1,0.0
92,waking,visual,2,0.0
92,waking,visual,3,0.0
92,waking,visual,4,0.0
92,waking,visual,5,0.0
92,waking,visual,6,0.0
92,waking,visual,7,0.0
92,waking,visual,8,0.0
92,waking,visual,9,0.0
92,waking,visual,10,0.0
92,waking,visual,11,0.0
92,waking,visual,12,0.0
92,waking,visual,13,0.0
92,waking,visual,14,0.0
92,waking,visual,15,0.36999999999999994
92,waking,visual,16,0.0
92,waking,visual,17,0.0
92,waking,visual,18,0.0
92,waking,visual,19,0.0
92,waking,visual,20,0.0
92,waking,visual,21,0.0
92,waking,visual,22,0.5333333333333333
92,waking,visual,23,0.0
92,waking,visual,24,0.0
92,waking,visual,25,0.0
92,waking,visual,26,0.0
92,waking,visual,27,0.0
92,waking,visual,28,0.0
92,waking,visual,29,0.0
92,waking,visual,30,0.0
92,waking,visual,31,0.0
92,waking,visual,32,1.0
92,waking,visual,33,0.0
92,waking,visual,34,0.0
92,waking,visual,35,0.0
92,waking,visual,36,0.0
92,waking,visual,37,0.0
92,waking,visual,38,0.0
92,waking,visual,39,0.0
92,waking,visual,40,0.0
92,waking,visual,41,0.0
92,waking,visual,42,0.0
92,waking,visual,43,0.0
92,waking,visual,44,0.0
92,waking,visual,45,0.0
92,waking,visual,46,0.0
92,waking,visual,47,0.0
92,waking,visual,48,0.0
92,waking,visual,49,0.0
92,waking,visual,50,0.0
92,waking,visual,51,0.0
92,waking,visual,52,0.0
92,waking,visual,53,0.0
92,waking,visual,54,0.0
92,waking,visual,55,0.0
92,waking,visual,56,0.0
92,waking,visual,57,0.0
92,waking,visual,58,0.0
92,waking,visual,59,0.0
92,waking,visual,60,0.0
92,waking,visual,61,0.0
92,waking,visual,62,0.0
92,waking,visual,63,0.0
92,waking,visual,64,0.0
92,waking,visual,65,0.0
92,waking,visual,66,0.0
92,waking,visual,67,0.0
92,waking,visual,68,0.0
92,waking,visual,69,0.0
92,waking,visual,70,0.0
92,waking,visual,71,0.0
92,waking,visual,72,0.0
92,waking,visual,73,0.0
92,waking,visual,74,0.0
92,waking,visual,75,0.0
92,waking,visual,76,0.0
92,waking,visual,77,0.0
92,waking,visual,78,0.0
92,waking,visual,79,0.0
92,waking,visual,80,0.0
92,waking,visual,81,0.95
92,waking,visual,82,0.08
92,waking,visual,83,0.08
92,waking,visual,84,0.0
92,waking,visual,85,0.0
92,waking,visual,86,0.0
92,waking,visual,87,0.0
92,waking,visual,88,0.0
92,waking,visual,89,0.0
92,waking,visual,90,0.0
92,waking,visual,91,0.0
92,waking,visual,92,0.0
92,waking,visual,93,0.0
92,waking,visual,94,0.0
92,waking,visual,95,0.0
92,waking,visual,96,0.0
92,waking,visual,97,0.0
92,waking,visual,98,0.0
92,waking,visual,99,0.0
92,waking,visual,100,0.0
92,waking,visual,101,0.0
92,waking,visual,102,0.75
92,waking,visual,103,0.1
92,waking,visual,104,0.75
92,waking,visual,105,0.0
92,waking,visual,106,0.0
92,waking,visual,107,0.0
92,waking,visual,108,0.0
92,waking,visual,109,0.0
92,waking,visual,110,0.0
92,waking,visual,111,0.0
92,waking,visual,112,0.0
92,waking,visual,113,0.0
92,waking,visual,114,0.0
92,waking,visual,115,0.0
92,waking,visual,116,0.0
92,waking,visual,117,0.0
92,waking,visual,118,0.0
92,waking,visual,119,0.0
92,waking,visual,120,0.0
92,waking,visual,121,0.0
92,waking,visual,122,0.0
92,waking,visual,123,0.0
92,waking,visual,124,0.0
92,waking,visual,125,0.0
92,waking,visual,126,0.0
92,waking,visual,127,0.0
92,waking,visual,128,0.0
92,waking,visual,129,0.0
92,waking,visual,130,0.0
92,waking,visual,131,0.0
92,waking,visual,132,0.73
92,waking,visual,133,1.0
92,waking,visual,134,1.0
92,waking,visual,135,0.0
92,waking,visual,136,0.0
92,waking,visual,137,0.0
92,waking,visual,138,0.0
92,waking,visual,139,0.0
92,waking,visual,140,0.0
92,waking,visual,141,0.0
92,waking,visual,142,0.0
92,waking,visual,143,0.0
92,waking,visual,144,0.0
92,waking,visual,145,0.0
92,waking,visual,146,0.0
92,waking,visual,147,0.0
92,waking,visual,148,0.0
92,waking,visual,149,0.0
92,waking,visual,150,0.0
92,waking,visual,151,0.0
92,waking,visual,152,0.0
92,waking,visual,153,0.0
92,waking,visual,154,0.0
92,waking,visual,155,0.0
92,waking,visual,156,0.0
92,waking,visual,157,0.0
92,waking,visual,158,0.0
92,waking,visual,159,0.0
92,waking,visual,160,0.0
92,waking,visual,161,0.0
92,waking,visual,162,0.0
92,waking,visual,163,0.0
92,waking,visual,164,0.0
92,waking,visual,165,0.0
92,waking,visual,166,0.0
92,waking,visual,167,0.0
92,waking,visual,168,0.0
92,waking,visual,169,0.0
92,waking,visual,170,0.0
92,waking,visual,171,0.0
92,waking,visual,172,0.0
92,waking,visual,173,0.0
92,waking,visual,174,0.0
92,waking,visual,175,0.0
92,waking,visual,176,0.0
92,waking,visual,177,0.0
92,waking,visual,178,0.0
92,waking,visual,179,0.0
92,waking,audio,0,0.24586383617480484
92,waking,audio,1,0.14253511114361286
92,waking,audio,2,0.3462844106466525
92,waking,audio,3,0.22157160174325385
92,waking,audio,4,0.3187595372290948
92,waking,audio,5,0.1617951055682883
92,waking,audio,6,0.23512757196199296
92,waking,audio,7,0.053093322701095194
92,waking,audio,8,0.0017689661958881775
92,waking,audio,9,0.0010720870647047132
92,waking,audio,10,0.002536627906103983
92,waking,audio,11,0.0007532952632356427
92,waking,audio,12,0.00047652158630800967
92,waking,audio,13,0.0004022428330892891
92,waking,audio,14,0.0007598146098260483
92,waking,audio,15,0.00017157104092845737
92,waking,proprioceptive,0,0.5
92,waking,proprioceptive,1,0.5
92,waking,proprioceptive,2,0.0
92,waking,proprioceptive,3,0.0
92,waking,proprioceptive,4,0.0
92,waking,proprioceptive,5,0.5339554797881818
92,waking,prediction,0,0.0
92,waking,prediction,1,0.0
92,waking,prediction,2,0.0
92,waking,prediction,3,5.025058736464586e-18
92,waking,prediction,4,0.0
92,waking,prediction,5,0.0
92,waking,prediction,6,0.0
92,waking,prediction,7,0.0
92,waking,prediction,8,2.0679182293949625e-14
92,waking,prediction,9,1.4138887093382558e-11
92,waking,prediction,10,8.481293639395351e-19
92,waking,prediction,11,5.467006530465363e-15
92,waking,prediction,12,0.0
92,waking,prediction,13,0.0
92,waking,prediction,14,0.0
92,waking,prediction,15,0.03732147551476854
92,waking,prediction,16,0.00015713005557925152
92,waking,prediction,17,8.908716395581061e-12
92,waking,prediction,18,0.0
92,waking,prediction,19,0.0
92,waking,prediction,20,0.00020170316669472973
92,waking,prediction,21,0.04121720069013762
92,waking,prediction,22,0.011861075065039155
92,waking,prediction,23,2.6993248503523916e-10
92,waking,prediction,24,0.0
92,waking,prediction,25,0.0003450504103840227
92,waking,prediction,26,0.00024289267577661368
92,waking,prediction,27,0.001395085068484726
92,waking,prediction,28,2.1198056811161957e-06
92,waking,prediction,29,9.726094025870404e-14
92,waking,prediction,30,0.0
92,waking,prediction,31,0.0002792214361979376
92,waking,prediction,32,0.10926329116277186
92,waking,prediction,33,0.0006489416785365563
92,waking,prediction,34,0.0
92,waking,prediction,35,0.0
92,waking,emotion,0,0.2262005339945178
92,waking,emotion,1,0.14010693026220478
92,waking,emotion,2,0.36340783923733716
92,waking,action,0,0.004237115908135319
92,waking,action,1,0.014831174893439322
92,waking,action,2,0.001602292528889332
92,waking,action,3,0.012294172981177555
92,waking,action,4,0.0
92,waking,action,5,0.0
93,waking,visual,0,0.0
93,waking,visual,1,0.0
93,waking,visual,2,0.0
93,waking,visual,3,0.0
93,waking,visual,4,0.0
93,waking,visual,5,0.0
93,waking,visual,6,0.0
93,waking,visual,7,0.0
93,waking,visual,8,0.0
93,waking,visual,9,0.0
93,waking,visual,10,0.0
93,waking,visual,11,0.0
93,waking,visual,12,0.0
93,waking,visual,13,0.0
93,waking,visual,14,0.0
93,waking,visual,15,0.36999999999999994
93,waking,visual,16,0.0
93,waking,visual,17,0.0
93,waking,visual,18,0.0
93,waking,visual,19,0.0
93,waking,visual,20,0.0
93,waking,visual,21,0.0
93,waking,visual,22,0.5333333333333333
93,waking,visual,23,0.0
93,waking,visual,24,0.0
93,waking,visual,25,0.0
93,waking,visual,26,0.0
93,waking,visual,27,0.0
93,waking,visual,28,0.0
93,waking,visual,29,0.0
93,waking,visual,30,0.0
93,waking,visual,31,0.75
93,waking,visual,32,0.4033333333333333
93,waking,visual,33,0.0
93,waking,visual,34,0.0
93,waking,visual,35,0.0
93,waking,visual,36,0.0
93,waking,visual,37,0.0
93,waking,visual,38,0.0
93,waking,visual,39,0.0
93,waking,visual,40,0.0
93,waking,visual,41,0.0
93,waking,visual,42,0.0
93,waking,visual,43,0.0
93,waking,visual,44,0.0
93,waking,visual,45,0.0
93,waking,visual,46,0.0
93,waking,visual,47,0.0
93,waking,visual,48,0.0
93,waking,visual,49,0.0
93,waking,visual,50,0.0
93,waking,visual,51,0.0
93,waking,visual,52,0.0
93,waking,visual,53,0.0
93,waking,visual,54,0.0
93,waking,visual,55,0.0
93,waking,visual,56,0.0
93,waking,visual,57,0.0
93,waking,visual,58,0.0
93,waking,visual,59,0.0
93,waking,visual,60,0.0
93,waking,visual,61,0.0
93,waking,visual,62,0.0
93,waking,visual,63,0.0
93,waking,visual,64,0.0
93,waking,visual,65,0.0
93,waking,visual,66,0.0
93,waking,visual,67,0.0
93,waking,visual,68,0.0
93,waking,visual,69,0.0
93,waking,visual,70,0.0
93,waking,visual,71,0.0
93,waking,visual,72,0.0
93,waking,visual,73,0.0
93,waking,visual,74,0.0
93,waking,visual,75,0.0
93,waking,visual,76,0.0
93,waking,visual,77,0.0
93,waking,visual,78,0.0
93,waking,visual,79,0.0
93,waking,visual,80,0.0
93,waking,visual,81,0.95
93,waking,visual,82,0.08
93,waking,visual,83,0.08
93,waking,visual,84,0.0
93,waking,visual,85,0.0
93,waking,visual,86,0.0
93,waking,visual,87,0.0
93,waking,visual,88,0.0
93,waking,visual,89,0.0
93,waking,visual,90,0.0
93,waking,visual,91,0.0
93,waking,visual,92,0.0
93,waking,visual,93,0.0
93,waking,visual,94,0.0
93,waking,visual,95,0.0
93,waking,visual,96,0.0
93,waking,visual,97,0.0
93,waking,visual,98,0.0
93,waking,visual,99,0.0
93,waking,visual,100,0.0
93,waking,visual,101,0.0
93,waking,visual,102,0.75
93,waking,visual,103,0.1
93,waking,visual,104,0.75
93,waking,visual,105,0.0
93,waking,visual,106,0.0
93,waking,visual,107,0.0
93,waking,visual,108,0.0
93,waking,visual,109,0.0
93,waking,visual,110,0.0
93,waking,visual,111,0.0
93,waking,visual,112,0.0
93,waking,visual,113,0.0
93,waking,visual,114,0.0
93,waking,visual,115,0.0
93,waking,visual,116,0.0
93,waking,visual,117,0.0
93,waking,visual,118,0.0
93,waking,visual,119,0.0
93,waking,visual,120,0.0
93,waking,visual,121,0.0
93,waking,visual,122,0.0
93,waking,visual,123,0.0
93,waking,visual,124,0.0
93,waking,visual,125,0.0
93,waking,visual,126,0.0
93,waking,visual,127,0.0
93,waking,visual,128,0.0
93,waking,visual,129,0.65
93,waking,visual,130,0.95
93,waking,visual,131,0.65
93,waking,visual,132,0.08
93,waking,visual,133,0.18
93,waking,visual,134,0.95
93,waking,visual,135,0.0
93,waking,visual,136,0.0
93,waking,visual,137,0.0
93,waking,visual,138,0.0
93,waking,visual,139,0.0
93,waking,visual,140,0.0
93,waking,visual,141,0.0
93,waking,visual,142,0.0
93,waking,visual,143,0.0
93,waking,visual,144,0.0
93,waking,visual,145,0.0
93,waking,visual,146,0.0
93,waking,visual,147,0.0
93,waking,visual,148,0.0
93,waking,visual,149,0.0
93,waking,visual,150,0.0
93,waking,visual,151,0.0
93,waking,visual,152,0.0
93,waking,visual,153,0.0
93,waking,visual,154,0.0
93,waking,visual,155,0.0
93,waking,visual,156,0.0
93,waking,visual,157,0.0
93,waking,visual,158,0.0
93,waking,visual,159,0.0
93,waking,visual,160,0.0
93,waking,visual,161,0.0
93,waking,visual,162,0.0
93,waking,visual,163,0.0
93,waking,visual,164,0.0
93,waking,visual,165,0.0
93,waking,visual,166,0.0
93,waking,visual,167,0.0
93,waking,visual,168,0.0
93,waking,visual,169,0.0
93,waking,visual,170,0.0
93,waking,visual,171,0.0
93,waking,visual,172,0.0
93,waking,visual,173,0.0
93,waking,visual,174,0.0
93,waking,visual,175,0.75
93,waking,visual,176,0.5966666666666667
93,waking,visual,177,0.0
93,waking,visual,178,0.0
93,waking,visual,179,0.0
93,waking,audio,0,0.2441028648729701
93,waking,audio,1,0.1414375989479451
93,waking,audio,2,0.3435916883494445
93,waking,audio,3,0.2207656415477483
93,waking,audio,4,0.3182436127416117
93,waking,audio,5,0.16138314846956686
93,waking,audio,6,0.23435803382159762
93,waking,audio,7,0.05291955602423173
93,waking,audio,8,0.0017609713018347517
93,waking,audio,9,0.0010975121956677547
93,waking,audio,10,0.0026927222972080167
93,waking,audio,11,0.0008059601955055506
93,waking,audio,12,0.0005159244874830549
93,waking,audio,13,0.00041195709872143826
93,waking,audio,14,0.0007695381403953483
93,waking,audio,15,0.00017376667686346686
93,waking,proprioceptive,0,0.5
93,waking,proprioceptive,1,0.5
93,waking,proprioceptive,2,0.0
93,waking,proprioceptive,3,0.0
93,waking,proprioceptive,4,0.0
93,waking,proprioceptive,5,0.4490701174741205
93,waking,prediction,0,0.0
93,waking,prediction,1,0.0
93,waking,prediction,2,0.0
93,waking,prediction,3,4.6961426049498785e-18
93,waking,prediction,4,0.0
93,waking,prediction,5,0.0
93,waking,prediction,6,0.0
93,waking,prediction,7,0.0
93,waking,prediction,8,1.3029571821293283e-14
93,waking,prediction,9,8.79640573986248e-12
93,waking,prediction,10,5.195992339410428e-19
93,waking,prediction,11,3.425127421621889e-15
93,waking,prediction,12,0.0
93,waking,prediction,13,0.0
93,waking,prediction,14,0.0
93,waking,prediction,15,0.03714524240276986
93,waking,prediction,16,0.00013941898593280717
93,waking,prediction,17,5.68605843929172e-12
93,waking,prediction,18,0.0
93,waking,prediction,19,0.0
93,waking,prediction,20,0.0001272534331884157
93,waking,prediction,21,0.03164209559895917
93,waking,prediction,22,0.01955693084353272
93,waking,prediction,23,1.69293430310654e-10
93,waking,prediction,24,0.0
93,waking,prediction,25,0.0003667668801840323
93,waking,prediction,26,0.00014765511449411306
93,waking,prediction,27,0.00122428150800671
93,waking,prediction,28,1.2905175565463264e-06
93,waking,prediction,29,6.174682367497399e-14
93,waking,prediction,30,0.0
93,waking,prediction,31,0.009990011157447805
93,waking,prediction,32,0.10312261084333234
93,waking,prediction,33,0.0005646417981481051
93,waking,prediction,34,0.0
93,waking,prediction,35,0.0
93,waking,emotion,0,0.22204658203322755
93,waking,emotion,1,0.13805774078077396
93,waking,emotion,2,0.35410843422549076
93,waking,action,0,0.0019991636432670815
93,waking,action,1,0.013241017632207053
93,waking,action,2,0.004234971246032967
93,waking,action,3,0.009977327905051828
93,waking,action,4,0.0
93,waking,action,5,0.0
94,waking,visual,0,0.0
94,waking,visual,1,0.0
94,waking,visual,2,0.0
94,waking,visual,3,0.0
94,waking,visual,4,0.0
94,waking,visual,5,0.0
94,waking,visual,6,0.0
94,waking,visual,7,0.0
94,waking,visual,8,0.0
94,waking,visual,9,0.0
94,waking,visual,10,0.0
94,waking,visual,11,0.0
94,waking,visual,12,0.0
94,waking,visual,13,0.0
94,waking,visual,14,0.0
94,waking,visual,15,0.36999999999999994
94,waking,visual,16,0.0
94,waking,visual,17,0.0
94,waking,visual,18,0.0
94,waking,visual,19,0.0
94,waking,visual,20,0.0
94,waking,visual,21,0.0
94,waking,visual,22,0.5333333333333333
94,waking,visual,23,0.0
94,waking,visual,24,0.0
94,waking,visual,25,0.0
94,waking,visual,26,0.0
94,waking,visual,27,0.0
94,waking,visual,28,0.0
94,waking,visual,29,0.0
94,waking,visual,30,0.0
94,waking,visual,31,0.75
94,waking,visual,32,0.4033333333333333
94,waking,visual,33,0.0
94,waking,visual,34,0.0
94,waking,visual,35,0.0
94,waking,visual,36,0.0
94,waking,visual,37,0.0
94,waking,visual,38,0.0
94,waking,visual,39,0.0
94,waking,visual,40,0.0
94,waking,visual,41,0.0
94,waking,visual,42,0.0
94,waking,visual,43,0.0
94,waking,visual,44,0.0
94,waking,visual,45,0.0
94,waking,visual,46,0.0
94,waking,visual,47,0.0
94,waking,visual,48,0.0
94,waking,visual,49,0.0
94,waking,visual,50,0.0
94,waking,visual,51,0.0
94,waking,visual,52,0.0
94,waking,visual,53,0.0
94,waking,visual,54,0.0
94,waking,visual,55,0.0
94,waking,visual,56,0.0
94,waking,visual,57,0.0
94,waking,visual,58,0.0
94,waking,visual,59,0.0
94,waking,visual,60,0.0
94,waking,visual,61,0.0
94,waking,visual,62,0.0
94,waking,visual,63,0.0
94,waking,visual,64,0.0
94,waking,visual,65,0.0
94,waking,visual,66,0.0
94,waking,visual,67,0.0
94,waking,visual,68,0.0
94,waking,visual,69,0.0
94,waking,visual,70,0.0
94,waking,visual,71,0.0
94,waking,visual,72,0.0
94,waking,visual,73,0.0
94,waking,visual,74,0.0
94,waking,visual,75,0.0
94,waking,visual,76,0.0
94,waking,visual,77,0.0
94,waking,visual,78,0.0
94,waking,visual,79,0.0
94,waking,visual,80,0.0
94,waking,visual,81,0.95
94,waking,visual,82,0.08
94,waking,visual,83,0.08
94,waking,visual,84,0.0
94,waking,visual,85,0.0
94,waking,visual,86,0.0
94,waking,visual,87,0.0
94,waking,visual,88,0.0
94,waking,visual,89,0.0
94,waking,visual,90,0.0
94,waking,visual,91,0.0
94,waking,visual,92,0.0
94,waking,visual,93,0.0
94,waking,visual,94,0.0
94,waking,visual,95,0.0
94,waking,visual,96,0.0
94,waking,visual,97,0.0
94,waking,visual,98,0.0
94,waking,visual,99,0.0
94,waking,visual,100,0.0
94,waking,visual,101,0.0
94,waking,visual,102,0.75
94,waking,visual,103,0.1
94,waking,visual,104,0.75
94,waking,visual,105,0.0
94,waking,visual,106,0.0
94,waking,visual,107,0.0
94,waking,visual,108,0.0
94,waking,visual,109,0.0
94,waking,visual,110,0.0
94,waking,visual,111,0.0
94,waking,visual,112,0.0
94,waking,visual,113,0.0
94,waking,visual,114,0.0
94,waking,visual,115,0.0
94,waking,visual,116,0.0
94,waking,visual,117,0.0
94,waking,visual,118,0.0
94,waking,visual,119,0.0
94,waking,visual,120,0.0
94,waking,visual,121,0.0
94,waking,visual,122,0.0
94,waking,visual,123,0.0
94,waking,visual,124,0.0
94,waking,visual,125,0.0
94,waking,visual,126,0.0
94,waking,visual,127,0.0
94,waking,visual,128,0.0
94,waking,visual,129,0.65
94,waking,visual,130,0.95
94,waking,visual,131,0.65
94,waking,visual,132,0.08
94,waking,visual,133,0.18
94,waking,visual,134,0.95
94,waking,visual,135,0.0
94,waking,visual,136,0.0
94,waking,visual,137,0.0
94,waking,visual,138,0.0
94,waking,visual,139,0.0
94,waking,visual,140,0.0
94,waking,visual,141,0.0
94,waking,visual,142,0.0
94,waking,visual,143,0.0
94,waking,visual,144,0.0
94,waking,visual,145,0.0
94,waking,visual,146,0.0
94,waking,visual,147,0.0
94,waking,visual,148,0.0
94,waking,visual,149,0.0
94,waking,visual,150,0.0
94,waking,visual,151,0.0
94,waking,visual,152,0.0
94,waking,visual,153,0.0
94,waking,visual,154,0.0
94,waking,visual,155,0.0
94,waking,visual,156,0.0
94,waking,visual,157,0.0
94,waking,visual,158,0.0
94,waking,visual,159,0.0
94,waking,visual,160,0.0
94,waking,visual,161,0.0
94,waking,visual,162,0.0
94,waking,visual,163,0.0
94,waking,visual,164,0.0
94,waking,visual,165,0.0
94,waking,visual,166,0.0
94,waking,visual,167,0.0
94,waking,visual,168,0.0
94,waking,visual,169,0.0
94,waking,visual,170,0.0
94,waking,visual,171,0.0
94,waking,visual,172,0.0
94,waking,visual,173,0.0
94,waking,visual,174,0.0
94,waking,visual,175,0.0
94,waking,visual,176,0.0
94,waking,visual,177,0.0
94,waking,visual,178,0.0
94,waking,visual,179,0.0
94,waking,audio,0,0.24235088277253367
94,waking,audio,1,0.14031812542106104
94,waking,audio,2,0.34075982727293386
94,waking,audio,3,0.2199114103574832
94,waking,audio,4,0.3176897842154465
94,waking,audio,5,0.16096174838781324
94,waking,audio,6,0.2335792384093335
94,waking,audio,7,0.05274369899565596
94,waking,audio,8,0.0017519821004364222
94,waking,audio,9,0.0011194735268840739
94,waking,audio,10,0.0028318610765106222
94,waking,audio,11,0.0008542311902650923
94,waking,audio,12,0.000553828526165201
94,waking,audio,13,0.0004214000817536201
94,waking,audio,14,0.0007787954122641105
94,waking,audio,15,0.00017585702857576824
94,waking,proprioceptive,0,0.5
94,waking,proprioceptive,1,0.5
94,waking,proprioceptive,2,0.0
94,waking,proprioceptive,3,0.0
94,waking,proprioceptive,4,0.0
94,waking,proprioceptive,5,0.3656530874158177
94,waking,prediction,0,0.0
94,waking,prediction,1,0.0
94,waking,prediction,2,0.0
94,waking,prediction,3,4.388255210900387e-18
94,waking,prediction,4,0.0
94,waking,prediction,5,0.0
94,waking,prediction,6,0.0
94,waking,prediction,7,0.0
94,waking,prediction,8,8.207079404095293e-15
94,waking,prediction,9,5.471245209838964e-12
94,waking,prediction,10,3.1844285452939745e-19
94,waking,prediction,11,2.1456217253252916e-15
94,waking,prediction,12,0.0
94,waking,prediction,13,0.0
94,waking,prediction,14,0.0
94,waking,prediction,15,0.036995581218000395
94,waking,prediction,16,0.00012271065033156466
94,waking,prediction,17,3.628266610415257e-12
94,waking,prediction,18,0.0
94,waking,prediction,19,0.0
94,waking,prediction,20,8.025833087866483e-05
94,waking,prediction,21,0.023528406803671926
94,waking,prediction,22,0.0262677180907537
94,waking,prediction,23,1.0616327081038506e-10
94,waking,prediction,24,0.0
94,waking,prediction,25,0.0003962085491953471
94,waking,prediction,26,8.979220799124536e-05
94,waking,prediction,27,0.001071432605667278
94,waking,prediction,28,7.854036255078407e-07
94,waking,prediction,29,3.919072681569269e-14
94,waking,prediction,30,0.0
94,waking,prediction,31,0.022682265440848698
94,waking,prediction,32,0.09433455942336323
94,waking,prediction,33,0.0004743131185524919
94,waking,prediction,34,0.0
94,waking,prediction,35,0.0
94,waking,emotion,0,0.21587748246271352
94,waking,emotion,1,0.1357677269332508
94,waking,emotion,2,0.34312038478821083
94,waking,action,0,0.0009429076292063693
94,waking,action,1,0.010897104157368194
94,waking,action,2,0.007200219305617088
94,waking,action,3,0.0071144259387857615
94,waking,action,4,0.0
94,waking,action,5,0.0
95,waking,visual,0,0.0
95,waking,visual,1,0.0
95,waking,visual,2,0.0
95,waking,visual,3,0.0
95,waking,visual,4,0.0
95,waking,visual,5,0.0
95,waking,visual,6,0.0
95,waking,visual,7,0.0
95,waking,visual,8,0.0
95,waking,visual,9,0.0
95,waking,visual,10,0.0
95,waking,visual,11,0.0
95,waking,visual,12,0.0
95,waking,visual,13,0.0
95,waking,visual,14,0.0
95,waking,visual,15,0.36999999999999994
95,waking,visual,16,0.0
95,waking,visual,17,0.0
95,waking,visual,18,0.0
95,waking,visual,19,0.0
95,waking,visual,20,0.0
95,waking,visual,21,0.0
95,waking,visual,22,0.5333333333333333
95,waking,visual,23,0.0
95,waking,visual,24,0.0
95,waking,visual,25,0.0
95,waking,visual,26,0.0
95,waking,visual,27,0.0
95,waking,visual,28,0.0
95,waking,visual,29,0.0
95,waking,visual,30,0.0
95,waking,visual,31,0.75
95,waking,visual,32,0.4033333333333333
95,waking,visual,33,0.0
95,waking,visual,34,0.0
95,waking,visual,35,0.0
95,waking,visual,36,0.0
95,waking,visual,37,0.0
95,waking,visual,38,0.0
95,waking,visual,39,0.0
95,waking,visual,40,0.0
95,waking,visual,41,0.0
95,waking,visual,42,0.0
95,waking,visual,43,0.0
95,waking,visual,44,0.0
95,waking,visual,45,0.0
95,waking,visual,46,0.0
95,waking,visual,47,0.0
95,waking,visual,48,0.0
95,waking,visual,49,0.0
95,waking,visual,50,0.0
95,waking,visual,51,0.0
95,waking,visual,52,0.0
95,waking,visual,53,0.0
95,waking,visual,54,0.0
95,waking,visual,55,0.0
95,waking,visual,56,0.0
95,waking,visual,57,0.0
95,waking,visual,58,0.0
95,waking,visual,59,0.0
95,waking,visual,60,0.0
95,waking,visual,61,0.0
95,waking,visual,62,0.0
95,waking,visual,63,0.0
95,waking,visual,64,0.0
95,waking,visual,65,0.0
95,waking,visual,66,0.0
95,waking,visual,67,0.0
95,waking,visual,68,0.0
95,waking,visual,69,0.0
95,waking,visual,70,0.0
95,waking,visual,71,0.0
95,waking,visual,72,0.0
95,waking,visual,73,0.0
95,waking,visual,74,0.0
95,waking,visual,75,0.0
95,waking,visual,76,0.0
95,waking,visual,77,0.0
95,waking,visual,78,0.0
95,waking,visual,79,0.0
95,waking,visual,80,0.0
95,waking,visual,81,0.95
95,waking,visual,82,0.08
95,waking,visual,83,0.08
95,waking,visual,84,0.0
95,waking,visual,85,0.0
95,waking,visual,86,0.0
95,waking,visual,87,0.0
95,waking,visual,88,0.0
95,waking,visual,89,0.0
95,waking,visual,90,0.0
95,waking,visual,91,0.0
95,waking,visual,92,0.0
95,waking,visual,93,0.0
95,waking,visual,94,0.0
95,waking,visual,95,0.0
95,waking,visual,96,0.0
95,waking,visual,97,0.0
95,waking,visual,98,0.0
95,waking,visual,99,0.0
95,waking,visual,100,0.0
95,waking,visual,101,0.0
95,waking,visual,102,0.75
95,waking,visual,103,0.1
95,waking,visual,104,0.75
95,waking,visual,105,0.0
95,waking,visual,106,0.0
95,waking,visual,107,0.0
95,waking,visual,108,0.0
95,waking,visual,109,0.0
95,waking,visual,110,0.0
95,waking,visual,111,0.0
95,waking,visual,112,0.0
95,waking,visual,113,0.0
95,waking,visual,114,0.0
95,waking,visual,115,0.0
95,waking,visual,116,0.0
95,waking,visual,117,0.0
95,waking,visual,118,0.0
95,waking,visual,119,0.0
95,waking,visual,120,0.0
95,waking,visual,121,0.0
95,waking,visual,122,0.0
95,waking,visual,123,0.0
95,waking,visual,124,0.0
95,waking,visual,125,0.0
95,waking,visual,126,0.0
95,waking,visual,127,0.0
95,waking,visual,128,0.0
95,waking,visual,129,0.65
95,waking,visual,130,0.95
95,waking,visual,131,0.65
95,waking,visual,132,0.08
95,waking,visual,133,0.18
95,waking,visual,134,0.95
95,waking,visual,135,0.0
95,waking,visual,136,0.0
95,waking,visual,137,0.0
95,waking,visual,138,0.0
95,waking,visual,139,0.0
95,waking,visual,140,0.0
95,waking,visual,141,0.0
95,waking,visual,142,0.0
95,waking,visual,143,0.0
95,waking,visual,144,0.0
95,waking,visual,145,0.0
95,waking,visual,146,0.0
95,waking,visual,147,0.0
95,waking,visual,148,0.0
95,waking,visual,149,0.0
95,waking,visual,150,0.0
95,waking,visual,151,0.0
95,waking,visual,152,0.0
95,waking,visual,153,0.0
95,waking,visual,154,0.0
95,waking,visual,155,0.0
95,waking,visual,156,0.0
95,waking,visual,157,0.0
95,waking,visual,158,0.0
95,waking,visual,159,0.0
95,waking,visual,160,0.0
95,waking,visual,161,0.0
95,waking,visual,162,0.0
95,waking,visual,163,0.0
95,waking,visual,164,0.0
95,waking,visual,165,0.0
95,waking,visual,166,0.0
95,waking,visual,167,0.0
95,waking,visual,168,0.0
95,waking,visual,169,0.0
95,waking,visual,170,0.0
95,waking,visual,171,0.0
95,waking,visual,172,0.0
95,waking,visual,173,0.0
95,waking,visual,174,0.0
95,waking,visual,175,0.0
95,waking,visual,176,0.0
95,waking,visual,177,0.0
95,waking,visual,178,0.0
95,waking,visual,179,0.0
95,waking,audio,0,0.24060885777738278
95,waking,audio,1,0.13918009093890504
95,waking,audio,2,0.33780549200260185
95,waking,audio,3,0.21901324242801096
95,waking,audio,4,0.31709955826550357
95,waking,audio,5,0.16053117892556887
95,waking,audio,6,0.23279164563501056
95,waking,audio,7,0.05256585546597013
95,waking,audio,8,0.001742024995150887
95,waking,audio,9,0.0011380344821559918
95,waking,audio,10,0.002954335270332009
95,waking,audio,11,0.0008981679294722544
95,waking,audio,12,0.0005902259499429574
95,waking,audio,13,0.0004305694622443734
95,waking,audio,14,0.0007875927743229427
95,waking,audio,15,0.0001778435296858269
95,waking,proprioceptive,0,0.5
95,waking,proprioceptive,1,0.5
95,waking,proprioceptive,2,0.0
95,waking,proprioceptive,3,0.0
95,waking,proprioceptive,4,0.0
95,waking,proprioceptive,5,0.2861093414772778
95,waking,prediction,0,0.0
95,waking,prediction,1,0.0
95,waking,prediction,2,0.0
95,waking,prediction,3,4.0998163348487925e-18
95,waking,prediction,4,0.0
95,waking,prediction,5,0.0
95,waking,prediction,6,0.0
95,waking,prediction,7,0.0
95,waking,prediction,8,5.167193803913266e-15
95,waking,prediction,9,3.402126103105798e-12
95,waking,prediction,10,1.952395237824107e-19
95,waking,prediction,11,1.3438464350158462e-15
95,waking,prediction,12,0.0
95,waking,prediction,13,0.0
95,waking,prediction,14,0.0
95,waking,prediction,15,0.03686215737305414
95,waking,prediction,16,0.0001082079778192271
95,waking,prediction,17,2.3145747489481488e-12
95,waking,prediction,18,0.0
95,waking,prediction,19,0.0
95,waking,prediction,20,5.0596596844019426e-05
95,waking,prediction,21,0.01709680466186702
95,waking,prediction,22,0.03170097809731481
95,waking,prediction,23,6.656232057526028e-11
95,waking,prediction,24,0.0
95,waking,prediction,25,0.0004307273384556863
95,waking,prediction,26,5.462625834833559e-05
95,waking,prediction,27,0.0009285411565736555
95,waking,prediction,28,4.777807964175303e-07
95,waking,prediction,29,2.486778295659151e-14
95,waking,prediction,30,0.0
95,waking,prediction,31,0.03509498501030425
95,waking,prediction,32,0.08533482893858803
95,waking,prediction,33,0.00037551301258787915
95,waking,prediction,34,0.0
95,waking,prediction,35,0.0
95,waking,emotion,0,0.20924757099893845
95,waking,emotion,1,0.13335401635050767
95,waking,emotion,2,0.33111996183624015
95,waking,action,0,0.00044449949300855076
95,waking,action,1,0.00798659332663135
95,waking,action,2,0.010018525480481277
95,waking,action,3,0.003950654976023113
95,waking,action,4,0.0
95,waking,action,5,0.0
0,sleep,sleep,0,0.5
1,sleep,sleep,0,0.5
2,sleep,sleep,0,0.5
3,sleep,sleep,0,0.5
4,sleep,sleep,0,0.5
5,sleep,sleep,0,0.5
6,sleep,sleep,0,0.5
7,sleep,sleep,0,0.5
8,sleep,sleep,0,0.5
9,sleep,sleep,0,0.5
10,sleep,sleep,0,0.5
11,sleep,sleep,0,0.5
12,sleep,sleep,0,0.5
13,sleep,sleep,0,0.5
14,sleep,sleep,0,0.5
15,sleep,sleep,0,0.5
16,sleep,sleep,0,0.5
17,sleep,sleep,0,0.5
18,sleep,sleep,0,0.5
19,sleep,sleep,0,0.5
20,sleep,sleep,0,0.5
21,sleep,sleep,0,0.5
22,sleep,sleep,0,0.5
23,sleep,sleep,0,0.5
96,post_sleep,visual,0,0.0
96,post_sleep,visual,1,0.0
96,post_sleep,visual,2,0.0
96,post_sleep,visual,3,0.0
96,post_sleep,visual,4,0.0
96,post_sleep,visual,5,0.0
96,post_sleep,visual,6,0.0
96,post_sleep,visual,7,0.0
96,post_sleep,visual,8,0.0
96,post_sleep,visual,9,0.0
96,post_sleep,visual,10,0.0
96,post_sleep,visual,11,0.0
96,post_sleep,visual,12,0.0
96,post_sleep,visual,13,0.0
96,post_sleep,visual,14,0.0
96,post_sleep,visual,15,0.36999999999999994
96,post_sleep,visual,16,0.0
96,post_sleep,visual,17,0.0
96,post_sleep,visual,18,0.0
96,post_sleep,visual,19,0.0
96,post_sleep,visual,20,0.0
96,post_sleep,visual,21,0.0
96,post_sleep,visual,22,0.5333333333333333
96,post_sleep,visual,23,0.0
96,post_sleep,visual,24,0.0
96,post_sleep,visual,25,0.0
96,post_sleep,visual,26,0.0
96,post_sleep,visual,27,0.0
96,post_sleep,visual,28,0.0
96,post_sleep,visual,29,0.0
96,post_sleep,visual,30,0.0
96,post_sleep,visual,31,0.75
96,post_sleep,visual,32,0.4033333333333333
96,post_sleep,visual,33,0.0
96,post_sleep,visual,34,0.0
96,post_sleep,visual,35,0.0
96,post_sleep,visual,36,0.0
96,post_sleep,visual,37,0.0
96,post_sleep,visual,38,0.0
96,post_sleep,visual,39,0.0
96,post_sleep,visual,40,0.0
96,post_sleep,visual,41,0.0
96,post_sleep,visual,42,0.0
96,post_sleep,visual,43,0.0
96,post_sleep,visual,44,0.0
96,post_sleep,visual,45,0.0
96,post_sleep,visual,46,0.0
96,post_sleep,visual,47,0.0
96,post_sleep,visual,48,0.0
96,post_sleep,visual,49,0.0
96,post_sleep,visual,50,0.0
96,post_sleep,visual,51,0.0
96,post_sleep,visual,52,0.0
96,post_sleep,visual,53,0.0
96,post_sleep,visual,54,0.0
96,post_sleep,visual,55,0.0
96,post_sleep,visual,56,0.0
96,post_sleep,visual,57,0.0
96,post_sleep,visual,58,0.0
96,post_sleep,visual,59,0.0
96,post_sleep,visual,60,0.0
96,post_sleep,visual,61,0.0
96,post_sleep,visual,62,0.0
96,post_sleep,visual,63,0.0
96,post_sleep,visual,64,0.0
96,post_sleep,visual,65,0.0
96,post_sleep,visual,66,0.0
96,post_sleep,visual,67,0.0
96,post_sleep,visual,68,0.0
96,post_sleep,visual,69,0.0
96,post_sleep,visual,70,0.0
96,post_sleep,visual,71,0.0
96,post_sleep,visual,72,0.0
96,post_sleep,visual,73,0.0
96,post_sleep,visual,74,0.0
96,post_sleep,visual,75,0.0
96,post_sleep,visual,76,0.0
96,post_sleep,visual,77,0.0
96,post_sleep,visual,78,0.0
96,post_sleep,visual,79,0.0
96,post_sleep,visual,80,0.0
96,post_sleep,visual,81,0.95
96,post_sleep,visual,82,0.08
96,post_sleep,visual,83,0.08
96,post_sleep,visual,84,0.0
96,post_sleep,visual,85,0.0
96,post_sleep,visual,86,0.0
96,post_sleep,visual,87,0.0
96,post_sleep,visual,88,0.0
96,post_sleep,visual,89,0.0
96,post_sleep,visual,90,0.0
96,post_sleep,visual,91,0.0
96,post_sleep,visual,92,0.0
96,post_sleep,visual,93,0.0
96,post_sleep,visual,94,0.0
96,post_sleep,visual,95,0.0
96,post_sleep,visual,96,0.0
96,post_sleep,visual,97,0.0
96,post_sleep,visual,98,0.0
96,post_sleep,visual,99,0.0
96,post_sleep,visual,100,0.0
96,post_sleep,visual,101,0.0
96,post_sleep,visual,102,0.75
96,post_sleep,visual,103,0.1
96,post_sleep,visual,104,0.75
96,post_sleep,visual,105,0.0
96,post_sleep,visual,106,0.0
96,post_sleep,visual,107,0.0
96,post_sleep,visual,108,0.0
96,post_sleep,visual,109,0.0
96,post_sleep,visual,110,0.0
96,post_sleep,visual,111,0.0
96,post_sleep,visual,112,0.0
96,post_sleep,visual,113,0.0
96,post_sleep,visual,114,0.0
96,post_sleep,visual,115,0.0
96,post_sleep,visual,116,0.0
96,post_sleep,visual,117,0.0
96,post_sleep,visual,118,0.0
96,post_sleep,visual,119,0.0
96,post_sleep,visual,120,0.0
96,post_sleep,visual,121,0.0
96,post_sleep,visual,122,0.0
96,post_sleep,visual,123,0.0
96,post_sleep,visual,124,0.0
96,post_sleep,visual,125,0.0
96,post_sleep,visual,126,0.0
96,post_sleep,visual,127,0.0
96,post_sleep,visual,128,0.0
96,post_sleep,visual,129,0.65
96,post_sleep,visual,130,0.95
96,post_sleep,visual,131,0.65
96,post_sleep,visual,132,0.08
96,post_sleep,visual,133,0.18
96,post_sleep,visual,134,0.95
96,post_sleep,visual,135,0.0
96,post_sleep,visual,136,0.0
96,post_sleep,visual,137,0.0
96,post_sleep,visual,138,0.0
96,post_sleep,visual,139,0.0
96,post_sleep,visual,140,0.0
96,post_sleep,visual,141,0.0
96,post_sleep,visual,142,0.0
96,post_sleep,visual,143,0.0
96,post_sleep,visual,144,0.0
96,post_sleep,visual,145,0.0
96,post_sleep,visual,146,0.0
96,post_sleep,visual,147,0.0
96,post_sleep,visual,148,0.0
96,post_sleep,visual,149,0.0
96,post_sleep,visual,150,0.0
96,post_sleep,visual,151,0.0
96,post_sleep,visual,152,0.0
96,post_sleep,visual,153,0.0
96,post_sleep,visual,154,0.0
96,post_sleep,visual,155,0.0
96,post_sleep,visual,156,0.0
96,post_sleep,visual,157,0.0
96,post_sleep,visual,158,0.0
96,post_sleep,visual,159,0.0
96,post_sleep,visual,160,0.0
96,post_sleep,visual,161,0.0
96,post_sleep,visual,162,0.0
96,post_sleep,visual,163,0.0
96,post_sleep,visual,164,0.0
96,post_sleep,visual,165,0.0
96,post_sleep,visual,166,0.0
96,post_sleep,visual,167,0.0
96,post_sleep,visual,168,0.0
96,post_sleep,visual,169,0.0
96,post_sleep,visual,170,0.0
96,post_sleep,visual,171,0.0
96,post_sleep,visual,172,0.0
96,post_sleep,visual,173,0.0
96,post_sleep,visual,174,0.0
96,post_sleep,visual,175,0.0
96,post_sleep,visual,176,0.0
96,post_sleep,visual,177,0.0
96,post_sleep,visual,178,0.0
96,post_sleep,visual,179,0.0
96,post_sleep,audio,0,0.23887771783626394
96,post_sleep,audio,1,0.1380267896458937
96,post_sleep,audio,2,0.3347448491668008
96,post_sleep,audio,3,0.21807536011604736
96,post_sleep,audio,4,0.3164744338813935
96,post_sleep,audio,5,0.16009171561461064
96,post_sleep,audio,6,0.23199570861037247
96,post_sleep,audio,7,0.052386127750729275
96,post_sleep,audio,8,0.0017311399411188422
96,post_sleep,audio,9,0.0011533012930113329
96,post_sleep,audio,10,0.003060642835801042
96,post_sleep,audio,11,0.0009378823119635948
96,post_sleep,audio,12,0.000625124384110054
96,post_sleep,audio,13,0.00043946331095823243
96,post_sleep,audio,14,0.0007959370246380937
96,post_sleep,audio,15,0.00017972771524085718
96,post_sleep,proprioceptive,0,0.5
96,post_sleep,proprioceptive,1,0.5
96,post_sleep,proprioceptive,2,0.0
96,post_sleep,proprioceptive,3,0.0
96,post_sleep,proprioceptive,4,0.0
96,post_sleep,proprioceptive,5,0.21273216293568464
96,post_sleep,prediction,0,0.051645687275143924
96,post_sleep,prediction,1,0.053357092854869094
96,post_sleep,prediction,2,0.03978461254350115
96,post_sleep,prediction,3,0.05426347548307115
96,post_sleep,prediction,4,0.054667728408350026
96,post_sleep,prediction,5,0.05054991208427178
96,post_sleep,prediction,6,0.034197232681688707
96,post_sleep,prediction,7,0.05207829276571515
96,post_sleep,prediction,8,0.054197983262391516
96,post_sleep,prediction,9,0.05747632048867893
96,post_sleep,prediction,10,0.04017303392570001
96,post_sleep,prediction,11,0.054995409890268465
96,post_sleep,prediction,12,0.05534323438110342
96,post_sleep,prediction,13,0.05468944088203081
96,post_sleep,prediction,14,0.03830568254046594
96,post_sleep,prediction,15,0.06090437772516511
96,post_sleep,prediction,16,0.05402220236267994
96,post_sleep,prediction,17,0.05729383784687681
96,post_sleep,prediction,18,0.03523776636005947
96,post_sleep,prediction,19,0.05012761168499052
96,post_sleep,prediction,20,0.06199278946196108
96,post_sleep,prediction,21,0.057157348653372166
96,post_sleep,prediction,22,0.05137418973636156
96,post_sleep,prediction,23,0.0590601347115956
96,post_sleep,prediction,24,0.04763919628585384
96,post_sleep,prediction,25,0.05235147780328751
96,post_sleep,prediction,26,0.040232729954864765
96,post_sleep,prediction,27,0.06437977589420149
96,post_sleep,prediction,28,0.057709335872245804
96,post_sleep,prediction,29,0.059077404551470224
96,post_sleep,prediction,30,0.0328767301782512
96,post_sleep,prediction,31,0.05858230216872621
96,post_sleep,prediction,32,0.06138037474300133
96,post_sleep,prediction,33,0.05610020187549332
96,post_sleep,prediction,34,0.03554152385998154
96,post_sleep,prediction,35,0.0484253789884844
96,post_sleep,emotion,0,0.20226768984930507
96,post_sleep,emotion,1,0.13084124305707093
96,post_sleep,emotion,2,0.31831613433722034
96,post_sleep,action,0,0.00594802932973121
96,post_sleep,action,1,0.0016807431252083339
96,post_sleep,action,2,0.00889981698827043
96,post_sleep,action,3,0.0018502162318537194
96,post_sleep,action,4,0.0
96,post_sleep,action,5,0.0
97,post_sleep,visual,0,0.0
97,post_sleep,visual,1,0.0
97,post_sleep,visual,2,0.0
97,post_sleep,visual,3,0.0
97,post_sleep,visual,4,0.0
97,post_sleep,visual,5,0.0
97,post_sleep,visual,6,0.0
97,post_sleep,visual,7,0.0
97,post_sleep,visual,8,0.0
97,post_sleep,visual,9,0.0
97,post_sleep,visual,10,0.0
97,post_sleep,visual,11,0.0
97,post_sleep,visual,12,0.0
97,post_sleep,visual,13,0.0
97,post_sleep,visual,14,0.0
97,post_sleep,visual,15,0.36999999999999994
97,post_sleep,visual,16,0.0
97,post_sleep,visual,17,0.0
97,post_sleep,visual,18,0.0
97,post_sleep,visual,19,0.0
97,post_sleep,visual,20,0.0
97,post_sleep,visual,21,0.0
97,post_sleep,visual,22,0.5333333333333333
97,post_sleep,visual,23,0.0
97,post_sleep,visual,24,0.0
97,post_sleep,visual,25,0.0
97,post_sleep,visual,26,0.0
97,post_sleep,visual,27,0.0
97,post_sleep,visual,28,0.0
97,post_sleep,visual,29,0.0
97,post_sleep,visual,30,0.0
97,post_sleep,visual,31,0.75
97,post_sleep,visual,32,0.4033333333333333
97,post_sleep,visual,33,0.0
97,post_sleep,visual,34,0.0
97,post_sleep,visual,35,0.0
97,post_sleep,visual,36,0.0
97,post_sleep,visual,37,0.0
97,post_sleep,visual,38,0.0
97,post_sleep,visual,39,0.0
97,post_sleep,visual,40,0.0
97,post_sleep,visual,41,0.0
97,post_sleep,visual,42,0.0
97,post_sleep,visual,43,0.0
97,post_sleep,visual,44,0.0
97,post_sleep,visual,45,0.0
97,post_sleep,visual,46,0.0
97,post_sleep,visual,47,0.0
97,post_sleep,visual,48,0.0
97,post_sleep,visual,49,0.0
97,post_sleep,visual,50,0.0
97,post_sleep,visual,51,0.0
97,post_sleep,visual,52,0.0
97,post_sleep,visual,53,0.0
97,post_sleep,visual,54,0.0
97,post_sleep,visual,55,0.0
97,post_sleep,visual,56,0.0
97,post_sleep,visual,57,0.0
97,post_sleep,visual,58,0.0
97,post_sleep,visual,59,0.0
97,post_sleep,visual,60,0.0
97,post_sleep,visual,61,0.0
97,post_sleep,visual,62,0.0
97,post_sleep,visual,63,0.0
97,post_sleep,visual,64,0.0
97,post_sleep,visual,65,0.0
97,post_sleep,visual,66,0.0
97,post_sleep,visual,67,0.0
97,post_sleep,visual,68,0.0
97,post_sleep,visual,69,0.0
97,post_sleep,visual,70,0.0
97,post_sleep,visual,71,0.0
97,post_sleep,visual,72,0.0
97,post_sleep,visual,73,0.0
97,post_sleep,visual,74,0.0
97,post_sleep,visual,75,0.0
97,post_sleep,visual,76,0.0
97,post_sleep,visual,77,0.0
97,post_sleep,visual,78,0.0
97,post_sleep,visual,79,0.0
97,post_sleep,visual,80,0.0
97,post_sleep,visual,81,0.95
97,post_sleep,visual,82,0.08
97,post_sleep,visual,83,0.08
97,post_sleep,visual,84,0.0
97,post_sleep,visual,85,0.0
97,post_sleep,visual,86,0.0
97,post_sleep,visual,87,0.0
97,post_sleep,visual,88,0.0
97,post_sleep,visual,89,0.0
97,post_sleep,visual,90,0.0
97,post_sleep,visual,91,0.0
97,post_sleep,visual,92,0.0
97,post_sleep,visual,93,0.0
97,post_sleep,visual,94,0.0
97,post_sleep,visual,95,0.0
97,post_sleep,visual,96,0.0
97,post_sleep,visual,97,0.0
97,post_sleep,visual,98,0.0
97,post_sleep,visual,99,0.0
97,post_sleep,visual,100,0.0
97,post_sleep,visual,101,0.0
97,post_sleep,visual,102,0.75
97,post_sleep,visual,103,0.1
97,post_sleep,visual,104,0.75
97,post_sleep,visual,105,0.0
97,post_sleep,visual,106,0.0
97,post_sleep,visual,107,0.0
97,post_sleep,visual,108,0.0
97,post_sleep,visual,109,0.0
97,post_sleep,visual,110,0.0
97,post_sleep,visual,111,0.0
97,post_sleep,visual,112,0.0
97,post_sleep,visual,113,0.0
97,post_sleep,visual,114,0.0
97,post_sleep,visual,115,0.0
97,post_sleep,visual,116,0.0
97,post_sleep,visual,117,0.0
97,post_sleep,visual,118,0.0
97,post_sleep,visual,119,0.0
97,post_sleep,visual,120,0.0
97,post_sleep,visual,121,0.0
97,post_sleep,visual,122,0.0
97,post_sleep,visual,123,0.0
97,post_sleep,visual,124,0.0
97,post_sleep,visual,125,0.0
97,post_sleep,visual,126,0.0
97,post_sleep,visual,127,0.0
97,post_sleep,visual,128,0.0
97,post_sleep,visual,129,0.65
97,post_sleep,visual,130,0.95
97,post_sleep,visual,131,0.65
97,post_sleep,visual,132,0.08
97,post_sleep,visual,133,0.18
97,post_sleep,visual,134,0.95
97,post_sleep,visual,135,0.0
97,post_sleep,visual,136,0.0
97,post_sleep,visual,137,0.0
97,post_sleep,visual,138,0.0
97,post_sleep,visual,139,0.0
97,post_sleep,visual,140,0.0
97,post_sleep,visual,141,0.0
97,post_sleep,visual,142,0.0
97,post_sleep,visual,143,0.0
97,post_sleep,visual,144,0.0
97,post_sleep,visual,145,0.0
97,post_sleep,visual,146,0.0
97,post_sleep,visual,147,0.0
97,post_sleep,visual,148,0.0
97,post_sleep,visual,149,0.0
97,post_sleep,visual,150,0.0
97,post_sleep,visual,151,0.0
97,post_sleep,visual,152,0.0
97,post_sleep,visual,153,0.0
97,post_sleep,visual,154,0.0
97,post_sleep,visual,155,0.0
97,post_sleep,visual,156,0.0
97,post_sleep,visual,157,0.0
97,post_sleep,visual,158,0.0
97,post_sleep,visual,159,0.0
97,post_sleep,visual,160,0.0
97,post_sleep,visual,161,0.0
97,post_sleep,visual,162,0.0
97,post_sleep,visual,163,0.0
97,post_sleep,visual,164,0.0
97,post_sleep,visual,165,0.0
97,post_sleep,visual,166,0.0
97,post_sleep,visual,167,0.0
97,post_sleep,visual,168,0.0
97,post_sleep,visual,169,0.0
97,post_sleep,visual,170,0.0
97,post_sleep,visual,171,0.0
97,post_sleep,visual,172,0.0
97,post_sleep,visual,173,0.0
97,post_sleep,visual,174,0.0
97,post_sleep,visual,175,0.0
97,post_sleep,visual,176,0.0
97,post_sleep,visual,177,0.0
97,post_sleep,visual,178,0.0
97,post_sleep,visual,179,0.0
97,post_sleep,audio,0,0.23715834009575038
97,post_sleep,audio,1,0.1368613749420289
97,post_sleep,audio,2,0.3315934004232804
97,post_sleep,audio,3,0.21710183160754468
97,post_sleep,audio,4,0.31581588974515146
97,post_sleep,audio,5,0.15964363552866168
97,post_sleep,audio,6,0.23119187323902224
97,post_sleep,audio,7,0.05220461653784374
97,post_sleep,audio,8,0.0017193777405135613
97,post_sleep,audio,9,0.0011654147038648033
97,post_sleep,audio,10,0.003151448743520413
97,post_sleep,audio,11,0.0009735285085026857
97,post_sleep,audio,12,0.0006585441362420563
97,post_sleep,audio,13,0.00044808008594895976
97,post_sleep,audio,14,0.0008038353713502311
97,post_sleep,audio,15,0.00018151121288553784
97,post_sleep,proprioceptive,0,0.5
97,post_sleep,proprioceptive,1,0.5
97,post_sleep,proprioceptive,2,0.0
97,post_sleep,proprioceptive,3,0.0
97,post_sleep,proprioceptive,4,0.0
97,post_sleep,proprioceptive,5,0.147637050055427
97,post_sleep,prediction,0,0.04423369283992315
97,post_sleep,prediction,1,0.045771421301689645
97,post_sleep,prediction,2,0.032270326996635144
97,post_sleep,prediction,3,0.04620830318971003
97,post_sleep,prediction,4,0.047639354131577626
97,post_sleep,prediction,5,0.04257683301621272
97,post_sleep,prediction,6,0.027166126850583807
97,post_sleep,prediction,7,0.04448153719077995
97,post_sleep,prediction,8,0.04791930737351323
97,post_sleep,prediction,9,0.05198885790840574
97,post_sleep,prediction,10,0.03375440949535619
97,post_sleep,prediction,11,0.04722789411014414
97,post_sleep,prediction,12,0.04780441138417484
97,post_sleep,prediction,13,0.04687608868407839
97,post_sleep,prediction,14,0.031211634031972964
97,post_sleep,prediction,15,0.06300749120654843
97,post_sleep,prediction,16,0.04901047216159505
97,post_sleep,prediction,17,0.05235108358979085
97,post_sleep,prediction,18,0.028387070070147166
97,post_sleep,prediction,19,0.042484831522695714
97,post_sleep,prediction,20,0.05778857047038366
97,post_sleep,prediction,21,0.053176752280404936
97,post_sleep,prediction,22,0.056985300825670666
97,post_sleep,prediction,23,0.055047461897641405
97,post_sleep,prediction,24,0.04047593507098668
97,post_sleep,prediction,25,0.0450175589088675
97,post_sleep,prediction,26,0.03607654196094404
97,post_sleep,prediction,27,0.06356765935376442
97,post_sleep,prediction,28,0.0540058159070942
97,post_sleep,prediction,29,0.05105762991115757
97,post_sleep,prediction,30,0.02607661347294247
97,post_sleep,prediction,31,0.06327238012733304
97,post_sleep,prediction,32,0.06332093227972027
97,post_sleep,prediction,33,0.05036096132370401
97,post_sleep,prediction,34,0.028454725441718138
97,post_sleep,prediction,35,0.04065536786724253
97,post_sleep,emotion,0,0.19506520065442806
97,post_sleep,emotion,1,0.12825915781782646
97,post_sleep,emotion,2,0.30495063168238445
97,post_sleep,action,0,0.002800823306923383
97,post_sleep,action,1,0.000833524248886763
97,post_sleep,action,2,0.012355579442929861
97,post_sleep,action,3,0.0008816948336701247
97,post_sleep,action,4,0.0
97,post_sleep,action,5,0.0
98,post_sleep,visual,0,0.0
98,post_sleep,visual,1,0.0
98,post_sleep,visual,2,0.0
98,post_sleep,visual,3,0.0
98,post_sleep,visual,4,0.0
98,post_sleep,visual,5,0.0
98,post_sleep,visual,6,0.0
98,post_sleep,visual,7,0.0
98,post_sleep,visual,8,0.0
98,post_sleep,visual,9,0.0
98,post_sleep,visual,10,0.0
98,post_sleep,visual,11,0.0
98,post_sleep,visual,12,0.0
98,post_sleep,visual,13,0.0
98,post_sleep,visual,14,0.0
98,post_sleep,visual,15,0.36999999999999994
98,post_sleep,visual,16,0.0
98,post_sleep,visual,17,0.0
98,post_sleep,visual,18,0.0
98,post_sleep,visual,19,0.0
98,post_sleep,visual,20,0.0
98,post_sleep,visual,21,0.0
98,post_sleep,visual,22,0.5333333333333333
98,post_sleep,visual,23,0.0
98,post_sleep,visual,24,0.0
98,post_sleep,visual,25,0.0
98,post_sleep,visual,26,0.0
98,post_sleep,visual,27,0.0
98,post_sleep,visual,28,0.0
98,post_sleep,visual,29,0.0
98,post_sleep,visual,30,0.0
98,post_sleep,visual,31,0.75
98,post_sleep,visual,32,0.4033333333333333
98,post_sleep,visual,33,0.0
98,post_sleep,visual,34,0.0
98,post_sleep,visual,35,0.0
98,post_sleep,visual,36,0.0
98,post_sleep,visual,37,0.0
98,post_sleep,visual,38,0.0
98,post_sleep,visual,39,0.0
98,post_sleep,visual,40,0.0
98,post_sleep,visual,41,0.0
98,post_sleep,visual,42,0.0
98,post_sleep,visual,43,0.0
98,post_sleep,visual,44,0.0
98,post_sleep,visual,45,0.0
98,post_sleep,visual,46,0.0
98,post_sleep,visual,47,0.0
98,post_sleep,visual,48,0.0
98,post_sleep,visual,49,0.0
98,post_sleep,visual,50,0.0
98,post_sleep,visual,51,0.0
98,post_sleep,visual,52,0.0
98,post_sleep,visual,53,0.0
98,post_sleep,visual,54,0.0
98,post_sleep,visual,55,0.0
98,post_sleep,visual,56,0.0
98,post_sleep,visual,57,0.0
98,post_sleep,visual,58,0.0
98,post_sleep,visual,59,0.0
98,post_sleep,visual,60,0.0
98,post_sleep,visual,61,0.0
98,post_sleep,visual,62,0.0
98,post_sleep,visual,63,0.0
98,post_sleep,visual,64,0.0
98,post_sleep,visual,65,0.0
98,post_sleep,visual,66,0.0
98,post_sleep,visual,67,0.0
98,post_sleep,visual,68,0.0
98,post_sleep,visual,69,0.0
98,post_sleep,visual,70,0.0
98,post_sleep,visual,71,0.0
98,post_sleep,visual,72,0.0
98,post_sleep,visual,73,0.0
98,post_sleep,visual,74,0.0
98,post_sleep,visual,75,0.0
98,post_sleep,visual,76,0.0
98,post_sleep,visual,77,0.0
98,post_sleep,visual,78,0.0
98,post_sleep,visual,79,0.0
98,post_sleep,visual,80,0.0
98,post_sleep,visual,81,0.95
98,post_sleep,visual,82,0.08
98,post_sleep,visual,83,0.08
98,post_sleep,visual,84,0.0
98,post_sleep,visual,85,0.0
98,post_sleep,visual,86,0.0
98,post_sleep,visual,87,0.0
98,post_sleep,visual,88,0.0
98,post_sleep,visual,89,0.0
98,post_sleep,visual,90,0.0
98,post_sleep,visual,91,0.0
98,post_sleep,visual,92,0.0
98,post_sleep,visual,93,0.0
98,post_sleep,visual,94,0.0
98,post_sleep,visual,95,0.0
98,post_sleep,visual,96,0.0
98,post_sleep,visual,97,0.0
98,post_sleep,visual,98,0.0
98,post_sleep,visual,99,0.0
98,post_sleep,visual,100,0.0
98,post_sleep,visual,101,0.0
98,post_sleep,visual,102,0.75
98,post_sleep,visual,103,0.1
98,post_sleep,visual,104,0.75
98,post_sleep,visual,105,0.0
98,post_sleep,visual,106,0.0
98,post_sleep,visual,107,0.0
98,post_sleep,visual,108,0.0
98,post_sleep,visual,109,0.0
98,post_sleep,visual,110,0.0
98,post_sleep,visual,111,0.0
98,post_sleep,visual,112,0.0
98,post_sleep,visual,113,0.0
98,post_sleep,visual,114,0.0
98,post_sleep,visual,115,0.0
98,post_sleep,visual,116,0.0
98,post_sleep,visual,117,0.0
98,post_sleep,visual,118,0.0
98,post_sleep,visual,119,0.0
98,post_sleep,visual,120,0.0
98,post_sleep,visual,121,0.0
98,post_sleep,visual,122,0.0
98,post_sleep,visual,123,0.0
98,post_sleep,visual,124,0.0
98,post_sleep,visual,125,0.0
98,post_sleep,visual,126,0.0
98,post_sleep,visual,127,0.0
98,post_sleep,visual,128,0.0
98,post_sleep,visual,129,0.65
98,post_sleep,visual,130,0.95
98,post_sleep,visual,131,0.65
98,post_sleep,visual,132,0.08
98,post_sleep,visual,133,0.18
98,post_sleep,visual,134,0.95
98,post_sleep,visual,135,0.0
98,post_sleep,visual,136,0.0
98,post_sleep,visual,137,0.0
98,post_sleep,visual,138,0.0
98,post_sleep,visual,139,0.0
98,post_sleep,visual,140,0.0
98,post_sleep,visual,141,0.0
98,post_sleep,visual,142,0.0
98,post_sleep,visual,143,0.0
98,post_sleep,visual,144,0.0
98,post_sleep,visual,145,0.0
98,post_sleep,visual,146,0.0
98,post_sleep,visual,147,0.0
98,post_sleep,visual,148,0.0
98,post_sleep,visual,149,0.0
98,post_sleep,visual,150,0.0
98,post_sleep,visual,151,0.0
98,post_sleep,visual,152,0.0
98,post_sleep,visual,153,0.0
98,post_sleep,visual,154,0.0
98,post_sleep,visual,155,0.0
98,post_sleep,visual,156,0.0
98,post_sleep,visual,157,0.0
98,post_sleep,visual,158,0.0
98,post_sleep,visual,159,0.0
98,post_sleep,visual,160,0.0
98,post_sleep,visual,161,0.0
98,post_sleep,visual,162,0.0
98,post_sleep,visual,163,0.0
98,post_sleep,visual,164,0.0
98,post_sleep,visual,165,0.0
98,post_sleep,visual,166,0.0
98,post_sleep,visual,167,0.0
98,post_sleep,visual,168,0.0
98,post_sleep,visual,169,0.0
98,post_sleep,visual,170,0.0
98,post_sleep,visual,171,0.0
98,post_sleep,visual,172,0.0
98,post_sleep,visual,173,0.0
98,post_sleep,visual,174,0.0
98,post_sleep,visual,175,0.0
98,post_sleep,visual,176,0.0
98,post_sleep,visual,177,0.0
98,post_sleep,visual,178,0.0
98,post_sleep,visual,179,0.0
98,post_sleep,audio,0,0.23545154267266863
98,post_sleep,audio,1,0.13568683299538936
98,post_sleep,audio,2,0.32836585406185104
98,post_sleep,audio,3,0.21609653826842273
98,post_sleep,audio,4,0.3151253741606663
98,post_sleep,audio,5,0.15918721690035564
98,post_sleep,audio,6,0.23038057784455554
98,post_sleep,audio,7,0.052021420803609324
98,post_sleep,audio,8,0.0017067974230817462
98,post_sleep,audio,9,0.0011745419466395457
98,post_sleep,audio,10,0.0032275463614293565
98,post_sleep,audio,11,0.0010052933391219432
98,post_sleep,audio,12,0.0006905155844851296
98,post_sleep,audio,13,0.0004564186283060323
98,post_sleep,audio,14,0.000811295394466699
98,post_sleep,audio,15,0.00018319573423441343
98,post_sleep,proprioceptive,0,0.5
98,post_sleep,proprioceptive,1,0.5
98,post_sleep,proprioceptive,2,0.0
98,post_sleep,proprioceptive,3,0.0
98,post_sleep,proprioceptive,4,0.0
98,post_sleep,proprioceptive,5,0.09270072528694218
98,post_sleep,prediction,0,0.03652760401442529
98,post_sleep,prediction,1,0.03789382621796826
98,post_sleep,prediction,2,0.024743809726778736
98,post_sleep,prediction,3,0.037917710128064136
98,post_sleep,prediction,4,0.040114904154833354
98,post_sleep,prediction,5,0.03450409001684446
98,post_sleep,prediction,6,0.020255646781687148
98,post_sleep,prediction,7,0.036613347293750695
98,post_sleep,prediction,8,0.04084814473917245
98,post_sleep,prediction,9,0.04522551076087795
98,post_sleep,prediction,10,0.026980318152762556
98,post_sleep,prediction,11,0.03917485071837918
98,post_sleep,prediction,12,0.03984995279537265
98,post_sleep,prediction,13,0.03878766602617395
98,post_sleep,prediction,14,0.024144941652214938
98,post_sleep,prediction,15,0.06300390660212556
98,post_sleep,prediction,16,0.04262648853821754
98,post_sleep,prediction,17,0.045808180077510544
98,post_sleep,prediction,18,0.02155797835339522
98,post_sleep,prediction,19,0.03468154489114395
98,post_sleep,prediction,20,0.05180764213406691
98,post_sleep,prediction,21,0.0474593816559251
98,post_sleep,prediction,22,0.06052996560246109
98,post_sleep,prediction,23,0.0493516181213829
98,post_sleep,prediction,24,0.033108849099098364
98,post_sleep,prediction,25,0.03741513560596438
98,post_sleep,prediction,26,0.030794765815694715
98,post_sleep,prediction,27,0.059601400629369465
98,post_sleep,prediction,28,0.04843655884746547
98,post_sleep,prediction,29,0.04270226134559145
98,post_sleep,prediction,30,0.019416925185870505
98,post_sleep,prediction,31,0.06776841314750243
98,post_sleep,prediction,32,0.06378732893965632
98,post_sleep,prediction,33,0.04359777801754919
98,post_sleep,prediction,34,0.021499068021825777
98,post_sleep,prediction,35,0.03281223548247724
98,post_sleep,emotion,0,0.18777979778904652
98,post_sleep,emotion,1,0.12564165636106803
98,post_sleep,emotion,2,0.2912903020956774
98,post_sleep,action,0,0.001318063858616929
98,post_sleep,action,1,0.00041321524652448
98,post_sleep,action,2,0.01398488874340453
98,post_sleep,action,3,0.00042005875557583845
98,post_sleep,action,4,0.0
98,post_sleep,action,5,0.0
99,post_sleep,visual,0,0.0
99,post_sleep,visual,1,0.0
99,post_sleep,visual,2,0.0
99,post_sleep,visual,3,0.0
99,post_sleep,visual,4,0.0
99,post_sleep,visual,5,0.0
99,post_sleep,visual,6,0.0
99,post_sleep,visual,7,0.0
99,post_sleep,visual,8,0.0
99,post_sleep,visual,9,0.0
99,post_sleep,visual,10,0.0
99,post_sleep,visual,11,0.0
99,post_sleep,visual,12,0.0
99,post_sleep,visual,13,0.0
99,post_sleep,visual,14,0.0
99,post_sleep,visual,15,0.36999999999999994
99,post_sleep,visual,16,0.0
99,post_sleep,visual,17,0.0
99,post_sleep,visual,18,0.0
99,post_sleep,visual,19,0.0
99,post_sleep,visual,20,0.0
99,post_sleep,visual,21,0.0
99,post_sleep,visual,22,0.5333333333333333
99,post_sleep,visual,23,0.0
99,post_sleep,visual,24,0.0
99,post_sleep,visual,25,0.0
99,post_sleep,visual,26,0.0
99,post_sleep,visual,27,0.0
99,post_sleep,visual,28,0.0
99,post_sleep,visual,29,0.0
99,post_sleep,visual,30,0.0
99,post_sleep,visual,31,0.75
99,post_sleep,visual,32,0.4033333333333333
99,post_sleep,visual,33,0.0
99,post_sleep,visual,34,0.0
99,post_sleep,visual,35,0.0
99,post_sleep,visual,36,0.0
99,post_sleep,visual,37,0.0
99,post_sleep,visual,38,0.0
99,post_sleep,visual,39,0.0
99,post_sleep,visual,40,0.0
99,post_sleep,visual,41,0.0
99,post_sleep,visual,42,0.0
99,post_sleep,visual,43,0.0
99,post_sleep,visual,44,0.0
99,post_sleep,visual,45,0.0
99,post_sleep,visual,46,0.0
99,post_sleep,visual,47,0.0
99,post_sleep,visual,48,0.0
99,post_sleep,visual,49,0.0
99,post_sleep,visual,50,0.0
99,post_sleep,visual,51,0.0
99,post_sleep,visual,52,0.0
99,post_sleep,visual,53,0.0
99,post_sleep,visual,54,0.0
99,post_sleep,visual,55,0.0
99,post_sleep,visual,56,0.0
99,post_sleep,visual,57,0.0
99,post_sleep,visual,58,0.0
99,post_sleep,visual,59,0.0
99,post_sleep,visual,60,0.0
99,post_sleep,visual,61,0.0
99,post_sleep,visual,62,0.0
99,post_sleep,visual,63,0.0
99,post_sleep,visual,64,0.0
99,post_sleep,visual,65,0.0
99,post_sleep,visual,66,0.0
99,post_sleep,visual,67,0.0
99,post_sleep,visual,68,0.0
99,post_sleep,visual,69,0.0
99,post_sleep,visual,70,0.0
99,post_sleep,visual,71,0.0
99,post_sleep,visual,72,0.0
99,post_sleep,visual,73,0.0
99,post_sleep,visual,74,0.0
99,post_sleep,visual,75,0.0
99,post_sleep,visual,76,0.0
99,post_sleep,visual,77,0.0
99,post_sleep,visual,78,0.0
99,post_sleep,visual,79,0.0
99,post_sleep,visual,80,0.0
99,post_sleep,visual,81,0.95
99,post_sleep,visual,82,0.08
99,post_sleep,visual,83,0.08
99,post_sleep,visual,84,0.0
99,post_sleep,visual,85,0.0
99,post_sleep,visual,86,0.0
99,post_sleep,visual,87,0.0
99,post_sleep,visual,88,0.0
99,post_sleep,visual,89,0.0
99,post_sleep,visual,90,0.0
99,post_sleep,visual,91,0.0
99,post_sleep,visual,92,0.0
99,post_sleep,visual,93,0.0
99,post_sleep,visual,94,0.0
99,post_sleep,visual,95,0.0
99,post_sleep,visual,96,0.0
99,post_sleep,visual,97,0.0
99,post_sleep,visual,98,0.0
99,post_sleep,visual,99,0.0
99,post_sleep,visual,100,0.0
99,post_sleep,visual,101,0.0
99,post_sleep,visual,102,0.75
99,post_sleep,visual,103,0.1
99,post_sleep,visual,104,0.75
99,post_sleep,visual,105,0.0
99,post_sleep,visual,106,0.0
99,post_sleep,visual,107,0.0
99,post_sleep,visual,108,0.0
99,post_sleep,visual,109,0.0
99,post_sleep,visual,110,0.0
99,post_sleep,visual,111,0.0
99,post_sleep,visual,112,0.0
99,post_sleep,visual,113,0.0
99,post_sleep,visual,114,0.0
99,post_sleep,visual,115,0.0
99,post_sleep,visual,116,0.0
99,post_sleep,visual,117,0.0
99,post_sleep,visual,118,0.0
99,post_sleep,visual,119,0.0
99,post_sleep,visual,120,0.0
99,post_sleep,visual,121,0.0
99,post_sleep,visual,122,0.0
99,post_sleep,visual,123,0.0
99,post_sleep,visual,124,0.0
99,post_sleep,visual,125,0.0
99,post_sleep,visual,126,0.0
99,post_sleep,visual,127,0.0
99,post_sleep,visual,128,0.0
99,post_sleep,visual,129,0.65
99,post_sleep,visual,130,0.95
99,post_sleep,visual,131,0.65
99,post_sleep,visual,132,0.08
99,post_sleep,visual,133,0.18
99,post_sleep,visual,134,0.95
99,post_sleep,visual,135,0.0
99,post_sleep,visual,136,0.0
99,post_sleep,visual,137,0.0
99,post_sleep,visual,138,0.0
99,post_sleep,visual,139,0.0
99,post_sleep,visual,140,0.0
99,post_sleep,visual,141,0.0
99,post_sleep,visual,142,0.0
99,post_sleep,visual,143,0.0
99,post_sleep,visual,144,0.0
99,post_sleep,visual,145,0.0
99,post_sleep,visual,146,0.0
99,post_sleep,visual,147,0.0
99,post_sleep,visual,148,0.0
99,post_sleep,visual,149,0.0
99,post_sleep,visual,150,0.0
99,post_sleep,visual,151,0.0
99,post_sleep,visual,152,0.0
99,post_sleep,visual,153,0.0
99,post_sleep,visual,154,0.0
99,post_sleep,visual,155,0.0
99,post_sleep,visual,156,0.0
99,post_sleep,visual,157,0.0
99,post_sleep,visual,158,0.0
99,post_sleep,visual,159,0.0
99,post_sleep,visual,160,0.0
99,post_sleep,visual,161,0.0
99,post_sleep,visual,162,0.0
99,post_sleep,visual,163,0.0
99,post_sleep,visual,164,0.0
99,post_sleep,visual,165,0.0
99,post_sleep,visual,166,0.0
99,post_sleep,visual,167,0.0
99,post_sleep,visual,168,0.0
99,post_sleep,visual,169,0.0
99,post_sleep,visual,170,0.0
99,post_sleep,visual,171,0.0
99,post_sleep,visual,172,0.0
99,post_sleep,visual,173,0.0
99,post_sleep,visual,174,0.0
99,post_sleep,visual,175,0.0
99,post_sleep,visual,176,0.0
99,post_sleep,visual,177,0.0
99,post_sleep,visual,178,0.0
99,post_sleep,visual,179,0.0
99,post_sleep,audio,0,0.23375807886206426
99,post_sleep,audio,1,0.1345059637153707
99,post_sleep,audio,2,0.32507603250585604
99,post_sleep,audio,3,0.21506315094180897
99,post_sleep,audio,4,0.3144042974131256
99,post_sleep,audio,5,0.15872273874330317
99,post_sleep,audio,6,0.22956225283588597
99,post_sleep,audio,7,0.051836637737135545
99,post_sleep,audio,8,0.0016934638106043676
99,post_sleep,audio,9,0.0011808692800186482
99,post_sleep,audio,10,0.0032898215559949984
99,post_sleep,audio,11,0.0010333873266137605
99,post_sleep,audio,12,0.0007210767475407387
99,post_sleep,audio,13,0.00046447815705247253
99,post_sleep,audio,14,0.0008183250086695737
99,post_sleep,audio,15,0.00018478306647377873
99,post_sleep,proprioceptive,0,0.5
99,post_sleep,proprioceptive,1,0.5
99,post_sleep,proprioceptive,2,0.0
99,post_sleep,proprioceptive,3,0.0
99,post_sleep,proprioceptive,4,0.0
99,post_sleep,proprioceptive,5,0.04950702848356747
99,post_sleep,prediction,0,0.029385003535876426
99,post_sleep,prediction,1,0.030569799989054233
99,post_sleep,prediction,2,0.017988716599369996
99,post_sleep,prediction,3,0.030289268454974747
99,post_sleep,prediction,4,0.03294274490923108
99,post_sleep,prediction,5,0.02719370584268485
99,post_sleep,prediction,6,0.014166838974839967
99,post_sleep,prediction,7,0.029329287744746118
99,post_sleep,prediction,8,0.03392700790421781
99,post_sleep,prediction,9,0.038317319382750924
99,post_sleep,prediction,10,0.020670693396810054
99,post_sleep,prediction,11,0.031706558416027174
99,post_sleep,prediction,12,0.032372970459700876
99,post_sleep,prediction,13,0.03128509870381617
99,post_sleep,prediction,14,0.017815115109111702
99,post_sleep,prediction,15,0.06175462800967391
99,post_sleep,prediction,16,0.03603266361247007
99,post_sleep,prediction,17,0.03891215571481344
99,post_sleep,prediction,18,0.015457273824247088
99,post_sleep,prediction,19,0.02754885152463392
99,post_sleep,prediction,20,0.045279075425187804
99,post_sleep,prediction,21,0.04141978024901354
99,post_sleep,prediction,22,0.06246597072753714
99,post_sleep,prediction,23,0.04315859183550488
99,post_sleep,prediction,24,0.026366287005558337
99,post_sleep,prediction,25,0.030373625818805365
99,post_sleep,prediction,26,0.025433114379375083
99,post_sleep,prediction,27,0.05414228932049225
99,post_sleep,prediction,28,0.042300727439601525
99,post_sleep,prediction,29,0.03489409975222444
99,post_sleep,prediction,30,0.013575885692078635
99,post_sleep,prediction,31,0.07161519301354598
99,post_sleep,prediction,32,0.06326374244679654
99,post_sleep,prediction,33,0.036866118459753114
99,post_sleep,prediction,34,0.015368418084665821
99,post_sleep,prediction,35,0.02572082808616038
99,post_sleep,emotion,0,0.18055900727168797
99,post_sleep,emotion,1,0.12302569376275214
99,post_sleep,emotion,2,0.2776187939022125
99,post_sleep,action,0,0.0006198988279386906
99,post_sleep,action,1,0.00020477265931549392
99,post_sleep,action,2,0.014235894735839113
99,post_sleep,action,3,0.00020007701598299618
99,post_sleep,action,4,0.0
99,post_sleep,action,5,0.0
100,post_sleep,visual,0,0.0
100,post_sleep,visual,1,0.0
100,post_sleep,visual,2,0.0
100,post_sleep,visual,3,0.0
100,post_sleep,visual,4,0.0
100,post_sleep,visual,5,0.0
100,post_sleep,visual,6,0.0
100,post_sleep,visual,7,0.0
100,post_sleep,visual,8,0.0
100,post_sleep,visual,9,0.0
100,post_sleep,visual,10,0.0
100,post_sleep,visual,11,0.0
100,post_sleep,visual,12,0.0
100,post_sleep,visual,13,0.0
100,post_sleep,visual,14,0.0
100,post_sleep,visual,15,0.36999999999999994
100,post_sleep,visual,16,0.0
100,post_sleep,visual,17,0.0
100,post_sleep,visual,18,0.0
100,post_sleep,visual,19,0.0
100,post_sleep,visual,20,0.0
100,post_sleep,visual,21,0.0
100,post_sleep,visual,22,0.5333333333333333
100,post_sleep,visual,23,0.0
100,post_sleep,visual,24,0.0
100,post_sleep,visual,25,0.0
100,post_sleep,visual,26,0.0
100,post_sleep,visual,27,0.0
100,post_sleep,visual,28,0.0
100,post_sleep,visual,29,0.0
100,post_sleep,visual,30,0.0
100,post_sleep,visual,31,0.75
100,post_sleep,visual,32,0.4033333333333333
100,post_sleep,visual,33,0.0
100,post_sleep,visual,34,0.0
100,post_sleep,visual,35,0.0
100,post_sleep,visual,36,0.0
100,post_sleep,visual,37,0.0
100,post_sleep,visual,38,0.0
100,post_sleep,visual,39,0.0
100,post_sleep,visual,40,0.0
100,post_sleep,visual,41,0.0
100,post_sleep,visual,42,0.0
100,post_sleep,visual,43,0.0
100,post_sleep,visual,44,0.0
100,post_sleep,visual,45,0.0
100,post_sleep,visual,46,0.0
100,post_sleep,visual,47,0.0
100,post_sleep,visual,48,0.0
100,post_sleep,visual,49,0.0
100,post_sleep,visual,50,0.0
100,post_sleep,visual,51,0.0
100,post_sleep,visual,52,0.0
100,post_sleep,visual,53,0.0
100,post_sleep,visual,54,0.0
100,post_sleep,visual,55,0.0
100,post_sleep,visual,56,0.0
100,post_sleep,visual,57,0.0
100,post_sleep,visual,58,0.0
100,post_sleep,visual,59,0.0
100,post_sleep,visual,60,0.0
100,post_sleep,visual,61,0.0
100,post_sleep,visual,62,0.0
100,post_sleep,visual,63,0.0
100,post_sleep,visual,64,0.0
100,post_sleep,visual,65,0.0
100,post_sleep,visual,66,0.0
100,post_sleep,visual,67,0.0
100,post_sleep,visual,68,0.0
100,post_sleep,visual,69,0.0
100,post_sleep,visual,70,0.0
100,post_sleep,visual,71,0.0
100,post_sleep,visual,72,0.0
100,post_sleep,visual,73,0.0
100,post_sleep,visual,74,0.0
100,post_sleep,visual,75,0.0
100,post_sleep,visual,76,0.0
100,post_sleep,visual,77,0.0
100,post_sleep,visual,78,0.0
100,post_sleep,visual,79,0.0
100,post_sleep,visual,80,0.0
100,post_sleep,visual,81,0.95
100,post_sleep,visual,82,0.08
100,post_sleep,visual,83,0.08
100,post_sleep,visual,84,0.0
100,post_sleep,visual,85,0.0
100,post_sleep,visual,86,0.0
100,post_sleep,visual,87,0.0
100,post_sleep,visual,88,0.0
100,post_sleep,visual,89,0.0
100,post_sleep,visual,90,0.0
100,post_sleep,visual,91,0.0
100,post_sleep,visual,92,0.0
100,post_sleep,visual,93,0.0
100,post_sleep,visual,94,0.0
100,post_sleep,visual,95,0.0
100,post_sleep,visual,96,0.0
100,post_sleep,visual,97,0.0
100,post_sleep,visual,98,0.0
100,post_sleep,visual,99,0.0
100,post_sleep,visual,100,0.0
100,post_sleep,visual,101,0.0
100,post_sleep,visual,102,0.75
100,post_sleep,visual,103,0.1
100,post_sleep,visual,104,0.75
100,post_sleep,visual,105,0.0
100,post_sleep,visual,106,0.0
100,post_sleep,visual,107,0.0
100,post_sleep,visual,108,0.0
100,post_sleep,visual,109,0.0
100,post_sleep,visual,110,0.0
100,post_sleep,visual,111,0.0
100,post_sleep,visual,112,0.0
100,post_sleep,visual,113,0.0
100,post_sleep,visual,114,0.0
100,post_sleep,visual,115,0.0
100,post_sleep,visual,116,0.0
100,post_sleep,visual,117,0.0
100,post_sleep,visual,118,0.0
100,post_sleep,visual,119,0.0
100,post_sleep,visual,120,0.0
100,post_sleep,visual,121,0.0
100,post_sleep,visual,122,0.0
100,post_sleep,visual,123,0.0
100,post_sleep,visual,124,0.0
100,post_sleep,visual,125,0.0
100,post_sleep,visual,126,0.0
100,post_sleep,visual,127,0.0
100,post_sleep,visual,128,0.0
100,post_sleep,visual,129,0.65
100,post_sleep,visual,130,0.95
100,post_sleep,visual,131,0.65
100,post_sleep,visual,132,0.08
100,post_sleep,visual,133,0.18
100,post_sleep,visual,134,0.95
100,post_sleep,visual,135,0.0
100,post_sleep,visual,136,0.0
100,post_sleep,visual,137,0.0
100,post_sleep,visual,138,0.0
100,post_sleep,visual,139,0.0
100,post_sleep,visual,140,0.0
100,post_sleep,visual,141,0.0
100,post_sleep,visual,142,0.0
100,post_sleep,visual,143,0.0
100,post_sleep,visual,144,0.0
100,post_sleep,visual,145,0.0
100,post_sleep,visual,146,0.0
100,post_sleep,visual,147,0.0
100,post_sleep,visual,148,0.0
100,post_sleep,visual,149,0.0
100,post_sleep,visual,150,0.0
100,post_sleep,visual,151,0.0
100,post_sleep,visual,152,0.0
100,post_sleep,visual,153,0.0
100,post_sleep,visual,154,0.0
100,post_sleep,visual,155,0.0
100,post_sleep,visual,156,0.0
100,post_sleep,visual,157,0.0
100,post_sleep,visual,158,0.0
100,post_sleep,visual,159,0.0
100,post_sleep,visual,160,0.0
100,post_sleep,visual,161,0.0
100,post_sleep,visual,162,0.0
100,post_sleep,visual,163,0.0
100,post_sleep,visual,164,0.0
100,post_sleep,visual,165,0.0
100,post_sleep,visual,166,0.0
100,post_sleep,visual,167,0.0
100,post_sleep,visual,168,0.0
100,post_sleep,visual,169,0.0
100,post_sleep,visual,170,0.0
100,post_sleep,visual,171,0.0
100,post_sleep,visual,172,0.0
100,post_sleep,visual,173,0.0
100,post_sleep,visual,174,0.0
100,post_sleep,visual,175,0.0
100,post_sleep,visual,176,0.0
100,post_sleep,visual,177,0.0
100,post_sleep,visual,178,0.0
100,post_sleep,visual,179,0.0
100,post_sleep,audio,0,0.23207863353066593
100,post_sleep,audio,1,0.13332136842462383
100,post_sleep,audio,2,0.3217368120481272
100,post_sleep,audio,3,0.21400511427902477
100,post_sleep,audio,4,0.31365402631130446
100,post_sleep,audio,5,0.1582504804801126
100,post_sleep,audio,6,0.22873732040863692
100,post_sleep,audio,7,0.05165036267291802
100,post_sleep,audio,8,0.001679445331398327
100,post_sleep,audio,9,0.0011845952907468815
100,post_sleep,audio,10,0.003339220457728831
100,post_sleep,audio,11,0.0010580366627842008
100,post_sleep,audio,12,0.0007502711018211317
100,post_sleep,audio,13,0.0004722582631905836
100,post_sleep,audio,14,0.0008249324272490421
100,post_sleep,audio,15,0.00018627506421752676
100,post_sleep,proprioceptive,0,0.5
100,post_sleep,proprioceptive,1,0.5
100,post_sleep,proprioceptive,2,0.0
100,post_sleep,proprioceptive,3,0.0
100,post_sleep,proprioceptive,4,0.0
100,post_sleep,proprioceptive,5,0.019301254060221595
100,post_sleep,prediction,0,0.023168291677966864
100,post_sleep,prediction,1,0.024167637861826054
100,post_sleep,prediction,2,0.012289426339539136
100,post_sleep,prediction,3,0.02369356838070731
100,post_sleep,prediction,4,0.026530852085199397
100,post_sleep,prediction,5,0.020971505577726916
100,post_sleep,prediction,6,0.009122188827408284
100,post_sleep,prediction,7,0.022995421772687853
100,post_sleep,prediction,8,0.027632579787782226
100,post_sleep,prediction,9,0.03186615584865216
100,post_sleep,prediction,10,0.015175089605585525
100,post_sleep,prediction,11,0.025193895972556727
100,post_sleep,prediction,12,0.025777651493426628
100,post_sleep,prediction,13,0.024737888495174172
100,post_sleep,prediction,14,0.01247378981624547
100,post_sleep,prediction,15,0.059836910729712055
100,post_sleep,prediction,16,0.029849830983565303
100,post_sleep,prediction,17,0.03235120160059599
100,post_sleep,prediction,18,0.01033471010331522
100,post_sleep,prediction,19,0.021419964728364434
100,post_sleep,prediction,20,0.03891172180872122
100,post_sleep,prediction,21,0.03573785087970884
100,post_sleep,prediction,22,0.0632663758500872
100,post_sleep,prediction,23,0.03713755830572372
100,post_sleep,prediction,24,0.020580556041662635
100,post_sleep,prediction,25,0.02424632257644618
100,post_sleep,prediction,26,0.020504332949676643
100,post_sleep,prediction,27,0.048196333752896295
100,post_sleep,prediction,28,0.03632013751908462
100,post_sleep,prediction,29,0.02802464525159051
100,post_sleep,prediction,30,0.008762630029422227
100,post_sleep,prediction,31,0.07468902420137162
100,post_sleep,prediction,32,0.06213467431104768
100,post_sleep,prediction,33,0.03069395754419055
100,post_sleep,prediction,34,0.01028112115795611
100,post_sleep,prediction,35,0.019687454302088084
100,post_sleep,emotion,0,0.1735534977663549
100,post_sleep,emotion,1,0.12045011602666858
100,post_sleep,emotion,2,0.2642277962063357
100,post_sleep,action,0,0.0012664858634476083
100,post_sleep,action,1,0.00010143886738224502
100,post_sleep,action,2,0.01335509177713658
100,post_sleep,action,3,9.52754712998093e-05
100,post_sleep,action,4,0.0
100,post_sleep,action,5,0.0
101,post_sleep,visual,0,0.0
101,post_sleep,visual,1,0.0
101,post_sleep,visual,2,0.0
101,post_sleep,visual,3,0.0
101,post_sleep,visual,4,0.0
101,post_sleep,visual,5,0.0
101,post_sleep,visual,6,0.0
101,post_sleep,visual,7,0.0
101,post_sleep,visual,8,0.0
101,post_sleep,visual,9,0.0
101,post_sleep,visual,10,0.0
101,post_sleep,visual,11,0.0
101,post_sleep,visual,12,0.0
101,post_sleep,visual,13,0.0
101,post_sleep,visual,14,0.0
101,post_sleep,visual,15,0.36999999999999994
101,post_sleep,visual,16,0.0
101,post_sleep,visual,17,0.0
101,post_sleep,visual,18,0.0
101,post_sleep,visual,19,0.0
101,post_sleep,visual,20,0.0
101,post_sleep,visual,21,0.0
101,post_sleep,visual,22,0.5333333333333333
101,post_sleep,visual,23,0.0
101,post_sleep,visual,24,0.0
101,post_sleep,visual,25,0.0
101,post_sleep,visual,26,0.0
101,post_sleep,visual,27,0.0
101,post_sleep,visual,28,0.0
101,post_sleep,visual,29,0.0
101,post_sleep,visual,30,0.0
101,post_sleep,visual,31,0.75
101,post_sleep,visual,32,0.4033333333333333
101,post_sleep,visual,33,0.0
101,post_sleep,visual,34,0.0
101,post_sleep,visual,35,0.0
101,post_sleep,visual,36,0.0
101,post_sleep,visual,37,0.0
101,post_sleep,visual,38,0.0
101,post_sleep,visual,39,0.0
101,post_sleep,visual,40,0.0
101,post_sleep,visual,41,0.0
101,post_sleep,visual,42,0.0
101,post_sleep,visual,43,0.0
101,post_sleep,visual,44,0.0
101,post_sleep,visual,45,0.0
101,post_sleep,visual,46,0.0
101,post_sleep,visual,47,0.0
101,post_sleep,visual,48,0.0
101,post_sleep,visual,49,0.0
101,post_sleep,visual,50,0.0
101,post_sleep,visual,51,0.0
101,post_sleep,visual,52,0.0
101,post_sleep,visual,53,0.0
101,post_sleep,visual,54,0.0
101,post_sleep,visual,55,0.0
101,post_sleep,visual,56,0.0
101,post_sleep,visual,57,0.0
101,post_sleep,visual,58,0.0
101,post_sleep,visual,59,0.0
101,post_sleep,visual,60,0.0
101,post_sleep,visual,61,0.0
101,post_sleep,visual,62,0.0
101,post_sleep,visual,63,0.0
101,post_sleep,visual,64,0.0
101,post_sleep,visual,65,0.0
101,post_sleep,visual,66,0.0
101,post_sleep,visual,67,0.0
101,post_sleep,visual,68,0.0
101,post_sleep,visual,69,0.0
101,post_sleep,visual,70,0.0
101,post_sleep,visual,71,0.0
101,post_sleep,visual,72,0.0
101,post_sleep,visual,73,0.0
101,post_sleep,visual,74,0.0
101,post_sleep,visual,75,0.0
101,post_sleep,visual,76,0.0
101,post_sleep,visual,77,0.0
101,post_sleep,visual,78,0.0
101,post_sleep,visual,79,0.0
101,post_sleep,visual,80,0.0
101,post_sleep,visual,81,0.95
101,post_sleep,visual,82,0.08
101,post_sleep,visual,83,0.08
101,post_sleep,visual,84,0.0
101,post_sleep,visual,85,0.0
101,post_sleep,visual,86,0.0
101,post_sleep,visual,87,0.0
101,post_sleep,visual,88,0.0
101,post_sleep,visual,89,0.0
101,post_sleep,visual,90,0.0
101,post_sleep,visual,91,0.0
101,post_sleep,visual,92,0.0
101,post_sleep,visual,93,0.0
101,post_sleep,visual,94,0.0
101,post_sleep,visual,95,0.0
101,post_sleep,visual,96,0.0
101,post_sleep,visual,97,0.0
101,post_sleep,visual,98,0.0
101,post_sleep,visual,99,0.0
101,post_sleep,visual,100,0.0
101,post_sleep,visual,101,0.0
101,post_sleep,visual,102,0.75
101,post_sleep,visual,103,0.1
101,post_sleep,visual,104,0.75
101,post_sleep,visual,105,0.0
101,post_sleep,visual,106,0.0
101,post_sleep,visual,107,0.0
101,post_sleep,visual,108,0.0
101,post_sleep,visual,109,0.0
101,post_sleep,visual,110,0.0
101,post_sleep,visual,111,0.0
101,post_sleep,visual,112,0.0
101,post_sleep,visual,113,0.0
101,post_sleep,visual,114,0.0
101,post_sleep,visual,115,0.0
101,post_sleep,visual,116,0.0
101,post_sleep,visual,117,0.0
101,post_sleep,visual,118,0.0
101,post_sleep,visual,119,0.0
101,post_sleep,visual,120,0.0
101,post_sleep,visual,121,0.0
101,post_sleep,visual,122,0.0
101,post_sleep,visual,123,0.0
101,post_sleep,visual,124,0.0
101,post_sleep,visual,125,0.0
101,post_sleep,visual,126,0.0
101,post_sleep,visual,127,0.0
101,post_sleep,visual,128,0.0
101,post_sleep,visual,129,0.65
101,post_sleep,visual,130,0.95
101,post_sleep,visual,131,0.65
101,post_sleep,visual,132,0.08
101,post_sleep,visual,133,0.18
101,post_sleep,visual,134,0.95
101,post_sleep,visual,135,0.0
101,post_sleep,visual,136,0.0
101,post_sleep,visual,137,0.0
101,post_sleep,visual,138,0.0
101,post_sleep,visual,139,0.0
101,post_sleep,visual,140,0.0
101,post_sleep,visual,141,0.0
101,post_sleep,visual,142,0.0
101,post_sleep,visual,143,0.0
101,post_sleep,visual,144,0.0
101,post_sleep,visual,145,0.0
101,post_sleep,visual,146,0.0
101,post_sleep,visual,147,0.0
101,post_sleep,visual,148,0.0
101,post_sleep,visual,149,0.0
101,post_sleep,visual,150,0.0
101,post_sleep,visual,151,0.0
101,post_sleep,visual,152,0.0
101,post_sleep,visual,153,0.0
101,post_sleep,visual,154,0.0
101,post_sleep,visual,155,0.0
101,post_sleep,visual,156,0.0
101,post_sleep,visual,157,0.0
101,post_sleep,visual,158,0.0
101,post_sleep,visual,159,0.0
101,post_sleep,visual,160,0.0
101,post_sleep,visual,161,0.0
101,post_sleep,visual,162,0.0
101,post_sleep,visual,163,0.0
101,post_sleep,visual,164,0.0
101,post_sleep,visual,165,0.0
101,post_sleep,visual,166,0.0
101,post_sleep,visual,167,0.0
101,post_sleep,visual,168,0.0
101,post_sleep,visual,169,0.0
101,post_sleep,visual,170,0.0
101,post_sleep,visual,171,0.0
101,post_sleep,visual,172,0.0
101,post_sleep,visual,173,0.0
101,post_sleep,visual,174,0.0
101,post_sleep,visual,175,0.0
101,post_sleep,visual,176,0.0
101,post_sleep,visual,177,0.0
101,post_sleep,visual,178,0.0
101,post_sleep,visual,179,0.0
101,post_sleep,audio,0,0.230413821408556
101,post_sleep,audio,1,0.13213544335677907
101,post_sleep,audio,2,0.3183600906255408
101,post_sleep,audio,3,0.2129256380587679
101,post_sleep,audio,4,0.3128758806288196
101,post_sleep,audio,5,0.15777072157721356
101,post_sleep,audio,6,0.22790619428138456
101,post_sleep,audio,7,0.05146268903128039
101,post_sleep,audio,8,0.001664812122109921
101,post_sleep,audio,9,0.001185925067844762
101,post_sleep,audio,10,0.0033767214225863817
101,post_sleep,audio,11,0.0010794762202568642
101,post_sleep,audio,12,0.0007781456824848543
101,post_sleep,audio,13,0.0004797589028990301
101,post_sleep,audio,14,0.0008311261272523629
101,post_sleep,audio,15,0.00018767364163763123
101,post_sleep,proprioceptive,0,0.5
101,post_sleep,proprioceptive,1,0.5
101,post_sleep,proprioceptive,2,0.0
101,post_sleep,proprioceptive,3,0.0
101,post_sleep,proprioceptive,4,0.0
101,post_sleep,proprioceptive,5,0.0029542485748826897
101,post_sleep,prediction,0,0.017968486916371817
101,post_sleep,prediction,1,0.018788249413955474
101,post_sleep,prediction,2,0.00778870273288544
101,post_sleep,prediction,3,0.01818106386890733
101,post_sleep,prediction,4,0.021027432762979734
101,post_sleep,prediction,5,0.0158801374873483
101,post_sleep,prediction,6,0.005628945049779644
101,post_sleep,prediction,7,0.017687307941783033
101,post_sleep,prediction,8,0.02216218829442593
101,post_sleep,prediction,9,0.026151240469932124
101,post_sleep,prediction,10,0.010585476927234808
101,post_sleep,prediction,11,0.019731289501528526
101,post_sleep,prediction,12,0.02019102080742896
101,post_sleep,prediction,13,0.019243295049378446
101,post_sleep,prediction,14,0.008136373601568032
101,post_sleep,prediction,15,0.05762471841033883
101,post_sleep,prediction,16,0.02436825888455198
101,post_sleep,prediction,17,0.02646487210756395
101,post_sleep,prediction,18,0.006542804971768808
101,post_sleep,prediction,19,0.016358216150836217
101,post_sleep,prediction,20,0.03307951941663398
101,post_sleep,prediction,21,0.030697842443035323
101,post_sleep,prediction,22,0.0633299372053491
101,post_sleep,prediction,23,0.03163604402987647
101,post_sleep,prediction,24,0.015816967166165038
101,post_sleep,prediction,25,0.01912351700975752
101,post_sleep,prediction,26,0.016218450300979133
101,post_sleep,prediction,27,0.04237743455004624
101,post_sleep,prediction,28,0.030862491812225685
101,post_sleep,prediction,29,0.022208019085336712
101,post_sleep,prediction,30,0.005478923233742409
101,post_sleep,prediction,31,0.07704279961241721
101,post_sleep,prediction,32,0.06068355438599436
101,post_sleep,prediction,33,0.02530166058446754
101,post_sleep,prediction,34,0.006258383941216017
101,post_sleep,prediction,35,0.014747080974114594
101,post_sleep,emotion,0,0.16691233583929477
101,post_sleep,emotion,1,0.11795444229453556
101,post_sleep,emotion,2,0.251408088461116
101,post_sleep,action,0,0.003428181306422096
101,post_sleep,action,1,5.02314716029581e-05
101,post_sleep,action,2,0.0115315702486361
101,post_sleep,action,3,4.535915766966844e-05
101,post_sleep,action,4,0.0
101,post_sleep,action,5,0.0
102,post_sleep,visual,0,0.0
102,post_sleep,visual,1,0.0
102,post_sleep,visual,2,0.0
102,post_sleep,visual,3,0.0
102,post_sleep,visual,4,0.0
102,post_sleep,visual,5,0.0
102,post_sleep,visual,6,0.0
102,post_sleep,visual,7,0.0
102,post_sleep,visual,8,0.0
102,post_sleep,visual,9,0.0
102,post_sleep,visual,10,0.0
102,post_sleep,visual,11,0.0
102,post_sleep,visual,12,0.0
102,post_sleep,visual,13,0.0
102,post_sleep,visual,14,0.0
102,post_sleep,visual,15,0.36999999999999994
102,post_sleep,visual,16,0.0
102,post_sleep,visual,17,0.0
102,post_sleep,visual,18,0.0
102,post_sleep,visual,19,0.0
102,post_sleep,visual,20,0.0
102,post_sleep,visual,21,0.0
102,post_sleep,visual,22,0.5333333333333333
102,post_sleep,visual,23,0.0
102,post_sleep,visual,24,0.0
102,post_sleep,visual,25,0.0
102,post_sleep,visual,26,0.0
102,post_sleep,visual,27,0.0
102,post_sleep,visual,28,0.0
102,post_sleep,visual,29,0.0
102,post_sleep,visual,30,0.0
102,post_sleep,visual,31,0.75
102,post_sleep,visual,32,0.4033333333333333
102,post_sleep,visual,33,0.0
102,post_sleep,visual,34,0.0
102,post_sleep,visual,35,0.0
102,post_sleep,visual,36,0.0
102,post_sleep,visual,37,0.0
102,post_sleep,visual,38,0.0
102,post_sleep,visual,39,0.0
102,post_sleep,visual,40,0.0
102,post_sleep,visual,41,0.0
102,post_sleep,visual,42,0.0
102,post_sleep,visual,43,0.0
102,post_sleep,visual,44,0.0
102,post_sleep,visual,45,0.0
102,post_sleep,visual,46,0.0
102,post_sleep,visual,47,0.0
102,post_sleep,visual,48,0.0
102,post_sleep,visual,49,0.0
102,post_sleep,visual,50,0.0
102,post_sleep,visual,51,0.0
102,post_sleep,visual,52,0.0
102,post_sleep,visual,53,0.0
102,post_sleep,visual,54,0.0
102,post_sleep,visual,55,0.0
102,post_sleep,visual,56,0.0
102,post_sleep,visual,57,0.0
102,post_sleep,visual,58,0.0
102,post_sleep,visual,59,0.0
102,post_sleep,visual,60,0.0
102,post_sleep,visual,61,0.0
102,post_sleep,visual,62,0.0
102,post_sleep,visual,63,0.0
102,post_sleep,visual,64,0.0
102,post_sleep,visual,65,0.0
102,post_sleep,visual,66,0.0
102,post_sleep,visual,67,0.0
102,post_sleep,visual,68,0.0
102,post_sleep,visual,69,0.0
102,post_sleep,visual,70,0.0
102,post_sleep,visual,71,0.0
102,post_sleep,visual,72,0.0
102,post_sleep,visual,73,0.0
102,post_sleep,visual,74,0.0
102,post_sleep,visual,75,0.0
102,post_sleep,visual,76,0.0
102,post_sleep,visual,77,0.0
102,post_sleep,visual,78,0.0
102,post_sleep,visual,79,0.0
102,post_sleep,visual,80,0.0
102,post_sleep,visual,81,0.95
102,post_sleep,visual,82,0.08
102,post_sleep,visual,83,0.08
102,post_sleep,visual,84,0.0
102,post_sleep,visual,85,0.0
102,post_sleep,visual,86,0.0
102,post_sleep,visual,87,0.0
102,post_sleep,visual,88,0.0
102,post_sleep,visual,89,0.0
102,post_sleep,visual,90,0.0
102,post_sleep,visual,91,0.0
102,post_sleep,visual,92,0.0
102,post_sleep,visual,93,0.0
102,post_sleep,visual,94,0.0
102,post_sleep,visual,95,0.0
102,post_sleep,visual,96,0.0
102,post_sleep,visual,97,0.0
102,post_sleep,visual,98,0.0
102,post_sleep,visual,99,0.0
102,post_sleep,visual,100,0.0
102,post_sleep,visual,101,0.0
102,post_sleep,visual,102,0.75
102,post_sleep,visual,103,0.1
102,post_sleep,visual,104,0.75
102,post_sleep,visual,105,0.0
102,post_sleep,visual,106,0.0
102,post_sleep,visual,107,0.0
102,post_sleep,visual,108,0.0
102,post_sleep,visual,109,0.0
102,post_sleep,visual,110,0.0
102,post_sleep,visual,111,0.0
102,post_sleep,visual,112,0.0
102,post_sleep,visual,113,0.0
102,post_sleep,visual,114,0.0
102,post_sleep,visual,115,0.0
102,post_sleep,visual,116,0.0
102,post_sleep,visual,117,0.0
102,post_sleep,visual,118,0.0
102,post_sleep,visual,119,0.0
102,post_sleep,visual,120,0.0
102,post_sleep,visual,121,0.0
102,post_sleep,visual,122,0.0
102,post_sleep,visual,123,0.0
102,post_sleep,visual,124,0.0
102,post_sleep,visual,125,0.0
102,post_sleep,visual,126,0.0
102,post_sleep,visual,127,0.0
102,post_sleep,visual,128,0.0
102,post_sleep,visual,129,0.65
102,post_sleep,visual,130,0.95
102,post_sleep,visual,131,0.65
102,post_sleep,visual,132,0.08
102,post_sleep,visual,133,0.18
102,post_sleep,visual,134,0.95
102,post_sleep,visual,135,0.0
102,post_sleep,visual,136,0.0
102,post_sleep,visual,137,0.0
102,post_sleep,visual,138,0.0
102,post_sleep,visual,139,0.0
102,post_sleep,visual,140,0.0
102,post_sleep,visual,141,0.0
102,post_sleep,visual,142,0.0
102,post_sleep,visual,143,0.0
102,post_sleep,visual,144,0.0
102,post_sleep,visual,145,0.0
102,post_sleep,visual,146,0.0
102,post_sleep,visual,147,0.0
102,post_sleep,visual,148,0.0
102,post_sleep,visual,149,0.0
102,post_sleep,visual,150,0.0
102,post_sleep,visual,151,0.0
102,post_sleep,visual,152,0.0
102,post_sleep,visual,153,0.0
102,post_sleep,visual,154,0.0
102,post_sleep,visual,155,0.0
102,post_sleep,visual,156,0.0
102,post_sleep,visual,157,0.0
102,post_sleep,visual,158,0.0
102,post_sleep,visual,159,0.0
102,post_sleep,visual,160,0.0
102,post_sleep,visual,161,0.0
102,post_sleep,visual,162,0.0
102,post_sleep,visual,163,0.0
102,post_sleep,visual,164,0.0
102,post_sleep,visual,165,0.0
102,post_sleep,visual,166,0.0
102,post_sleep,visual,167,0.0
102,post_sleep,visual,168,0.0
102,post_sleep,visual,169,0.0
102,post_sleep,visual,170,0.0
102,post_sleep,visual,171,0.0
102,post_sleep,visual,172,0.0
102,post_sleep,visual,173,0.0
102,post_sleep,visual,174,0.0
102,post_sleep,visual,175,0.0
102,post_sleep,visual,176,0.0
102,post_sleep,visual,177,0.0
102,post_sleep,visual,178,0.0
102,post_sleep,visual,179,0.0
102,post_sleep,audio,0,0.2289545149945704
102,post_sleep,audio,1,0.1315213621163051
102,post_sleep,audio,2,0.31769750268127467
102,post_sleep,audio,3,0.2125128752602553
102,post_sleep,audio,4,0.3122614591637299
102,post_sleep,audio,5,0.1572837411873229
102,post_sleep,audio,6,0.22706927946545846
102,post_sleep,audio,7,0.05127370826639385
102,post_sleep,audio,8,0.0014593064139856171
102,post_sleep,audio,9,0.0006140812404739626
102,post_sleep,audio,10,0.0006625879442661575
102,post_sleep,audio,11,0.00041276279851260034
102,post_sleep,audio,12,0.0006144214650897206
102,post_sleep,audio,13,0.0004869803898906455
102,post_sleep,audio,14,0.0008369148159260986
102,post_sleep,audio,15,0.00018898076488653437
102,post_sleep,proprioceptive,0,0.5
102,post_sleep,proprioceptive,1,0.5
102,post_sleep,proprioceptive,2,0.0
102,post_sleep,proprioceptive,3,0.0
102,post_sleep,proprioceptive,4,0.0
102,post_sleep,proprioceptive,5,0.0009373038163552061
102,post_sleep,prediction,0,0.01373754805176938
102,post_sleep,prediction,1,0.014393065738104152
102,post_sleep,prediction,2,0.0049385724323281225
102,post_sleep,prediction,3,0.01369927859125313
102,post_sleep,prediction,4,0.01643504015838214
102,post_sleep,prediction,5,0.011825877429348633
102,post_sleep,prediction,6,0.003475048490655358
102,post_sleep,prediction,7,0.013352300097484032
102,post_sleep,prediction,8,0.017554310453405005
102,post_sleep,prediction,9,0.021263508044212957
102,post_sleep,prediction,10,0.006861702835409628
102,post_sleep,prediction,11,0.015270170157525896
102,post_sleep,prediction,12,0.01559192137605484
102,post_sleep,prediction,13,0.014757990439104798
102,post_sleep,prediction,14,0.004981886754108154
102,post_sleep,prediction,15,0.05537484490865299
102,post_sleep,prediction,16,0.019683459780956696
102,post_sleep,prediction,17,0.021382004532934082
102,post_sleep,prediction,18,0.004144124732368867
102,post_sleep,prediction,19,0.012292946136982183
102,post_sleep,prediction,20,0.027948502461289066
102,post_sleep,prediction,21,0.02637921866128271
102,post_sleep,prediction,22,0.06295991760548812
102,post_sleep,prediction,23,0.026805073899028944
102,post_sleep,prediction,24,0.012008416126943193
102,post_sleep,prediction,25,0.014959853943209563
102,post_sleep,prediction,26,0.0126208803361583
102,post_sleep,prediction,27,0.03701933273576777
102,post_sleep,prediction,28,0.02608484291722954
102,post_sleep,prediction,29,0.017412160105081603
102,post_sleep,prediction,30,0.0034273880876376445
102,post_sleep,prediction,31,0.07879963878388933
102,post_sleep,prediction,32,0.059107670820873724
102,post_sleep,prediction,33,0.02073884909700808
102,post_sleep,prediction,34,0.0038114754395112784
102,post_sleep,prediction,35,0.010807003794557136
102,post_sleep,emotion,0,0.16077481744661387
102,post_sleep,emotion,1,0.11556942465844477
102,post_sleep,emotion,2,0.23943605771194892
102,post_sleep,action,0,0.00623800444151284
102,post_sleep,action,1,2.4865195606916877e-05
102,post_sleep,action,2,0.008965569544110095
102,post_sleep,action,3,2.1590064373112006e-05
102,post_sleep,action,4,0.0
102,post_sleep,action,5,0.0
103,post_sleep,visual,0,0.0
103,post_sleep,visual,1,0.0
103,post_sleep,visual,2,0.0
103,post_sleep,visual,3,0.0
103,post_sleep,visual,4,0.0
103,post_sleep,visual,5,0.0
103,post_sleep,visual,6,0.0
103,post_sleep,visual,7,0.0
103,post_sleep,visual,8,0.0
103,post_sleep,visual,9,0.0
103,post_sleep,visual,10,0.0
103,post_sleep,visual,11,0.0
103,post_sleep,visual,12,0.0
103,post_sleep,visual,13,0.0
103,post_sleep,visual,14,0.0
103,post_sleep,visual,15,0.36999999999999994
103,post_sleep,visual,16,0.0
103,post_sleep,visual,17,0.0
103,post_sleep,visual,18,0.0
103,post_sleep,visual,19,0.0
103,post_sleep,visual,20,0.0
103,post_sleep,visual,21,0.0
103,post_sleep,visual,22,0.5333333333333333
103,post_sleep,visual,23,0.0
103,post_sleep,visual,24,0.0
103,post_sleep,visual,25,0.0
103,post_sleep,visual,26,0.0
103,post_sleep,visual,27,0.0
103,post_sleep,visual,28,0.0
103,post_sleep,visual,29,0.0
103,post_sleep,visual,30,0.0
103,post_sleep,visual,31,0.75
103,post_sleep,visual,32,0.4033333333333333
103,post_sleep,visual,33,0.0
103,post_sleep,visual,34,0.0
103,post_sleep,visual,35,0.0
103,post_sleep,visual,36,0.0
103,post_sleep,visual,37,0.0
103,post_sleep,visual,38,0.0
103,post_sleep,visual,39,0.0
103,post_sleep,visual,40,0.0
103,post_sleep,visual,41,0.0
103,post_sleep,visual,42,0.0
103,post_sleep,visual,43,0.0
103,post_sleep,visual,44,0.0
103,post_sleep,visual,45,0.0
103,post_sleep,visual,46,0.0
103,post_sleep,visual,47,0.0
103,post_sleep,visual,48,0.0
103,post_sleep,visual,49,0.0
103,post_sleep,visual,50,0.0
103,post_sleep,visual,51,0.0
103,post_sleep,visual,52,0.0
103,post_sleep,visual,53,0.0
103,post_sleep,visual,54,0.0
103,post_sleep,visual,55,0.0
103,post_sleep,visual,56,0.0
103,post_sleep,visual,57,0.0
103,post_sleep,visual,58,0.0
103,post_sleep,visual,59,0.0
103,post_sleep,visual,60,0.0
103,post_sleep,visual,61,0.0
103,post_sleep,visual,62,0.0
103,post_sleep,visual,63,0.0
103,post_sleep,visual,64,0.0
103,post_sleep,visual,65,0.0
103,post_sleep,visual,66,0.0
103,post_sleep,visual,67,0.0
103,post_sleep,visual,68,0.0
103,post_sleep,visual,69,0.0
103,post_sleep,visual,70,0.0
103,post_sleep,visual,71,0.0
103,post_sleep,visual,72,0.0
103,post_sleep,visual,73,0.0
103,post_sleep,visual,74,0.0
103,post_sleep,visual,75,0.0
103,post_sleep,visual,76,0.0
103,post_sleep,visual,77,0.0
103,post_sleep,visual,78,0.0
103,post_sleep,visual,79,0.0
103,post_sleep,visual,80,0.0
103,post_sleep,visual,81,0.95
103,post_sleep,visual,82,0.08
103,post_sleep,visual,83,0.08
103,post_sleep,visual,84,0.0
103,post_sleep,visual,85,0.0
103,post_sleep,visual,86,0.0
103,post_sleep,visual,87,0.0
103,post_sleep,visual,88,0.0
103,post_sleep,visual,89,0.0
103,post_sleep,visual,90,0.0
103,post_sleep,visual,91,0.0
103,post_sleep,visual,92,0.0
103,post_sleep,visual,93,0.0
103,post_sleep,visual,94,0.0
103,post_sleep,visual,95,0.0
103,post_sleep,visual,96,0.0
103,post_sleep,visual,97,0.0
103,post_sleep,visual,98,0.0
103,post_sleep,visual,99,0.0
103,post_sleep,visual,100,0.0
103,post_sleep,visual,101,0.0
103,post_sleep,visual,102,0.75
103,post_sleep,visual,103,0.1
103,post_sleep,visual,104,0.75
103,post_sleep,visual,105,0.0
103,post_sleep,visual,106,0.0
103,post_sleep,visual,107,0.0
103,post_sleep,visual,108,0.0
103,post_sleep,visual,109,0.0
103,post_sleep,visual,110,0.0
103,post_sleep,visual,111,0.0
103,post_sleep,visual,112,0.0
103,post_sleep,visual,113,0.0
103,post_sleep,visual,114,0.0
103,post_sleep,visual,115,0.0
103,post_sleep,visual,116,0.0
103,post_sleep,visual,117,0.0
103,post_sleep,visual,118,0.0
103,post_sleep,visual,119,0.0
103,post_sleep,visual,120,0.0
103,post_sleep,visual,121,0.0
103,post_sleep,visual,122,0.0
103,post_sleep,visual,123,0.0
103,post_sleep,visual,124,0.0
103,post_sleep,visual,125,0.0
103,post_sleep,visual,126,0.0
103,post_sleep,visual,127,0.0
103,post_sleep,visual,128,0.0
103,post_sleep,visual,129,0.65
103,post_sleep,visual,130,0.95
103,post_sleep,visual,131,0.65
103,post_sleep,visual,132,0.08
103,post_sleep,visual,133,0.18
103,post_sleep,visual,134,0.95
103,post_sleep,visual,135,0.0
103,post_sleep,visual,136,0.0
103,post_sleep,visual,137,0.0
103,post_sleep,visual,138,0.0
103,post_sleep,visual,139,0.0
103,post_sleep,visual,140,0.0
103,post_sleep,visual,141,0.0
103,post_sleep,visual,142,0.0
103,post_sleep,visual,143,0.0
103,post_sleep,visual,144,0.0
103,post_sleep,visual,145,0.0
103,post_sleep,visual,146,0.0
103,post_sleep,visual,147,0.0
103,post_sleep,visual,148,0.0
103,post_sleep,visual,149,0.0
103,post_sleep,visual,150,0.0
103,post_sleep,visual,151,0.0
103,post_sleep,visual,152,0.0
103,post_sleep,visual,153,0.0
103,post_sleep,visual,154,0.0
103,post_sleep,visual,155,0.0
103,post_sleep,visual,156,0.0
103,post_sleep,visual,157,0.0
103,post_sleep,visual,158,0.0
103,post_sleep,visual,159,0.0
103,post_sleep,visual,160,0.0
103,post_sleep,visual,161,0.0
103,post_sleep,visual,162,0.0
103,post_sleep,visual,163,0.0
103,post_sleep,visual,164,0.0
103,post_sleep,visual,165,0.0
103,post_sleep,visual,166,0.0
103,post_sleep,visual,167,0.0
103,post_sleep,visual,168,0.0
103,post_sleep,visual,169,0.0
103,post_sleep,visual,170,0.0
103,post_sleep,visual,171,0.0
103,post_sleep,visual,172,0.0
103,post_sleep,visual,173,0.0
103,post_sleep,visual,174,0.0
103,post_sleep,visual,175,0.0
103,post_sleep,visual,176,0.0
103,post_sleep,visual,177,0.0
103,post_sleep,visual,178,0.0
103,post_sleep,visual,179,0.0
103,post_sleep,audio,0,0.22773200222197643
103,post_sleep,audio,1,0.13157354753069422
103,post_sleep,audio,2,0.32020268317478884
103,post_sleep,audio,3,0.21288048740884685
103,post_sleep,audio,4,0.3118427955672288
103,post_sleep,audio,5,0.1567898178003729
103,post_sleep,audio,6,0.22622697206694564
103,post_sleep,audio,7,0.051083509821568375
103,post_sleep,audio,8,0.00122251277259397
103,post_sleep,audio,9,5.21854143891165e-05
103,post_sleep,audio,10,0.0025051804935141697
103,post_sleep,audio,11,0.0003676121485915451
103,post_sleep,audio,12,0.00041866359650105656
103,post_sleep,audio,13,0.000493923386950007
103,post_sleep,audio,14,0.0008423073985128204
103,post_sleep,audio,15,0.0001901984448254776
103,post_sleep,proprioceptive,0,0.5
103,post_sleep,proprioceptive,1,0.5
103,post_sleep,proprioceptive,2,0.0
103,post_sleep,proprioceptive,3,0.0
103,post_sleep,proprioceptive,4,0.0
103,post_sleep,proprioceptive,5,0.013308569242288515
103,post_sleep,prediction,0,0.010363124770206976
103,post_sleep,prediction,1,0.010875972588078634
103,post_sleep,prediction,2,0.0031327627740997625
103,post_sleep,prediction,3,0.010129670541234172
103,post_sleep,prediction,4,0.012681721072689561
103,post_sleep,prediction,5,0.008661415939421825
103,post_sleep,prediction,6,0.002146285233052148
103,post_sleep,prediction,7,0.00988853477444343
103,post_sleep,prediction,8,0.013762154710877215
103,post_sleep,prediction,9,0.017189436445204185
103,post_sleep,prediction,10,0.004223220343960813
103,post_sleep,prediction,11,0.011686900858427269
103,post_sleep,prediction,12,0.011884166614172263
103,post_sleep,prediction,13,0.011171485049052077
103,post_sleep,prediction,14,0.0030517466846246193
103,post_sleep,prediction,15,0.05324304206516349
103,post_sleep,prediction,16,0.015785631451910954
103,post_sleep,prediction,17,0.017112217987742512
103,post_sleep,prediction,18,0.002625982369557007
103,post_sleep,prediction,19,0.009095830148205739
103,post_sleep,prediction,20,0.023561497215713274
103,post_sleep,prediction,21,0.022828111558307586
103,post_sleep,prediction,22,0.062371224101936004
103,post_sleep,prediction,23,0.022679415198783144
103,post_sleep,prediction,24,0.009029007778681089
103,post_sleep,prediction,25,0.011645315301977223
103,post_sleep,prediction,26,0.009673963235779497
103,post_sleep,prediction,27,0.0322783544367551
103,post_sleep,prediction,28,0.02202175085765567
103,post_sleep,prediction,29,0.013534662617522944
103,post_sleep,prediction,30,0.002144990564117954
103,post_sleep,prediction,31,0.08008837346234839
103,post_sleep,prediction,32,0.057536502604689316
103,post_sleep,prediction,33,0.016964587499618503
103,post_sleep,prediction,34,0.002322308078241303
103,post_sleep,prediction,35,0.00772454156391931
103,post_sleep,emotion,0,0.15527740894871692
103,post_sleep,emotion,1,0.11334230272760418
103,post_sleep,emotion,2,0.22858004283597844
103,post_sleep,action,0,0.009125393793547711
103,post_sleep,action,1,1.2304400868039329e-05
103,post_sleep,action,2,0.005898711256449482
103,post_sleep,action,3,0.0006075892246620078
103,post_sleep,action,4,0.0
103,post_sleep,action,5,0.0
104,post_sleep,visual,0,0.0
104,post_sleep,visual,1,0.0
104,post_sleep,visual,2,0.0
104,post_sleep,visual,3,0.0
104,post_sleep,visual,4,0.0
104,post_sleep,visual,5,0.0
104,post_sleep,visual,6,0.0
104,post_sleep,visual,7,0.0
104,post_sleep,visual,8,0.0
104,post_sleep,visual,9,0.0
104,post_sleep,visual,10,0.0
104,post_sleep,visual,11,0.0
104,post_sleep,visual,12,0.0
104,post_sleep,visual,13,0.0
104,post_sleep,visual,14,0.0
104,post_sleep,visual,15,0.36999999999999994
104,post_sleep,visual,16,0.0
104,post_sleep,visual,17,0.0
104,post_sleep,visual,18,0.0
104,post_sleep,visual,19,0.0
104,post_sleep,visual,20,0.0
104,post_sleep,visual,21,0.0
104,post_sleep,visual,22,0.5333333333333333
104,post_sleep,visual,23,0.0
104,post_sleep,visual,24,0.0
104,post_sleep,visual,25,0.0
104,post_sleep,visual,26,0.0
104,post_sleep,visual,27,0.0
104,post_sleep,visual,28,0.0
104,post_sleep,visual,29,0.0
104,post_sleep,visual,30,0.0
104,post_sleep,visual,31,0.75
104,post_sleep,visual,32,0.4033333333333333
104,post_sleep,visual,33,0.0
104,post_sleep,visual,34,0.0
104,post_sleep,visual,35,0.0
104,post_sleep,visual,36,0.0
104,post_sleep,visual,37,0.0
104,post_sleep,visual,38,0.0
104,post_sleep,visual,39,0.0
104,post_sleep,visual,40,0.0
104,post_sleep,visual,41,0.0
104,post_sleep,visual,42,0.0
104,post_sleep,visual,43,0.0
104,post_sleep,visual,44,0.0
104,post_sleep,visual,45,0.0
104,post_sleep,visual,46,0.0
104,post_sleep,visual,47,0.0
104,post_sleep,visual,48,0.0
104,post_sleep,visual,49,0.0
104,post_sleep,visual,50,0.0
104,post_sleep,visual,51,0.0
104,post_sleep,visual,52,0.0
104,post_sleep,visual,53,0.0
104,post_sleep,visual,54,0.0
104,post_sleep,visual,55,0.0
104,post_sleep,visual,56,0.0
104,post_sleep,visual,57,0.0
104,post_sleep,visual,58,0.0
104,post_sleep,visual,59,0.0
104,post_sleep,visual,60,0.0
104,post_sleep,visual,61,0.0
104,post_sleep,visual,62,0.0
104,post_sleep,visual,63,0.0
104,post_sleep,visual,64,0.0
104,post_sleep,visual,65,0.0
104,post_sleep,visual,66,0.0
104,post_sleep,visual,67,0.0
104,post_sleep,visual,68,0.0
104,post_sleep,visual,69,0.0
104,post_sleep,visual,70,0.0
104,post_sleep,visual,71,0.0
104,post_sleep,visual,72,0.0
104,post_sleep,visual,73,0.0
104,post_sleep,visual,74,0.0
104,post_sleep,visual,75,0.0
104,post_sleep,visual,76,0.0
104,post_sleep,visual,77,0.0
104,post_sleep,visual,78,0.0
104,post_sleep,visual,79,0.0
104,post_sleep,visual,80,0.0
104,post_sleep,visual,81,0.95
104,post_sleep,visual,82,0.08
104,post_sleep,visual,83,0.08
104,post_sleep,visual,84,0.0
104,post_sleep,visual,85,0.0
104,post_sleep,visual,86,0.0
104,post_sleep,visual,87,0.0
104,post_sleep,visual,88,0.0
104,post_sleep,visual,89,0.0
104,post_sleep,visual,90,0.0
104,post_sleep,visual,91,0.0
104,post_sleep,visual,92,0.0
104,post_sleep,visual,93,0.0
104,post_sleep,visual,94,0.0
104,post_sleep,visual,95,0.0
104,post_sleep,visual,96,0.0
104,post_sleep,visual,97,0.0
104,post_sleep,visual,98,0.0
104,post_sleep,visual,99,0.0
104,post_sleep,visual,100,0.0
104,post_sleep,visual,101,0.0
104,post_sleep,visual,102,0.75
104,post_sleep,visual,103,0.1
104,post_sleep,visual,104,0.75
104,post_sleep,visual,105,0.0
104,post_sleep,visual,106,0.0
104,post_sleep,visual,107,0.0
104,post_sleep,visual,108,0.0
104,post_sleep,visual,109,0.0
104,post_sleep,visual,110,0.0
104,post_sleep,visual,111,0.0
104,post_sleep,visual,112,0.0
104,post_sleep,visual,113,0.0
104,post_sleep,visual,114,0.0
104,post_sleep,visual,115,0.0
104,post_sleep,visual,116,0.0
104,post_sleep,visual,117,0.0
104,post_sleep,visual,118,0.0
104,post_sleep,visual,119,0.0
104,post_sleep,visual,120,0.0
104,post_sleep,visual,121,0.0
104,post_sleep,visual,122,0.0
104,post_sleep,visual,123,0.0
104,post_sleep,visual,124,0.0
104,post_sleep,visual,125,0.0
104,post_sleep,visual,126,0.0
104,post_sleep,visual,127,0.0
104,post_sleep,visual,128,0.0
104,post_sleep,visual,129,0.65
104,post_sleep,visual,130,0.95
104,post_sleep,visual,131,0.65
104,post_sleep,visual,132,0.08
104,post_sleep,visual,133,0.18
104,post_sleep,visual,134,0.95
104,post_sleep,visual,135,0.0
104,post_sleep,visual,136,0.0
104,post_sleep,visual,137,0.0
104,post_sleep,visual,138,0.0
104,post_sleep,visual,139,0.0
104,post_sleep,visual,140,0.0
104,post_sleep,visual,141,0.0
104,post_sleep,visual,142,0.0
104,post_sleep,visual,143,0.0
104,post_sleep,visual,144,0.0
104,post_sleep,visual,145,0.0
104,post_sleep,visual,146,0.0
104,post_sleep,visual,147,0.0
104,post_sleep,visual,148,0.0
104,post_sleep,visual,149,0.0
104,post_sleep,visual,150,0.0
104,post_sleep,visual,151,0.0
104,post_sleep,visual,152,0.0
104,post_sleep,visual,153,0.0
104,post_sleep,visual,154,0.0
104,post_sleep,visual,155,0.0
104,post_sleep,visual,156,0.0
104,post_sleep,visual,157,0.0
104,post_sleep,visual,158,0.0
104,post_sleep,visual,159,0.0
104,post_sleep,visual,160,0.0
104,post_sleep,visual,161,0.0
104,post_sleep,visual,162,0.0
104,post_sleep,visual,163,0.0
104,post_sleep,visual,164,0.0
104,post_sleep,visual,165,0.0
104,post_sleep,visual,166,0.0
104,post_sleep,visual,167,0.0
104,post_sleep,visual,168,0.0
104,post_sleep,visual,169,0.0
104,post_sleep,visual,170,0.0
104,post_sleep,visual,171,0.0
104,post_sleep,visual,172,0.0
104,post_sleep,visual,173,0.0
104,post_sleep,visual,174,0.0
104,post_sleep,visual,175,0.0
104,post_sleep,visual,176,0.0
104,post_sleep,visual,177,0.0
104,post_sleep,visual,178,0.0
104,post_sleep,visual,179,0.0
104,post_sleep,audio,0,0.22652058418206789
104,post_sleep,audio,1,0.13161546377915476
104,post_sleep,audio,2,0.32262866897915427
104,post_sleep,audio,3,0.21321699425757323
104,post_sleep,audio,4,0.31139495424352726
104,post_sleep,audio,5,0.15628922890369767
104,post_sleep,audio,6,0.22537965911949384
104,post_sleep,audio,7,0.050892181091498616
104,post_sleep,audio,8,0.0012114180399085406
104,post_sleep,audio,9,4.191624846053288e-05
104,post_sleep,audio,10,0.002425985804365427
104,post_sleep,audio,11,0.00033650684872638115
104,post_sleep,audio,12,0.0004478413237015699
104,post_sleep,audio,13,0.0005005888966752303
104,post_sleep,audio,14,0.0008473129474518004
104,post_sleep,audio,15,0.00019132873006975915
104,post_sleep,proprioceptive,0,0.5
104,post_sleep,proprioceptive,1,0.5
104,post_sleep,proprioceptive,2,0.0
104,post_sleep,proprioceptive,3,0.0
104,post_sleep,proprioceptive,4,0.0
104,post_sleep,proprioceptive,5,0.03971137550320497
104,post_sleep,prediction,0,0.007711744588649048
104,post_sleep,prediction,1,0.008105031677360142
104,post_sleep,prediction,2,0.00198804433150458
104,post_sleep,prediction,3,0.007331242150637193
104,post_sleep,prediction,4,0.009663484830464272
104,post_sleep,prediction,5,0.006229781652655856
104,post_sleep,prediction,6,0.0013261392744694728
104,post_sleep,prediction,7,0.007166016036185213
104,post_sleep,prediction,8,0.010695737967508332
104,post_sleep,prediction,9,0.013859777366826222
104,post_sleep,prediction,10,0.0026003595733846965
104,post_sleep,prediction,11,0.008836644290016913
104,post_sleep,prediction,12,0.008941220156694745
104,post_sleep,prediction,13,0.008347973574560033
104,post_sleep,prediction,14,0.0018701536603497157
104,post_sleep,prediction,15,0.05131476496725262
104,post_sleep,prediction,16,0.012613509090039162
104,post_sleep,prediction,17,0.013603163605079764
104,post_sleep,prediction,18,0.0016646525284081085
104,post_sleep,prediction,19,0.006621634832393175
104,post_sleep,prediction,20,0.019889774349601385
104,post_sleep,prediction,21,0.019909711567739522
104,post_sleep,prediction,22,0.06168250808065774
104,post_sleep,prediction,23,0.01922829779757213
104,post_sleep,prediction,24,0.006736267669950776
104,post_sleep,prediction,25,0.00904737949418323
104,post_sleep,prediction,26,0.007302202338145968
104,post_sleep,prediction,27,0.028199164111724247
104,post_sleep,prediction,28,0.018638054002315513
104,post_sleep,prediction,29,0.01044518284626665
104,post_sleep,prediction,30,0.0013429623149905
104,post_sleep,prediction,31,0.08102379236262258
104,post_sleep,prediction,32,0.05604918139558074
104,post_sleep,prediction,33,0.013893819297390518
104,post_sleep,prediction,34,0.0014155475611099969
104,post_sleep,prediction,35,0.00534688106450077
104,post_sleep,emotion,0,0.1505365550579295
104,post_sleep,emotion,1,0.11130557715305739
104,post_sleep,emotion,2,0.21907527769251306
104,post_sleep,action,0,0.011692563630980904
104,post_sleep,action,1,0.0008989189785990079
104,post_sleep,action,2,0.0027823964908864213
104,post_sleep,action,3,0.002677032397608412
104,post_sleep,action,4,0.0
104,post_sleep,action,5,0.0
105,post_sleep,visual,0,0.0
105,post_sleep,visual,1,0.0
105,post_sleep,visual,2,0.0
105,post_sleep,visual,3,0.0
105,post_sleep,visual,4,0.0
105,post_sleep,visual,5,0.0
105,post_sleep,visual,6,0.0
105,post_sleep,visual,7,0.0
105,post_sleep,visual,8,0.0
105,post_sleep,visual,9,0.0
105,post_sleep,visual,10,0.0
105,post_sleep,visual,11,0.0
105,post_sleep,visual,12,0.0
105,post_sleep,visual,13,0.0
105,post_sleep,visual,14,0.0
105,post_sleep,visual,15,0.0
105,post_sleep,visual,16,0.36999999999999994
105,post_sleep,visual,17,0.0
105,post_sleep,visual,18,0.0
105,post_sleep,visual,19,0.0
105,post_sleep,visual,20,0.0
105,post_sleep,visual,21,0.0
105,post_sleep,visual,22,0.5333333333333333
105,post_sleep,visual,23,0.0
105,post_sleep,visual,24,0.0
105,post_sleep,visual,25,0.0
105,post_sleep,visual,26,0.0
105,post_sleep,visual,27,0.0
105,post_sleep,visual,28,0.0
105,post_sleep,visual,29,0.0
105,post_sleep,visual,30,0.0
105,post_sleep,visual,31,0.75
105,post_sleep,visual,32,0.4033333333333333
105,post_sleep,visual,33,0.0
105,post_sleep,visual,34,0.0
105,post_sleep,visual,35,0.0
105,post_sleep,visual,36,0.0
105,post_sleep,visual,37,0.0
105,post_sleep,visual,38,0.0
105,post_sleep,visual,39,0.0
105,post_sleep,visual,40,0.0
105,post_sleep,visual,41,0.0
105,post_sleep,visual,42,0.0
105,post_sleep,visual,43,0.0
105,post_sleep,visual,44,0.0
105,post_sleep,visual,45,0.0
105,post_sleep,visual,46,0.0
105,post_sleep,visual,47,0.0
105,post_sleep,visual,48,0.0
105,post_sleep,visual,49,0.0
105,post_sleep,visual,50,0.0
105,post_sleep,visual,51,0.0
105,post_sleep,visual,52,0.0
105,post_sleep,visual,53,0.0
105,post_sleep,visual,54,0.0
105,post_sleep,visual,55,0.0
105,post_sleep,visual,56,0.0
105,post_sleep,visual,57,0.0
105,post_sleep,visual,58,0.0
105,post_sleep,visual,59,0.0
105,post_sleep,visual,60,0.0
105,post_sleep,visual,61,0.0
105,post_sleep,visual,62,0.0
105,post_sleep,visual,63,0.0
105,post_sleep,visual,64,0.0
105,post_sleep,visual,65,0.0
105,post_sleep,visual,66,0.0
105,post_sleep,visual,67,0.0
105,post_sleep,visual,68,0.0
105,post_sleep,visual,69,0.0
105,post_sleep,visual,70,0.0
105,post_sleep,visual,71,0.0
105,post_sleep,visual,72,0.0
105,post_sleep,visual,73,0.0
105,post_sleep,visual,74,0.0
105,post_sleep,visual,75,0.0
105,post_sleep,visual,76,0.0
105,post_sleep,visual,77,0.0
105,post_sleep,visual,78,0.0
105,post_sleep,visual,79,0.0
105,post_sleep,visual,80,0.0
105,post_sleep,visual,81,0.0
105,post_sleep,visual,82,0.0
105,post_sleep,visual,83,0.0
105,post_sleep,visual,84,0.95
105,post_sleep,visual,85,0.08
105,post_sleep,visual,86,0.08
105,post_sleep,visual,87,0.0
105,post_sleep,visual,88,0.0
105,post_sleep,visual,89,0.0
105,post_sleep,visual,90,0.0
105,post_sleep,visual,91,0.0
105,post_sleep,visual,92,0.0
105,post_sleep,visual,93,0.0
105,post_sleep,visual,94,0.0
105,post_sleep,visual,95,0.0
105,post_sleep,visual,96,0.0
105,post_sleep,visual,97,0.0
105,post_sleep,visual,98,0.0
105,post_sleep,visual,99,0.0
105,post_sleep,visual,100,0.0
105,post_sleep,visual,101,0.0
105,post_sleep,visual,102,0.75
105,post_sleep,visual,103,0.1
105,post_sleep,visual,104,0.75
105,post_sleep,visual,105,0.0
105,post_sleep,visual,106,0.0
105,post_sleep,visual,107,0.0
105,post_sleep,visual,108,0.0
105,post_sleep,visual,109,0.0
105,post_sleep,visual,110,0.0
105,post_sleep,visual,111,0.0
105,post_sleep,visual,112,0.0
105,post_sleep,visual,113,0.0
105,post_sleep,visual,114,0.0
105,post_sleep,visual,115,0.0
105,post_sleep,visual,116,0.0
105,post_sleep,visual,117,0.0
105,post_sleep,visual,118,0.0
105,post_sleep,visual,119,0.0
105,post_sleep,visual,120,0.0
105,post_sleep,visual,121,0.0
105,post_sleep,visual,122,0.0
105,post_sleep,visual,123,0.0
105,post_sleep,visual,124,0.0
105,post_sleep,visual,125,0.0
105,post_sleep,visual,126,0.0
105,post_sleep,visual,127,0.0
105,post_sleep,visual,128,0.0
105,post_sleep,visual,129,0.65
105,post_sleep,visual,130,0.95
105,post_sleep,visual,131,0.65
105,post_sleep,visual,132,0.08
105,post_sleep,visual,133,0.18
105,post_sleep,visual,134,0.95
105,post_sleep,visual,135,0.0
105,post_sleep,visual,136,0.0
105,post_sleep,visual,137,0.0
105,post_sleep,visual,138,0.0
105,post_sleep,visual,139,0.0
105,post_sleep,visual,140,0.0
105,post_sleep,visual,141,0.0
105,post_sleep,visual,142,0.0
105,post_sleep,visual,143,0.0
105,post_sleep,visual,144,0.0
105,post_sleep,visual,145,0.0
105,post_sleep,visual,146,0.0
105,post_sleep,visual,147,0.0
105,post_sleep,visual,148,0.0
105,post_sleep,visual,149,0.0
105,post_sleep,visual,150,0.0
105,post_sleep,visual,151,0.0
105,post_sleep,visual,152,0.0
105,post_sleep,visual,153,0.0
105,post_sleep,visual,154,0.0
105,post_sleep,visual,155,0.0
105,post_sleep,visual,156,0.0
105,post_sleep,visual,157,0.0
105,post_sleep,visual,158,0.0
105,post_sleep,visual,159,0.36999999999999994
105,post_sleep,visual,160,0.36999999999999994
105,post_sleep,visual,161,0.0
105,post_sleep,visual,162,0.0
105,post_sleep,visual,163,0.0
105,post_sleep,visual,164,0.0
105,post_sleep,visual,165,0.0
105,post_sleep,visual,166,0.0
105,post_sleep,visual,167,0.0
105,post_sleep,visual,168,0.0
105,post_sleep,visual,169,0.0
105,post_sleep,visual,170,0.0
105,post_sleep,visual,171,0.0
105,post_sleep,visual,172,0.0
105,post_sleep,visual,173,0.0
105,post_sleep,visual,174,0.0
105,post_sleep,visual,175,0.0
105,post_sleep,visual,176,0.0
105,post_sleep,visual,177,0.0
105,post_sleep,visual,178,0.0
105,post_sleep,visual,179,0.0
105,post_sleep,audio,0,0.2253192078923133
105,post_sleep,audio,1,0.13164451374963201
105,post_sleep,audio,2,0.3249634054304165
105,post_sleep,audio,3,0.21351964974921522
105,post_sleep,audio,4,0.31091766131217397
105,post_sleep,audio,5,0.1557822506522407
105,post_sleep,audio,6,0.22452771844647537
105,post_sleep,audio,7,0.050699807391139606
105,post_sleep,audio,8,0.0012013762897545854
105,post_sleep,audio,9,2.9049970477257325e-05
105,post_sleep,audio,10,0.0023347364512622537
105,post_sleep,audio,11,0.0003026554916419899
105,post_sleep,audio,12,0.0004772929313532903
105,post_sleep,audio,13,0.0005069782514569854
105,post_sleep,audio,14,0.0008519406730184698
105,post_sleep,audio,15,0.00019237370035900953
105,post_sleep,proprioceptive,0,0.5
105,post_sleep,proprioceptive,1,0.5
105,post_sleep,proprioceptive,2,0.0
105,post_sleep,proprioceptive,3,0.0
105,post_sleep,proprioceptive,4,0.0
105,post_sleep,proprioceptive,5,0.07938451738612007
105,post_sleep,prediction,0,0.005652293621343038
105,post_sleep,prediction,1,0.005948014365685992
105,post_sleep,prediction,2,0.001262048163249764
105,post_sleep,prediction,3,0.0051644028691249485
105,post_sleep,prediction,4,0.007267258271189845
105,post_sleep,prediction,5,0.004384245525587877
105,post_sleep,prediction,6,0.0008196802620206175
105,post_sleep,prediction,7,0.005052796480133897
105,post_sleep,prediction,8,0.008238231711815876
105,post_sleep,prediction,9,0.011151750887803515
105,post_sleep,prediction,10,0.0016016922604259608
105,post_sleep,prediction,11,0.006605970702890847
105,post_sleep,prediction,12,0.006633061834688411
105,post_sleep,prediction,13,0.006151086478661477
105,post_sleep,prediction,14,0.0011464600034295927
105,post_sleep,prediction,15,0.044946111472332274
105,post_sleep,prediction,16,0.014308779796041105
105,post_sleep,prediction,17,0.010843432668600266
105,post_sleep,prediction,18,0.0010556184711847112
105,post_sleep,prediction,19,0.004708335987557221
105,post_sleep,prediction,20,0.01678097684720794
105,post_sleep,prediction,21,0.017442373136781604
105,post_sleep,prediction,22,0.060908266193865516
105,post_sleep,prediction,23,0.01638128259836693
105,post_sleep,prediction,24,0.004994401864020383
105,post_sleep,prediction,25,0.00703520098971522
105,post_sleep,prediction,26,0.005416000340618106
105,post_sleep,prediction,27,0.02475791485849112
105,post_sleep,prediction,28,0.01586277867431742
105,post_sleep,prediction,29,0.00801096703211513
105,post_sleep,prediction,30,0.0008411180716908829
105,post_sleep,prediction,31,0.08170044735428451
105,post_sleep,prediction,32,0.05468906777628691
105,post_sleep,prediction,33,0.011426358397448478
105,post_sleep,prediction,34,0.0008631478440142503
105,post_sleep,prediction,35,0.003532515834988463
105,post_sleep,emotion,0,0.14739096198493604
105,post_sleep,emotion,1,0.1095408964935005
105,post_sleep,emotion,2,0.21138341266743352
105,post_sleep,action,0,0.013660612403594459
105,post_sleep,action,1,0.003106953881796912
105,post_sleep,action,2,0.0013129692778768103
105,post_sleep,action,3,0.005406024261699239
105,post_sleep,action,4,0.0
105,post_sleep,action,5,0.0
106,post_sleep,visual,0,0.0
106,post_sleep,visual,1,0.0
106,post_sleep,visual,2,0.0
106,post_sleep,visual,3,0.0
106,post_sleep,visual,4,0.0
106,post_sleep,visual,5,0.0
106,post_sleep,visual,6,0.0
106,post_sleep,visual,7,0.0
106,post_sleep,visual,8,0.0
106,post_sleep,visual,9,0.0
106,post_sleep,visual,10,0.0
106,post_sleep,visual,11,0.0
106,post_sleep,visual,12,0.0
106,post_sleep,visual,13,0.0
106,post_sleep,visual,14,0.0
106,post_sleep,visual,15,0.0
106,post_sleep,visual,16,0.36999999999999994
106,post_sleep,visual,17,0.0
106,post_sleep,visual,18,0.0
106,post_sleep,visual,19,0.0
106,post_sleep,visual,20,0.0
106,post_sleep,visual,21,0.0
106,post_sleep,visual,22,0.5333333333333333
106,post_sleep,visual,23,0.0
106,post_sleep,visual,24,0.0
106,post_sleep,visual,25,0.0
106,post_sleep,visual,26,0.0
106,post_sleep,visual,27,0.0
106,post_sleep,visual,28,0.0
106,post_sleep,visual,29,0.0
106,post_sleep,visual,30,0.0
106,post_sleep,visual,31,0.75
106,post_sleep,visual,32,0.4033333333333333
106,post_sleep,visual,33,0.0
106,post_sleep,visual,34,0.0
106,post_sleep,visual,35,0.0
106,post_sleep,visual,36,0.0
106,post_sleep,visual,37,0.0
106,post_sleep,visual,38,0.0
106,post_sleep,visual,39,0.0
106,post_sleep,visual,40,0.0
106,post_sleep,visual,41,0.0
106,post_sleep,visual,42,0.0
106,post_sleep,visual,43,0.0
106,post_sleep,visual,44,0.0
106,post_sleep,visual,45,0.0
106,post_sleep,visual,46,0.0
106,post_sleep,visual,47,0.0
106,post_sleep,visual,48,0.0
106,post_sleep,visual,49,0.0
106,post_sleep,visual,50,0.0
106,post_sleep,visual,51,0.0
106,post_sleep,visual,52,0.0
106,post_sleep,visual,53,0.0
106,post_sleep,visual,54,0.0
106,post_sleep,visual,55,0.0
106,post_sleep,visual,56,0.0
106,post_sleep,visual,57,0.0
106,post_sleep,visual,58,0.0
106,post_sleep,visual,59,0.0
106,post_sleep,visual,60,0.0
106,post_sleep,visual,61,0.0
106,post_sleep,visual,62,0.0
106,post_sleep,visual,63,0.0
106,post_sleep,visual,64,0.0
106,post_sleep,visual,65,0.0
106,post_sleep,visual,66,0.0
106,post_sleep,visual,67,0.0
106,post_sleep,visual,68,0.0
106,post_sleep,visual,69,0.0
106,post_sleep,visual,70,0.0
106,post_sleep,visual,71,0.0
106,post_sleep,visual,72,0.0
106,post_sleep,visual,73,0.0
106,post_sleep,visual,74,0.0
106,post_sleep,visual,75,0.0
106,post_sleep,visual,76,0.0
106,post_sleep,visual,77,0.0
106,post_sleep,visual,78,0.0
106,post_sleep,visual,79,0.0
106,post_sleep,visual,80,0.0
106,post_sleep,visual,81,0.0
106,post_sleep,visual,82,0.0
106,post_sleep,visual,83,0.0
106,post_sleep,visual,84,0.95
106,post_sleep,visual,85,0.08
106,post_sleep,visual,86,0.08
106,post_sleep,visual,87,0.0
106,post_sleep,visual,88,0.0
106,post_sleep,visual,89,0.0
106,post_sleep,visual,90,0.0
106,post_sleep,visual,91,0.0
106,post_sleep,visual,92,0.0
106,post_sleep,visual,93,0.0
106,post_sleep,visual,94,0.0
106,post_sleep,visual,95,0.0
106,post_sleep,visual,96,0.0
106,post_sleep,visual,97,0.0
106,post_sleep,visual,98,0.0
106,post_sleep,visual,99,0.0
106,post_sleep,visual,100,0.0
106,post_sleep,visual,101,0.0
106,post_sleep,visual,102,0.75
106,post_sleep,visual,103,0.1
106,post_sleep,visual,104,0.75
106,post_sleep,visual,105,0.0
106,post_sleep,visual,106,0.0
106,post_sleep,visual,107,0.0
106,post_sleep,visual,108,0.0
106,post_sleep,visual,109,0.0
106,post_sleep,visual,110,0.0
106,post_sleep,visual,111,0.0
106,post_sleep,visual,112,0.0
106,post_sleep,visual,113,0.0
106,post_sleep,visual,114,0.0
106,post_sleep,visual,115,0.0
106,post_sleep,visual,116,0.0
106,post_sleep,visual,117,0.0
106,post_sleep,visual,118,0.0
106,post_sleep,visual,119,0.0
106,post_sleep,visual,120,0.0
106,post_sleep,visual,121,0.0
106,post_sleep,visual,122,0.0
106,post_sleep,visual,123,0.0
106,post_sleep,visual,124,0.0
106,post_sleep,visual,125,0.0
106,post_sleep,visual,126,0.0
106,post_sleep,visual,127,0.0
106,post_sleep,visual,128,0.0
106,post_sleep,visual,129,0.65
106,post_sleep,visual,130,0.95
106,post_sleep,visual,131,0.65
106,post_sleep,visual,132,0.08
106,post_sleep,visual,133,0.18
106,post_sleep,visual,134,0.95
106,post_sleep,visual,135,0.0
106,post_sleep,visual,136,0.0
106,post_sleep,visual,137,0.0
106,post_sleep,visual,138,0.0
106,post_sleep,visual,139,0.0
106,post_sleep,visual,140,0.0
106,post_sleep,visual,141,0.0
106,post_sleep,visual,142,0.0
106,post_sleep,visual,143,0.0
106,post_sleep,visual,144,0.0
106,post_sleep,visual,145,0.0
106,post_sleep,visual,146,0.0
106,post_sleep,visual,147,0.0
106,post_sleep,visual,148,0.0
106,post_sleep,visual,149,0.0
106,post_sleep,visual,150,0.0
106,post_sleep,visual,151,0.0
106,post_sleep,visual,152,0.0
106,post_sleep,visual,153,0.0
106,post_sleep,visual,154,0.0
106,post_sleep,visual,155,0.0
106,post_sleep,visual,156,0.0
106,post_sleep,visual,157,0.0
106,post_sleep,visual,158,0.0
106,post_sleep,visual,159,0.0
106,post_sleep,visual,160,0.0
106,post_sleep,visual,161,0.0
106,post_sleep,visual,162,0.0
106,post_sleep,visual,163,0.0
106,post_sleep,visual,164,0.0
106,post_sleep,visual,165,0.0
106,post_sleep,visual,166,0.0
106,post_sleep,visual,167,0.0
106,post_sleep,visual,168,0.0
106,post_sleep,visual,169,0.0
106,post_sleep,visual,170,0.0
106,post_sleep,visual,171,0.0
106,post_sleep,visual,172,0.0
106,post_sleep,visual,173,0.0
106,post_sleep,visual,174,0.0
106,post_sleep,visual,175,0.0
106,post_sleep,visual,176,0.0
106,post_sleep,visual,177,0.0
106,post_sleep,visual,178,0.0
106,post_sleep,visual,179,0.0
106,post_sleep,audio,0,0.22412678926844973
106,post_sleep,audio,1,0.13165800709487133
106,post_sleep,audio,2,0.3271943922847325
106,post_sleep,audio,3,0.2137856028262816
106,post_sleep,audio,4,0.3104106257969004
106,post_sleep,audio,5,0.15526915754950665
106,post_sleep,audio,6,0.22367151855104725
106,post_sleep,audio,7,0.05050647193088164
106,post_sleep,audio,8,0.0011924186238635726
106,post_sleep,audio,9,1.349334523931267e-05
106,post_sleep,audio,10,0.002230986854315997
106,post_sleep,audio,11,0.0002659530770663665
106,post_sleep,audio,12,0.0005070355152735906
106,post_sleep,audio,13,0.0005130931027340357
106,post_sleep,audio,14,0.0008561998954281225
106,post_sleep,audio,15,0.0001933354602579665
106,post_sleep,proprioceptive,0,0.5
106,post_sleep,proprioceptive,1,0.5
106,post_sleep,proprioceptive,2,0.0
106,post_sleep,proprioceptive,3,0.0
106,post_sleep,proprioceptive,4,0.0
106,post_sleep,proprioceptive,5,0.13118419971568762
106,post_sleep,prediction,0,0.004067199552632119
106,post_sleep,prediction,1,0.0042846729478371705
106,post_sleep,prediction,2,0.0008014093149465958
106,post_sleep,prediction,3,0.003507520539405362
106,post_sleep,prediction,4,0.005384202788362454
106,post_sleep,prediction,5,0.0029971943240387823
106,post_sleep,prediction,6,0.0005067927464331727
106,post_sleep,prediction,7,0.003433446996793773
106,post_sleep,prediction,8,0.006272186882128782
106,post_sleep,prediction,9,0.008935191613864506
106,post_sleep,prediction,10,0.000986864056757957
106,post_sleep,prediction,11,0.004895847947151289
106,post_sleep,prediction,12,0.004839841560417963
106,post_sleep,prediction,13,0.004456625255719454
106,post_sleep,prediction,14,0.0007030243839779491
106,post_sleep,prediction,15,0.037528213397264684
106,post_sleep,prediction,16,0.017920330087677544
106,post_sleep,prediction,17,0.008820424260676769
106,post_sleep,prediction,18,0.0006696057954955115
106,post_sleep,prediction,19,0.0032481181920737045
106,post_sleep,prediction,20,0.01405828769381892
106,post_sleep,prediction,21,0.015254111659631538
106,post_sleep,prediction,22,0.060028877646405986
106,post_sleep,prediction,23,0.014087815391673674
106,post_sleep,prediction,24,0.0036846192798021793
106,post_sleep,prediction,25,0.005490696724147362
106,post_sleep,prediction,26,0.003924681643882129
106,post_sleep,prediction,27,0.021890625055978337
106,post_sleep,prediction,28,0.013609328251444857
106,post_sleep,prediction,29,0.0061095008536282466
106,post_sleep,prediction,30,0.0005269647597299226
106,post_sleep,prediction,31,0.0821744569976522
106,post_sleep,prediction,32,0.0535064108895295
106,post_sleep,prediction,33,0.009462682123828586
106,post_sleep,prediction,34,0.0005264759891561779
106,post_sleep,prediction,35,0.0022113693594000873
106,post_sleep,emotion,0,0.14437851343542873
106,post_sleep,emotion,1,0.10796822773523662
106,post_sleep,emotion,2,0.20513116099601247
106,post_sleep,action,0,0.014845807513284176
106,post_sleep,action,1,0.005918775722793985
106,post_sleep,action,2,0.0006197802017552663
106,post_sleep,action,3,0.008244867006481837
106,post_sleep,action,4,0.0
106,post_sleep,action,5,0.0
107,post_sleep,visual,0,0.0
107,post_sleep,visual,1,0.0
107,post_sleep,visual,2,0.0
107,post_sleep,visual,3,0.0
107,post_sleep,visual,4,0.0
107,post_sleep,visual,5,0.0
107,post_sleep,visual,6,0.0
107,post_sleep,visual,7,0.0
107,post_sleep,visual,8,0.0
107,post_sleep,visual,9,0.0
107,post_sleep,visual,10,0.0
107,post_sleep,visual,11,0.0
107,post_sleep,visual,12,0.0
107,post_sleep,visual,13,0.0
107,post_sleep,visual,14,0.0
107,post_sleep,visual,15,0.0
107,post_sleep,visual,16,0.36999999999999994
107,post_sleep,visual,17,0.0
107,post_sleep,visual,18,0.0
107,post_sleep,visual,19,0.0
107,post_sleep,visual,20,0.0
107,post_sleep,visual,21,0.0
107,post_sleep,visual,22,0.5333333333333333
107,post_sleep,visual,23,0.0
107,post_sleep,visual,24,0.0
107,post_sleep,visual,25,0.0
107,post_sleep,visual,26,0.0
107,post_sleep,visual,27,0.0
107,post_sleep,visual,28,0.0
107,post_sleep,visual,29,0.0
107,post_sleep,visual,30,0.0
107,post_sleep,visual,31,0.75
107,post_sleep,visual,32,0.4033333333333333
107,post_sleep,visual,33,0.0
107,post_sleep,visual,34,0.0
107,post_sleep,visual,35,0.0
107,post_sleep,visual,36,0.0
107,post_sleep,visual,37,0.0
107,post_sleep,visual,38,0.0
107,post_sleep,visual,39,0.0
107,post_sleep,visual,40,0.0
107,post_sleep,visual,41,0.0
107,post_sleep,visual,42,0.0
107,post_sleep,visual,43,0.0
107,post_sleep,visual,44,0.0
107,post_sleep,visual,45,0.0
107,post_sleep,visual,46,0.0
107,post_sleep,visual,47,0.0
107,post_sleep,visual,48,0.0
107,post_sleep,visual,49,0.0
107,post_sleep,visual,50,0.0
107,post_sleep,visual,51,0.0
107,post_sleep,visual,52,0.0
107,post_sleep,visual,53,0.0
107,post_sleep,visual,54,0.0
107,post_sleep,visual,55,0.0
107,post_sleep,visual,56,0.0
107,post_sleep,visual,57,0.0
107,post_sleep,visual,58,0.0
107,post_sleep,visual,59,0.0
107,post_sleep,visual,60,0.0
107,post_sleep,visual,61,0.0
107,post_sleep,visual,62,0.0
107,post_sleep,visual,63,0.0
107,post_sleep,visual,64,0.0
107,post_sleep,visual,65,0.0
107,post_sleep,visual,66,0.0
107,post_sleep,visual,67,0.0
107,post_sleep,visual,68,0.0
107,post_sleep,visual,69,0.0
107,post_sleep,visual,70,0.0
107,post_sleep,visual,71,0.0
107,post_sleep,visual,72,0.0
107,post_sleep,visual,73,0.0
107,post_sleep,visual,74,0.0
107,post_sleep,visual,75,0.0
107,post_sleep,visual,76,0.0
107,post_sleep,visual,77,0.0
107,post_sleep,visual,78,0.0
107,post_sleep,visual,79,0.0
107,post_sleep,visual,80,0.0
107,post_sleep,visual,81,0.0
107,post_sleep,visual,82,0.0
107,post_sleep,visual,83,0.0
107,post_sleep,visual,84,0.95
107,post_sleep,visual,85,0.08
107,post_sleep,visual,86,0.08
107,post_sleep,visual,87,0.0
107,post_sleep,visual,88,0.0
107,post_sleep,visual,89,0.0
107,post_sleep,visual,90,0.0
107,post_sleep,visual,91,0.0
107,post_sleep,visual,92,0.0
107,post_sleep,visual,93,0.0
107,post_sleep,visual,94,0.0
107,post_sleep,visual,95,0.0
107,post_sleep,visual,96,0.0
107,post_sleep,visual,97,0.0
107,post_sleep,visual,98,0.0
107,post_sleep,visual,99,0.0
107,post_sleep,visual,100,0.0
107,post_sleep,visual,101,0.0
107,post_sleep,visual,102,0.75
107,post_sleep,visual,103,0.1
107,post_sleep,visual,104,0.75
107,post_sleep,visual,105,0.0
107,post_sleep,visual,106,0.0
107,post_sleep,visual,107,0.0
107,post_sleep,visual,108,0.0
107,post_sleep,visual,109,0.0
107,post_sleep,visual,110,0.0
107,post_sleep,visual,111,0.0
107,post_sleep,visual,112,0.0
107,post_sleep,visual,113,0.0
107,post_sleep,visual,114,0.0
107,post_sleep,visual,115,0.0
107,post_sleep,visual,116,0.0
107,post_sleep,visual,117,0.0
107,post_sleep,visual,118,0.0
107,post_sleep,visual,119,0.0
107,post_sleep,visual,120,0.0
107,post_sleep,visual,121,0.0
107,post_sleep,visual,122,0.0
107,post_sleep,visual,123,0.0
107,post_sleep,visual,124,0.0
107,post_sleep,visual,125,0.0
107,post_sleep,visual,126,0.0
107,post_sleep,visual,127,0.0
107,post_sleep,visual,128,0.0
107,post_sleep,visual,129,0.65
107,post_sleep,visual,130,0.95
107,post_sleep,visual,131,0.65
107,post_sleep,visual,132,0.08
107,post_sleep,visual,133,0.18
107,post_sleep,visual,134,0.95
107,post_sleep,visual,135,0.0
107,post_sleep,visual,136,0.0
107,post_sleep,visual,137,0.0
107,post_sleep,visual,138,0.0
107,post_sleep,visual,139,0.0
107,post_sleep,visual,140,0.0
107,post_sleep,visual,141,0.0
107,post_sleep,visual,142,0.0
107,post_sleep,visual,143,0.0
107,post_sleep,visual,144,0.0
107,post_sleep,visual,145,0.0
107,post_sleep,visual,146,0.0
107,post_sleep,visual,147,0.0
107,post_sleep,visual,148,0.0
107,post_sleep,visual,149,0.0
107,post_sleep,visual,150,0.0
107,post_sleep,visual,151,0.0
107,post_sleep,visual,152,0.0
107,post_sleep,visual,153,0.0
107,post_sleep,visual,154,0.0
107,post_sleep,visual,155,0.0
107,post_sleep,visual,156,0.0
107,post_sleep,visual,157,0.0
107,post_sleep,visual,158,0.0
107,post_sleep,visual,159,0.0
107,post_sleep,visual,160,0.0
107,post_sleep,visual,161,0.0
107,post_sleep,visual,162,0.0
107,post_sleep,visual,163,0.0
107,post_sleep,visual,164,0.0
107,post_sleep,visual,165,0.0
107,post_sleep,visual,166,0.0
107,post_sleep,visual,167,0.0
107,post_sleep,visual,168,0.0
107,post_sleep,visual,169,0.0
107,post_sleep,visual,170,0.0
107,post_sleep,visual,171,0.0
107,post_sleep,visual,172,0.0
107,post_sleep,visual,173,0.0
107,post_sleep,visual,174,0.0
107,post_sleep,visual,175,0.0
107,post_sleep,visual,176,0.0
107,post_sleep,visual,177,0.0
107,post_sleep,visual,178,0.0
107,post_sleep,visual,179,0.0
107,post_sleep,audio,0,0.22294222152652107
107,post_sleep,audio,1,0.13165318465861725
107,post_sleep,audio,2,0.3293088003011737
107,post_sleep,audio,3,0.21401192589667242
107,post_sleep,audio,4,0.3098735462716833
107,post_sleep,audio,5,0.15475022213993583
107,post_sleep,audio,6,0.22281141853263084
107,post_sleep,audio,7,0.05031225579769084
107,post_sleep,audio,8,0.0011845677419286549
107,post_sleep,audio,9,4.822436254076079e-06
107,post_sleep,audio,10,0.002114408016441194
107,post_sleep,audio,11,0.00022632307039083255
107,post_sleep,audio,12,0.0005370795252170879
107,post_sleep,audio,13,0.0005189354095708198
107,post_sleep,audio,14,0.0008601000184164098
107,post_sleep,audio,15,0.00019421613319080266
107,post_sleep,proprioceptive,0,0.5
107,post_sleep,proprioceptive,1,0.5
107,post_sleep,proprioceptive,2,0.0
107,post_sleep,proprioceptive,3,0.0
107,post_sleep,proprioceptive,4,0.0
107,post_sleep,proprioceptive,5,0.1936170135023269
107,post_sleep,prediction,0,0.002855759420308673
107,post_sleep,prediction,1,0.00300007654004653
107,post_sleep,prediction,2,0.0005090170094710548
107,post_sleep,prediction,3,0.002246693451622362
107,post_sleep,prediction,4,0.003916101622024386
107,post_sleep,prediction,5,0.001962959025975735
107,post_sleep,prediction,6,0.00031341320222730024
107,post_sleep,prediction,7,0.0022084321867296137
107,post_sleep,prediction,8,0.0047064122508663825
107,post_sleep,prediction,9,0.007128943066184716
107,post_sleep,prediction,10,0.0006081883878406621
107,post_sleep,prediction,11,0.0035973025343282714
107,post_sleep,prediction,12,0.0034568156814599356
107,post_sleep,prediction,13,0.0031582767689372813
107,post_sleep,prediction,14,0.0004312035268681434
107,post_sleep,prediction,15,0.030585693310083394
107,post_sleep,prediction,16,0.021903381424443875
107,post_sleep,prediction,17,0.007405877093692387
107,post_sleep,prediction,18,0.00042484554451450936
107,post_sleep,prediction,19,0.0021383715546336355
107,post_sleep,prediction,20,0.01167425714551366
107,post_sleep,prediction,21,0.013306503531250919
107,post_sleep,prediction,22,0.059105586033647295
107,post_sleep,prediction,23,0.01226409140530943
107,post_sleep,prediction,24,0.0027076311709346647
107,post_sleep,prediction,25,0.004313306589243022
107,post_sleep,prediction,26,0.002744700081785278
107,post_sleep,prediction,27,0.01950959878150672
107,post_sleep,prediction,28,0.011790958206799675
107,post_sleep,prediction,29,0.0046173427438083
107,post_sleep,prediction,30,0.00033022341195495315
107,post_sleep,prediction,31,0.08248890161706245
107,post_sleep,prediction,32,0.0525070485057577
107,post_sleep,prediction,33,0.007911382538476432
107,post_sleep,prediction,34,0.0003211992641854981
107,post_sleep,prediction,35,0.0013841978473000504
107,post_sleep,emotion,0,0.1423561488845035
107,post_sleep,emotion,1,0.10666124323714067
107,post_sleep,emotion,2,0.2007149233037127
107,post_sleep,action,0,0.015140765341290763
107,post_sleep,action,1,0.008823396946633578
107,post_sleep,action,2,0.0002926408656521489
107,post_sleep,action,3,0.010802541636678441
107,post_sleep,action,4,0.0
107,post_sleep,action,5,0.0
108,post_sleep,visual,0,0.0
108,post_sleep,visual,1,0.0
108,post_sleep,visual,2,0.0
108,post_sleep,visual,3,0.0
108,post_sleep,visual,4,0.0
108,post_sleep,visual,5,0.0
108,post_sleep,visual,6,0.0
108,post_sleep,visual,7,0.0
108,post_sleep,visual,8,0.0
108,post_sleep,visual,9,0.0
108,post_sleep,visual,10,0.0
108,post_sleep,visual,11,0.0
108,post_sleep,visual,12,0.0
108,post_sleep,visual,13,0.0
108,post_sleep,visual,14,0.0
108,post_sleep,visual,15,0.0
108,post_sleep,visual,16,0.36999999999999994
108,post_sleep,visual,17,0.0
108,post_sleep,visual,18,0.0
108,post_sleep,visual,19,0.0
108,post_sleep,visual,20,0.0
108,post_sleep,visual,21,0.0
108,post_sleep,visual,22,0.5333333333333333
108,post_sleep,visual,23,0.0
108,post_sleep,visual,24,0.0
108,post_sleep,visual,25,0.0
108,post_sleep,visual,26,0.0
108,post_sleep,visual,27,0.0
108,post_sleep,visual,28,0.0
108,post_sleep,visual,29,0.0
108,post_sleep,visual,30,0.0
108,post_sleep,visual,31,0.75
108,post_sleep,visual,32,0.4033333333333333
108,post_sleep,visual,33,0.0
108,post_sleep,visual,34,0.0
108,post_sleep,visual,35,0.0
108,post_sleep,visual,36,0.0
108,post_sleep,visual,37,0.0
108,post_sleep,visual,38,0.0
108,post_sleep,visual,39,0.0
108,post_sleep,visual,40,0.0
108,post_sleep,visual,41,0.0
108,post_sleep,visual,42,0.0
108,post_sleep,visual,43,0.0
108,post_sleep,visual,44,0.0
108,post_sleep,visual,45,0.0
108,post_sleep,visual,46,0.0
108,post_sleep,visual,47,0.0
108,post_sleep,visual,48,0.0
108,post_sleep,visual,49,0.0
108,post_sleep,visual,50,0.0
108,post_sleep,visual,51,0.0
108,post_sleep,visual,52,0.0
108,post_sleep,visual,53,0.0
108,post_sleep,visual,54,0.0
108,post_sleep,visual,55,0.0
108,post_sleep,visual,56,0.0
108,post_sleep,visual,57,0.0
108,post_sleep,visual,58,0.0
108,post_sleep,visual,59,0.0
108,post_sleep,visual,60,0.0
108,post_sleep,visual,61,0.0
108,post_sleep,visual,62,0.0
108,post_sleep,visual,63,0.0
108,post_sleep,visual,64,0.0
108,post_sleep,visual,65,0.0
108,post_sleep,visual,66,0.0
108,post_sleep,visual,67,0.0
108,post_sleep,visual,68,0.0
108,post_sleep,visual,69,0.0
108,post_sleep,visual,70,0.0
108,post_sleep,visual,71,0.0
108,post_sleep,visual,72,0.0
108,post_sleep,visual,73,0.0
108,post_sleep,visual,74,0.0
108,post_sleep,visual,75,0.0
108,post_sleep,visual,76,0.0
108,post_sleep,visual,77,0.0
108,post_sleep,visual,78,0.0
108,post_sleep,visual,79,0.0
108,post_sleep,visual,80,0.0
108,post_sleep,visual,81,0.0
108,post_sleep,visual,82,0.0
108,post_sleep,visual,83,0.0
108,post_sleep,visual,84,0.95
108,post_sleep,visual,85,0.08
108,post_sleep,visual,86,0.08
108,post_sleep,visual,87,0.0
108,post_sleep,visual,88,0.0
108,post_sleep,visual,89,0.0
108,post_sleep,visual,90,0.0
108,post_sleep,visual,91,0.0
108,post_sleep,visual,92,0.0
108,post_sleep,visual,93,0.0
108,post_sleep,visual,94,0.0
108,post_sleep,visual,95,0.0
108,post_sleep,visual,96,0.0
108,post_sleep,visual,97,0.0
108,post_sleep,visual,98,0.0
108,post_sleep,visual,99,0.0
108,post_sleep,visual,100,0.0
108,post_sleep,visual,101,0.0
108,post_sleep,visual,102,0.75
108,post_sleep,visual,103,0.1
108,post_sleep,visual,104,0.75
108,post_sleep,visual,105,0.0
108,post_sleep,visual,106,0.0
108,post_sleep,visual,107,0.0
108,post_sleep,visual,108,0.0
108,post_sleep,visual,109,0.0
108,post_sleep,visual,110,0.0
108,post_sleep,visual,111,0.0
108,post_sleep,visual,112,0.0
108,post_sleep,visual,113,0.0
108,post_sleep,visual,114,0.0
108,post_sleep,visual,115,0.0
108,post_sleep,visual,116,0.0
108,post_sleep,visual,117,0.0
108,post_sleep,visual,118,0.0
108,post_sleep,visual,119,0.0
108,post_sleep,visual,120,0.0
108,post_sleep,visual,121,0.0
108,post_sleep,visual,122,0.0
108,post_sleep,visual,123,0.0
108,post_sleep,visual,124,0.0
108,post_sleep,visual,125,0.0
108,post_sleep,visual,126,0.0
108,post_sleep,visual,127,0.0
108,post_sleep,visual,128,0.0
108,post_sleep,visual,129,0.65
108,post_sleep,visual,130,0.95
108,post_sleep,visual,131,0.65
108,post_sleep,visual,132,0.08
108,post_sleep,visual,133,0.18
108,post_sleep,visual,134,0.95
108,post_sleep,visual,135,0.0
108,post_sleep,visual,136,0.0
108,post_sleep,visual,137,0.0
108,post_sleep,visual,138,0.0
108,post_sleep,visual,139,0.0
108,post_sleep,visual,140,0.0
108,post_sleep,visual,141,0.0
108,post_sleep,visual,142,0.0
108,post_sleep,visual,143,0.0
108,post_sleep,visual,144,0.0
108,post_sleep,visual,145,0.0
108,post_sleep,visual,146,0.0
108,post_sleep,visual,147,0.0
108,post_sleep,visual,148,0.0
108,post_sleep,visual,149,0.0
108,post_sleep,visual,150,0.0
108,post_sleep,visual,151,0.0
108,post_sleep,visual,152,0.0
108,post_sleep,visual,153,0.0
108,post_sleep,visual,154,0.0
108,post_sleep,visual,155,0.0
108,post_sleep,visual,156,0.0
108,post_sleep,visual,157,0.0
108,post_sleep,visual,158,0.0
108,post_sleep,visual,159,0.0
108,post_sleep,visual,160,0.0
108,post_sleep,visual,161,0.0
108,post_sleep,visual,162,0.0
108,post_sleep,visual,163,0.0
108,post_sleep,visual,164,0.0
108,post_sleep,visual,165,0.0
108,post_sleep,visual,166,0.0
108,post_sleep,visual,167,0.0
108,post_sleep,visual,168,0.0
108,post_sleep,visual,169,0.0
108,post_sleep,visual,170,0.0
108,post_sleep,visual,171,0.0
108,post_sleep,visual,172,0.0
108,post_sleep,visual,173,0.0
108,post_sleep,visual,174,0.0
108,post_sleep,visual,175,0.0
108,post_sleep,visual,176,0.0
108,post_sleep,visual,177,0.0
108,post_sleep,visual,178,0.0
108,post_sleep,visual,179,0.0
108,post_sleep,audio,0,0.2217643852482699
108,post_sleep,audio,1,0.131627247965802
108,post_sleep,audio,2,0.3312936121776187
108,post_sleep,audio,3,0.21419564939007982
108,post_sleep,audio,4,0.30930611920205375
108,post_sleep,audio,5,0.1542257147133267
108,post_sleep,audio,6,0.2219477680283302
108,post_sleep,audio,7,0.05011723794188101
108,post_sleep,audio,8,0.0011778362782511598
108,post_sleep,audio,9,2.5936692815253792e-05
108,post_sleep,audio,10,0.001984811876445003
108,post_sleep,audio,11,0.00018372349340739502
108,post_sleep,audio,12,0.0005674270696295336
108,post_sleep,audio,13,0.0005245074266091443
108,post_sleep,audio,14,0.0008636505043006504
108,post_sleep,audio,15,0.0001950178558098245
108,post_sleep,proprioceptive,0,0.5
108,post_sleep,proprioceptive,1,0.5
108,post_sleep,proprioceptive,2,0.0
108,post_sleep,proprioceptive,3,0.0
108,post_sleep,proprioceptive,4,0.0
108,post_sleep,proprioceptive,5,0.26488299161958406
108,post_sleep,prediction,0,0.0019354656550300275
108,post_sleep,prediction,1,0.0020022040353008604
108,post_sleep,prediction,2,0.0003233557046445886
108,post_sleep,prediction,3,0.0014359511324179989
108,post_sleep,prediction,4,0.0027793221163634734
108,post_sleep,prediction,5,0.0012340212525840744
108,post_sleep,prediction,6,0.00019385436693391693
108,post_sleep,prediction,7,0.0014203952760101094
108,post_sleep,prediction,8,0.0034675157922602865
108,post_sleep,prediction,9,0.005653823846175868
108,post_sleep,prediction,10,0.00037487926585891436
108,post_sleep,prediction,11,0.0026214712523781754
108,post_sleep,prediction,12,0.0023969334108449145
108,post_sleep,prediction,13,0.0021688807341593034
108,post_sleep,prediction,14,0.0002645240956359671
108,post_sleep,prediction,15,0.024692487550510678
108,post_sleep,prediction,16,0.0255604887949887
108,post_sleep,prediction,17,0.006449878216172971
108,post_sleep,prediction,18,0.0002695959656003294
108,post_sleep,prediction,19,0.0013665756964959205
108,post_sleep,prediction,20,0.00961734752849708
108,post_sleep,prediction,21,0.011598600044808552
108,post_sleep,prediction,22,0.058203434894412764
108,post_sleep,prediction,23,0.01083031821191249
108,post_sleep,prediction,24,0.0019838477514336835
108,post_sleep,prediction,25,0.0034206410705368354
108,post_sleep,prediction,26,0.001807316603620186
108,post_sleep,prediction,27,0.017541761981466748
108,post_sleep,prediction,28,0.01033071457556854
108,post_sleep,prediction,29,0.003445284547826781
108,post_sleep,prediction,30,0.00020696935402099697
108,post_sleep,prediction,31,0.08268977412263749
108,post_sleep,prediction,32,0.05168037637569734
108,post_sleep,prediction,33,0.006692419568244434
108,post_sleep,prediction,34,0.00019599412704397368
108,post_sleep,prediction,35,0.0008663751672507367
108,post_sleep,emotion,0,0.14135067120213604
108,post_sleep,emotion,1,0.10563318550863726
108,post_sleep,emotion,2,0.19820405674148864
108,post_sleep,action,0,0.014514404487754729
108,post_sleep,action,1,0.011442654797900359
108,post_sleep,action,2,0.00013820156228928709
108,post_sleep,action,3,0.012802209351596006
108,post_sleep,action,4,0.0
108,post_sleep,action,5,0.0
109,post_sleep,visual,0,0.0
109,post_sleep,visual,1,0.0
109,post_sleep,visual,2,0.0
109,post_sleep,visual,3,0.0
109,post_sleep,visual,4,0.0
109,post_sleep,visual,5,0.0
109,post_sleep,visual,6,0.0
109,post_sleep,visual,7,0.0
109,post_sleep,visual,8,0.0
109,post_sleep,visual,9,0.0
109,post_sleep,visual,10,0.0
109,post_sleep,visual,11,0.0
109,post_sleep,visual,12,0.0
109,post_sleep,visual,13,0.0
109,post_sleep,visual,14,0.0
109,post_sleep,visual,15,0.0
109,post_sleep,visual,16,0.36999999999999994
109,post_sleep,visual,17,0.0
109,post_sleep,visual,18,0.0
109,post_sleep,visual,19,0.0
109,post_sleep,visual,20,0.0
109,post_sleep,visual,21,0.0
109,post_sleep,visual,22,0.5333333333333333
109,post_sleep,visual,23,0.0
109,post_sleep,visual,24,0.0
109,post_sleep,visual,25,0.0
109,post_sleep,visual,26,0.0
109,post_sleep,visual,27,0.0
109,post_sleep,visual,28,0.0
109,post_sleep,visual,29,0.0
109,post_sleep,visual,30,0.75
109,post_sleep,visual,31,0.0
109,post_sleep,visual,32,0.4033333333333333
109,post_sleep,visual,33,0.0
109,post_sleep,visual,34,0.0
109,post_sleep,visual,35,0.0
109,post_sleep,visual,36,0.0
109,post_sleep,visual,37,0.0
109,post_sleep,visual,38,0.0
109,post_sleep,visual,39,0.0
109,post_sleep,visual,40,0.0
109,post_sleep,visual,41,0.0
109,post_sleep,visual,42,0.0
109,post_sleep,visual,43,0.0
109,post_sleep,visual,44,0.0
109,post_sleep,visual,45,0.0
109,post_sleep,visual,46,0.0
109,post_sleep,visual,47,0.0
109,post_sleep,visual,48,0.0
109,post_sleep,visual,49,0.0
109,post_sleep,visual,50,0.0
109,post_sleep,visual,51,0.0
109,post_sleep,visual,52,0.0
109,post_sleep,visual,53,0.0
109,post_sleep,visual,54,0.0
109,post_sleep,visual,55,0.0
109,post_sleep,visual,56,0.0
109,post_sleep,visual,57,0.0
109,post_sleep,visual,58,0.0
109,post_sleep,visual,59,0.0
109,post_sleep,visual,60,0.0
109,post_sleep,visual,61,0.0
109,post_sleep,visual,62,0.0
109,post_sleep,visual,63,0.0
109,post_sleep,visual,64,0.0
109,post_sleep,visual,65,0.0
109,post_sleep,visual,66,0.0
109,post_sleep,visual,67,0.0
109,post_sleep,visual,68,0.0
109,post_sleep,visual,69,0.0
109,post_sleep,visual,70,0.0
109,post_sleep,visual,71,0.0
109,post_sleep,visual,72,0.0
109,post_sleep,visual,73,0.0
109,post_sleep,visual,74,0.0
109,post_sleep,visual,75,0.0
109,post_sleep,visual,76,0.0
109,post_sleep,visual,77,0.0
109,post_sleep,visual,78,0.0
109,post_sleep,visual,79,0.0
109,post_sleep,visual,80,0.0
109,post_sleep,visual,81,0.0
109,post_sleep,visual,82,0.0
109,post_sleep,visual,83,0.0
109,post_sleep,visual,84,0.95
109,post_sleep,visual,85,0.08
109,post_sleep,visual,86,0.08
109,post_sleep,visual,87,0.0
109,post_sleep,visual,88,0.0
109,post_sleep,visual,89,0.0
109,post_sleep,visual,90,0.0
109,post_sleep,visual,91,0.0
109,post_sleep,visual,92,0.0
109,post_sleep,visual,93,0.0
109,post_sleep,visual,94,0.0
109,post_sleep,visual,95,0.0
109,post_sleep,visual,96,0.0
109,post_sleep,visual,97,0.0
109,post_sleep,visual,98,0.0
109,post_sleep,visual,99,0.0
109,post_sleep,visual,100,0.0
109,post_sleep,visual,101,0.0
109,post_sleep,visual,102,0.75
109,post_sleep,visual,103,0.1
109,post_sleep,visual,104,0.75
109,post_sleep,visual,105,0.0
109,post_sleep,visual,106,0.0
109,post_sleep,visual,107,0.0
109,post_sleep,visual,108,0.0
109,post_sleep,visual,109,0.0
109,post_sleep,visual,110,0.0
109,post_sleep,visual,111,0.0
109,post_sleep,visual,112,0.0
109,post_sleep,visual,113,0.0
109,post_sleep,visual,114,0.0
109,post_sleep,visual,115,0.0
109,post_sleep,visual,116,0.0
109,post_sleep,visual,117,0.0
109,post_sleep,visual,118,0.0
109,post_sleep,visual,119,0.0
109,post_sleep,visual,120,0.0
109,post_sleep,visual,121,0.0
109,post_sleep,visual,122,0.0
109,post_sleep,visual,123,0.0
109,post_sleep,visual,124,0.0
109,post_sleep,visual,125,0.0
109,post_sleep,visual,126,0.65
109,post_sleep,visual,127,0.95
109,post_sleep,visual,128,0.65
109,post_sleep,visual,129,0.0
109,post_sleep,visual,130,0.0
109,post_sleep,visual,131,0.0
109,post_sleep,visual,132,0.08
109,post_sleep,visual,133,0.18
109,post_sleep,visual,134,0.95
109,post_sleep,visual,135,0.0
109,post_sleep,visual,136,0.0
109,post_sleep,visual,137,0.0
109,post_sleep,visual,138,0.0
109,post_sleep,visual,139,0.0
109,post_sleep,visual,140,0.0
109,post_sleep,visual,141,0.0
109,post_sleep,visual,142,0.0
109,post_sleep,visual,143,0.0
109,post_sleep,visual,144,0.0
109,post_sleep,visual,145,0.0
109,post_sleep,visual,146,0.0
109,post_sleep,visual,147,0.0
109,post_sleep,visual,148,0.0
109,post_sleep,visual,149,0.0
109,post_sleep,visual,150,0.0
109,post_sleep,visual,151,0.0
109,post_sleep,visual,152,0.0
109,post_sleep,visual,153,0.0
109,post_sleep,visual,154,0.0
109,post_sleep,visual,155,0.0
109,post_sleep,visual,156,0.0
109,post_sleep,visual,157,0.0
109,post_sleep,visual,158,0.0
109,post_sleep,visual,159,0.0
109,post_sleep,visual,160,0.0
109,post_sleep,visual,161,0.0
109,post_sleep,visual,162,0.0
109,post_sleep,visual,163,0.0
109,post_sleep,visual,164,0.0
109,post_sleep,visual,165,0.0
109,post_sleep,visual,166,0.0
109,post_sleep,visual,167,0.0
109,post_sleep,visual,168,0.0
109,post_sleep,visual,169,0.0
109,post_sleep,visual,170,0.0
109,post_sleep,visual,171,0.0
109,post_sleep,visual,172,0.0
109,post_sleep,visual,173,0.0
109,post_sleep,visual,174,0.75
109,post_sleep,visual,175,0.75
109,post_sleep,visual,176,0.0
109,post_sleep,visual,177,0.0
109,post_sleep,visual,178,0.0
109,post_sleep,visual,179,0.0
109,post_sleep,audio,0,0.22059216007233431
109,post_sleep,audio,1,0.13157739365819185
109,post_sleep,audio,2,0.33313578726798515
109,post_sleep,audio,3,0.21433380226523552
109,post_sleep,audio,4,0.3087080489485917
109,post_sleep,audio,5,0.15369590302187608
109,post_sleep,audio,6,0.2210809071778135
109,post_sleep,audio,7,0.0499214951691837
109,post_sleep,audio,8,0.0011722251759355984
109,post_sleep,audio,9,4.985430761014764e-05
109,post_sleep,audio,10,0.001842175090366438
109,post_sleep,audio,11,0.0001381528751557004
109,post_sleep,audio,12,0.0005980702534620352
109,post_sleep,audio,13,0.0005298116914506101
109,post_sleep,audio,14,0.0008668608505166819
109,post_sleep,audio,15,0.0001957427726973146
109,post_sleep,proprioceptive,0,0.5
109,post_sleep,proprioceptive,1,0.5
109,post_sleep,proprioceptive,2,0.0
109,post_sleep,proprioceptive,3,0.0
109,post_sleep,proprioceptive,4,0.0
109,post_sleep,proprioceptive,5,0.34292750269550065
109,post_sleep,prediction,0,0.0012400428823991438
109,post_sleep,prediction,1,0.0012724272891363603
109,post_sleep,prediction,2,0.0002054323153837579
109,post_sleep,prediction,3,0.0009177371703845482
109,post_sleep,prediction,4,0.0019044802429903978
109,post_sleep,prediction,5,0.0007756976848973296
109,post_sleep,prediction,6,0.00011991527513722632
109,post_sleep,prediction,7,0.0009135180378465251
109,post_sleep,prediction,8,0.0024945251772621056
109,post_sleep,prediction,9,0.004462175266687278
109,post_sleep,prediction,10,0.0002310925581392612
109,post_sleep,prediction,11,0.0018950312399068578
109,post_sleep,prediction,12,0.00158935703811446
109,post_sleep,prediction,13,0.0014186934290069675
109,post_sleep,prediction,14,0.00016228880760209597
109,post_sleep,prediction,15,0.019955195250237777
109,post_sleep,prediction,16,0.028643681959125398
109,post_sleep,prediction,17,0.005820528832038035
109,post_sleep,prediction,18,0.00017109439698894503
109,post_sleep,prediction,19,0.0008733068941905862
109,post_sleep,prediction,20,0.007876271023017562
109,post_sleep,prediction,21,0.010131565418772763
109,post_sleep,prediction,22,0.05736626210754744
109,post_sleep,prediction,23,0.009713066791939664
109,post_sleep,prediction,24,0.001446892043855845
109,post_sleep,prediction,25,0.002741892074724542
109,post_sleep,prediction,26,0.00110547136901461
109,post_sleep,prediction,27,0.015924178298735773
109,post_sleep,prediction,28,0.009162699817150054
109,post_sleep,prediction,29,0.0025335386964042005
109,post_sleep,prediction,30,0.0077331214111803995
109,post_sleep,prediction,31,0.07277440893519939
109,post_sleep,prediction,32,0.05095881124664321
109,post_sleep,prediction,33,0.005730963131623563
109,post_sleep,prediction,34,0.00011960596489613064
109,post_sleep,prediction,35,0.0005422459104821757
109,post_sleep,emotion,0,0.14928547211772766
109,post_sleep,emotion,1,0.10499458708236581
109,post_sleep,emotion,2,0.1981420113676317
109,post_sleep,action,0,0.013005995643676518
109,post_sleep,action,1,0.013499691157207686
109,post_sleep,action,2,6.527349081498988e-05
109,post_sleep,action,3,0.014056515675358804
109,post_sleep,action,4,0.0
109,post_sleep,action,5,0.0
110,post_sleep,visual,0,0.0
110,post_sleep,visual,1,0.0
110,post_sleep,visual,2,0.0
110,post_sleep,visual,3,0.0
110,post_sleep,visual,4,0.0
110,post_sleep,visual,5,0.0
110,post_sleep,visual,6,0.0
110,post_sleep,visual,7,0.0
110,post_sleep,visual,8,0.0
110,post_sleep,visual,9,0.0
110,post_sleep,visual,10,0.0
110,post_sleep,visual,11,0.0
110,post_sleep,visual,12,0.0
110,post_sleep,visual,13,0.0
110,post_sleep,visual,14,0.0
110,post_sleep,visual,15,0.0
110,post_sleep,visual,16,0.36999999999999994
110,post_sleep,visual,17,0.0
110,post_sleep,visual,18,0.0
110,post_sleep,visual,19,0.0
110,post_sleep,visual,20,0.0
110,post_sleep,visual,21,0.0
110,post_sleep,visual,22,0.5333333333333333
110,post_sleep,visual,23,0.0
110,post_sleep,visual,24,0.0
110,post_sleep,visual,25,0.0
110,post_sleep,visual,26,0.0
110,post_sleep,visual,27,0.0
110,post_sleep,visual,28,0.0
110,post_sleep,visual,29,0.0
110,post_sleep,visual,30,0.75
110,post_sleep,visual,31,0.0
110,post_sleep,visual,32,0.4033333333333333
110,post_sleep,visual,33,0.0
110,post_sleep,visual,34,0.0
110,post_sleep,visual,35,0.0
110,post_sleep,visual,36,0.0
110,post_sleep,visual,37,0.0
110,post_sleep,visual,38,0.0
110,post_sleep,visual,39,0.0
110,post_sleep,visual,40,0.0
110,post_sleep,visual,41,0.0
110,post_sleep,visual,42,0.0
110,post_sleep,visual,43,0.0
110,post_sleep,visual,44,0.0
110,post_sleep,visual,45,0.0
110,post_sleep,visual,46,0.0
110,post_sleep,visual,47,0.0
110,post_sleep,visual,48,0.0
110,post_sleep,visual,49,0.0
110,post_sleep,visual,50,0.0
110,post_sleep,visual,51,0.0
110,post_sleep,visual,52,0.0
110,post_sleep,visual,53,0.0
110,post_sleep,visual,54,0.0
110,post_sleep,visual,55,0.0
110,post_sleep,visual,56,0.0
110,post_sleep,visual,57,0.0
110,post_sleep,visual,58,0.0
110,post_sleep,visual,59,0.0
110,post_sleep,visual,60,0.0
110,post_sleep,visual,61,0.0
110,post_sleep,visual,62,0.0
110,post_sleep,visual,63,0.0
110,post_sleep,visual,64,0.0
110,post_sleep,visual,65,0.0
110,post_sleep,visual,66,0.0
110,post_sleep,visual,67,0.0
110,post_sleep,visual,68,0.0
110,post_sleep,visual,69,0.0
110,post_sleep,visual,70,0.0
110,post_sleep,visual,71,0.0
110,post_sleep,visual,72,0.0
110,post_sleep,visual,73,0.0
110,post_sleep,visual,74,0.0
110,post_sleep,visual,75,0.0
110,post_sleep,visual,76,0.0
110,post_sleep,visual,77,0.0
110,post_sleep,visual,78,0.0
110,post_sleep,visual,79,0.0
110,post_sleep,visual,80,0.0
110,post_sleep,visual,81,0.0
110,post_sleep,visual,82,0.0
110,post_sleep,visual,83,0.0
110,post_sleep,visual,84,0.95
110,post_sleep,visual,85,0.08
110,post_sleep,visual,86,0.08
110,post_sleep,visual,87,0.0
110,post_sleep,visual,88,0.0
110,post_sleep,visual,89,0.0
110,post_sleep,visual,90,0.0
110,post_sleep,visual,91,0.0
110,post_sleep,visual,92,0.0
110,post_sleep,visual,93,0.0
110,post_sleep,visual,94,0.0
110,post_sleep,visual,95,0.0
110,post_sleep,visual,96,0.0
110,post_sleep,visual,97,0.0
110,post_sleep,visual,98,0.0
110,post_sleep,visual,99,0.0
110,post_sleep,visual,100,0.0
110,post_sleep,visual,101,0.0
110,post_sleep,visual,102,0.75
110,post_sleep,visual,103,0.1
110,post_sleep,visual,104,0.75
110,post_sleep,visual,105,0.0
110,post_sleep,visual,106,0.0
110,post_sleep,visual,107,0.0
110,post_sleep,visual,108,0.0
110,post_sleep,visual,109,0.0
110,post_sleep,visual,110,0.0
110,post_sleep,visual,111,0.0
110,post_sleep,visual,112,0.0
110,post_sleep,visual,113,0.0
110,post_sleep,visual,114,0.0
110,post_sleep,visual,115,0.0
110,post_sleep,visual,116,0.0
110,post_sleep,visual,117,0.0
110,post_sleep,visual,118,0.0
110,post_sleep,visual,119,0.0
110,post_sleep,visual,120,0.0
110,post_sleep,visual,121,0.0
110,post_sleep,visual,122,0.0
110,post_sleep,visual,123,0.0
110,post_sleep,visual,124,0.0
110,post_sleep,visual,125,0.0
110,post_sleep,visual,126,0.65
110,post_sleep,visual,127,0.95
110,post_sleep,visual,128,0.65
110,post_sleep,visual,129,0.0
110,post_sleep,visual,130,0.0
110,post_sleep,visual,131,0.0
110,post_sleep,visual,132,0.08
110,post_sleep,visual,133,0.18
110,post_sleep,visual,134,0.95
110,post_sleep,visual,135,0.0
110,post_sleep,visual,136,0.0
110,post_sleep,visual,137,0.0
110,post_sleep,visual,138,0.0
110,post_sleep,visual,139,0.0
110,post_sleep,visual,140,0.0
110,post_sleep,visual,141,0.0
110,post_sleep,visual,142,0.0
110,post_sleep,visual,143,0.0
110,post_sleep,visual,144,0.0
110,post_sleep,visual,145,0.0
110,post_sleep,visual,146,0.0
110,post_sleep,visual,147,0.0
110,post_sleep,visual,148,0.0
110,post_sleep,visual,149,0.0
110,post_sleep,visual,150,0.0
110,post_sleep,visual,151,0.0
110,post_sleep,visual,152,0.0
110,post_sleep,visual,153,0.0
110,post_sleep,visual,154,0.0
110,post_sleep,visual,155,0.0
110,post_sleep,visual,156,0.0
110,post_sleep,visual,157,0.0
110,post_sleep,visual,158,0.0
110,post_sleep,visual,159,0.0
110,post_sleep,visual,160,0.0
110,post_sleep,visual,161,0.0
110,post_sleep,visual,162,0.0
110,post_sleep,visual,163,0.0
110,post_sleep,visual,164,0.0
110,post_sleep,visual,165,0.0
110,post_sleep,visual,166,0.0
110,post_sleep,visual,167,0.0
110,post_sleep,visual,168,0.0
110,post_sleep,visual,169,0.0
110,post_sleep,visual,170,0.0
110,post_sleep,visual,171,0.0
110,post_sleep,visual,172,0.0
110,post_sleep,visual,173,0.0
110,post_sleep,visual,174,0.0
110,post_sleep,visual,175,0.0
110,post_sleep,visual,176,0.0
110,post_sleep,visual,177,0.0
110,post_sleep,visual,178,0.0
110,post_sleep,visual,179,0.0
110,post_sleep,audio,0,0.21942443788640664
110,post_sleep,audio,1,0.1315008524955253
110,post_sleep,audio,2,0.33482244825439283
110,post_sleep,audio,3,0.21442345801429077
110,post_sleep,audio,4,0.3080790593120555
110,post_sleep,audio,5,0.15316105201034566
110,post_sleep,audio,6,0.22021116661019552
110,post_sleep,audio,7,0.04972510213778609
110,post_sleep,audio,8,0.001167722185927672
110,post_sleep,audio,9,7.654116266656019e-05
110,post_sleep,audio,10,0.0016866609864076842
110,post_sleep,audio,11,8.96557490552563e-05
110,post_sleep,audio,12,0.0006289896365362369
110,post_sleep,audio,13,0.0005348510115304184
110,post_sleep,audio,14,0.0008697405676179881
110,post_sleep,audio,15,0.00019639303139760977
110,post_sleep,proprioceptive,0,0.5
110,post_sleep,proprioceptive,1,0.5
110,post_sleep,proprioceptive,2,0.0
110,post_sleep,proprioceptive,3,0.0
110,post_sleep,proprioceptive,4,0.0
110,post_sleep,proprioceptive,5,0.42550048709290234
110,post_sleep,prediction,0,0.0007721802437871313
110,post_sleep,prediction,1,0.0008085065956730908
110,post_sleep,prediction,2,0.00013053654435815984
110,post_sleep,prediction,3,0.0005867092262353679
110,post_sleep,prediction,4,0.0012356789513873361
110,post_sleep,prediction,5,0.0004875164353576121
110,post_sleep,prediction,6,7.419073960923047e-05
110,post_sleep,prediction,7,0.0005876942431045694
110,post_sleep,prediction,8,0.001736661893471469
110,post_sleep,prediction,9,0.003496651934021977
110,post_sleep,prediction,10,0.00014248132524576036
110,post_sleep,prediction,11,0.0014108318302002497
110,post_sleep,prediction,12,0.000999415892835184
110,post_sleep,prediction,13,0.000876064563376507
110,post_sleep,prediction,14,9.958358561651107e-05
110,post_sleep,prediction,15,0.016331176764213046
110,post_sleep,prediction,16,0.031141167908202944
110,post_sleep,prediction,17,0.005392833395924034
110,post_sleep,prediction,18,0.00010860090529852477
110,post_sleep,prediction,19,0.0005582479158115947
110,post_sleep,prediction,20,0.006434734711514219
110,post_sleep,prediction,21,0.008900132836013508
110,post_sleep,prediction,22,0.056651888554089216
110,post_sleep,prediction,23,0.008901811122803522
110,post_sleep,prediction,24,0.0010464873173405803
110,post_sleep,prediction,25,0.0022215190122703158
110,post_sleep,prediction,26,0.0006762977601034401
110,post_sleep,prediction,27,0.014655654088205211
110,post_sleep,prediction,28,0.008236804398405
110,post_sleep,prediction,29,0.0018119867788726426
110,post_sleep,prediction,30,0.018761543506896166
110,post_sleep,prediction,31,0.059809156617741104
110,post_sleep,prediction,32,0.05029292897470473
110,post_sleep,prediction,33,0.004954158715473646
110,post_sleep,prediction,34,7.300289928898191e-05
110,post_sleep,prediction,35,0.0003394807292804855
110,post_sleep,emotion,0,0.15121415684332568
110,post_sleep,emotion,1,0.10453120397889712
110,post_sleep,emotion,2,0.20501883443811608
110,post_sleep,action,0,0.010741480387460032
110,post_sleep,action,1,0.014799252423400189
110,post_sleep,action,2,3.08352114242932e-05
110,post_sleep,action,3,0.014467217214100997
110,post_sleep,action,4,0.0
110,post_sleep,action,5,0.0
111,post_sleep,visual,0,0.0
111,post_sleep,visual,1,0.0
111,post_sleep,visual,2,0.0
111,post_sleep,visual,3,0.0
111,post_sleep,visual,4,0.0
111,post_sleep,visual,5,0.0
111,post_sleep,visual,6,0.0
111,post_sleep,visual,7,0.0
111,post_sleep,visual,8,0.0
111,post_sleep,visual,9,0.0
111,post_sleep,visual,10,0.0
111,post_sleep,visual,11,0.0
111,post_sleep,visual,12,0.0
111,post_sleep,visual,13,0.0
111,post_sleep,visual,14,0.0
111,post_sleep,visual,15,0.0
111,post_sleep,visual,16,0.36999999999999994
111,post_sleep,visual,17,0.0
111,post_sleep,visual,18,0.0
111,post_sleep,visual,19,0.0
111,post_sleep,visual,20,0.0
111,post_sleep,visual,21,0.0
111,post_sleep,visual,22,0.5333333333333333
111,post_sleep,visual,23,0.0
111,post_sleep,visual,24,0.0
111,post_sleep,visual,25,0.0
111,post_sleep,visual,26,0.0
111,post_sleep,visual,27,0.0
111,post_sleep,visual,28,0.0
111,post_sleep,visual,29,0.0
111,post_sleep,visual,30,0.75
111,post_sleep,visual,31,0.0
111,post_sleep,visual,32,0.4033333333333333
111,post_sleep,visual,33,0.0
111,post_sleep,visual,34,0.0
111,post_sleep,visual,35,0.0
111,post_sleep,visual,36,0.0
111,post_sleep,visual,37,0.0
111,post_sleep,visual,38,0.0
111,post_sleep,visual,39,0.0
111,post_sleep,visual,40,0.0
111,post_sleep,visual,41,0.0
111,post_sleep,visual,42,0.0
111,post_sleep,visual,43,0.0
111,post_sleep,visual,44,0.0
111,post_sleep,visual,45,0.0
111,post_sleep,visual,46,0.0
111,post_sleep,visual,47,0.0
111,post_sleep,visual,48,0.0
111,post_sleep,visual,49,0.0
111,post_sleep,visual,50,0.0
111,post_sleep,visual,51,0.0
111,post_sleep,visual,52,0.0
111,post_sleep,visual,53,0.0
111,post_sleep,visual,54,0.0
111,post_sleep,visual,55,0.0
111,post_sleep,visual,56,0.0
111,post_sleep,visual,57,0.0
111,post_sleep,visual,58,0.0
111,post_sleep,visual,59,0.0
111,post_sleep,visual,60,0.0
111,post_sleep,visual,61,0.0
111,post_sleep,visual,62,0.0
111,post_sleep,visual,63,0.0
111,post_sleep,visual,64,0.0
111,post_sleep,visual,65,0.0
111,post_sleep,visual,66,0.0
111,post_sleep,visual,67,0.0
111,post_sleep,visual,68,0.0
111,post_sleep,visual,69,0.0
111,post_sleep,visual,70,0.0
111,post_sleep,visual,71,0.0
111,post_sleep,visual,72,0.0
111,post_sleep,visual,73,0.0
111,post_sleep,visual,74,0.0
111,post_sleep,visual,75,0.0
111,post_sleep,visual,76,0.0
111,post_sleep,visual,77,0.0
111,post_sleep,visual,78,0.0
111,post_sleep,visual,79,0.0
111,post_sleep,visual,80,0.0
111,post_sleep,visual,81,0.0
111,post_sleep,visual,82,0.0
111,post_sleep,visual,83,0.0
111,post_sleep,visual,84,0.95
111,post_sleep,visual,85,0.08
111,post_sleep,visual,86,0.08
111,post_sleep,visual,87,0.0
111,post_sleep,visual,88,0.0
111,post_sleep,visual,89,0.0
111,post_sleep,visual,90,0.0
111,post_sleep,visual,91,0.0
111,post_sleep,visual,92,0.0
111,post_sleep,visual,93,0.0
111,post_sleep,visual,94,0.0
111,post_sleep,visual,95,0.0
111,post_sleep,visual,96,0.0
111,post_sleep,visual,97,0.0
111,post_sleep,visual,98,0.0
111,post_sleep,visual,99,0.0
111,post_sleep,visual,100,0.0
111,post_sleep,visual,101,0.0
111,post_sleep,visual,102,0.75
111,post_sleep,visual,103,0.1
111,post_sleep,visual,104,0.75
111,post_sleep,visual,105,0.0
111,post_sleep,visual,106,0.0
111,post_sleep,visual,107,0.0
111,post_sleep,visual,108,0.0
111,post_sleep,visual,109,0.0
111,post_sleep,visual,110,0.0
111,post_sleep,visual,111,0.0
111,post_sleep,visual,112,0.0
111,post_sleep,visual,113,0.0
111,post_sleep,visual,114,0.0
111,post_sleep,visual,115,0.0
111,post_sleep,visual,116,0.0
111,post_sleep,visual,117,0.0
111,post_sleep,visual,118,0.0
111,post_sleep,visual,119,0.0
111,post_sleep,visual,120,0.0
111,post_sleep,visual,121,0.0
111,post_sleep,visual,122,0.0
111,post_sleep,visual,123,0.0
111,post_sleep,visual,124,0.0
111,post_sleep,visual,125,0.0
111,post_sleep,visual,126,0.65
111,post_sleep,visual,127,0.95
111,post_sleep,visual,128,0.65
111,post_sleep,visual,129,0.0
111,post_sleep,visual,130,0.0
111,post_sleep,visual,131,0.0
111,post_sleep,visual,132,0.08
111,post_sleep,visual,133,0.18
111,post_sleep,visual,134,0.95
111,post_sleep,visual,135,0.0
111,post_sleep,visual,136,0.0
111,post_sleep,visual,137,0.0
111,post_sleep,visual,138,0.0
111,post_sleep,visual,139,0.0
111,post_sleep,visual,140,0.0
111,post_sleep,visual,141,0.0
111,post_sleep,visual,142,0.0
111,post_sleep,visual,143,0.0
111,post_sleep,visual,144,0.0
111,post_sleep,visual,145,0.0
111,post_sleep,visual,146,0.0
111,post_sleep,visual,147,0.0
111,post_sleep,visual,148,0.0
111,post_sleep,visual,149,0.0
111,post_sleep,visual,150,0.0
111,post_sleep,visual,151,0.0
111,post_sleep,visual,152,0.0
111,post_sleep,visual,153,0.0
111,post_sleep,visual,154,0.0
111,post_sleep,visual,155,0.0
111,post_sleep,visual,156,0.0
111,post_sleep,visual,157,0.0
111,post_sleep,visual,158,0.0
111,post_sleep,visual,159,0.0
111,post_sleep,visual,160,0.0
111,post_sleep,visual,161,0.0
111,post_sleep,visual,162,0.0
111,post_sleep,visual,163,0.0
111,post_sleep,visual,164,0.0
111,post_sleep,visual,165,0.0
111,post_sleep,visual,166,0.0
111,post_sleep,visual,167,0.0
111,post_sleep,visual,168,0.0
111,post_sleep,visual,169,0.0
111,post_sleep,visual,170,0.0
111,post_sleep,visual,171,0.0
111,post_sleep,visual,172,0.0
111,post_sleep,visual,173,0.0
111,post_sleep,visual,174,0.0
111,post_sleep,visual,175,0.0
111,post_sleep,visual,176,0.0
111,post_sleep,visual,177,0.0
111,post_sleep,visual,178,0.0
111,post_sleep,visual,179,0.0
111,post_sleep,audio,0,0.21826013729709975
111,post_sleep,audio,1,0.13139493224736215
111,post_sleep,audio,2,0.336341086532951
111,post_sleep,audio,3,0.21446178535670316
111,post_sleep,audio,4,0.30741890640094244
111,post_sleep,audio,5,0.152621423559798
111,post_sleep,audio,6,0.2193388674514791
111,post_sleep,audio,7,0.04952813136001141
111,post_sleep,audio,8,0.001164300589306888
111,post_sleep,audio,9,0.00010592024816313828
111,post_sleep,audio,10,0.0015186382785581376
111,post_sleep,audio,11,3.8327342412380894e-05
111,post_sleep,audio,12,0.0006601529111130433
111,post_sleep,audio,13,0.000539628450547669
111,post_sleep,audio,14,0.0008722991587164219
111,post_sleep,audio,15,0.0001969707777746757
111,post_sleep,proprioceptive,0,0.5
111,post_sleep,proprioceptive,1,0.5
111,post_sleep,proprioceptive,2,0.0
111,post_sleep,proprioceptive,3,0.0
111,post_sleep,proprioceptive,4,0.0
111,post_sleep,proprioceptive,5,0.5102213271776623
111,post_sleep,prediction,0,0.00048094874104865937
111,post_sleep,prediction,1,0.0005137782702433818
111,post_sleep,prediction,2,8.292052249839531e-05
111,post_sleep,prediction,3,0.00037507778940276784
111,post_sleep,prediction,4,0.0008010922185071476
111,post_sleep,prediction,5,0.00030642702244426244
111,post_sleep,prediction,6,4.588697270615728e-05
111,post_sleep,prediction,7,0.00037807638976773553
111,post_sleep,prediction,8,0.001150107737877849
111,post_sleep,prediction,9,0.0027671030577594955
111,post_sleep,prediction,10,8.781978328151966e-05
111,post_sleep,prediction,11,0.0010487931981532374
111,post_sleep,prediction,12,0.0006285888645976211
111,post_sleep,prediction,13,0.0005410352745900816
111,post_sleep,prediction,14,6.10874784336653e-05
111,post_sleep,prediction,15,0.013569402549507288
111,post_sleep,prediction,16,0.03310957167450722
111,post_sleep,prediction,17,0.005141624415446616
111,post_sleep,prediction,18,6.891240676272071e-05
111,post_sleep,prediction,19,0.00035684622994044523
111,post_sleep,prediction,20,0.005261505656582252
111,post_sleep,prediction,21,0.00788912131754343
111,post_sleep,prediction,22,0.05596197691969433
111,post_sleep,prediction,23,0.008267243382711958
111,post_sleep,prediction,24,0.0007487146104573121
111,post_sleep,prediction,25,0.0018239915387957557
111,post_sleep,prediction,26,0.0004136102426801729
111,post_sleep,prediction,27,0.01361148416917017
111,post_sleep,prediction,28,0.007504329359362941
111,post_sleep,prediction,29,0.0012854029129530805
111,post_sleep,prediction,30,0.029678659135359463
111,post_sleep,prediction,31,0.047102851090158125
111,post_sleep,prediction,32,0.04967114076711795
111,post_sleep,prediction,33,0.004371991985653888
111,post_sleep,prediction,34,4.4544053231184217e-05
111,post_sleep,prediction,35,0.00021253363677357714
111,post_sleep,emotion,0,0.1576695587798993
111,post_sleep,emotion,1,0.10434486320727886
111,post_sleep,emotion,2,0.21958363929164829
111,post_sleep,action,0,0.007881435307818945
111,post_sleep,action,1,0.015237754431952966
111,post_sleep,action,2,1.4561425506895662e-05
111,post_sleep,action,3,0.0139770293632759
111,post_sleep,action,4,0.0
111,post_sleep,action,5,0.0
112,post_sleep,visual,0,0.0
112,post_sleep,visual,1,0.0
112,post_sleep,visual,2,0.0
112,post_sleep,visual,3,0.0
112,post_sleep,visual,4,0.0
112,post_sleep,visual,5,0.0
112,post_sleep,visual,6,0.0
112,post_sleep,visual,7,0.0
112,post_sleep,visual,8,0.0
112,post_sleep,visual,9,0.0
112,post_sleep,visual,10,0.0
112,post_sleep,visual,11,0.0
112,post_sleep,visual,12,0.0
112,post_sleep,visual,13,0.0
112,post_sleep,visual,14,0.0
112,post_sleep,visual,15,0.0
112,post_sleep,visual,16,0.36999999999999994
112,post_sleep,visual,17,0.0
112,post_sleep,visual,18,0.0
112,post_sleep,visual,19,0.0
112,post_sleep,visual,20,0.0
112,post_sleep,visual,21,0.0
112,post_sleep,visual,22,0.5333333333333333
112,post_sleep,visual,23,0.0
112,post_sleep,visual,24,0.0
112,post_sleep,visual,25,0.0
112,post_sleep,visual,26,0.0
112,post_sleep,visual,27,0.0
112,post_sleep,visual,28,0.0
112,post_sleep,visual,29,0.0
112,post_sleep,visual,30,0.75
112,post_sleep,visual,31,0.0
112,post_sleep,visual,32,0.4033333333333333
112,post_sleep,visual,33,0.0
112,post_sleep,visual,34,0.0
112,post_sleep,visual,35,0.0
112,post_sleep,visual,36,0.0
112,post_sleep,visual,37,0.0
112,post_sleep,visual,38,0.0
112,post_sleep,visual,39,0.0
112,post_sleep,visual,40,0.0
112,post_sleep,visual,41,0.0
112,post_sleep,visual,42,0.0
112,post_sleep,visual,43,0.0
112,post_sleep,visual,44,0.0
112,post_sleep,visual,45,0.0
112,post_sleep,visual,46,0.0
112,post_sleep,visual,47,0.0
112,post_sleep,visual,48,0.0
112,post_sleep,visual,49,0.0
112,post_sleep,visual,50,0.0
112,post_sleep,visual,51,0.0
112,post_sleep,visual,52,0.0
112,post_sleep,visual,53,0.0
112,post_sleep,visual,54,0.0
112,post_sleep,visual,55,0.0
112,post_sleep,visual,56,0.0
112,post_sleep,visual,57,0.0
112,post_sleep,visual,58,0.0
112,post_sleep,visual,59,0.0
112,post_sleep,visual,60,0.0
112,post_sleep,visual,61,0.0
112,post_sleep,visual,62,0.0
112,post_sleep,visual,63,0.0
112,post_sleep,visual,64,0.0
112,post_sleep,visual,65,0.0
112,post_sleep,visual,66,0.0
112,post_sleep,visual,67,0.0
112,post_sleep,visual,68,0.0
112,post_sleep,visual,69,0.0
112,post_sleep,visual,70,0.0
112,post_sleep,visual,71,0.0
112,post_sleep,visual,72,0.0
112,post_sleep,visual,73,0.0
112,post_sleep,visual,74,0.0
112,post_sleep,visual,75,0.0
112,post_sleep,visual,76,0.0
112,post_sleep,visual,77,0.0
112,post_sleep,visual,78,0.0
112,post_sleep,visual,79,0.0
112,post_sleep,visual,80,0.0
112,post_sleep,visual,81,0.0
112,post_sleep,visual,82,0.0
112,post_sleep,visual,83,0.0
112,post_sleep,visual,84,0.95
112,post_sleep,visual,85,0.08
112,post_sleep,visual,86,0.08
112,post_sleep,visual,87,0.0
112,post_sleep,visual,88,0.0
112,post_sleep,visual,89,0.0
112,post_sleep,visual,90,0.0
112,post_sleep,visual,91,0.0
112,post_sleep,visual,92,0.0
112,post_sleep,visual,93,0.0
112,post_sleep,visual,94,0.0
112,post_sleep,visual,95,0.0
112,post_sleep,visual,96,0.0
112,post_sleep,visual,97,0.0
112,post_sleep,visual,98,0.0
112,post_sleep,visual,99,0.0
112,post_sleep,visual,100,0.0
112,post_sleep,visual,101,0.0
112,post_sleep,visual,102,0.75
112,post_sleep,visual,103,0.1
112,post_sleep,visual,104,0.75
112,post_sleep,visual,105,0.0
112,post_sleep,visual,106,0.0
112,post_sleep,visual,107,0.0
112,post_sleep,visual,108,0.0
112,post_sleep,visual,109,0.0
112,post_sleep,visual,110,0.0
112,post_sleep,visual,111,0.0
112,post_sleep,visual,112,0.0
112,post_sleep,visual,113,0.0
112,post_sleep,visual,114,0.0
112,post_sleep,visual,115,0.0
112,post_sleep,visual,116,0.0
112,post_sleep,visual,117,0.0
112,post_sleep,visual,118,0.0
112,post_sleep,visual,119,0.0
112,post_sleep,visual,120,0.0
112,post_sleep,visual,121,0.0
112,post_sleep,visual,122,0.0
112,post_sleep,visual,123,0.0
112,post_sleep,visual,124,0.0
112,post_sleep,visual,125,0.0
112,post_sleep,visual,126,0.65
112,post_sleep,visual,127,0.95
112,post_sleep,visual,128,0.65
112,post_sleep,visual,129,0.0
112,post_sleep,visual,130,0.0
112,post_sleep,visual,131,0.0
112,post_sleep,visual,132,0.08
112,post_sleep,visual,133,0.18
112,post_sleep,visual,134,0.95
112,post_sleep,visual,135,0.0
112,post_sleep,visual,136,0.0
112,post_sleep,visual,137,0.0
112,post_sleep,visual,138,0.0
112,post_sleep,visual,139,0.0
112,post_sleep,visual,140,0.0
112,post_sleep,visual,141,0.0
112,post_sleep,visual,142,0.0
112,post_sleep,visual,143,0.0
112,post_sleep,visual,144,0.0
112,post_sleep,visual,145,0.0
112,post_sleep,visual,146,0.0
112,post_sleep,visual,147,0.0
112,post_sleep,visual,148,0.0
112,post_sleep,visual,149,0.0
112,post_sleep,visual,150,0.0
112,post_sleep,visual,151,0.0
112,post_sleep,visual,152,0.0
112,post_sleep,visual,153,0.0
112,post_sleep,visual,154,0.0
112,post_sleep,visual,155,0.0
112,post_sleep,visual,156,0.0
112,post_sleep,visual,157,0.0
112,post_sleep,visual,158,0.0
112,post_sleep,visual,159,0.0
112,post_sleep,visual,160,0.0
112,post_sleep,visual,161,0.0
112,post_sleep,visual,162,0.0
112,post_sleep,visual,163,0.0
112,post_sleep,visual,164,0.0
112,post_sleep,visual,165,0.0
112,post_sleep,visual,166,0.0
112,post_sleep,visual,167,0.0
112,post_sleep,visual,168,0.0
112,post_sleep,visual,169,0.0
112,post_sleep,visual,170,0.0
112,post_sleep,visual,171,0.0
112,post_sleep,visual,172,0.0
112,post_sleep,visual,173,0.0
112,post_sleep,visual,174,0.0
112,post_sleep,visual,175,0.0
112,post_sleep,visual,176,0.0
112,post_sleep,visual,177,0.0
112,post_sleep,visual,178,0.0
112,post_sleep,visual,179,0.0
112,post_sleep,audio,0,0.21709821905035906
112,post_sleep,audio,1,0.13125706348952407
112,post_sleep,audio,2,0.33767978157762646
112,post_sleep,audio,3,0.2144461024412531
112,post_sleep,audio,4,0.3067273924980871
112,post_sleep,audio,5,0.1520772762452785
112,post_sleep,audio,6,0.21846432135113986
112,post_sleep,audio,7,0.04933065320832191
112,post_sleep,audio,8,0.0011619182467406952
112,post_sleep,audio,9,0.00013786875783808328
112,post_sleep,audio,10,0.0013386950446754864
112,post_sleep,audio,11,1.568291545006595e-05
112,post_sleep,audio,12,0.000691513902855323
112,post_sleep,audio,13,0.0005441473145194886
112,post_sleep,audio,14,0.0008745461003392407
112,post_sleep,audio,15,0.00019747815168950217
112,post_sleep,proprioceptive,0,0.5
112,post_sleep,proprioceptive,1,0.5
112,post_sleep,proprioceptive,2,0.0
112,post_sleep,proprioceptive,3,0.0
112,post_sleep,proprioceptive,4,0.0
112,post_sleep,proprioceptive,5,0.5946474816349048
112,post_sleep,prediction,0,0.00029973069702252727
112,post_sleep,prediction,1,0.00032655622112711947
112,post_sleep,prediction,2,5.264246162752912e-05
112,post_sleep,prediction,3,0.00023980380469325194
112,post_sleep,prediction,4,0.0005196429699800803
112,post_sleep,prediction,5,0.00019264323294561694
112,post_sleep,prediction,6,2.8364126660277727e-05
112,post_sleep,prediction,7,0.00024324510204977573
112,post_sleep,prediction,8,0.0007209889523817082
112,post_sleep,prediction,9,0.0022412149795838308
112,post_sleep,prediction,10,5.4095741873310745e-05
112,post_sleep,prediction,11,0.0007957177852752882
112,post_sleep,prediction,12,0.00039557886517867843
112,post_sleep,prediction,13,0.00033419953968621984
112,post_sleep,prediction,14,3.7450562931866705e-05
112,post_sleep,prediction,15,0.011512837870098864
112,post_sleep,prediction,16,0.03465593138510485
112,post_sleep,prediction,17,0.004997258999524669
112,post_sleep,prediction,18,4.3702385625228184e-05
112,post_sleep,prediction,19,0.0002281243904450306
112,post_sleep,prediction,20,0.0043210309073906635
112,post_sleep,prediction,21,0.007070321874228508
112,post_sleep,prediction,22,0.05526087108954871
112,post_sleep,prediction,23,0.00778642229316957
112,post_sleep,prediction,24,0.0005274349253538097
112,post_sleep,prediction,25,0.0015205426562186588
112,post_sleep,prediction,26,0.00025280275482995597
112,post_sleep,prediction,27,0.012771708477615301
112,post_sleep,prediction,28,0.006925054000537978
112,post_sleep,prediction,29,0.0009223866964107747
112,post_sleep,prediction,30,0.03904190785323989
112,post_sleep,prediction,31,0.03609909963113311
112,post_sleep,prediction,32,0.049130390761373315
112,post_sleep,prediction,33,0.00394123664404173
112,post_sleep,prediction,34,2.716286149185646e-05
112,post_sleep,prediction,35,0.00013306911440577208
112,post_sleep,emotion,0,0.16673197520716385
112,post_sleep,emotion,1,0.10486168193519098
112,post_sleep,emotion,2,0.23887927267510078
112,post_sleep,action,0,0.004684212289411096
112,post_sleep,action,1,0.01477279922728137
112,post_sleep,action,2,0.001292703574510835
112,post_sleep,action,3,0.012622011322459083
112,post_sleep,action,4,0.0
112,post_sleep,action,5,0.0
113,post_sleep,visual,0,0.0
113,post_sleep,visual,1,0.0
113,post_sleep,visual,2,0.0
113,post_sleep,visual,3,0.0
113,post_sleep,visual,4,0.0
113,post_sleep,visual,5,0.0
113,post_sleep,visual,6,0.0
113,post_sleep,visual,7,0.0
113,post_sleep,visual,8,0.0
113,post_sleep,visual,9,0.0
113,post_sleep,visual,10,0.0
113,post_sleep,visual,11,0.0
113,post_sleep,visual,12,0.0
113,post_sleep,visual,13,0.0
113,post_sleep,visual,14,0.0
113,post_sleep,visual,15,0.0
113,post_sleep,visual,16,0.36999999999999994
113,post_sleep,visual,17,0.0
113,post_sleep,visual,18,0.0
113,post_sleep,visual,19,0.0
113,post_sleep,visual,20,0.0
113,post_sleep,visual,21,0.0
113,post_sleep,visual,22,0.5333333333333333
113,post_sleep,visual,23,0.0
113,post_sleep,visual,24,0.0
113,post_sleep,visual,25,0.0
113,post_sleep,visual,26,0.0
113,post_sleep,visual,27,0.0
113,post_sleep,visual,28,0.0
113,post_sleep,visual,29,0.0
113,post_sleep,visual,30,0.75
113,post_sleep,visual,31,0.0
113,post_sleep,visual,32,0.4033333333333333
113,post_sleep,visual,33,0.0
113,post_sleep,visual,34,0.0
113,post_sleep,visual,35,0.0
113,post_sleep,visual,36,0.0
113,post_sleep,visual,37,0.0
113,post_sleep,visual,38,0.0
113,post_sleep,visual,39,0.0
113,post_sleep,visual,40,0.0
113,post_sleep,visual,41,0.0
113,post_sleep,visual,42,0.0
113,post_sleep,visual,43,0.0
113,post_sleep,visual,44,0.0
113,post_sleep,visual,45,0.0
113,post_sleep,visual,46,0.0
113,post_sleep,visual,47,0.0
113,post_sleep,visual,48,0.0
113,post_sleep,visual,49,0.0
113,post_sleep,visual,50,0.0
113,post_sleep,visual,51,0.0
113,post_sleep,visual,52,0.0
113,post_sleep,visual,53,0.0
113,post_sleep,visual,54,0.0
113,post_sleep,visual,55,0.0
113,post_sleep,visual,56,0.0
113,post_sleep,visual,57,0.0
113,post_sleep,visual,58,0.0
113,post_sleep,visual,59,0.0
113,post_sleep,visual,60,0.0
113,post_sleep,visual,61,0.0
113,post_sleep,visual,62,0.0
113,post_sleep,visual,63,0.0
113,post_sleep,visual,64,0.0
113,post_sleep,visual,65,0.0
113,post_sleep,visual,66,0.0
113,post_sleep,visual,67,0.0
113,post_sleep,visual,68,0.0
113,post_sleep,visual,69,0.0
113,post_sleep,visual,70,0.0
113,post_sleep,visual,71,0.0
113,post_sleep,visual,72,0.0
113,post_sleep,visual,73,0.0
113,post_sleep,visual,74,0.0
113,post_sleep,visual,75,0.0
113,post_sleep,visual,76,0.0
113,post_sleep,visual,77,0.0
113,post_sleep,visual,78,0.0
113,post_sleep,visual,79,0.0
113,post_sleep,visual,80,0.0
113,post_sleep,visual,81,0.0
113,post_sleep,visual,82,0.0
113,post_sleep,visual,83,0.0
113,post_sleep,visual,84,0.95
113,post_sleep,visual,85,0.08
113,post_sleep,visual,86,0.08
113,post_sleep,visual,87,0.0
113,post_sleep,visual,88,0.0
113,post_sleep,visual,89,0.0
113,post_sleep,visual,90,0.0
113,post_sleep,visual,91,0.0
113,post_sleep,visual,92,0.0
113,post_sleep,visual,93,0.0
113,post_sleep,visual,94,0.0
113,post_sleep,visual,95,0.0
113,post_sleep,visual,96,0.0
113,post_sleep,visual,97,0.0
113,post_sleep,visual,98,0.0
113,post_sleep,visual,99,0.0
113,post_sleep,visual,100,0.0
113,post_sleep,visual,101,0.0
113,post_sleep,visual,102,0.75
113,post_sleep,visual,103,0.1
113,post_sleep,visual,104,0.75
113,post_sleep,visual,105,0.0
113,post_sleep,visual,106,0.0
113,post_sleep,visual,107,0.0
113,post_sleep,visual,108,0.0
113,post_sleep,visual,109,0.0
113,post_sleep,visual,110,0.0
113,post_sleep,visual,111,0.0
113,post_sleep,visual,112,0.0
113,post_sleep,visual,113,0.0
113,post_sleep,visual,114,0.0
113,post_sleep,visual,115,0.0
113,post_sleep,visual,116,0.0
113,post_sleep,visual,117,0.0
113,post_sleep,visual,118,0.0
113,post_sleep,visual,119,0.0
113,post_sleep,visual,120,0.0
113,post_sleep,visual,121,0.0
113,post_sleep,visual,122,0.0
113,post_sleep,visual,123,0.0
113,post_sleep,visual,124,0.0
113,post_sleep,visual,125,0.0
113,post_sleep,visual,126,0.65
113,post_sleep,visual,127,0.95
113,post_sleep,visual,128,0.65
113,post_sleep,visual,129,0.0
113,post_sleep,visual,130,0.0
113,post_sleep,visual,131,0.0
113,post_sleep,visual,132,0.08
113,post_sleep,visual,133,0.18
113,post_sleep,visual,134,0.95
113,post_sleep,visual,135,0.0
113,post_sleep,visual,136,0.0
113,post_sleep,visual,137,0.0
113,post_sleep,visual,138,0.0
113,post_sleep,visual,139,0.0
113,post_sleep,visual,140,0.0
113,post_sleep,visual,141,0.0
113,post_sleep,visual,142,0.0
113,post_sleep,visual,143,0.0
113,post_sleep,visual,144,0.0
113,post_sleep,visual,145,0.0
113,post_sleep,visual,146,0.0
113,post_sleep,visual,147,0.0
113,post_sleep,visual,148,0.0
113,post_sleep,visual,149,0.0
113,post_sleep,visual,150,0.0
113,post_sleep,visual,151,0.0
113,post_sleep,visual,152,0.0
113,post_sleep,visual,153,0.0
113,post_sleep,visual,154,0.0
113,post_sleep,visual,155,0.0
113,post_sleep,visual,156,0.0
113,post_sleep,visual,157,0.0
113,post_sleep,visual,158,0.0
113,post_sleep,visual,159,0.0
113,post_sleep,visual,160,0.0
113,post_sleep,visual,161,0.0
113,post_sleep,visual,162,0.0
113,post_sleep,visual,163,0.0
113,post_sleep,visual,164,0.0
113,post_sleep,visual,165,0.0
113,post_sleep,visual,166,0.0
113,post_sleep,visual,167,0.0
113,post_sleep,visual,168,0.0
113,post_sleep,visual,169,0.0
113,post_sleep,visual,170,0.0
113,post_sleep,visual,171,0.0
113,post_sleep,visual,172,0.0
113,post_sleep,visual,173,0.0
113,post_sleep,visual,174,0.0
113,post_sleep,visual,175,0.0
113,post_sleep,visual,176,0.0
113,post_sleep,visual,177,0.0
113,post_sleep,visual,178,0.0
113,post_sleep,visual,179,0.0
113,post_sleep,audio,0,0.2159377019735536
113,post_sleep,audio,1,0.13108484701425333
113,post_sleep,audio,2,0.33882742808399047
113,post_sleep,audio,3,0.21437393300894036
113,post_sleep,audio,4,0.3060043805008787
113,post_sleep,audio,5,0.15152886510775104
113,post_sleep,audio,6,0.2175878305264719
113,post_sleep,audio,7,0.04913273592533237
113,post_sleep,audio,8,0.0011605170768054507
113,post_sleep,audio,9,0.00017221647527074224
113,post_sleep,audio,10,0.0011476465063640084
113,post_sleep,audio,11,7.216943231272421e-05
113,post_sleep,audio,12,0.0007230119972084226
113,post_sleep,audio,13,0.0005484111375274603
113,post_sleep,audio,14,0.0008764908246679526
113,post_sleep,audio,15,0.00019791728298954037
113,post_sleep,proprioceptive,0,0.5
113,post_sleep,proprioceptive,1,0.5
113,post_sleep,proprioceptive,2,0.0
113,post_sleep,proprioceptive,3,0.0
113,post_sleep,proprioceptive,4,0.0
113,post_sleep,proprioceptive,5,0.6763449050737651
113,post_sleep,prediction,0,0.00018693956697661245
113,post_sleep,prediction,1,0.00020762244158084903
113,post_sleep,prediction,2,3.339490701079983e-05
113,post_sleep,prediction,3,0.0001533403982691478
113,post_sleep,prediction,4,0.00033733102823319076
113,post_sleep,prediction,5,0.00012114704339134065
113,post_sleep,prediction,6,1.7519198320820825e-05
113,post_sleep,prediction,7,0.00015652174864776473
113,post_sleep,prediction,8,0.0004523299724641724
113,post_sleep,prediction,9,0.0018473489056315025
113,post_sleep,prediction,10,3.329610572988973e-05
113,post_sleep,prediction,11,0.0006337401883235625
113,post_sleep,prediction,12,0.0002491314471227193
113,post_sleep,prediction,13,0.00020650059555945018
113,post_sleep,prediction,14,2.2941992093219984e-05
113,post_sleep,prediction,15,0.010009015301394288
113,post_sleep,prediction,16,0.035881231042744086
113,post_sleep,prediction,17,0.004914150440680629
113,post_sleep,prediction,18,2.7693773377254328e-05
113,post_sleep,prediction,19,0.0001458574767239334
113,post_sleep,prediction,20,0.003577097506414246
113,post_sleep,prediction,21,0.006414812451302801
113,post_sleep,prediction,22,0.05454220397421621
113,post_sleep,prediction,23,0.00741287325436601
113,post_sleep,prediction,24,0.00036274767373246767
113,post_sleep,prediction,25,0.0012890574480981481
113,post_sleep,prediction,26,0.00015439495009413493
113,post_sleep,prediction,27,0.012109032956251476
113,post_sleep,prediction,28,0.006465985156352969
113,post_sleep,prediction,29,0.0006777481781796108
113,post_sleep,prediction,30,0.046473973518153765
113,post_sleep,prediction,31,0.02719865737916243
113,post_sleep,prediction,32,0.048694888239510216
113,post_sleep,prediction,33,0.003605601837521705
113,post_sleep,prediction,34,1.655086750462412e-05
113,post_sleep,prediction,35,8.332858796647958e-05
113,post_sleep,emotion,0,0.17713484783888145
113,post_sleep,emotion,1,0.10686860049507847
113,post_sleep,emotion,2,0.26077661028571125
113,post_sleep,action,0,0.002199319753632307
113,post_sleep,action,1,0.013431575588752073
113,post_sleep,action,2,0.003753057072346248
113,post_sleep,action,3,0.01050221816422306
113,post_sleep,action,4,0.0
113,post_sleep,action,5,0.0
114,post_sleep,visual,0,0.0
114,post_sleep,visual,1,0.0
114,post_sleep,visual,2,0.0
114,post_sleep,visual,3,0.0
114,post_sleep,visual,4,0.0
114,post_sleep,visual,5,0.0
114,post_sleep,visual,6,0.0
114,post_sleep,visual,7,0.0
114,post_sleep,visual,8,0.0
114,post_sleep,visual,9,0.0
114,post_sleep,visual,10,0.0
114,post_sleep,visual,11,0.0
114,post_sleep,visual,12,0.0
114,post_sleep,visual,13,0.0
114,post_sleep,visual,14,0.0
114,post_sleep,visual,15,0.0
114,post_sleep,visual,16,0.36999999999999994
114,post_sleep,visual,17,0.0
114,post_sleep,visual,18,0.0
114,post_sleep,visual,19,0.0
114,post_sleep,visual,20,0.0
114,post_sleep,visual,21,0.0
114,post_sleep,visual,22,0.5333333333333333
114,post_sleep,visual,23,0.0
114,post_sleep,visual,24,0.0
114,post_sleep,visual,25,0.0
114,post_sleep,visual,26,0.0
114,post_sleep,visual,27,0.0
114,post_sleep,visual,28,0.0
114,post_sleep,visual,29,0.0
114,post_sleep,visual,30,0.75
114,post_sleep,visual,31,0.0
114,post_sleep,visual,32,0.4033333333333333
114,post_sleep,visual,33,0.0
114,post_sleep,visual,34,0.0
114,post_sleep,visual,35,0.0
114,post_sleep,visual,36,0.0
114,post_sleep,visual,37,0.0
114,post_sleep,visual,38,0.0
114,post_sleep,visual,39,0.0
114,post_sleep,visual,40,0.0
114,post_sleep,visual,41,0.0
114,post_sleep,visual,42,0.0
114,post_sleep,visual,43,0.0
114,post_sleep,visual,44,0.0
114,post_sleep,visual,45,0.0
114,post_sleep,visual,46,0.0
114,post_sleep,visual,47,0.0
114,post_sleep,visual,48,0.0
114,post_sleep,visual,49,0.0
114,post_sleep,visual,50,0.0
114,post_sleep,visual,51,0.0
114,post_sleep,visual,52,0.0
114,post_sleep,visual,53,0.0
114,post_sleep,visual,54,0.0
114,post_sleep,visual,55,0.0
114,post_sleep,visual,56,0.0
114,post_sleep,visual,57,0.0
114,post_sleep,visual,58,0.0
114,post_sleep,visual,59,0.0
114,post_sleep,visual,60,0.0
114,post_sleep,visual,61,0.0
114,post_sleep,visual,62,0.0
114,post_sleep,visual,63,0.0
114,post_sleep,visual,64,0.0
114,post_sleep,visual,65,0.0
114,post_sleep,visual,66,0.0
114,post_sleep,visual,67,0.0
114,post_sleep,visual,68,0.0
114,post_sleep,visual,69,0.0
114,post_sleep,visual,70,0.0
114,post_sleep,visual,71,0.0
114,post_sleep,visual,72,0.0
114,post_sleep,visual,73,0.0
114,post_sleep,visual,74,0.0
114,post_sleep,visual,75,0.0
114,post_sleep,visual,76,0.0
114,post_sleep,visual,77,0.0
114,post_sleep,visual,78,0.0
114,post_sleep,visual,79,0.0
114,post_sleep,visual,80,0.0
114,post_sleep,visual,81,0.0
114,post_sleep,visual,82,0.0
114,post_sleep,visual,83,0.0
114,post_sleep,visual,84,0.95
114,post_sleep,visual,85,0.08
114,post_sleep,visual,86,0.08
114,post_sleep,visual,87,0.0
114,post_sleep,visual,88,0.0
114,post_sleep,visual,89,0.0
114,post_sleep,visual,90,0.0
114,post_sleep,visual,91,0.0
114,post_sleep,visual,92,0.0
114,post_sleep,visual,93,0.0
114,post_sleep,visual,94,0.0
114,post_sleep,visual,95,0.0
114,post_sleep,visual,96,0.0
114,post_sleep,visual,97,0.0
114,post_sleep,visual,98,0.0
114,post_sleep,visual,99,0.0
114,post_sleep,visual,100,0.0
114,post_sleep,visual,101,0.0
114,post_sleep,visual,102,0.75
114,post_sleep,visual,103,0.1
114,post_sleep,visual,104,0.75
114,post_sleep,visual,105,0.0
114,post_sleep,visual,106,0.0
114,post_sleep,visual,107,0.0
114,post_sleep,visual,108,0.0
114,post_sleep,visual,109,0.0
114,post_sleep,visual,110,0.0
114,post_sleep,visual,111,0.0
114,post_sleep,visual,112,0.0
114,post_sleep,visual,113,0.0
114,post_sleep,visual,114,0.0
114,post_sleep,visual,115,0.0
114,post_sleep,visual,116,0.0
114,post_sleep,visual,117,0.0
114,post_sleep,visual,118,0.0
114,post_sleep,visual,119,0.0
114,post_sleep,visual,120,0.0
114,post_sleep,visual,121,0.0
114,post_sleep,visual,122,0.0
114,post_sleep,visual,123,0.0
114,post_sleep,visual,124,0.0
114,post_sleep,visual,125,0.0
114,post_sleep,visual,126,0.65
114,post_sleep,visual,127,0.95
114,post_sleep,visual,128,0.65
114,post_sleep,visual,129,0.0
114,post_sleep,visual,130,0.0
114,post_sleep,visual,131,0.0
114,post_sleep,visual,132,0.08
114,post_sleep,visual,133,0.18
114,post_sleep,visual,134,0.95
114,post_sleep,visual,135,0.0
114,post_sleep,visual,136,0.0
114,post_sleep,visual,137,0.0
114,post_sleep,visual,138,0.0
114,post_sleep,visual,139,0.0
114,post_sleep,visual,140,0.0
114,post_sleep,visual,141,0.0
114,post_sleep,visual,142,0.0
114,post_sleep,visual,143,0.0
114,post_sleep,visual,144,0.0
114,post_sleep,visual,145,0.0
114,post_sleep,visual,146,0.0
114,post_sleep,visual,147,0.0
114,post_sleep,visual,148,0.0
114,post_sleep,visual,149,0.0
114,post_sleep,visual,150,0.0
114,post_sleep,visual,151,0.0
114,post_sleep,visual,152,0.0
114,post_sleep,visual,153,0.0
114,post_sleep,visual,154,0.0
114,post_sleep,visual,155,0.0
114,post_sleep,visual,156,0.0
114,post_sleep,visual,157,0.0
114,post_sleep,visual,158,0.0
114,post_sleep,visual,159,0.0
114,post_sleep,visual,160,0.0
114,post_sleep,visual,161,0.0
114,post_sleep,visual,162,0.0
114,post_sleep,visual,163,0.0
114,post_sleep,visual,164,0.0
114,post_sleep,visual,165,0.0
114,post_sleep,visual,166,0.0
114,post_sleep,visual,167,0.0
114,post_sleep,visual,168,0.0
114,post_sleep,visual,169,0.0
114,post_sleep,visual,170,0.0
114,post_sleep,visual,171,0.0
114,post_sleep,visual,172,0.0
114,post_sleep,visual,173,0.0
114,post_sleep,visual,174,0.0
114,post_sleep,visual,175,0.0
114,post_sleep,visual,176,0.0
114,post_sleep,visual,177,0.0
114,post_sleep,visual,178,0.0
114,post_sleep,visual,179,0.0
114,post_sleep,audio,0,0.21477767892022692
114,post_sleep,audio,1,0.13087610129308144
114,post_sleep,audio,2,0.33977396339814586
114,post_sleep,audio,3,0.21424306264517234
114,post_sleep,audio,4,0.3052498084191806
114,post_sleep,audio,5,0.15097644144052375
114,post_sleep,audio,6,0.21670968782334646
114,post_sleep,audio,7,0.04893444563752985
114,post_sleep,audio,8,0.0011600230533266864
114,post_sleep,audio,9,0.0002087457211718824
114,post_sleep,audio,10,0.0009465353141553945
114,post_sleep,audio,11,0.00013087036376802086
114,post_sleep,audio,12,0.0007545720816981016
114,post_sleep,audio,13,0.0005524236672272975
114,post_sleep,audio,14,0.0008781427031254452
114,post_sleep,audio,15,0.00019829028780252167
114,post_sleep,proprioceptive,0,0.5
114,post_sleep,proprioceptive,1,0.5
114,post_sleep,proprioceptive,2,0.0
114,post_sleep,proprioceptive,3,0.0
114,post_sleep,proprioceptive,4,0.0
114,post_sleep,proprioceptive,5,0.7529582226907277
114,post_sleep,prediction,0,0.00011669233075751003
114,post_sleep,prediction,1,0.0001320615344299306
114,post_sleep,prediction,2,2.116692820458945e-05
114,post_sleep,prediction,3,9.807329535412573e-05
114,post_sleep,prediction,4,0.00021916380701958208
114,post_sleep,prediction,5,7.62175858117765e-05
114,post_sleep,prediction,6,1.0811524594005157e-05
114,post_sleep,prediction,7,0.0001007393836069344
114,post_sleep,prediction,8,0.0002840221430286575
114,post_sleep,prediction,9,0.0015483426428418092
114,post_sleep,prediction,10,2.047603982907517e-05
114,post_sleep,prediction,11,0.000532288901740628
114,post_sleep,prediction,12,0.0001570311291184074
114,post_sleep,prediction,13,0.00012765093350343014
114,post_sleep,prediction,14,1.4042156935696118e-05
114,post_sleep,prediction,15,0.008929225188722386
114,post_sleep,prediction,16,0.03686747204955162
114,post_sleep,prediction,17,0.004870384956513634
114,post_sleep,prediction,18,1.753444299590155e-05
114,post_sleep,prediction,19,9.327819771413927e-05
114,post_sleep,prediction,20,0.0029955796192390246
114,post_sleep,prediction,21,0.005895260480800902
114,post_sleep,prediction,22,0.05381471727652174
114,post_sleep,prediction,23,0.007113804375651742
114,post_sleep,prediction,24,0.00024052324302822748
114,post_sleep,prediction,25,0.001112704912220649
114,post_sleep,prediction,26,9.421234212316191e-05
114,post_sleep,prediction,27,0.011598337012506494
114,post_sleep,prediction,28,0.006100292842307766
114,post_sleep,prediction,29,0.00048484242413626835
114,post_sleep,prediction,30,0.05208093328122123
114,post_sleep,prediction,31,0.020311489810266186
114,post_sleep,prediction,32,0.04837167726497424
114,post_sleep,prediction,33,0.003346013942949069
114,post_sleep,prediction,34,1.0075995457417684e-05
114,post_sleep,prediction,35,5.2192294272567324e-05
114,post_sleep,emotion,0,0.18799486410947464
114,post_sleep,emotion,1,0.10975520151034415
114,post_sleep,emotion,2,0.28366874699452943
114,post_sleep,action,0,0.0010336203364988508
114,post_sleep,action,1,0.011312103149219942
114,post_sleep,action,2,0.006655007257836408
114,post_sleep,action,3,0.007785063474893537
114,post_sleep,action,4,0.0
114,post_sleep,action,5,0.0
115,post_sleep,visual,0,0.0
115,post_sleep,visual,1,0.0
115,post_sleep,visual,2,0.0
115,post_sleep,visual,3,0.0
115,post_sleep,visual,4,0.0
115,post_sleep,visual,5,0.0
115,post_sleep,visual,6,0.0
115,post_sleep,visual,7,0.0
115,post_sleep,visual,8,0.0
115,post_sleep,visual,9,0.0
115,post_sleep,visual,10,0.0
115,post_sleep,visual,11,0.0
115,post_sleep,visual,12,0.0
115,post_sleep,visual,13,0.0
115,post_sleep,visual,14,0.0
115,post_sleep,visual,15,0.0
115,post_sleep,visual,16,0.36999999999999994
115,post_sleep,visual,17,0.0
115,post_sleep,visual,18,0.0
115,post_sleep,visual,19,0.0
115,post_sleep,visual,20,0.0
115,post_sleep,visual,21,0.0
115,post_sleep,visual,22,0.5333333333333333
115,post_sleep,visual,23,0.0
115,post_sleep,visual,24,0.0
115,post_sleep,visual,25,0.0
115,post_sleep,visual,26,0.0
115,post_sleep,visual,27,0.0
115,post_sleep,visual,28,0.0
115,post_sleep,visual,29,0.0
115,post_sleep,visual,30,0.75
115,post_sleep,visual,31,0.0
115,post_sleep,visual,32,0.4033333333333333
115,post_sleep,visual,33,0.0
115,post_sleep,visual,34,0.0
115,post_sleep,visual,35,0.0
115,post_sleep,visual,36,0.0
115,post_sleep,visual,37,0.0
115,post_sleep,visual,38,0.0
115,post_sleep,visual,39,0.0
115,post_sleep,visual,40,0.0
115,post_sleep,visual,41,0.0
115,post_sleep,visual,42,0.0
115,post_sleep,visual,43,0.0
115,post_sleep,visual,44,0.0
115,post_sleep,visual,45,0.0
115,post_sleep,visual,46,0.0
115,post_sleep,visual,47,0.0
115,post_sleep,visual,48,0.0
115,post_sleep,visual,49,0.0
115,post_sleep,visual,50,0.0
115,post_sleep,visual,51,0.0
115,post_sleep,visual,52,0.0
115,post_sleep,visual,53,0.0
115,post_sleep,visual,54,0.0
115,post_sleep,visual,55,0.0
115,post_sleep,visual,56,0.0
115,post_sleep,visual,57,0.0
115,post_sleep,visual,58,0.0
115,post_sleep,visual,59,0.0
115,post_sleep,visual,60,0.0
115,post_sleep,visual,61,0.0
115,post_sleep,visual,62,0.0
115,post_sleep,visual,63,0.0
115,post_sleep,visual,64,0.0
115,post_sleep,visual,65,0.0
115,post_sleep,visual,66,0.0
115,post_sleep,visual,67,0.0
115,post_sleep,visual,68,0.0
115,post_sleep,visual,69,0.0
115,post_sleep,visual,70,0.0
115,post_sleep,visual,71,0.0
115,post_sleep,visual,72,0.0
115,post_sleep,visual,73,0.0
115,post_sleep,visual,74,0.0
115,post_sleep,visual,75,0.0
115,post_sleep,visual,76,0.0
115,post_sleep,visual,77,0.0
115,post_sleep,visual,78,0.0
115,post_sleep,visual,79,0.0
115,post_sleep,visual,80,0.0
115,post_sleep,visual,81,0.0
115,post_sleep,visual,82,0.0
115,post_sleep,visual,83,0.0
115,post_sleep,visual,84,0.95
115,post_sleep,visual,85,0.08
115,post_sleep,visual,86,0.08
115,post_sleep,visual,87,0.0
115,post_sleep,visual,88,0.0
115,post_sleep,visual,89,0.0
115,post_sleep,visual,90,0.0
115,post_sleep,visual,91,0.0
115,post_sleep,visual,92,0.0
115,post_sleep,visual,93,0.0
115,post_sleep,visual,94,0.0
115,post_sleep,visual,95,0.0
115,post_sleep,visual,96,0.0
115,post_sleep,visual,97,0.0
115,post_sleep,visual,98,0.0
115,post_sleep,visual,99,0.0
115,post_sleep,visual,100,0.0
115,post_sleep,visual,101,0.0
115,post_sleep,visual,102,0.75
115,post_sleep,visual,103,0.1
115,post_sleep,visual,104,0.75
115,post_sleep,visual,105,0.0
115,post_sleep,visual,106,0.0
115,post_sleep,visual,107,0.0
115,post_sleep,visual,108,0.0
115,post_sleep,visual,109,0.0
115,post_sleep,visual,110,0.0
115,post_sleep,visual,111,0.0
115,post_sleep,visual,112,0.0
115,post_sleep,visual,113,0.0
115,post_sleep,visual,114,0.0
115,post_sleep,visual,115,0.0
115,post_sleep,visual,116,0.0
115,post_sleep,visual,117,0.0
115,post_sleep,visual,118,0.0
115,post_sleep,visual,119,0.0
115,post_sleep,visual,120,0.0
115,post_sleep,visual,121,0.0
115,post_sleep,visual,122,0.0
115,post_sleep,visual,123,0.0
115,post_sleep,visual,124,0.0
115,post_sleep,visual,125,0.0
115,post_sleep,visual,126,0.65
115,post_sleep,visual,127,0.95
115,post_sleep,visual,128,0.65
115,post_sleep,visual,129,0.0
115,post_sleep,visual,130,0.0
115,post_sleep,visual,131,0.0
115,post_sleep,visual,132,0.08
115,post_sleep,visual,133,0.18
115,post_sleep,visual,134,0.95
115,post_sleep,visual,135,0.0
115,post_sleep,visual,136,0.0
115,post_sleep,visual,137,0.0
115,post_sleep,visual,138,0.0
115,post_sleep,visual,139,0.0
115,post_sleep,visual,140,0.0
115,post_sleep,visual,141,0.0
115,post_sleep,visual,142,0.0
115,post_sleep,visual,143,0.0
115,post_sleep,visual,144,0.0
115,post_sleep,visual,145,0.0
115,post_sleep,visual,146,0.0
115,post_sleep,visual,147,0.0
115,post_sleep,visual,148,0.0
115,post_sleep,visual,149,0.0
115,post_sleep,visual,150,0.0
115,post_sleep,visual,151,0.0
115,post_sleep,visual,152,0.0
115,post_sleep,visual,153,0.0
115,post_sleep,visual,154,0.0
115,post_sleep,visual,155,0.0
115,post_sleep,visual,156,0.0
115,post_sleep,visual,157,0.0
115,post_sleep,visual,158,0.0
115,post_sleep,visual,159,0.0
115,post_sleep,visual,160,0.0
115,post_sleep,visual,161,0.0
115,post_sleep,visual,162,0.0
115,post_sleep,visual,163,0.0
115,post_sleep,visual,164,0.0
115,post_sleep,visual,165,0.0
115,post_sleep,visual,166,0.0
115,post_sleep,visual,167,0.0
115,post_sleep,visual,168,0.0
115,post_sleep,visual,169,0.0
115,post_sleep,visual,170,0.0
115,post_sleep,visual,171,0.0
115,post_sleep,visual,172,0.0
115,post_sleep,visual,173,0.0
115,post_sleep,visual,174,0.0
115,post_sleep,visual,175,0.0
115,post_sleep,visual,176,0.0
115,post_sleep,visual,177,0.0
115,post_sleep,visual,178,0.0
115,post_sleep,visual,179,0.0
115,post_sleep,audio,0,0.2136173321300332
115,post_sleep,audio,1,0.1306289082263478
115,post_sleep,audio,2,0.34051058675201684
115,post_sleep,audio,3,0.2140515930034058
115,post_sleep,audio,4,0.3044637033462166
115,post_sleep,audio,5,0.15042025259033176
115,post_sleep,audio,6,0.21583017679207844
115,post_sleep,audio,7,0.048735846372404815
115,post_sleep,audio,8,0.0011603467901937226
115,post_sleep,audio,9,0.00024719306673365304
115,post_sleep,audio,10,0.0007366233538709799
115,post_sleep,audio,11,0.00019146964176655623
115,post_sleep,audio,12,0.0007861050729640051
115,post_sleep,audio,13,0.0005561888501919854
115,post_sleep,audio,14,0.0008795110312680154
115,post_sleep,audio,15,0.00019859926512503373
115,post_sleep,proprioceptive,0,0.5
115,post_sleep,proprioceptive,1,0.5
115,post_sleep,proprioceptive,2,0.0
115,post_sleep,proprioceptive,3,0.0
115,post_sleep,proprioceptive,4,0.0
115,post_sleep,proprioceptive,5,0.8222786368232284
115,post_sleep,prediction,0,7.290586547596608e-05
115,post_sleep,prediction,1,8.404107494418842e-05
115,post_sleep,prediction,2,1.3404672439658552e-05
115,post_sleep,prediction,3,6.27410841182534e-05
115,post_sleep,prediction,4,0.0001425116901963043
115,post_sleep,prediction,5,4.7974229760631675e-05
115,post_sleep,prediction,6,6.66614216346681e-06
115,post_sleep,prediction,7,6.485319154377852e-05
115,post_sleep,prediction,8,0.00017849542593944737
115,post_sleep,prediction,9,0.0013251591379515437
115,post_sleep,prediction,10,1.2580777097743377e-05
115,post_sleep,prediction,11,0.000454232110421762
115,post_sleep,prediction,12,9.906323239569489e-05
115,post_sleep,prediction,13,7.89480907926328e-05
115,post_sleep,prediction,14,8.587238649537126e-06
115,post_sleep,prediction,15,0.008166009672196698
115,post_sleep,prediction,16,0.03767749556161581
115,post_sleep,prediction,17,0.004851553473266994
115,post_sleep,prediction,18,1.1092306555250417e-05
115,post_sleep,prediction,19,5.966774058473205e-05
115,post_sleep,prediction,20,0.002546012913202975
115,post_sleep,prediction,21,0.005486855906472983
115,post_sleep,prediction,22,0.053091370030121494
115,post_sleep,prediction,23,0.006871426708587512
115,post_sleep,prediction,24,0.00015495129536295747
115,post_sleep,prediction,25,0.0009786241634950072
115,post_sleep,prediction,26,5.743713776202477e-05
115,post_sleep,prediction,27,0.011212807525113281
115,post_sleep,prediction,28,0.005807103235879572
115,post_sleep,prediction,29,0.0003333395373595799
115,post_sleep,prediction,30,0.05615071812923918
115,post_sleep,prediction,31,0.015145762778325078
115,post_sleep,prediction,32,0.04815578192906089
115,post_sleep,prediction,33,0.0031471394898294164
115,post_sleep,prediction,34,6.128637445049802e-06
115,post_sleep,prediction,35,3.269851625014469e-05
115,post_sleep,emotion,0,0.19866055065906155
115,post_sleep,emotion,1,0.11307355666069045
115,post_sleep,emotion,2,0.30629081478562387
115,post_sleep,action,0,0.0004862544726682352
115,post_sleep,action,1,0.008580016903411446
115,post_sleep,action,2,0.009494778042338628
115,post_sleep,action,3,0.004701188989602275
115,post_sleep,action,4,0.0
115,post_sleep,action,5,0.0
116,post_sleep,visual,0,0.0
116,post_sleep,visual,1,0.0
116,post_sleep,visual,2,0.0
116,post_sleep,visual,3,0.0
116,post_sleep,visual,4,0.0
116,post_sleep,visual,5,0.0
116,post_sleep,visual,6,0.0
116,post_sleep,visual,7,0.0
116,post_sleep,visual,8,0.0
116,post_sleep,visual,9,0.0
116,post_sleep,visual,10,0.0
116,post_sleep,visual,11,0.0
116,post_sleep,visual,12,0.0
116,post_sleep,visual,13,0.0
116,post_sleep,visual,14,0.0
116,post_sleep,visual,15,0.0
116,post_sleep,visual,16,0.36999999999999994
116,post_sleep,visual,17,0.0
116,post_sleep,visual,18,0.0
116,post_sleep,visual,19,0.0
116,post_sleep,visual,20,0.0
116,post_sleep,visual,21,0.0
116,post_sleep,visual,22,0.5333333333333333
116,post_sleep,visual,23,0.0
116,post_sleep,visual,24,0.0
116,post_sleep,visual,25,0.0
116,post_sleep,visual,26,0.0
116,post_sleep,visual,27,0.0
116,post_sleep,visual,28,0.0
116,post_sleep,visual,29,0.0
116,post_sleep,visual,30,0.75
116,post_sleep,visual,31,0.4033333333333333
116,post_sleep,visual,32,0.0
116,post_sleep,visual,33,0.0
116,post_sleep,visual,34,0.0
116,post_sleep,visual,35,0.0
116,post_sleep,visual,36,0.0
116,post_sleep,visual,37,0.0
116,post_sleep,visual,38,0.0
116,post_sleep,visual,39,0.0
116,post_sleep,visual,40,0.0
116,post_sleep,visual,41,0.0
116,post_sleep,visual,42,0.0
116,post_sleep,visual,43,0.0
116,post_sleep,visual,44,0.0
116,post_sleep,visual,45,0.0
116,post_sleep,visual,46,0.0
116,post_sleep,visual,47,0.0
116,post_sleep,visual,48,0.0
116,post_sleep,visual,49,0.0
116,post_sleep,visual,50,0.0
116,post_sleep,visual,51,0.0
116,post_sleep,visual,52,0.0
116,post_sleep,visual,53,0.0
116,post_sleep,visual,54,0.0
116,post_sleep,visual,55,0.0
116,post_sleep,visual,56,0.0
116,post_sleep,visual,57,0.0
116,post_sleep,visual,58,0.0
116,post_sleep,visual,59,0.0
116,post_sleep,visual,60,0.0
116,post_sleep,visual,61,0.0
116,post_sleep,visual,62,0.0
116,post_sleep,visual,63,0.0
116,post_sleep,visual,64,0.0
116,post_sleep,visual,65,0.0
116,post_sleep,visual,66,0.0
116,post_sleep,visual,67,0.0
116,post_sleep,visual,68,0.0
116,post_sleep,visual,69,0.0
116,post_sleep,visual,70,0.0
116,post_sleep,visual,71,0.0
116,post_sleep,visual,72,0.0
116,post_sleep,visual,73,0.0
116,post_sleep,visual,74,0.0
116,post_sleep,visual,75,0.0
116,post_sleep,visual,76,0.0
116,post_sleep,visual,77,0.0
116,post_sleep,visual,78,0.0
116,post_sleep,visual,79,0.0
116,post_sleep,visual,80,0.0
116,post_sleep,visual,81,0.0
116,post_sleep,visual,82,0.0
116,post_sleep,visual,83,0.0
116,post_sleep,visual,84,0.95
116,post_sleep,visual,85,0.08
116,post_sleep,visual,86,0.08
116,post_sleep,visual,87,0.0
116,post_sleep,visual,88,0.0
116,post_sleep,visual,89,0.0
116,post_sleep,visual,90,0.0
116,post_sleep,visual,91,0.0
116,post_sleep,visual,92,0.0
116,post_sleep,visual,93,0.0
116,post_sleep,visual,94,0.0
116,post_sleep,visual,95,0.0
116,post_sleep,visual,96,0.0
116,post_sleep,visual,97,0.0
116,post_sleep,visual,98,0.0
116,post_sleep,visual,99,0.0
116,post_sleep,visual,100,0.0
116,post_sleep,visual,101,0.0
116,post_sleep,visual,102,0.75
116,post_sleep,visual,103,0.1
116,post_sleep,visual,104,0.75
116,post_sleep,visual,105,0.0
116,post_sleep,visual,106,0.0
116,post_sleep,visual,107,0.0
116,post_sleep,visual,108,0.0
116,post_sleep,visual,109,0.0
116,post_sleep,visual,110,0.0
116,post_sleep,visual,111,0.0
116,post_sleep,visual,112,0.0
116,post_sleep,visual,113,0.0
116,post_sleep,visual,114,0.0
116,post_sleep,visual,115,0.0
116,post_sleep,visual,116,0.0
116,post_sleep,visual,117,0.0
116,post_sleep,visual,118,0.0
116,post_sleep,visual,119,0.0
116,post_sleep,visual,120,0.0
116,post_sleep,visual,121,0.0
116,post_sleep,visual,122,0.0
116,post_sleep,visual,123,0.0
116,post_sleep,visual,124,0.0
116,post_sleep,visual,125,0.0
116,post_sleep,visual,126,0.65
116,post_sleep,visual,127,0.95
116,post_sleep,visual,128,0.65
116,post_sleep,visual,129,0.08
116,post_sleep,visual,130,0.18
116,post_sleep,visual,131,0.95
116,post_sleep,visual,132,0.0
116,post_sleep,visual,133,0.0
116,post_sleep,visual,134,0.0
116,post_sleep,visual,135,0.0
116,post_sleep,visual,136,0.0
116,post_sleep,visual,137,0.0
116,post_sleep,visual,138,0.0
116,post_sleep,visual,139,0.0
116,post_sleep,visual,140,0.0
116,post_sleep,visual,141,0.0
116,post_sleep,visual,142,0.0
116,post_sleep,visual,143,0.0
116,post_sleep,visual,144,0.0
116,post_sleep,visual,145,0.0
116,post_sleep,visual,146,0.0
116,post_sleep,visual,147,0.0
116,post_sleep,visual,148,0.0
116,post_sleep,visual,149,0.0
116,post_sleep,visual,150,0.0
116,post_sleep,visual,151,0.0
116,post_sleep,visual,152,0.0
116,post_sleep,visual,153,0.0
116,post_sleep,visual,154,0.0
116,post_sleep,visual,155,0.0
116,post_sleep,visual,156,0.0
116,post_sleep,visual,157,0.0
116,post_sleep,visual,158,0.0
116,post_sleep,visual,159,0.0
116,post_sleep,visual,160,0.0
116,post_sleep,visual,161,0.0
116,post_sleep,visual,162,0.0
116,post_sleep,visual,163,0.0
116,post_sleep,visual,164,0.0
116,post_sleep,visual,165,0.0
116,post_sleep,visual,166,0.0
116,post_sleep,visual,167,0.0
116,post_sleep,visual,168,0.0
116,post_sleep,visual,169,0.0
116,post_sleep,visual,170,0.0
116,post_sleep,visual,171,0.0
116,post_sleep,visual,172,0.0
116,post_sleep,visual,173,0.0
116,post_sleep,visual,174,0.0
116,post_sleep,visual,175,0.4033333333333333
116,post_sleep,visual,176,0.4033333333333333
116,post_sleep,visual,177,0.0
116,post_sleep,visual,178,0.0
116,post_sleep,visual,179,0.0
116,post_sleep,audio,0,0.2124559473794028
116,post_sleep,audio,1,0.13034165530263603
116,post_sleep,audio,2,0.34102996129506746
116,post_sleep,audio,3,0.21379799174940492
116,post_sleep,audio,4,0.3036461942803266
116,post_sleep,audio,5,0.14986054177317393
116,post_sleep,audio,6,0.21494957177713805
116,post_sleep,audio,7,0.0485370000787086
116,post_sleep,audio,8,0.0011613847506304065
116,post_sleep,audio,9,0.0002872529237117616
116,post_sleep,audio,10,0.0005193745430506214
116,post_sleep,audio,11,0.0002536012540008681
116,post_sleep,audio,12,0.0008175090658900097
116,post_sleep,audio,13,0.0005597108171578324
116,post_sleep,audio,14,0.0008806050149403888
116,post_sleep,audio,15,0.0001988462936962157
116,post_sleep,proprioceptive,0,0.5
116,post_sleep,proprioceptive,1,0.5
116,post_sleep,proprioceptive,2,0.0
116,post_sleep,proprioceptive,3,0.0
116,post_sleep,proprioceptive,4,0.0
116,post_sleep,proprioceptive,5,0.8823076076159788
116,post_sleep,prediction,0,4.558798645906474e-05
116,post_sleep,prediction,1,5.3509279715306465e-05
116,post_sleep,prediction,2,8.48167601608171e-06
116,post_sleep,prediction,3,4.0147961268484354e-05
116,post_sleep,prediction,4,9.274494986958436e-05
116,post_sleep,prediction,5,3.0212050581008377e-05
116,post_sleep,prediction,6,4.106610822897049e-06
116,post_sleep,prediction,7,4.176130422705093e-05
116,post_sleep,prediction,8,0.0001122713082234808
116,post_sleep,prediction,9,0.0011610946539409304
116,post_sleep,prediction,10,7.722972154394549e-06
116,post_sleep,prediction,11,0.0003952160462942557
116,post_sleep,prediction,12,6.254574602373026e-05
116,post_sleep,prediction,13,4.88521097060651e-05
116,post_sleep,prediction,14,5.246825848301971e-06
116,post_sleep,prediction,15,0.00762855784847569
116,post_sleep,prediction,16,0.038357081103165526
116,post_sleep,prediction,17,0.004848395365539953
116,post_sleep,prediction,18,7.010970598214355e-06
116,post_sleep,prediction,19,3.817774048915386e-05
116,post_sleep,prediction,20,0.0022011290422658974
116,post_sleep,prediction,21,0.005167044799234639
116,post_sleep,prediction,22,0.05238595485445454
116,post_sleep,prediction,23,0.006672453111978071
116,post_sleep,prediction,24,0.00010171096551036717
116,post_sleep,prediction,25,0.000872772892961344
116,post_sleep,prediction,26,3.498602155523911e-05
116,post_sleep,prediction,27,0.010838229913088481
116,post_sleep,prediction,28,0.005569628508551243
116,post_sleep,prediction,29,0.00021703010231224087
116,post_sleep,prediction,30,0.05901703379853352
116,post_sleep,prediction,31,0.016208057272235364
116,post_sleep,prediction,32,0.04213997298412608
116,post_sleep,prediction,33,0.0029484311324636976
116,post_sleep,prediction,34,3.7243903102088327e-06
116,post_sleep,prediction,35,2.0490955993530844e-05
116,post_sleep,emotion,0,0.21286314745764728
116,post_sleep,emotion,1,0.11686819664680184
116,post_sleep,emotion,2,0.329148243142436
116,post_sleep,action,0,0.00022897244408463831
116,post_sleep,action,1,0.0054667127107500026
116,post_sleep,action,2,0.011915587827826759
116,post_sleep,action,3,0.002238965577869918
116,post_sleep,action,4,0.0
116,post_sleep,action,5,0.0
117,post_sleep,visual,0,0.0
117,post_sleep,visual,1,0.0
117,post_sleep,visual,2,0.0
117,post_sleep,visual,3,0.0
117,post_sleep,visual,4,0.0
117,post_sleep,visual,5,0.0
117,post_sleep,visual,6,0.0
117,post_sleep,visual,7,0.0
117,post_sleep,visual,8,0.0
117,post_sleep,visual,9,0.0
117,post_sleep,visual,10,0.0
117,post_sleep,visual,11,0.0
117,post_sleep,visual,12,0.0
117,post_sleep,visual,13,0.0
117,post_sleep,visual,14,0.0
117,post_sleep,visual,15,0.0
117,post_sleep,visual,16,0.36999999999999994
117,post_sleep,visual,17,0.0
117,post_sleep,visual,18,0.0
117,post_sleep,visual,19,0.0
117,post_sleep,visual,20,0.0
117,post_sleep,visual,21,0.0
117,post_sleep,visual,22,0.5333333333333333
117,post_sleep,visual,23,0.0
117,post_sleep,visual,24,0.0
117,post_sleep,visual,25,0.0
117,post_sleep,visual,26,0.0
117,post_sleep,visual,27,0.0
117,post_sleep,visual,28,0.0
117,post_sleep,visual,29,0.0
117,post_sleep,visual,30,0.75
117,post_sleep,visual,31,0.4033333333333333
117,post_sleep,visual,32,0.0
117,post_sleep,visual,33,0.0
117,post_sleep,visual,34,0.0
117,post_sleep,visual,35,0.0
117,post_sleep,visual,36,0.0
117,post_sleep,visual,37,0.0
117,post_sleep,visual,38,0.0
117,post_sleep,visual,39,0.0
117,post_sleep,visual,40,0.0
117,post_sleep,visual,41,0.0
117,post_sleep,visual,42,0.0
117,post_sleep,visual,43,0.0
117,post_sleep,visual,44,0.0
117,post_sleep,visual,45,0.0
117,post_sleep,visual,46,0.0
117,post_sleep,visual,47,0.0
117,post_sleep,visual,48,0.0
117,post_sleep,visual,49,0.0
117,post_sleep,visual,50,0.0
117,post_sleep,visual,51,0.0
117,post_sleep,visual,52,0.0
117,post_sleep,visual,53,0.0
117,post_sleep,visual,54,0.0
117,post_sleep,visual,55,0.0
117,post_sleep,visual,56,0.0
117,post_sleep,visual,57,0.0
117,post_sleep,visual,58,0.0
117,post_sleep,visual,59,0.0
117,post_sleep,visual,60,0.0
117,post_sleep,visual,61,0.0
117,post_sleep,visual,62,0.0
117,post_sleep,visual,63,0.0
117,post_sleep,visual,64,0.0
117,post_sleep,visual,65,0.0
117,post_sleep,visual,66,0.0
117,post_sleep,visual,67,0.0
117,post_sleep,visual,68,0.0
117,post_sleep,visual,69,0.0
117,post_sleep,visual,70,0.0
117,post_sleep,visual,71,0.0
117,post_sleep,visual,72,0.0
117,post_sleep,visual,73,0.0
117,post_sleep,visual,74,0.0
117,post_sleep,visual,75,0.0
117,post_sleep,visual,76,0.0
117,post_sleep,visual,77,0.0
117,post_sleep,visual,78,0.0
117,post_sleep,visual,79,0.0
117,post_sleep,visual,80,0.0
117,post_sleep,visual,81,0.0
117,post_sleep,visual,82,0.0
117,post_sleep,visual,83,0.0
117,post_sleep,visual,84,0.95
117,post_sleep,visual,85,0.08
117,post_sleep,visual,86,0.08
117,post_sleep,visual,87,0.0
117,post_sleep,visual,88,0.0
117,post_sleep,visual,89,0.0
117,post_sleep,visual,90,0.0
117,post_sleep,visual,91,0.0
117,post_sleep,visual,92,0.0
117,post_sleep,visual,93,0.0
117,post_sleep,visual,94,0.0
117,post_sleep,visual,95,0.0
117,post_sleep,visual,96,0.0
117,post_sleep,visual,97,0.0
117,post_sleep,visual,98,0.0
117,post_sleep,visual,99,0.0
117,post_sleep,visual,100,0.0
117,post_sleep,visual,101,0.0
117,post_sleep,visual,102,0.75
117,post_sleep,visual,103,0.1
117,post_sleep,visual,104,0.75
117,post_sleep,visual,105,0.0
117,post_sleep,visual,106,0.0
117,post_sleep,visual,107,0.0
117,post_sleep,visual,108,0.0
117,post_sleep,visual,109,0.0
117,post_sleep,visual,110,0.0
117,post_sleep,visual,111,0.0
117,post_sleep,visual,112,0.0
117,post_sleep,visual,113,0.0
117,post_sleep,visual,114,0.0
117,post_sleep,visual,115,0.0
117,post_sleep,visual,116,0.0
117,post_sleep,visual,117,0.0
117,post_sleep,visual,118,0.0
117,post_sleep,visual,119,0.0
117,post_sleep,visual,120,0.0
117,post_sleep,visual,121,0.0
117,post_sleep,visual,122,0.0
117,post_sleep,visual,123,0.0
117,post_sleep,visual,124,0.0
117,post_sleep,visual,125,0.0
117,post_sleep,visual,126,0.65
117,post_sleep,visual,127,0.95
117,post_sleep,visual,128,0.65
117,post_sleep,visual,129,0.08
117,post_sleep,visual,130,0.18
117,post_sleep,visual,131,0.95
117,post_sleep,visual,132,0.0
117,post_sleep,visual,133,0.0
117,post_sleep,visual,134,0.0
117,post_sleep,visual,135,0.0
117,post_sleep,visual,136,0.0
117,post_sleep,visual,137,0.0
117,post_sleep,visual,138,0.0
117,post_sleep,visual,139,0.0
117,post_sleep,visual,140,0.0
117,post_sleep,visual,141,0.0
117,post_sleep,visual,142,0.0
117,post_sleep,visual,143,0.0
117,post_sleep,visual,144,0.0
117,post_sleep,visual,145,0.0
117,post_sleep,visual,146,0.0
117,post_sleep,visual,147,0.0
117,post_sleep,visual,148,0.0
117,post_sleep,visual,149,0.0
117,post_sleep,visual,150,0.0
117,post_sleep,visual,151,0.0
117,post_sleep,visual,152,0.0
117,post_sleep,visual,153,0.0
117,post_sleep,visual,154,0.0
117,post_sleep,visual,155,0.0
117,post_sleep,visual,156,0.0
117,post_sleep,visual,157,0.0
117,post_sleep,visual,158,0.0
117,post_sleep,visual,159,0.0
117,post_sleep,visual,160,0.0
117,post_sleep,visual,161,0.0
117,post_sleep,visual,162,0.0
117,post_sleep,visual,163,0.0
117,post_sleep,visual,164,0.0
117,post_sleep,visual,165,0.0
117,post_sleep,visual,166,0.0
117,post_sleep,visual,167,0.0
117,post_sleep,visual,168,0.0
117,post_sleep,visual,169,0.0
117,post_sleep,visual,170,0.0
117,post_sleep,visual,171,0.0
117,post_sleep,visual,172,0.0
117,post_sleep,visual,173,0.0
117,post_sleep,visual,174,0.0
117,post_sleep,visual,175,0.0
117,post_sleep,visual,176,0.0
117,post_sleep,visual,177,0.0
117,post_sleep,visual,178,0.0
117,post_sleep,visual,179,0.0
117,post_sleep,audio,0,0.21129292630091784
117,post_sleep,audio,1,0.13001307229897185
117,post_sleep,audio,2,0.34132638994898234
117,post_sleep,audio,3,0.21348113598416973
117,post_sleep,audio,4,0.30279752317754044
117,post_sleep,audio,5,0.14929754790493238
117,post_sleep,audio,6,0.21406813801949212
117,post_sleep,audio,7,0.04833796664956274
117,post_sleep,audio,8,0.0011630210784849548
117,post_sleep,audio,9,0.0003285830036641735
117,post_sleep,audio,10,0.00029642865391488193
117,post_sleep,audio,11,0.00031685576523518555
117,post_sleep,audio,12,0.000848671102786136
117,post_sleep,audio,13,0.0005629938682415458
117,post_sleep,audio,14,0.000881433757645933
117,post_sleep,audio,15,0.00019903342914585898
117,post_sleep,proprioceptive,0,0.5
117,post_sleep,proprioceptive,1,0.5
117,post_sleep,proprioceptive,2,0.0
117,post_sleep,proprioceptive,3,0.0
117,post_sleep,proprioceptive,4,0.0
117,post_sleep,proprioceptive,5,0.931314471856663
117,post_sleep,prediction,0,2.8535130086623504e-05
117,post_sleep,prediction,1,3.4086054206721894e-05
117,post_sleep,prediction,2,5.362482436633327e-06
117,post_sleep,prediction,3,2.570093895967876e-05
117,post_sleep,prediction,4,6.041711302898578e-05
117,post_sleep,prediction,5,1.9035303079979275e-05
117,post_sleep,prediction,6,2.5278190329644814e-06
117,post_sleep,prediction,7,2.690242406474722e-05
117,post_sleep,prediction,8,7.068883088881222e-05
117,post_sleep,prediction,9,0.0010420322661899525
117,post_sleep,prediction,10,4.737067482852832e-06
117,post_sleep,prediction,11,0.0003513853671599418
117,post_sleep,prediction,12,3.952878601081009e-05
117,post_sleep,prediction,13,3.0243833845604914e-05
117,post_sleep,prediction,14,3.2032815326019645e-06
117,post_sleep,prediction,15,0.007224629269353925
117,post_sleep,prediction,16,0.03894913867587748
117,post_sleep,prediction,17,0.00485539869111679
117,post_sleep,prediction,18,4.427845994735423e-06
117,post_sleep,prediction,19,2.4437477376096477e-05
117,post_sleep,prediction,20,0.0019323246510629395
117,post_sleep,prediction,21,0.004910760155328362
117,post_sleep,prediction,22,0.05171201225509645
117,post_sleep,prediction,23,0.006507858754266503
117,post_sleep,prediction,24,7.517667265434573e-05
117,post_sleep,prediction,25,0.0007831243675251352
117,post_sleep,prediction,26,2.1293428992899087e-05
117,post_sleep,prediction,27,0.010334969647732804
117,post_sleep,prediction,28,0.005369916758529723
117,post_sleep,prediction,29,0.00013753457864221233
117,post_sleep,prediction,30,0.06099375023618279
117,post_sleep,prediction,31,0.01979473289012246
117,post_sleep,prediction,32,0.03448941985043776
117,post_sleep,prediction,33,0.0026822826170705967
117,post_sleep,prediction,34,2.2614883562107354e-06
117,post_sleep,prediction,35,1.284618059186065e-05
117,post_sleep,emotion,0,0.21995274473917348
117,post_sleep,emotion,1,0.1199904370261689
117,post_sleep,emotion,2,0.3477459535438375
117,post_sleep,action,0,0.00010794521989298567
117,post_sleep,action,1,0.0027088816708286632
117,post_sleep,action,2,0.013669073687703264
117,post_sleep,action,3,0.0010668266706363252
117,post_sleep,action,4,0.0
117,post_sleep,action,5,0.0
118,post_sleep,visual,0,0.0
118,post_sleep,visual,1,0.0
118,post_sleep,visual,2,0.0
118,post_sleep,visual,3,0.0
118,post_sleep,visual,4,0.0
118,post_sleep,visual,5,0.0
118,post_sleep,visual,6,0.0
118,post_sleep,visual,7,0.0
118,post_sleep,visual,8,0.0
118,post_sleep,visual,9,0.0
118,post_sleep,visual,10,0.0
118,post_sleep,visual,11,0.0
118,post_sleep,visual,12,0.0
118,post_sleep,visual,13,0.0
118,post_sleep,visual,14,0.0
118,post_sleep,visual,15,0.0
118,post_sleep,visual,16,0.36999999999999994
118,post_sleep,visual,17,0.0
118,post_sleep,visual,18,0.0
118,post_sleep,visual,19,0.0
118,post_sleep,visual,20,0.0
118,post_sleep,visual,21,0.0
118,post_sleep,visual,22,0.5333333333333333
118,post_sleep,visual,23,0.0
118,post_sleep,visual,24,0.0
118,post_sleep,visual,25,0.0
118,post_sleep,visual,26,0.0
118,post_sleep,visual,27,0.0
118,post_sleep,visual,28,0.0
118,post_sleep,visual,29,0.0
118,post_sleep,visual,30,0.75
118,post_sleep,visual,31,0.4033333333333333
118,post_sleep,visual,32,0.0
118,post_sleep,visual,33,0.0
118,post_sleep,visual,34,0.0
118,post_sleep,visual,35,0.0
118,post_sleep,visual,36,0.0
118,post_sleep,visual,37,0.0
118,post_sleep,visual,38,0.0
118,post_sleep,visual,39,0.0
118,post_sleep,visual,40,0.0
118,post_sleep,visual,41,0.0
118,post_sleep,visual,42,0.0
118,post_sleep,visual,43,0.0
118,post_sleep,visual,44,0.0
118,post_sleep,visual,45,0.0
118,post_sleep,visual,46,0.0
118,post_sleep,visual,47,0.0
118,post_sleep,visual,48,0.0
118,post_sleep,visual,49,0.0
118,post_sleep,visual,50,0.0
118,post_sleep,visual,51,0.0
118,post_sleep,visual,52,0.0
118,post_sleep,visual,53,0.0
118,post_sleep,visual,54,0.0
118,post_sleep,visual,55,0.0
118,post_sleep,visual,56,0.0
118,post_sleep,visual,57,0.0
118,post_sleep,visual,58,0.0
118,post_sleep,visual,59,0.0
118,post_sleep,visual,60,0.0
118,post_sleep,visual,61,0.0
118,post_sleep,visual,62,0.0
118,post_sleep,visual,63,0.0
118,post_sleep,visual,64,0.0
118,post_sleep,visual,65,0.0
118,post_sleep,visual,66,0.0
118,post_sleep,visual,67,0.0
118,post_sleep,visual,68,0.0
118,post_sleep,visual,69,0.0
118,post_sleep,visual,70,0.0
118,post_sleep,visual,71,0.0
118,post_sleep,visual,72,0.0
118,post_sleep,visual,73,0.0
118,post_sleep,visual,74,0.0
118,post_sleep,visual,75,0.0
118,post_sleep,visual,76,0.0
118,post_sleep,visual,77,0.0
118,post_sleep,visual,78,0.0
118,post_sleep,visual,79,0.0
118,post_sleep,visual,80,0.0
118,post_sleep,visual,81,0.0
118,post_sleep,visual,82,0.0
118,post_sleep,visual,83,0.0
118,post_sleep,visual,84,0.95
118,post_sleep,visual,85,0.08
118,post_sleep,visual,86,0.08
118,post_sleep,visual,87,0.0
118,post_sleep,visual,88,0.0
118,post_sleep,visual,89,0.0
118,post_sleep,visual,90,0.0
118,post_sleep,visual,91,0.0
118,post_sleep,visual,92,0.0
118,post_sleep,visual,93,0.0
118,post_sleep,visual,94,0.0
118,post_sleep,visual,95,0.0
118,post_sleep,visual,96,0.0
118,post_sleep,visual,97,0.0
118,post_sleep,visual,98,0.0
118,post_sleep,visual,99,0.0
118,post_sleep,visual,100,0.0
118,post_sleep,visual,101,0.0
118,post_sleep,visual,102,0.75
118,post_sleep,visual,103,0.1
118,post_sleep,visual,104,0.75
118,post_sleep,visual,105,0.0
118,post_sleep,visual,106,0.0
118,post_sleep,visual,107,0.0
118,post_sleep,visual,108,0.0
118,post_sleep,visual,109,0.0
118,post_sleep,visual,110,0.0
118,post_sleep,visual,111,0.0
118,post_sleep,visual,112,0.0
118,post_sleep,visual,113,0.0
118,post_sleep,visual,114,0.0
118,post_sleep,visual,115,0.0
118,post_sleep,visual,116,0.0
118,post_sleep,visual,117,0.0
118,post_sleep,visual,118,0.0
118,post_sleep,visual,119,0.0
118,post_sleep,visual,120,0.0
118,post_sleep,visual,121,0.0
118,post_sleep,visual,122,0.0
118,post_sleep,visual,123,0.0
118,post_sleep,visual,124,0.0
118,post_sleep,visual,125,0.0
118,post_sleep,visual,126,0.65
118,post_sleep,visual,127,0.95
118,post_sleep,visual,128,0.65
118,post_sleep,visual,129,0.08
118,post_sleep,visual,130,0.18
118,post_sleep,visual,131,0.95
118,post_sleep,visual,132,0.0
118,post_sleep,visual,133,0.0
118,post_sleep,visual,134,0.0
118,post_sleep,visual,135,0.0
118,post_sleep,visual,136,0.0
118,post_sleep,visual,137,0.0
118,post_sleep,visual,138,0.0
118,post_sleep,visual,139,0.0
118,post_sleep,visual,140,0.0
118,post_sleep,visual,141,0.0
118,post_sleep,visual,142,0.0
118,post_sleep,visual,143,0.0
118,post_sleep,visual,144,0.0
118,post_sleep,visual,145,0.0
118,post_sleep,visual,146,0.0
118,post_sleep,visual,147,0.0
118,post_sleep,visual,148,0.0
118,post_sleep,visual,149,0.0
118,post_sleep,visual,150,0.0
118,post_sleep,visual,151,0.0
118,post_sleep,visual,152,0.0
118,post_sleep,visual,153,0.0
118,post_sleep,visual,154,0.0
118,post_sleep,visual,155,0.0
118,post_sleep,visual,156,0.0
118,post_sleep,visual,157,0.0
118,post_sleep,visual,158,0.0
118,post_sleep,visual,159,0.0
118,post_sleep,visual,160,0.0
118,post_sleep,visual,161,0.0
118,post_sleep,visual,162,0.0
118,post_sleep,visual,163,0.0
118,post_sleep,visual,164,0.0
118,post_sleep,visual,165,0.0
118,post_sleep,visual,166,0.0
118,post_sleep,visual,167,0.0
118,post_sleep,visual,168,0.0
118,post_sleep,visual,169,0.0
118,post_sleep,visual,170,0.0
118,post_sleep,visual,171,0.0
118,post_sleep,visual,172,0.0
118,post_sleep,visual,173,0.0
118,post_sleep,visual,174,0.0
118,post_sleep,visual,175,0.0
118,post_sleep,visual,176,0.0
118,post_sleep,visual,177,0.0
118,post_sleep,visual,178,0.0
118,post_sleep,visual,179,0.0
118,post_sleep,audio,0,0.21012779629596104
118,post_sleep,audio,1,0.12964226079261337
118,post_sleep,audio,2,0.341395956783875
118,post_sleep,audio,3,0.2131003470713819
118,post_sleep,audio,4,0.3019180536611221
118,post_sleep,audio,5,0.14873150544673588
118,post_sleep,audio,6,0.21318613177040766
118,post_sleep,audio,7,0.048138803948156575
118,post_sleep,audio,8,0.0011651300049567992
118,post_sleep,audio,9,0.0003708115063584816
118,post_sleep,audio,10,6.95668348926759e-05
118,post_sleep,audio,11,0.00038078891278783833
118,post_sleep,audio,12,0.0008794695164183186
118,post_sleep,audio,13,0.0005660424581964973
118,post_sleep,audio,14,0.000882006249084466
118,post_sleep,audio,15,0.00019916270140616504
118,post_sleep,proprioceptive,0,0.5
118,post_sleep,proprioceptive,1,0.5
118,post_sleep,proprioceptive,2,0.0
118,post_sleep,proprioceptive,3,0.0
118,post_sleep,proprioceptive,4,0.0
118,post_sleep,proprioceptive,5,0.9678863388031612
118,post_sleep,prediction,0,1.787185658118132e-05
118,post_sleep,prediction,1,2.1723429082944728e-05
118,post_sleep,prediction,2,3.3878930554791205e-06
118,post_sleep,prediction,3,1.645514046169626e-05
118,post_sleep,prediction,4,3.9380679616024155e-05
118,post_sleep,prediction,5,1.199888180508072e-05
118,post_sleep,prediction,6,1.5548305412801746e-06
118,post_sleep,prediction,7,1.7333095649674025e-05
118,post_sleep,prediction,8,4.453408013903593e-05
118,post_sleep,prediction,9,0.0009561835122845985
118,post_sleep,prediction,10,2.9033827671535555e-06
118,post_sleep,prediction,11,0.00031924920140330307
118,post_sleep,prediction,12,2.4996719100755358e-05
118,post_sleep,prediction,13,1.8732513175102323e-05
118,post_sleep,prediction,14,1.954204438204097e-06
118,post_sleep,prediction,15,0.006915136614738523
118,post_sleep,prediction,16,0.039440943743551005
118,post_sleep,prediction,17,0.004868192522323058
118,post_sleep,prediction,18,2.794382567013472e-06
118,post_sleep,prediction,19,1.5644807172389425e-05
118,post_sleep,prediction,20,0.0017137945402345442
118,post_sleep,prediction,21,0.004695701691964288
118,post_sleep,prediction,22,0.05106845794969147
118,post_sleep,prediction,23,0.006368587551179288
118,post_sleep,prediction,24,7.143405202577038e-05
118,post_sleep,prediction,25,0.0007058040127387048
118,post_sleep,prediction,26,1.2949928518897499e-05
118,post_sleep,prediction,27,0.009706784080996199
118,post_sleep,prediction,28,0.005190629838666739
118,post_sleep,prediction,29,8.719768535261492e-05
118,post_sleep,prediction,30,0.062321310026239335
118,post_sleep,prediction,31,0.023989882512521855
118,post_sleep,prediction,32,0.027119251464617574
118,post_sleep,prediction,33,0.002356928663682186
118,post_sleep,prediction,34,1.372154344158916e-06
118,post_sleep,prediction,35,8.054791964509842e-06
118,post_sleep,emotion,0,0.226368385801693
118,post_sleep,emotion,1,0.12279611022070326
118,post_sleep,emotion,2,0.36372319397129305
118,post_sleep,action,0,5.092356386469889e-05
118,post_sleep,action,1,0.0013430315863496138
118,post_sleep,action,2,0.014592790942927633
118,post_sleep,action,3,0.0005084169713280455
118,post_sleep,action,4,0.0
118,post_sleep,action,5,0.0
119,post_sleep,visual,0,0.0
119,post_sleep,visual,1,0.0
119,post_sleep,visual,2,0.0
119,post_sleep,visual,3,0.0
119,post_sleep,visual,4,0.0
119,post_sleep,visual,5,0.0
119,post_sleep,visual,6,0.0
119,post_sleep,visual,7,0.0
119,post_sleep,visual,8,0.0
119,post_sleep,visual,9,0.0
119,post_sleep,visual,10,0.0
119,post_sleep,visual,11,0.0
119,post_sleep,visual,12,0.0
119,post_sleep,visual,13,0.0
119,post_sleep,visual,14,0.0
119,post_sleep,visual,15,0.0
119,post_sleep,visual,16,0.36999999999999994
119,post_sleep,visual,17,0.0
119,post_sleep,visual,18,0.0
119,post_sleep,visual,19,0.0
119,post_sleep,visual,20,0.0
119,post_sleep,visual,21,0.0
119,post_sleep,visual,22,0.5333333333333333
119,post_sleep,visual,23,0.0
119,post_sleep,visual,24,0.0
119,post_sleep,visual,25,0.0
119,post_sleep,visual,26,0.0
119,post_sleep,visual,27,0.0
119,post_sleep,visual,28,0.0
119,post_sleep,visual,29,0.0
119,post_sleep,visual,30,0.75
119,post_sleep,visual,31,0.4033333333333333
119,post_sleep,visual,32,0.0
119,post_sleep,visual,33,0.0
119,post_sleep,visual,34,0.0
119,post_sleep,visual,35,0.0
119,post_sleep,visual,36,0.0
119,post_sleep,visual,37,0.0
119,post_sleep,visual,38,0.0
119,post_sleep,visual,39,0.0
119,post_sleep,visual,40,0.0
119,post_sleep,visual,41,0.0
119,post_sleep,visual,42,0.0
119,post_sleep,visual,43,0.0
119,post_sleep,visual,44,0.0
119,post_sleep,visual,45,0.0
119,post_sleep,visual,46,0.0
119,post_sleep,visual,47,0.0
119,post_sleep,visual,48,0.0
119,post_sleep,visual,49,0.0
119,post_sleep,visual,50,0.0
119,post_sleep,visual,51,0.0
119,post_sleep,visual,52,0.0
119,post_sleep,visual,53,0.0
119,post_sleep,visual,54,0.0
119,post_sleep,visual,55,0.0
119,post_sleep,visual,56,0.0
119,post_sleep,visual,57,0.0
119,post_sleep,visual,58,0.0
119,post_sleep,visual,59,0.0
119,post_sleep,visual,60,0.0
119,post_sleep,visual,61,0.0
119,post_sleep,visual,62,0.0
119,post_sleep,visual,63,0.0
119,post_sleep,visual,64,0.0
119,post_sleep,visual,65,0.0
119,post_sleep,visual,66,0.0
119,post_sleep,visual,67,0.0
119,post_sleep,visual,68,0.0
119,post_sleep,visual,69,0.0
119,post_sleep,visual,70,0.0
119,post_sleep,visual,71,0.0
119,post_sleep,visual,72,0.0
119,post_sleep,visual,73,0.0
119,post_sleep,visual,74,0.0
119,post_sleep,visual,75,0.0
119,post_sleep,visual,76,0.0
119,post_sleep,visual,77,0.0
119,post_sleep,visual,78,0.0
119,post_sleep,visual,79,0.0
119,post_sleep,visual,80,0.0
119,post_sleep,visual,81,0.0
119,post_sleep,visual,82,0.0
119,post_sleep,visual,83,0.0
119,post_sleep,visual,84,0.95
119,post_sleep,visual,85,0.08
119,post_sleep,visual,86,0.08
119,post_sleep,visual,87,0.0
119,post_sleep,visual,88,0.0
119,post_sleep,visual,89,0.0
119,post_sleep,visual,90,0.0
119,post_sleep,visual,91,0.0
119,post_sleep,visual,92,0.0
119,post_sleep,visual,93,0.0
119,post_sleep,visual,94,0.0
119,post_sleep,visual,95,0.0
119,post_sleep,visual,96,0.0
119,post_sleep,visual,97,0.0
119,post_sleep,visual,98,0.0
119,post_sleep,visual,99,0.0
119,post_sleep,visual,100,0.0
119,post_sleep,visual,101,0.0
119,post_sleep,visual,102,0.75
119,post_sleep,visual,103,0.1
119,post_sleep,visual,104,0.75
119,post_sleep,visual,105,0.0
119,post_sleep,visual,106,0.0
119,post_sleep,visual,107,0.0
119,post_sleep,visual,108,0.0
119,post_sleep,visual,109,0.0
119,post_sleep,visual,110,0.0
119,post_sleep,visual,111,0.0
119,post_sleep,visual,112,0.0
119,post_sleep,visual,113,0.0
119,post_sleep,visual,114,0.0
119,post_sleep,visual,115,0.0
119,post_sleep,visual,116,0.0
119,post_sleep,visual,117,0.0
119,post_sleep,visual,118,0.0
119,post_sleep,visual,119,0.0
119,post_sleep,visual,120,0.0
119,post_sleep,visual,121,0.0
119,post_sleep,visual,122,0.0
119,post_sleep,visual,123,0.0
119,post_sleep,visual,124,0.0
119,post_sleep,visual,125,0.0
119,post_sleep,visual,126,0.65
119,post_sleep,visual,127,0.95
119,post_sleep,visual,128,0.65
119,post_sleep,visual,129,0.08
119,post_sleep,visual,130,0.18
119,post_sleep,visual,131,0.95
119,post_sleep,visual,132,0.0
119,post_sleep,visual,133,0.0
119,post_sleep,visual,134,0.0
119,post_sleep,visual,135,0.0
119,post_sleep,visual,136,0.0
119,post_sleep,visual,137,0.0
119,post_sleep,visual,138,0.0
119,post_sleep,visual,139,0.0
119,post_sleep,visual,140,0.0
119,post_sleep,visual,141,0.0
119,post_sleep,visual,142,0.0
119,post_sleep,visual,143,0.0
119,post_sleep,visual,144,0.0
119,post_sleep,visual,145,0.0
119,post_sleep,visual,146,0.0
119,post_sleep,visual,147,0.0
119,post_sleep,visual,148,0.0
119,post_sleep,visual,149,0.0
119,post_sleep,visual,150,0.0
119,post_sleep,visual,151,0.0
119,post_sleep,visual,152,0.0
119,post_sleep,visual,153,0.0
119,post_sleep,visual,154,0.0
119,post_sleep,visual,155,0.0
119,post_sleep,visual,156,0.0
119,post_sleep,visual,157,0.0
119,post_sleep,visual,158,0.0
119,post_sleep,visual,159,0.0
119,post_sleep,visual,160,0.0
119,post_sleep,visual,161,0.0
119,post_sleep,visual,162,0.0
119,post_sleep,visual,163,0.0
119,post_sleep,visual,164,0.0
119,post_sleep,visual,165,0.0
119,post_sleep,visual,166,0.0
119,post_sleep,visual,167,0.0
119,post_sleep,visual,168,0.0
119,post_sleep,visual,169,0.0
119,post_sleep,visual,170,0.0
119,post_sleep,visual,171,0.0
119,post_sleep,visual,172,0.0
119,post_sleep,visual,173,0.0
119,post_sleep,visual,174,0.0
119,post_sleep,visual,175,0.0
119,post_sleep,visual,176,0.0
119,post_sleep,visual,177,0.0
119,post_sleep,visual,178,0.0
119,post_sleep,visual,179,0.0
119,post_sleep,audio,0,0.20896021755626154
119,post_sleep,audio,1,0.12922871502866445
119,post_sleep,audio,2,0.34123662692698187
119,post_sleep,audio,3,0.21265541512309502
119,post_sleep,audio,4,0.3010082769049014
119,post_sleep,audio,5,0.14816264426496678
119,post_sleep,audio,6,0.21230380041560107
119,post_sleep,audio,7,0.04793956783578089
119,post_sleep,audio,8,0.0011675787396994985
119,post_sleep,audio,9,0.0004135457639489193
119,post_sleep,audio,10,0.00015932985689315338
119,post_sleep,audio,11,0.0004449319482868752
119,post_sleep,audio,12,0.000909776756220726
119,post_sleep,audio,13,0.0005688611817691036
119,post_sleep,audio,14,0.000882331354806587
119,post_sleep,audio,15,0.00019923611237568362
119,post_sleep,proprioceptive,0,0.5
119,post_sleep,proprioceptive,1,0.5
119,post_sleep,proprioceptive,2,0.0
119,post_sleep,proprioceptive,3,0.0
119,post_sleep,proprioceptive,4,0.0
119,post_sleep,proprioceptive,5,0.9909688244822991
119,post_sleep,prediction,0,1.119924380313658e-05
119,post_sleep,prediction,1,1.3850190622148864e-05
119,post_sleep,prediction,2,2.139056209221693e-06
119,post_sleep,prediction,3,1.0537043004568206e-05
119,post_sleep,prediction,4,2.5682047840695197e-05
119,post_sleep,prediction,5,7.566502903649588e-06
119,post_sleep,prediction,6,9.557507379907619e-07
119,post_sleep,prediction,7,1.116929205935748e-05
119,post_sleep,prediction,8,2.8071316166559563e-05
119,post_sleep,prediction,9,0.0008944494955040997
119,post_sleep,prediction,10,1.778358238427566e-06
119,post_sleep,prediction,11,0.0002959732810152458
119,post_sleep,prediction,12,1.5815248058461474e-05
119,post_sleep,prediction,13,1.1607331769611935e-05
119,post_sleep,prediction,14,1.191436441163299e-06
119,post_sleep,prediction,15,0.006673553592999978
119,post_sleep,prediction,16,0.03984327610101614
119,post_sleep,prediction,17,0.004883261873447284
119,post_sleep,prediction,18,1.7624118141639766e-06
119,post_sleep,prediction,19,1.0017265175246455e-05
119,post_sleep,prediction,20,0.001529009009503345
119,post_sleep,prediction,21,0.004507423780236514
119,post_sleep,prediction,22,0.05046956896835121
119,post_sleep,prediction,23,0.0062489593567916476
119,post_sleep,prediction,24,8.574028337086653e-05
119,post_sleep,prediction,25,0.0006395800109949048
119,post_sleep,prediction,26,7.870644668606352e-06
119,post_sleep,prediction,27,0.009024189278626884
119,post_sleep,prediction,28,0.005023313945960221
119,post_sleep,prediction,29,5.5305871415724003e-05
119,post_sleep,prediction,30,0.0631972465519142
119,post_sleep,prediction,31,0.027914726499257435
119,post_sleep,prediction,32,0.020792654399796037
119,post_sleep,prediction,33,0.002002684721865033
119,post_sleep,prediction,34,8.320159555520744e-07
119,post_sleep,prediction,35,5.051269358304941e-06
119,post_sleep,emotion,0,0.23154463119256558
119,post_sleep,emotion,1,0.12512170305945655
119,post_sleep,emotion,2,0.3764372391920191
119,post_sleep,action,0,2.4037760707486444e-05
119,post_sleep,action,1,0.0006661661699897945
119,post_sleep,action,2,0.014604655745647642
119,post_sleep,action,3,0.0002423387723966066
119,post_sleep,action,4,0.0
119,post_sleep,action,5,0.0
120,post_sleep,visual,0,0.0
120,post_sleep,visual,1,0.0
120,post_sleep,visual,2,0.0
120,post_sleep,visual,3,0.0
120,post_sleep,visual,4,0.0
120,post_sleep,visual,5,0.0
120,post_sleep,visual,6,0.0
120,post_sleep,visual,7,0.0
120,post_sleep,visual,8,0.0
120,post_sleep,visual,9,0.0
120,post_sleep,visual,10,0.0
120,post_sleep,visual,11,0.0
120,post_sleep,visual,12,0.0
120,post_sleep,visual,13,0.0
120,post_sleep,visual,14,0.0
120,post_sleep,visual,15,0.0
120,post_sleep,visual,16,0.36999999999999994
120,post_sleep,visual,17,0.0
120,post_sleep,visual,18,0.0
120,post_sleep,visual,19,0.0
120,post_sleep,visual,20,0.0
120,post_sleep,visual,21,0.0
120,post_sleep,visual,22,0.5333333333333333
120,post_sleep,visual,23,0.0
120,post_sleep,visual,24,0.0
120,post_sleep,visual,25,0.0
120,post_sleep,visual,26,0.0
120,post_sleep,visual,27,0.0
120,post_sleep,visual,28,0.0
120,post_sleep,visual,29,0.0
120,post_sleep,visual,30,0.75
120,post_sleep,visual,31,0.4033333333333333
120,post_sleep,visual,32,0.0
120,post_sleep,visual,33,0.0
120,post_sleep,visual,34,0.0
120,post_sleep,visual,35,0.0
120,post_sleep,visual,36,0.0
120,post_sleep,visual,37,0.0
120,post_sleep,visual,38,0.0
120,post_sleep,visual,39,0.0
120,post_sleep,visual,40,0.0
120,post_sleep,visual,41,0.0
120,post_sleep,visual,42,0.0
120,post_sleep,visual,43,0.0
120,post_sleep,visual,44,0.0
120,post_sleep,visual,45,0.0
120,post_sleep,visual,46,0.0
120,post_sleep,visual,47,0.0
120,post_sleep,visual,48,0.0
120,post_sleep,visual,49,0.0
120,post_sleep,visual,50,0.0
120,post_sleep,visual,51,0.0
120,post_sleep,visual,52,0.0
120,post_sleep,visual,53,0.0
120,post_sleep,visual,54,0.0
120,post_sleep,visual,55,0.0
120,post_sleep,visual,56,0.0
120,post_sleep,visual,57,0.0
120,post_sleep,visual,58,0.0
120,post_sleep,visual,59,0.0
120,post_sleep,visual,60,0.0
120,post_sleep,visual,61,0.0
120,post_sleep,visual,62,0.0
120,post_sleep,visual,63,0.0
120,post_sleep,visual,64,0.0
120,post_sleep,visual,65,0.0
120,post_sleep,visual,66,0.0
120,post_sleep,visual,67,0.0
120,post_sleep,visual,68,0.0
120,post_sleep,visual,69,0.0
120,post_sleep,visual,70,0.0
120,post_sleep,visual,71,0.0
120,post_sleep,visual,72,0.0
120,post_sleep,visual,73,0.0
120,post_sleep,visual,74,0.0
120,post_sleep,visual,75,0.0
120,post_sleep,visual,76,0.0
120,post_sleep,visual,77,0.0
120,post_sleep,visual,78,0.0
120,post_sleep,visual,79,0.0
120,post_sleep,visual,80,0.0
120,post_sleep,visual,81,0.0
120,post_sleep,visual,82,0.0
120,post_sleep,visual,83,0.0
120,post_sleep,visual,84,0.95
120,post_sleep,visual,85,0.08
120,post_sleep,visual,86,0.08
120,post_sleep,visual,87,0.0
120,post_sleep,visual,88,0.0
120,post_sleep,visual,89,0.0
120,post_sleep,visual,90,0.0
120,post_sleep,visual,91,0.0
120,post_sleep,visual,92,0.0
120,post_sleep,visual,93,0.0
120,post_sleep,visual,94,0.0
120,post_sleep,visual,95,0.0
120,post_sleep,visual,96,0.0
120,post_sleep,visual,97,0.0
120,post_sleep,visual,98,0.0
120,post_sleep,visual,99,0.0
120,post_sleep,visual,100,0.0
120,post_sleep,visual,101,0.0
120,post_sleep,visual,102,0.75
120,post_sleep,visual,103,0.1
120,post_sleep,visual,104,0.75
120,post_sleep,visual,105,0.0
120,post_sleep,visual,106,0.0
120,post_sleep,visual,107,0.0
120,post_sleep,visual,108,0.0
120,post_sleep,visual,109,0.0
120,post_sleep,visual,110,0.0
120,post_sleep,visual,111,0.0
120,post_sleep,visual,112,0.0
120,post_sleep,visual,113,0.0
120,post_sleep,visual,114,0.0
120,post_sleep,visual,115,0.0
120,post_sleep,visual,116,0.0
120,post_sleep,visual,117,0.0
120,post_sleep,visual,118,0.0
120,post_sleep,visual,119,0.0
120,post_sleep,visual,120,0.0
120,post_sleep,visual,121,0.0
120,post_sleep,visual,122,0.0
120,post_sleep,visual,123,0.0
120,post_sleep,visual,124,0.0
120,post_sleep,visual,125,0.0
120,post_sleep,visual,126,0.65
120,post_sleep,visual,127,0.95
120,post_sleep,visual,128,0.65
120,post_sleep,visual,129,0.08
120,post_sleep,visual,130,0.18
120,post_sleep,visual,131,0.95
120,post_sleep,visual,132,0.0
120,post_sleep,visual,133,0.0
120,post_sleep,visual,134,0.0
120,post_sleep,visual,135,0.0
120,post_sleep,visual,136,0.0
120,post_sleep,visual,137,0.0
120,post_sleep,visual,138,0.0
120,post_sleep,visual,139,0.0
120,post_sleep,visual,140,0.0
120,post_sleep,visual,141,0.0
120,post_sleep,visual,142,0.0
120,post_sleep,visual,143,0.0
120,post_sleep,visual,144,0.0
120,post_sleep,visual,145,0.0
120,post_sleep,visual,146,0.0
120,post_sleep,visual,147,0.0
120,post_sleep,visual,148,0.0
120,post_sleep,visual,149,0.0
120,post_sleep,visual,150,0.0
120,post_sleep,visual,151,0.0
120,post_sleep,visual,152,0.0
120,post_sleep,visual,153,0.0
120,post_sleep,visual,154,0.0
120,post_sleep,visual,155,0.0
120,post_sleep,visual,156,0.0
120,post_sleep,visual,157,0.0
120,post_sleep,visual,158,0.0
120,post_sleep,visual,159,0.0
120,post_sleep,visual,160,0.0
120,post_sleep,visual,161,0.0
120,post_sleep,visual,162,0.0
120,post_sleep,visual,163,0.0
120,post_sleep,visual,164,0.0
120,post_sleep,visual,165,0.0
120,post_sleep,visual,166,0.0
120,post_sleep,visual,167,0.0
120,post_sleep,visual,168,0.0
120,post_sleep,visual,169,0.0
120,post_sleep,visual,170,0.0
120,post_sleep,visual,171,0.0
120,post_sleep,visual,172,0.0
120,post_sleep,visual,173,0.0
120,post_sleep,visual,174,0.0
120,post_sleep,visual,175,0.0
120,post_sleep,visual,176,0.0
120,post_sleep,visual,177,0.0
120,post_sleep,visual,178,0.0
120,post_sleep,visual,179,0.0
120,post_sleep,audio,0,0.2077899868408415
120,post_sleep,audio,1,0.12877233308058972
120,post_sleep,audio,2,0.3408482999005381
120,post_sleep,audio,3,0.2121466118686249
120,post_sleep,audio,4,0.3000688143377189
120,post_sleep,audio,5,0.14759118950574748
120,post_sleep,audio,6,0.21142138260866603
120,post_sleep,audio,7,0.04774031220195685
120,post_sleep,audio,8,0.0011702307154200509
120,post_sleep,audio,9,0.00045638194807473553
120,post_sleep,audio,10,0.0003883270264437577
120,post_sleep,audio,11,0.0005088032544701138
120,post_sleep,audio,12,0.0009394625671824697
120,post_sleep,audio,13,0.0005714547592192976
120,post_sleep,audio,14,0.000882417806935043
120,post_sleep,audio,15,0.0001992556338240442
120,post_sleep,proprioceptive,0,0.5
120,post_sleep,proprioceptive,1,0.5
120,post_sleep,proprioceptive,2,0.0
120,post_sleep,proprioceptive,3,0.0
120,post_sleep,proprioceptive,4,0.0
120,post_sleep,proprioceptive,5,0.9998964500713347
120,post_sleep,prediction,0,7.020863253273492e-06
120,post_sleep,prediction,1,8.83333207389944e-06
120,post_sleep,prediction,2,1.3498953118613535e-06
120,post_sleep,prediction,3,6.7482251944568554e-06
120,post_sleep,prediction,4,1.6755372668672585e-05
120,post_sleep,prediction,5,4.772975877106615e-06
120,post_sleep,prediction,6,5.872030277155501e-07
120,post_sleep,prediction,7,7.1982846296625325e-06
120,post_sleep,prediction,8,1.7701715777180744e-05
120,post_sleep,prediction,9,0.0008500174359260511
120,post_sleep,prediction,10,1.0887117217714157e-06
120,post_sleep,prediction,11,0.00027928182510349154
120,post_sleep,prediction,12,1.001030269108441e-05
120,post_sleep,prediction,13,7.194677550187682e-06
120,post_sleep,prediction,14,7.260307542319208e-07
120,post_sleep,prediction,15,0.0064814136459187596
120,post_sleep,prediction,16,0.04016818927134698
120,post_sleep,prediction,17,0.004898228098429964
120,post_sleep,prediction,18,1.110999606694506e-06
120,post_sleep,prediction,19,6.414787087296189e-06
120,post_sleep,prediction,20,0.0013685653751668628
120,post_sleep,prediction,21,0.004338545717074743
120,post_sleep,prediction,22,0.049930663259575424
120,post_sleep,prediction,23,0.006145060420214635
120,post_sleep,prediction,24,0.00010964852377296314
120,post_sleep,prediction,25,0.0005837953951981377
120,post_sleep,prediction,26,4.781153327760789e-06
120,post_sleep,prediction,27,0.008348234044790811
120,post_sleep,prediction,28,0.004865368866611437
120,post_sleep,prediction,29,3.508948166791479e-05
120,post_sleep,prediction,30,0.06377258725334178
120,post_sleep,prediction,31,0.031235630734924913
120,post_sleep,prediction,32,0.015692125763567894
120,post_sleep,prediction,33,0.0016495282055917495
120,post_sleep,prediction,34,5.042418825748468e-07
120,post_sleep,prediction,35,3.1681190754922876e-06
120,post_sleep,emotion,0,0.2351108510477707
120,post_sleep,emotion,1,0.12684344485551907
120,post_sleep,emotion,2,0.3854076597298821
120,post_sleep,action,0,0.0006419186669589051
120,post_sleep,action,1,0.0003305521741022913
120,post_sleep,action,2,0.01369465403932349
120,post_sleep,action,3,0.00011552859933259173
120,post_sleep,action,4,0.0
120,post_sleep,action,5,0.0
121,post_sleep,visual,0,0.0
121,post_sleep,visual,1,0.0
121,post_sleep,visual,2,0.0
121,post_sleep,visual,3,0.0
121,post_sleep,visual,4,0.0
121,post_sleep,visual,5,0.0
121,post_sleep,visual,6,0.0
121,post_sleep,visual,7,0.0
121,post_sleep,visual,8,0.0
121,post_sleep,visual,9,0.0
121,post_sleep,visual,10,0.0
121,post_sleep,visual,11,0.0
121,post_sleep,visual,12,0.0
121,post_sleep,visual,13,0.0
121,post_sleep,visual,14,0.0
121,post_sleep,visual,15,0.0
121,post_sleep,visual,16,0.36999999999999994
121,post_sleep,visual,17,0.0
121,post_sleep,visual,18,0.0
121,post_sleep,visual,19,0.0
121,post_sleep,visual,20,0.0
121,post_sleep,visual,21,0.0
121,post_sleep,visual,22,0.5333333333333333
121,post_sleep,visual,23,0.0
121,post_sleep,visual,24,0.0
121,post_sleep,visual,25,0.0
121,post_sleep,visual,26,0.0
121,post_sleep,visual,27,0.0
121,post_sleep,visual,28,0.0
121,post_sleep,visual,29,0.0
121,post_sleep,visual,30,0.75
121,post_sleep,visual,31,0.4033333333333333
121,post_sleep,visual,32,0.0
121,post_sleep,visual,33,0.0
121,post_sleep,visual,34,0.0
121,post_sleep,visual,35,0.0
121,post_sleep,visual,36,0.0
121,post_sleep,visual,37,0.0
121,post_sleep,visual,38,0.0
121,post_sleep,visual,39,0.0
121,post_sleep,visual,40,0.0
121,post_sleep,visual,41,0.0
121,post_sleep,visual,42,0.0
121,post_sleep,visual,43,0.0
121,post_sleep,visual,44,0.0
121,post_sleep,visual,45,0.0
121,post_sleep,visual,46,0.0
121,post_sleep,visual,47,0.0
121,post_sleep,visual,48,0.0
121,post_sleep,visual,49,0.0
121,post_sleep,visual,50,0.0
121,post_sleep,visual,51,0.0
121,post_sleep,visual,52,0.0
121,post_sleep,visual,53,0.0
121,post_sleep,visual,54,0.0
121,post_sleep,visual,55,0.0
121,post_sleep,visual,56,0.0
121,post_sleep,visual,57,0.0
121,post_sleep,visual,58,0.0
121,post_sleep,visual,59,0.0
121,post_sleep,visual,60,0.0
121,post_sleep,visual,61,0.0
121,post_sleep,visual,62,0.0
121,post_sleep,visual,63,0.0
121,post_sleep,visual,64,0.0
121,post_sleep,visual,65,0.0
121,post_sleep,visual,66,0.0
121,post_sleep,visual,67,0.0
121,post_sleep,visual,68,0.0
121,post_sleep,visual,69,0.0
121,post_sleep,visual,70,0.0
121,post_sleep,visual,71,0.0
121,post_sleep,visual,72,0.0
121,post_sleep,visual,73,0.0
121,post_sleep,visual,74,0.0
121,post_sleep,visual,75,0.0
121,post_sleep,visual,76,0.0
121,post_sleep,visual,77,0.0
121,post_sleep,visual,78,0.0
121,post_sleep,visual,79,0.0
121,post_sleep,visual,80,0.0
121,post_sleep,visual,81,0.0
121,post_sleep,visual,82,0.0
121,post_sleep,visual,83,0.0
121,post_sleep,visual,84,0.95
121,post_sleep,visual,85,0.08
121,post_sleep,visual,86,0.08
121,post_sleep,visual,87,0.0
121,post_sleep,visual,88,0.0
121,post_sleep,visual,89,0.0
121,post_sleep,visual,90,0.0
121,post_sleep,visual,91,0.0
121,post_sleep,visual,92,0.0
121,post_sleep,visual,93,0.0
121,post_sleep,visual,94,0.0
121,post_sleep,visual,95,0.0
121,post_sleep,visual,96,0.0
121,post_sleep,visual,97,0.0
121,post_sleep,visual,98,0.0
121,post_sleep,visual,99,0.0
121,post_sleep,visual,100,0.0
121,post_sleep,visual,101,0.0
121,post_sleep,visual,102,0.75
121,post_sleep,visual,103,0.1
121,post_sleep,visual,104,0.75
121,post_sleep,visual,105,0.0
121,post_sleep,visual,106,0.0
121,post_sleep,visual,107,0.0
121,post_sleep,visual,108,0.0
121,post_sleep,visual,109,0.0
121,post_sleep,visual,110,0.0
121,post_sleep,visual,111,0.0
121,post_sleep,visual,112,0.0
121,post_sleep,visual,113,0.0
121,post_sleep,visual,114,0.0
121,post_sleep,visual,115,0.0
121,post_sleep,visual,116,0.0
121,post_sleep,visual,117,0.0
121,post_sleep,visual,118,0.0
121,post_sleep,visual,119,0.0
121,post_sleep,visual,120,0.0
121,post_sleep,visual,121,0.0
121,post_sleep,visual,122,0.0
121,post_sleep,visual,123,0.0
121,post_sleep,visual,124,0.0
121,post_sleep,visual,125,0.0
121,post_sleep,visual,126,0.65
121,post_sleep,visual,127,0.95
121,post_sleep,visual,128,0.65
121,post_sleep,visual,129,0.08
121,post_sleep,visual,130,0.18
121,post_sleep,visual,131,0.95
121,post_sleep,visual,132,0.0
121,post_sleep,visual,133,0.0
121,post_sleep,visual,134,0.0
121,post_sleep,visual,135,0.0
121,post_sleep,visual,136,0.0
121,post_sleep,visual,137,0.0
121,post_sleep,visual,138,0.0
121,post_sleep,visual,139,0.0
121,post_sleep,visual,140,0.0
121,post_sleep,visual,141,0.0
121,post_sleep,visual,142,0.0
121,post_sleep,visual,143,0.0
121,post_sleep,visual,144,0.0
121,post_sleep,visual,145,0.0
121,post_sleep,visual,146,0.0
121,post_sleep,visual,147,0.0
121,post_sleep,visual,148,0.0
121,post_sleep,visual,149,0.0
121,post_sleep,visual,150,0.0
121,post_sleep,visual,151,0.0
121,post_sleep,visual,152,0.0
121,post_sleep,visual,153,0.0
121,post_sleep,visual,154,0.0
121,post_sleep,visual,155,0.0
121,post_sleep,visual,156,0.0
121,post_sleep,visual,157,0.0
121,post_sleep,visual,158,0.0
121,post_sleep,visual,159,0.0
121,post_sleep,visual,160,0.0
121,post_sleep,visual,161,0.0
121,post_sleep,visual,162,0.0
121,post_sleep,visual,163,0.0
121,post_sleep,visual,164,0.0
121,post_sleep,visual,165,0.0
121,post_sleep,visual,166,0.0
121,post_sleep,visual,167,0.0
121,post_sleep,visual,168,0.0
121,post_sleep,visual,169,0.0
121,post_sleep,visual,170,0.0
121,post_sleep,visual,171,0.0
121,post_sleep,visual,172,0.0
121,post_sleep,visual,173,0.0
121,post_sleep,visual,174,0.0
121,post_sleep,visual,175,0.0
121,post_sleep,visual,176,0.0
121,post_sleep,visual,177,0.0
121,post_sleep,visual,178,0.0
121,post_sleep,visual,179,0.0
121,post_sleep,audio,0,0.20661703781607066
121,post_sleep,audio,1,0.12827341772451115
121,post_sleep,audio,2,0.3402328136078521
121,post_sleep,audio,3,0.21157469121197536
121,post_sleep,audio,4,0.29910041697715156
121,post_sleep,audio,5,0.14701736148368832
121,post_sleep,audio,6,0.21053910841276713
121,post_sleep,audio,7,0.047541088996431294
121,post_sleep,audio,8,0.0011729490247708307
121,post_sleep,audio,9,0.000498915356078572
121,post_sleep,audio,10,0.000615486292685985
121,post_sleep,audio,11,0.0005719206566495438
121,post_sleep,audio,12,0.0009683973605673635
121,post_sleep,audio,13,0.0005738280220591585
121,post_sleep,audio,14,0.0008822741958988967
121,post_sleep,audio,15,0.00019922320552555328
121,post_sleep,proprioceptive,0,0.5
121,post_sleep,proprioceptive,1,0.5
121,post_sleep,proprioceptive,2,0.0
121,post_sleep,proprioceptive,3,0.0
121,post_sleep,proprioceptive,4,0.0
121,post_sleep,proprioceptive,5,0.9944118279626473
121,post_sleep,prediction,0,4.402693975920952e-06
121,post_sleep,prediction,1,5.635022552135992e-06
121,post_sleep,prediction,2,8.515814802840614e-07
121,post_sleep,prediction,3,4.322129350450096e-06
121,post_sleep,prediction,4,1.093456216536438e-05
121,post_sleep,prediction,5,3.011509577850897e-06
121,post_sleep,prediction,6,3.606432486135461e-07
121,post_sleep,prediction,7,4.639486340062046e-06
121,post_sleep,prediction,8,1.1165901286037999e-05
121,post_sleep,prediction,9,0.0008178747336970665
121,post_sleep,prediction,10,6.662696577445403e-07
121,post_sleep,prediction,11,0.0002673968049090899
121,post_sleep,prediction,12,6.33784215913763e-06
121,post_sleep,prediction,13,4.460601196935664e-06
121,post_sleep,prediction,14,4.422683624389647e-07
121,post_sleep,prediction,15,0.006326221261595963
121,post_sleep,prediction,16,0.04042607849080781
121,post_sleep,prediction,17,0.004911624834562882
121,post_sleep,prediction,18,7.001133381945885e-07
121,post_sleep,prediction,19,4.108213678449191e-06
121,post_sleep,prediction,20,0.0012275312125882077
121,post_sleep,prediction,21,0.004186033079417628
121,post_sleep,prediction,22,0.0494664537054986
121,post_sleep,prediction,23,0.006054496711554197
121,post_sleep,prediction,24,0.00013689368640097815
121,post_sleep,prediction,25,0.0005377008097467175
121,post_sleep,prediction,26,2.9033476985147917e-06
121,post_sleep,prediction,27,0.007720434741882166
121,post_sleep,prediction,28,0.0047174497184809955
121,post_sleep,prediction,29,2.2268117828570564e-05
121,post_sleep,prediction,30,0.0641611621523031
121,post_sleep,prediction,31,0.03388825824837976
121,post_sleep,prediction,32,0.011737851481782578
121,post_sleep,prediction,33,0.0013192595470255058
121,post_sleep,prediction,34,3.0548478195362086e-07
121,post_sleep,prediction,35,1.987195610192638e-06
121,post_sleep,emotion,0,0.2368352673446336
121,post_sleep,emotion,1,0.1278725830700371
121,post_sleep,emotion,2,0.390304480379236
121,post_sleep,action,0,0.0028015997793071597
121,post_sleep,action,1,0.00016406425531195388
121,post_sleep,action,2,0.011923348389075408
121,post_sleep,action,3,5.5080835012452386e-05
121,post_sleep,action,4,0.0
121,post_sleep,action,5,0.0
122,post_sleep,visual,0,0.0
122,post_sleep,visual,1,0.0
122,post_sleep,visual,2,0.0
122,post_sleep,visual,3,0.0
122,post_sleep,visual,4,0.0
122,post_sleep,visual,5,0.0
122,post_sleep,visual,6,0.0
122,post_sleep,visual,7,0.0
122,post_sleep,visual,8,0.0
122,post_sleep,visual,9,0.0
122,post_sleep,visual,10,0.0
122,post_sleep,visual,11,0.0
122,post_sleep,visual,12,0.0
122,post_sleep,visual,13,0.0
122,post_sleep,visual,14,0.0
122,post_sleep,visual,15,0.0
122,post_sleep,visual,16,0.36999999999999994
122,post_sleep,visual,17,0.0
122,post_sleep,visual,18,0.0
122,post_sleep,visual,19,0.0
122,post_sleep,visual,20,0.0
122,post_sleep,visual,21,0.0
122,post_sleep,visual,22,0.5333333333333333
122,post_sleep,visual,23,0.0
122,post_sleep,visual,24,0.0
122,post_sleep,visual,25,0.0
122,post_sleep,visual,26,0.0
122,post_sleep,visual,27,0.0
122,post_sleep,visual,28,0.0
122,post_sleep,visual,29,0.0
122,post_sleep,visual,30,0.75
122,post_sleep,visual,31,0.4033333333333333
122,post_sleep,visual,32,0.0
122,post_sleep,visual,33,0.0
122,post_sleep,visual,34,0.0
122,post_sleep,visual,35,0.0
122,post_sleep,visual,36,0.0
122,post_sleep,visual,37,0.0
122,post_sleep,visual,38,0.0
122,post_sleep,visual,39,0.0
122,post_sleep,visual,40,0.0
122,post_sleep,visual,41,0.0
122,post_sleep,visual,42,0.0
122,post_sleep,visual,43,0.0
122,post_sleep,visual,44,0.0
122,post_sleep,visual,45,0.0
122,post_sleep,visual,46,0.0
122,post_sleep,visual,47,0.0
122,post_sleep,visual,48,0.0
122,post_sleep,visual,49,0.0
122,post_sleep,visual,50,0.0
122,post_sleep,visual,51,0.0
122,post_sleep,visual,52,0.0
122,post_sleep,visual,53,0.0
122,post_sleep,visual,54,0.0
122,post_sleep,visual,55,0.0
122,post_sleep,visual,56,0.0
122,post_sleep,visual,57,0.0
122,post_sleep,visual,58,0.0
122,post_sleep,visual,59,0.0
122,post_sleep,visual,60,0.0
122,post_sleep,visual,61,0.0
122,post_sleep,visual,62,0.0
122,post_sleep,visual,63,0.0
122,post_sleep,visual,64,0.0
122,post_sleep,visual,65,0.0
122,post_sleep,visual,66,0.0
122,post_sleep,visual,67,0.0
122,post_sleep,visual,68,0.0
122,post_sleep,visual,69,0.0
122,post_sleep,visual,70,0.0
122,post_sleep,visual,71,0.0
122,post_sleep,visual,72,0.0
122,post_sleep,visual,73,0.0
122,post_sleep,visual,74,0.0
122,post_sleep,visual,75,0.0
122,post_sleep,visual,76,0.0
122,post_sleep,visual,77,0.0
122,post_sleep,visual,78,0.0
122,post_sleep,visual,79,0.0
122,post_sleep,visual,80,0.0
122,post_sleep,visual,81,0.0
122,post_sleep,visual,82,0.0
122,post_sleep,visual,83,0.0
122,post_sleep,visual,84,0.95
122,post_sleep,visual,85,0.08
122,post_sleep,visual,86,0.08
122,post_sleep,visual,87,0.0
122,post_sleep,visual,88,0.0
122,post_sleep,visual,89,0.0
122,post_sleep,visual,90,0.0
122,post_sleep,visual,91,0.0
122,post_sleep,visual,92,0.0
122,post_sleep,visual,93,0.0
122,post_sleep,visual,94,0.0
122,post_sleep,visual,95,0.0
122,post_sleep,visual,96,0.0
122,post_sleep,visual,97,0.0
122,post_sleep,visual,98,0.0
122,post_sleep,visual,99,0.0
122,post_sleep,visual,100,0.0
122,post_sleep,visual,101,0.0
122,post_sleep,visual,102,0.75
122,post_sleep,visual,103,0.1
122,post_sleep,visual,104,0.75
122,post_sleep,visual,105,0.0
122,post_sleep,visual,106,0.0
122,post_sleep,visual,107,0.0
122,post_sleep,visual,108,0.0
122,post_sleep,visual,109,0.0
122,post_sleep,visual,110,0.0
122,post_sleep,visual,111,0.0
122,post_sleep,visual,112,0.0
122,post_sleep,visual,113,0.0
122,post_sleep,visual,114,0.0
122,post_sleep,visual,115,0.0
122,post_sleep,visual,116,0.0
122,post_sleep,visual,117,0.0
122,post_sleep,visual,118,0.0
122,post_sleep,visual,119,0.0
122,post_sleep,visual,120,0.0
122,post_sleep,visual,121,0.0
122,post_sleep,visual,122,0.0
122,post_sleep,visual,123,0.0
122,post_sleep,visual,124,0.0
122,post_sleep,visual,125,0.0
122,post_sleep,visual,126,0.65
122,post_sleep,visual,127,0.95
122,post_sleep,visual,128,0.65
122,post_sleep,visual,129,0.08
122,post_sleep,visual,130,0.18
122,post_sleep,visual,131,0.95
122,post_sleep,visual,132,0.0
122,post_sleep,visual,133,0.0
122,post_sleep,visual,134,0.0
122,post_sleep,visual,135,0.0
122,post_sleep,visual,136,0.0
122,post_sleep,visual,137,0.0
122,post_sleep,visual,138,0.0
122,post_sleep,visual,139,0.0
122,post_sleep,visual,140,0.0
122,post_sleep,visual,141,0.0
122,post_sleep,visual,142,0.0
122,post_sleep,visual,143,0.0
122,post_sleep,visual,144,0.0
122,post_sleep,visual,145,0.0
122,post_sleep,visual,146,0.0
122,post_sleep,visual,147,0.0
122,post_sleep,visual,148,0.0
122,post_sleep,visual,149,0.0
122,post_sleep,visual,150,0.0
122,post_sleep,visual,151,0.0
122,post_sleep,visual,152,0.0
122,post_sleep,visual,153,0.0
122,post_sleep,visual,154,0.0
122,post_sleep,visual,155,0.0
122,post_sleep,visual,156,0.0
122,post_sleep,visual,157,0.0
122,post_sleep,visual,158,0.0
122,post_sleep,visual,159,0.0
122,post_sleep,visual,160,0.0
122,post_sleep,visual,161,0.0
122,post_sleep,visual,162,0.0
122,post_sleep,visual,163,0.0
122,post_sleep,visual,164,0.0
122,post_sleep,visual,165,0.0
122,post_sleep,visual,166,0.0
122,post_sleep,visual,167,0.0
122,post_sleep,visual,168,0.0
122,post_sleep,visual,169,0.0
122,post_sleep,visual,170,0.0
122,post_sleep,visual,171,0.0
122,post_sleep,visual,172,0.0
122,post_sleep,visual,173,0.0
122,post_sleep,visual,174,0.0
122,post_sleep,visual,175,0.0
122,post_sleep,visual,176,0.0
122,post_sleep,visual,177,0.0
122,post_sleep,visual,178,0.0
122,post_sleep,visual,179,0.0
122,post_sleep,audio,0,0.20544143794468864
122,post_sleep,audio,1,0.12773266698278957
122,post_sleep,audio,2,0.33939389875282977
122,post_sleep,audio,3,0.21094087742450165
122,post_sleep,audio,4,0.2981039613784774
122,post_sleep,audio,5,0.14644137558462247
122,post_sleep,audio,6,0.2096571994496356
122,post_sleep,audio,7,0.04734194826282095
122,post_sleep,audio,8,0.0011755998713820215
122,post_sleep,audio,9,0.0005407507417215796
122,post_sleep,audio,10,0.0008389148550223546
122,post_sleep,audio,11,0.0006338137874737082
122,post_sleep,audio,12,0.000996455598674173
122,post_sleep,audio,13,0.0005759858990658506
122,post_sleep,audio,14,0.0008819089631315336
122,post_sleep,audio,15,0.0001991407336103465
122,post_sleep,proprioceptive,0,0.5
122,post_sleep,proprioceptive,1,0.5
122,post_sleep,proprioceptive,2,0.0
122,post_sleep,proprioceptive,3,0.0
122,post_sleep,proprioceptive,4,0.0
122,post_sleep,proprioceptive,5,0.9746730823684563
122,post_sleep,prediction,0,2.7612746624757207e-06
122,post_sleep,prediction,1,3.595227155365134e-06
122,post_sleep,prediction,2,5.371156374235688e-07
122,post_sleep,prediction,3,2.7683672389689074e-06
122,post_sleep,prediction,4,7.136909248381619e-06
122,post_sleep,prediction,5,1.9003695551394886e-06
122,post_sleep,prediction,6,2.2145295839404854e-07
122,post_sleep,prediction,7,2.9903952843044914e-06
122,post_sleep,prediction,8,7.044256470454872e-06
122,post_sleep,prediction,9,0.0007943774672363883
122,post_sleep,prediction,10,4.076617858539414e-07
122,post_sleep,prediction,11,0.0002589518041466056
122,post_sleep,prediction,12,4.013258828185314e-06
122,post_sleep,prediction,13,2.7658939099204147e-06
122,post_sleep,prediction,14,2.69358917237818e-07
122,post_sleep,prediction,15,0.006199744761173894
122,post_sleep,prediction,16,0.04062495451488231
122,post_sleep,prediction,17,0.004922630328606079
122,post_sleep,prediction,18,4.411010645303217e-07
122,post_sleep,prediction,19,2.6311263483412564e-06
122,post_sleep,prediction,20,0.00110341251059482
122,post_sleep,prediction,21,0.004049103075860508
122,post_sleep,prediction,22,0.04908970079439212
122,post_sleep,prediction,23,0.005976017555503227
122,post_sleep,prediction,24,0.0001636807100018915
122,post_sleep,prediction,25,0.0005003760840692116
122,post_sleep,prediction,26,1.7627005834028459e-06
122,post_sleep,prediction,27,0.007163916086384008
122,post_sleep,prediction,28,0.004581524911059616
122,post_sleep,prediction,29,1.4133469937841421e-05
122,post_sleep,prediction,30,0.06442252462276178
122,post_sleep,prediction,31,0.03596288657662989
122,post_sleep,prediction,32,0.008752544319007224
122,post_sleep,prediction,33,0.0010246334074449953
122,post_sleep,prediction,34,1.8503463492490094e-07
122,post_sleep,prediction,35,1.246516001522051e-06
122,post_sleep,emotion,0,0.23678919700184445
122,post_sleep,emotion,1,0.12815372847977954
122,post_sleep,emotion,2,0.39094232730269607
122,post_sleep,action,0,0.005667814696411184
122,post_sleep,action,1,8.144337794951497e-05
122,post_sleep,action,2,0.009422151395678199
122,post_sleep,action,3,2.6262290794565585e-05
122,post_sleep,action,4,0.0
122,post_sleep,action,5,0.0
123,post_sleep,visual,0,0.0
123,post_sleep,visual,1,0.0
123,post_sleep,visual,2,0.0
123,post_sleep,visual,3,0.0
123,post_sleep,visual,4,0.0
123,post_sleep,visual,5,0.0
123,post_sleep,visual,6,0.0
123,post_sleep,visual,7,0.0
123,post_sleep,visual,8,0.0
123,post_sleep,visual,9,0.0
123,post_sleep,visual,10,0.0
123,post_sleep,visual,11,0.0
123,post_sleep,visual,12,0.0
123,post_sleep,visual,13,0.0
123,post_sleep,visual,14,0.0
123,post_sleep,visual,15,0.0
123,post_sleep,visual,16,0.36999999999999994
123,post_sleep,visual,17,0.0
123,post_sleep,visual,18,0.0
123,post_sleep,visual,19,0.0
123,post_sleep,visual,20,0.0
123,post_sleep,visual,21,0.0
123,post_sleep,visual,22,0.5333333333333333
123,post_sleep,visual,23,0.0
123,post_sleep,visual,24,0.75
123,post_sleep,visual,25,0.0
123,post_sleep,visual,26,0.0
123,post_sleep,visual,27,0.0
123,post_sleep,visual,28,0.0
123,post_sleep,visual,29,0.0
123,post_sleep,visual,30,0.0
123,post_sleep,visual,31,0.4033333333333333
123,post_sleep,visual,32,0.0
123,post_sleep,visual,33,0.0
123,post_sleep,visual,34,0.0
123,post_sleep,visual,35,0.0
123,post_sleep,visual,36,0.0
123,post_sleep,visual,37,0.0
123,post_sleep,visual,38,0.0
123,post_sleep,visual,39,0.0
123,post_sleep,visual,40,0.0
123,post_sleep,visual,41,0.0
123,post_sleep,visual,42,0.0
123,post_sleep,visual,43,0.0
123,post_sleep,visual,44,0.0
123,post_sleep,visual,45,0.0
123,post_sleep,visual,46,0.0
123,post_sleep,visual,47,0.0
123,post_sleep,visual,48,0.0
123,post_sleep,visual,49,0.0
123,post_sleep,visual,50,0.0
123,post_sleep,visual,51,0.0
123,post_sleep,visual,52,0.0
123,post_sleep,visual,53,0.0
123,post_sleep,visual,54,0.0
123,post_sleep,visual,55,0.0
123,post_sleep,visual,56,0.0
123,post_sleep,visual,57,0.0
123,post_sleep,visual,58,0.0
123,post_sleep,visual,59,0.0
123,post_sleep,visual,60,0.0
123,post_sleep,visual,61,0.0
123,post_sleep,visual,62,0.0
123,post_sleep,visual,63,0.0
123,post_sleep,visual,64,0.0
123,post_sleep,visual,65,0.0
123,post_sleep,visual,66,0.0
123,post_sleep,visual,67,0.0
123,post_sleep,visual,68,0.0
123,post_sleep,visual,69,0.0
123,post_sleep,visual,70,0.0
123,post_sleep,visual,71,0.0
123,post_sleep,visual,72,0.0
123,post_sleep,visual,73,0.0
123,post_sleep,visual,74,0.0
123,post_sleep,visual,75,0.0
123,post_sleep,visual,76,0.0
123,post_sleep,visual,77,0.0
123,post_sleep,visual,78,0.0
123,post_sleep,visual,79,0.0
123,post_sleep,visual,80,0.0
123,post_sleep,visual,81,0.0
123,post_sleep,visual,82,0.0
123,post_sleep,visual,83,0.0
123,post_sleep,visual,84,0.95
123,post_sleep,visual,85,0.08
123,post_sleep,visual,86,0.08
123,post_sleep,visual,87,0.0
123,post_sleep,visual,88,0.0
123,post_sleep,visual,89,0.0
123,post_sleep,visual,90,0.0
123,post_sleep,visual,91,0.0
123,post_sleep,visual,92,0.0
123,post_sleep,visual,93,0.0
123,post_sleep,visual,94,0.0
123,post_sleep,visual,95,0.0
123,post_sleep,visual,96,0.0
123,post_sleep,visual,97,0.0
123,post_sleep,visual,98,0.0
123,post_sleep,visual,99,0.0
123,post_sleep,visual,100,0.0
123,post_sleep,visual,101,0.0
123,post_sleep,visual,102,0.75
123,post_sleep,visual,103,0.1
123,post_sleep,visual,104,0.75
123,post_sleep,visual,105,0.0
123,post_sleep,visual,106,0.0
123,post_sleep,visual,107,0.0
123,post_sleep,visual,108,0.65
123,post_sleep,visual,109,0.95
123,post_sleep,visual,110,0.65
123,post_sleep,visual,111,0.0
123,post_sleep,visual,112,0.0
123,post_sleep,visual,113,0.0
123,post_sleep,visual,114,0.0
123,post_sleep,visual,115,0.0
123,post_sleep,visual,116,0.0
123,post_sleep,visual,117,0.0
123,post_sleep,visual,118,0.0
123,post_sleep,visual,119,0.0
123,post_sleep,visual,120,0.0
123,post_sleep,visual,121,0.0
123,post_sleep,visual,122,0.0
123,post_sleep,visual,123,0.0
123,post_sleep,visual,124,0.0
123,post_sleep,visual,125,0.0
123,post_sleep,visual,126,0.0
123,post_sleep,visual,127,0.0
123,post_sleep,visual,128,0.0
123,post_sleep,visual,129,0.08
123,post_sleep,visual,130,0.18
123,post_sleep,visual,131,0.95
123,post_sleep,visual,132,0.0
123,post_sleep,visual,133,0.0
123,post_sleep,visual,134,0.0
123,post_sleep,visual,135,0.0
123,post_sleep,visual,136,0.0
123,post_sleep,visual,137,0.0
123,post_sleep,visual,138,0.0
123,post_sleep,visual,139,0.0
123,post_sleep,visual,140,0.0
123,post_sleep,visual,141,0.0
123,post_sleep,visual,142,0.0
123,post_sleep,visual,143,0.0
123,post_sleep,visual,144,0.0
123,post_sleep,visual,145,0.0
123,post_sleep,visual,146,0.0
123,post_sleep,visual,147,0.0
123,post_sleep,visual,148,0.0
123,post_sleep,visual,149,0.0
123,post_sleep,visual,150,0.0
123,post_sleep,visual,151,0.0
123,post_sleep,visual,152,0.0
123,post_sleep,visual,153,0.0
123,post_sleep,visual,154,0.0
123,post_sleep,visual,155,0.0
123,post_sleep,visual,156,0.0
123,post_sleep,visual,157,0.0
123,post_sleep,visual,158,0.0
123,post_sleep,visual,159,0.0
123,post_sleep,visual,160,0.0
123,post_sleep,visual,161,0.0
123,post_sleep,visual,162,0.0
123,post_sleep,visual,163,0.0
123,post_sleep,visual,164,0.0
123,post_sleep,visual,165,0.0
123,post_sleep,visual,166,0.0
123,post_sleep,visual,167,0.0
123,post_sleep,visual,168,0.75
123,post_sleep,visual,169,0.0
123,post_sleep,visual,170,0.0
123,post_sleep,visual,171,0.0
123,post_sleep,visual,172,0.0
123,post_sleep,visual,173,0.0
123,post_sleep,visual,174,0.75
123,post_sleep,visual,175,0.0
123,post_sleep,visual,176,0.0
123,post_sleep,visual,177,0.0
123,post_sleep,visual,178,0.0
123,post_sleep,visual,179,0.0
123,post_sleep,audio,0,0.2042751233547285
123,post_sleep,audio,1,0.1271863786277908
123,post_sleep,audio,2,0.3385998414385155
123,post_sleep,audio,3,0.21066383472323605
123,post_sleep,audio,4,0.2978533429762059
123,post_sleep,audio,5,0.14600396390753606
123,post_sleep,audio,6,0.20877586905495768
123,post_sleep,audio,7,0.047142938173700126
123,post_sleep,audio,8,0.001166314589960138
123,post_sleep,audio,9,0.0005462883549987585
123,post_sleep,audio,10,0.000794057314314256
123,post_sleep,audio,11,0.00027704270126560626
123,post_sleep,audio,12,0.00025061840227147414
123,post_sleep,audio,13,0.0004374116770864134
123,post_sleep,audio,14,0.000881330394677915
123,post_sleep,audio,15,0.0001990100891208213
123,post_sleep,proprioceptive,0,0.5
123,post_sleep,proprioceptive,1,0.5
123,post_sleep,proprioceptive,2,0.0
123,post_sleep,proprioceptive,3,0.0
123,post_sleep,proprioceptive,4,0.0
123,post_sleep,proprioceptive,5,0.9412492905260685
123,post_sleep,prediction,0,1.7318154969579608e-06
123,post_sleep,prediction,1,2.2938777818776807e-06
123,post_sleep,prediction,2,3.387633960374176e-07
123,post_sleep,prediction,3,1.7731651295971684e-06
123,post_sleep,prediction,4,4.658218248549672e-06
123,post_sleep,prediction,5,1.199236866464301e-06
123,post_sleep,prediction,6,1.3597906776476538e-07
123,post_sleep,prediction,7,1.9274664889976737e-06
123,post_sleep,prediction,8,4.4440346654274586e-06
123,post_sleep,prediction,9,0.0007769041143056256
123,post_sleep,prediction,10,2.4942309252935844e-07
123,post_sleep,prediction,11,0.0002529101716069478
123,post_sleep,prediction,12,2.5412875157084e-06
123,post_sleep,prediction,13,1.7151061722655212e-06
123,post_sleep,prediction,14,1.6404530546186868e-07
123,post_sleep,prediction,15,0.006096731983352387
123,post_sleep,prediction,16,0.04077115542361165
123,post_sleep,prediction,17,0.004930855096074166
123,post_sleep,prediction,18,2.779040835878703e-07
123,post_sleep,prediction,19,1.6851164531565798e-06
123,post_sleep,prediction,20,0.0009948662969290999
123,post_sleep,prediction,21,0.003927890231415629
123,post_sleep,prediction,22,0.04881134155134625
123,post_sleep,prediction,23,0.005909184183098325
123,post_sleep,prediction,24,0.010354951972275664
123,post_sleep,prediction,25,0.0004711314419901889
123,post_sleep,prediction,26,1.0701503107099158e-06
123,post_sleep,prediction,27,0.006688043482667338
123,post_sleep,prediction,28,0.00445975328239027
123,post_sleep,prediction,29,8.970717140442877e-06
123,post_sleep,prediction,30,0.05444292273556826
123,post_sleep,prediction,31,0.03756583777672255
123,post_sleep,prediction,32,0.006541577908553282
123,post_sleep,prediction,33,0.000771067992061685
123,post_sleep,prediction,34,1.1207355747178644e-07
123,post_sleep,prediction,35,7.819061463577278e-07
123,post_sleep,emotion,0,0.24233055827301161
123,post_sleep,emotion,1,0.12834931859414675
123,post_sleep,emotion,2,0.39079012817649117
123,post_sleep,action,0,0.008676716631939434
123,post_sleep,action,1,4.0430833062319835e-05
123,post_sleep,action,2,0.006392546453517534
123,post_sleep,action,3,0.00019839171338826038
123,post_sleep,action,4,0.0
123,post_sleep,action,5,0.0
124,post_sleep,visual,0,0.0
124,post_sleep,visual,1,0.0
124,post_sleep,visual,2,0.0
124,post_sleep,visual,3,0.0
124,post_sleep,visual,4,0.0
124,post_sleep,visual,5,0.0
124,post_sleep,visual,6,0.0
124,post_sleep,visual,7,0.0
124,post_sleep,visual,8,0.0
124,post_sleep,visual,9,0.0
124,post_sleep,visual,10,0.0
124,post_sleep,visual,11,0.0
124,post_sleep,visual,12,0.0
124,post_sleep,visual,13,0.0
124,post_sleep,visual,14,0.0
124,post_sleep,visual,15,0.0
124,post_sleep,visual,16,0.36999999999999994
124,post_sleep,visual,17,0.0
124,post_sleep,visual,18,0.0
124,post_sleep,visual,19,0.0
124,post_sleep,visual,20,0.0
124,post_sleep,visual,21,0.0
124,post_sleep,visual,22,0.5333333333333333
124,post_sleep,visual,23,0.0
124,post_sleep,visual,24,0.75
124,post_sleep,visual,25,0.0
124,post_sleep,visual,26,0.0
124,post_sleep,visual,27,0.0
124,post_sleep,visual,28,0.0
124,post_sleep,visual,29,0.0
124,post_sleep,visual,30,0.0
124,post_sleep,visual,31,0.4033333333333333
124,post_sleep,visual,32,0.0
124,post_sleep,visual,33,0.0
124,post_sleep,visual,34,0.0
124,post_sleep,visual,35,0.0
124,post_sleep,visual,36,0.0
124,post_sleep,visual,37,0.0
124,post_sleep,visual,38,0.0
124,post_sleep,visual,39,0.0
124,post_sleep,visual,40,0.0
124,post_sleep,visual,41,0.0
124,post_sleep,visual,42,0.0
124,post_sleep,visual,43,0.0
124,post_sleep,visual,44,0.0
124,post_sleep,visual,45,0.0
124,post_sleep,visual,46,0.0
124,post_sleep,visual,47,0.0
124,post_sleep,visual,48,0.0
124,post_sleep,visual,49,0.0
124,post_sleep,visual,50,0.0
124,post_sleep,visual,51,0.0
124,post_sleep,visual,52,0.0
124,post_sleep,visual,53,0.0
124,post_sleep,visual,54,0.0
124,post_sleep,visual,55,0.0
124,post_sleep,visual,56,0.0
124,post_sleep,visual,57,0.0
124,post_sleep,visual,58,0.0
124,post_sleep,visual,59,0.0
124,post_sleep,visual,60,0.0
124,post_sleep,visual,61,0.0
124,post_sleep,visual,62,0.0
124,post_sleep,visual,63,0.0
124,post_sleep,visual,64,0.0
124,post_sleep,visual,65,0.0
124,post_sleep,visual,66,0.0
124,post_sleep,visual,67,0.0
124,post_sleep,visual,68,0.0
124,post_sleep,visual,69,0.0
124,post_sleep,visual,70,0.0
124,post_sleep,visual,71,0.0
124,post_sleep,visual,72,0.0
124,post_sleep,visual,73,0.0
124,post_sleep,visual,74,0.0
124,post_sleep,visual,75,0.0
124,post_sleep,visual,76,0.0
124,post_sleep,visual,77,0.0
124,post_sleep,visual,78,0.0
124,post_sleep,visual,79,0.0
124,post_sleep,visual,80,0.0
124,post_sleep,visual,81,0.0
124,post_sleep,visual,82,0.0
124,post_sleep,visual,83,0.0
124,post_sleep,visual,84,0.95
124,post_sleep,visual,85,0.08
124,post_sleep,visual,86,0.08
124,post_sleep,visual,87,0.0
124,post_sleep,visual,88,0.0
124,post_sleep,visual,89,0.0
124,post_sleep,visual,90,0.0
124,post_sleep,visual,91,0.0
124,post_sleep,visual,92,0.0
124,post_sleep,visual,93,0.0
124,post_sleep,visual,94,0.0
124,post_sleep,visual,95,0.0
124,post_sleep,visual,96,0.0
124,post_sleep,visual,97,0.0
124,post_sleep,visual,98,0.0
124,post_sleep,visual,99,0.0
124,post_sleep,visual,100,0.0
124,post_sleep,visual,101,0.0
124,post_sleep,visual,102,0.75
124,post_sleep,visual,103,0.1
124,post_sleep,visual,104,0.75
124,post_sleep,visual,105,0.0
124,post_sleep,visual,106,0.0
124,post_sleep,visual,107,0.0
124,post_sleep,visual,108,0.65
124,post_sleep,visual,109,0.95
124,post_sleep,visual,110,0.65
124,post_sleep,visual,111,0.0
124,post_sleep,visual,112,0.0
124,post_sleep,visual,113,0.0
124,post_sleep,visual,114,0.0
124,post_sleep,visual,115,0.0
124,post_sleep,visual,116,0.0
124,post_sleep,visual,117,0.0
124,post_sleep,visual,118,0.0
124,post_sleep,visual,119,0.0
124,post_sleep,visual,120,0.0
124,post_sleep,visual,121,0.0
124,post_sleep,visual,122,0.0
124,post_sleep,visual,123,0.0
124,post_sleep,visual,124,0.0
124,post_sleep,visual,125,0.0
124,post_sleep,visual,126,0.0
124,post_sleep,visual,127,0.0
124,post_sleep,visual,128,0.0
124,post_sleep,visual,129,0.08
124,post_sleep,visual,130,0.18
124,post_sleep,visual,131,0.95
124,post_sleep,visual,132,0.0
124,post_sleep,visual,133,0.0
124,post_sleep,visual,134,0.0
124,post_sleep,visual,135,0.0
124,post_sleep,visual,136,0.0
124,post_sleep,visual,137,0.0
124,post_sleep,visual,138,0.0
124,post_sleep,visual,139,0.0
124,post_sleep,visual,140,0.0
124,post_sleep,visual,141,0.0
124,post_sleep,visual,142,0.0
124,post_sleep,visual,143,0.0
124,post_sleep,visual,144,0.0
124,post_sleep,visual,145,0.0
124,post_sleep,visual,146,0.0
124,post_sleep,visual,147,0.0
124,post_sleep,visual,148,0.0
124,post_sleep,visual,149,0.0
124,post_sleep,visual,150,0.0
124,post_sleep,visual,151,0.0
124,post_sleep,visual,152,0.0
124,post_sleep,visual,153,0.0
124,post_sleep,visual,154,0.0
124,post_sleep,visual,155,0.0
124,post_sleep,visual,156,0.0
124,post_sleep,visual,157,0.0
124,post_sleep,visual,158,0.0
124,post_sleep,visual,159,0.0
124,post_sleep,visual,160,0.0
124,post_sleep,visual,161,0.0
124,post_sleep,visual,162,0.0
124,post_sleep,visual,163,0.0
124,post_sleep,visual,164,0.0
124,post_sleep,visual,165,0.0
124,post_sleep,visual,166,0.0
124,post_sleep,visual,167,0.0
124,post_sleep,visual,168,0.0
124,post_sleep,visual,169,0.0
124,post_sleep,visual,170,0.0
124,post_sleep,visual,171,0.0
124,post_sleep,visual,172,0.0
124,post_sleep,visual,173,0.0
124,post_sleep,visual,174,0.0
124,post_sleep,visual,175,0.0
124,post_sleep,visual,176,0.0
124,post_sleep,visual,177,0.0
124,post_sleep,visual,178,0.0
124,post_sleep,visual,179,0.0
124,post_sleep,audio,0,0.20360435767702806
124,post_sleep,audio,1,0.1280938266101283
124,post_sleep,audio,2,0.34490977501909886
124,post_sleep,audio,3,0.21271205917944205
124,post_sleep,audio,4,0.29927637593746426
124,post_sleep,audio,5,0.14578670291569099
124,post_sleep,audio,6,0.20789532243929584
124,post_sleep,audio,7,0.046944105066937775
124,post_sleep,audio,8,0.0006707656777004412
124,post_sleep,audio,9,0.0009074479823374948
124,post_sleep,audio,10,0.006309933580583349
124,post_sleep,audio,11,0.002048224456206005
124,post_sleep,audio,12,0.0014230329612583414
124,post_sleep,audio,13,0.0002172609918450752
124,post_sleep,audio,14,0.0008805466156618369
124,post_sleep,audio,15,0.00019883310676235139
124,post_sleep,proprioceptive,0,0.5
124,post_sleep,proprioceptive,1,0.5
124,post_sleep,proprioceptive,2,0.0
124,post_sleep,proprioceptive,3,0.0
124,post_sleep,proprioceptive,4,0.0
124,post_sleep,proprioceptive,5,0.8951040759358316
124,post_sleep,prediction,0,1.0864536577151413e-06
124,post_sleep,prediction,1,1.4634482855848275e-06
124,post_sleep,prediction,2,2.136892873136857e-07
124,post_sleep,prediction,3,1.1359793780223538e-06
124,post_sleep,prediction,4,3.041193005770964e-06
124,post_sleep,prediction,5,7.567205346170531e-07
124,post_sleep,prediction,6,8.350666046042959e-08
124,post_sleep,prediction,7,1.2426282203119265e-06
124,post_sleep,prediction,8,2.8043807258123157e-06
124,post_sleep,prediction,9,0.0007638217881462012
124,post_sleep,prediction,10,1.5262747029055154e-07
124,post_sleep,prediction,11,0.00024861292870273727
124,post_sleep,prediction,12,1.6096263072449294e-06
124,post_sleep,prediction,13,1.0634311275727764e-06
124,post_sleep,prediction,14,9.992045883501923e-08
124,post_sleep,prediction,15,0.0060151084668928914
124,post_sleep,prediction,16,0.04088998376445952
124,post_sleep,prediction,17,0.004936938428737825
124,post_sleep,prediction,18,1.7510939695663744e-07
124,post_sleep,prediction,19,1.0794803656590755e-06
124,post_sleep,prediction,20,0.0009013484372122754
124,post_sleep,prediction,21,0.0038229441687661642
124,post_sleep,prediction,22,0.048638292782139374
124,post_sleep,prediction,23,0.005855190402141499
124,post_sleep,prediction,24,0.02361590375777628
124,post_sleep,prediction,25,0.00045088705206896326
124,post_sleep,prediction,26,6.497857854077598e-07
124,post_sleep,prediction,27,0.006294396777281215
124,post_sleep,prediction,28,0.004355104729587059
124,post_sleep,prediction,29,5.693367453349626e-06
124,post_sleep,prediction,30,0.04174651856161035
124,post_sleep,prediction,31,0.03881127382563643
124,post_sleep,prediction,32,0.004929728184297586
124,post_sleep,prediction,33,0.0005590162459010734
124,post_sleep,prediction,34,6.789107877923561e-08
124,post_sleep,prediction,35,4.905792414619099e-07
124,post_sleep,emotion,0,0.24089548735869856
124,post_sleep,emotion,1,0.12814089497732006
124,post_sleep,emotion,2,0.3890984393527404
124,post_sleep,action,0,0.011437406861239455
124,post_sleep,action,1,0.0005502554894133731
124,post_sleep,action,2,0.003099237725244592
124,post_sleep,action,3,0.0020647787742231697
124,post_sleep,action,4,0.0
124,post_sleep,action,5,0.0
125,post_sleep,visual,0,0.0
125,post_sleep,visual,1,0.0
125,post_sleep,visual,2,0.0
125,post_sleep,visual,3,0.0
125,post_sleep,visual,4,0.0
125,post_sleep,visual,5,0.0
125,post_sleep,visual,6,0.0
125,post_sleep,visual,7,0.0
125,post_sleep,visual,8,0.0
125,post_sleep,visual,9,0.0
125,post_sleep,visual,10,0.0
125,post_sleep,visual,11,0.0
125,post_sleep,visual,12,0.0
125,post_sleep,visual,13,0.0
125,post_sleep,visual,14,0.0
125,post_sleep,visual,15,0.0
125,post_sleep,visual,16,0.36999999999999994
125,post_sleep,visual,17,0.0
125,post_sleep,visual,18,0.0
125,post_sleep,visual,19,0.0
125,post_sleep,visual,20,0.0
125,post_sleep,visual,21,0.0
125,post_sleep,visual,22,0.0
125,post_sleep,visual,23,0.0
125,post_sleep,visual,24,0.75
125,post_sleep,visual,25,0.0
125,post_sleep,visual,26,0.0
125,post_sleep,visual,27,0.0
125,post_sleep,visual,28,0.5333333333333333
125,post_sleep,visual,29,0.0
125,post_sleep,visual,30,0.0
125,post_sleep,visual,31,0.4033333333333333
125,post_sleep,visual,32,0.0
125,post_sleep,visual,33,0.0
125,post_sleep,visual,34,0.0
125,post_sleep,visual,35,0.0
125,post_sleep,visual,36,0.0
125,post_sleep,visual,37,0.0
125,post_sleep,visual,38,0.0
125,post_sleep,visual,39,0.0
125,post_sleep,visual,40,0.0
125,post_sleep,visual,41,0.0
125,post_sleep,visual,42,0.0
125,post_sleep,visual,43,0.0
125,post_sleep,visual,44,0.0
125,post_sleep,visual,45,0.0
125,post_sleep,visual,46,0.0
125,post_sleep,visual,47,0.0
125,post_sleep,visual,48,0.0
125,post_sleep,visual,49,0.0
125,post_sleep,visual,50,0.0
125,post_sleep,visual,51,0.0
125,post_sleep,visual,52,0.0
125,post_sleep,visual,53,0.0
125,post_sleep,visual,54,0.0
125,post_sleep,visual,55,0.0
125,post_sleep,visual,56,0.0
125,post_sleep,visual,57,0.0
125,post_sleep,visual,58,0.0
125,post_sleep,visual,59,0.0
125,post_sleep,visual,60,0.0
125,post_sleep,visual,61,0.0
125,post_sleep,visual,62,0.0
125,post_sleep,visual,63,0.0
125,post_sleep,visual,64,0.0
125,post_sleep,visual,65,0.0
125,post_sleep,visual,66,0.0
125,post_sleep,visual,67,0.0
125,post_sleep,visual,68,0.0
125,post_sleep,visual,69,0.0
125,post_sleep,visual,70,0.0
125,post_sleep,visual,71,0.0
125,post_sleep,visual,72,0.0
125,post_sleep,visual,73,0.0
125,post_sleep,visual,74,0.0
125,post_sleep,visual,75,0.0
125,post_sleep,visual,76,0.0
125,post_sleep,visual,77,0.0
125,post_sleep,visual,78,0.0
125,post_sleep,visual,79,0.0
125,post_sleep,visual,80,0.0
125,post_sleep,visual,81,0.0
125,post_sleep,visual,82,0.0
125,post_sleep,visual,83,0.0
125,post_sleep,visual,84,0.95
125,post_sleep,visual,85,0.08
125,post_sleep,visual,86,0.08
125,post_sleep,visual,87,0.0
125,post_sleep,visual,88,0.0
125,post_sleep,visual,89,0.0
125,post_sleep,visual,90,0.0
125,post_sleep,visual,91,0.0
125,post_sleep,visual,92,0.0
125,post_sleep,visual,93,0.0
125,post_sleep,visual,94,0.0
125,post_sleep,visual,95,0.0
125,post_sleep,visual,96,0.0
125,post_sleep,visual,97,0.0
125,post_sleep,visual,98,0.0
125,post_sleep,visual,99,0.0
125,post_sleep,visual,100,0.0
125,post_sleep,visual,101,0.0
125,post_sleep,visual,102,0.0
125,post_sleep,visual,103,0.0
125,post_sleep,visual,104,0.0
125,post_sleep,visual,105,0.0
125,post_sleep,visual,106,0.0
125,post_sleep,visual,107,0.0
125,post_sleep,visual,108,0.65
125,post_sleep,visual,109,0.95
125,post_sleep,visual,110,0.65
125,post_sleep,visual,111,0.0
125,post_sleep,visual,112,0.0
125,post_sleep,visual,113,0.0
125,post_sleep,visual,114,0.0
125,post_sleep,visual,115,0.0
125,post_sleep,visual,116,0.0
125,post_sleep,visual,117,0.0
125,post_sleep,visual,118,0.0
125,post_sleep,visual,119,0.0
125,post_sleep,visual,120,0.75
125,post_sleep,visual,121,0.1
125,post_sleep,visual,122,0.75
125,post_sleep,visual,123,0.0
125,post_sleep,visual,124,0.0
125,post_sleep,visual,125,0.0
125,post_sleep,visual,126,0.0
125,post_sleep,visual,127,0.0
125,post_sleep,visual,128,0.0
125,post_sleep,visual,129,0.08
125,post_sleep,visual,130,0.18
125,post_sleep,visual,131,0.95
125,post_sleep,visual,132,0.0
125,post_sleep,visual,133,0.0
125,post_sleep,visual,134,0.0
125,post_sleep,visual,135,0.0
125,post_sleep,visual,136,0.0
125,post_sleep,visual,137,0.0
125,post_sleep,visual,138,0.0
125,post_sleep,visual,139,0.0
125,post_sleep,visual,140,0.0
125,post_sleep,visual,141,0.0
125,post_sleep,visual,142,0.0
125,post_sleep,visual,143,0.0
125,post_sleep,visual,144,0.0
125,post_sleep,visual,145,0.0
125,post_sleep,visual,146,0.0
125,post_sleep,visual,147,0.0
125,post_sleep,visual,148,0.0
125,post_sleep,visual,149,0.0
125,post_sleep,visual,150,0.0
125,post_sleep,visual,151,0.0
125,post_sleep,visual,152,0.0
125,post_sleep,visual,153,0.0
125,post_sleep,visual,154,0.0
125,post_sleep,visual,155,0.0
125,post_sleep,visual,156,0.0
125,post_sleep,visual,157,0.0
125,post_sleep,visual,158,0.0
125,post_sleep,visual,159,0.0
125,post_sleep,visual,160,0.0
125,post_sleep,visual,161,0.0
125,post_sleep,visual,162,0.0
125,post_sleep,visual,163,0.0
125,post_sleep,visual,164,0.0
125,post_sleep,visual,165,0.0
125,post_sleep,visual,166,0.5333333333333333
125,post_sleep,visual,167,0.0
125,post_sleep,visual,168,0.0
125,post_sleep,visual,169,0.0
125,post_sleep,visual,170,0.0
125,post_sleep,visual,171,0.0
125,post_sleep,visual,172,0.5333333333333333
125,post_sleep,visual,173,0.0
125,post_sleep,visual,174,0.0
125,post_sleep,visual,175,0.0
125,post_sleep,visual,176,0.0
125,post_sleep,visual,177,0.0
125,post_sleep,visual,178,0.0
125,post_sleep,visual,179,0.0
125,post_sleep,audio,0,0.20296398127777632
125,post_sleep,audio,1,0.1290600086891076
125,post_sleep,audio,2,0.3514810479651633
125,post_sleep,audio,3,0.21482389300114846
125,post_sleep,audio,4,0.3007142490530226
125,post_sleep,audio,5,0.14556928243810302
125,post_sleep,audio,6,0.20701575685373433
125,post_sleep,audio,7,0.04674549348310131
125,post_sleep,audio,8,0.0006403763992517408
125,post_sleep,audio,9,0.0009661820789793052
125,post_sleep,audio,10,0.00657127294606441
125,post_sleep,audio,11,0.0021118338217064048
125,post_sleep,audio,12,0.001437873115558319
125,post_sleep,audio,13,0.00021742047758796512
125,post_sleep,audio,14,0.0008795655855615148
125,post_sleep,audio,15,0.0001986115838364666
125,post_sleep,proprioceptive,0,0.5
125,post_sleep,proprioceptive,1,0.5
125,post_sleep,proprioceptive,2,0.0
125,post_sleep,proprioceptive,3,0.0
125,post_sleep,proprioceptive,4,0.0
125,post_sleep,proprioceptive,5,0.8375678266464005
125,post_sleep,prediction,0,6.815211304654465e-07
125,post_sleep,prediction,1,9.336272598905729e-07
125,post_sleep,prediction,2,1.348002982555731e-07
125,post_sleep,prediction,3,7.277350639334571e-07
125,post_sleep,prediction,4,1.9853073649256447e-06
125,post_sleep,prediction,5,4.774800683667261e-07
125,post_sleep,prediction,6,5.1285233904144604e-08
125,post_sleep,prediction,7,8.010822483743721e-07
125,post_sleep,prediction,8,1.7695186909005663e-06
125,post_sleep,prediction,9,0.0007531464488818479
125,post_sleep,prediction,10,9.340094363642999e-08
125,post_sleep,prediction,11,0.00024544318631640065
125,post_sleep,prediction,12,1.0194264396378213e-06
125,post_sleep,prediction,13,6.593510103095885e-07
125,post_sleep,prediction,14,6.086492338633976e-08
125,post_sleep,prediction,15,0.00580645049603075
125,post_sleep,prediction,16,0.04095079970762333
125,post_sleep,prediction,17,0.004919905665546018
125,post_sleep,prediction,18,1.1034326945540114e-07
125,post_sleep,prediction,19,6.914821991025599e-07
125,post_sleep,prediction,20,0.0008203918530302866
125,post_sleep,prediction,21,0.003735596543383556
125,post_sleep,prediction,22,0.04043130263723217
125,post_sleep,prediction,23,0.005803119162628225
125,post_sleep,prediction,24,0.03653405066055505
125,post_sleep,prediction,25,0.00043962661160513045
125,post_sleep,prediction,26,3.9456455384846883e-07
125,post_sleep,prediction,27,0.005966501357448317
125,post_sleep,prediction,28,0.011800842717395557
125,post_sleep,prediction,29,3.613270366303686e-06
125,post_sleep,prediction,30,0.029717363710423755
125,post_sleep,prediction,31,0.03977346702554079
125,post_sleep,prediction,32,0.003766801042168323
125,post_sleep,prediction,33,0.00041014152550140833
125,post_sleep,prediction,34,4.112868131304002e-08
125,post_sleep,prediction,35,3.0778320211143824e-07
125,post_sleep,emotion,0,0.23995174746523298
125,post_sleep,emotion,1,0.12784504616248335
125,post_sleep,emotion,2,0.38661007554107024
125,post_sleep,action,0,0.013640247132641498
125,post_sleep,action,1,0.002561215400443888
125,post_sleep,action,2,0.0014519185831994524
125,post_sleep,action,3,0.004729600143419825
125,post_sleep,action,4,0.0
125,post_sleep,action,5,0.0
126,post_sleep,visual,0,0.0
126,post_sleep,visual,1,0.0
126,post_sleep,visual,2,0.0
126,post_sleep,visual,3,0.0
126,post_sleep,visual,4,0.0
126,post_sleep,visual,5,0.0
126,post_sleep,visual,6,0.0
126,post_sleep,visual,7,0.0
126,post_sleep,visual,8,0.0
126,post_sleep,visual,9,0.0
126,post_sleep,visual,10,0.0
126,post_sleep,visual,11,0.0
126,post_sleep,visual,12,0.0
126,post_sleep,visual,13,0.0
126,post_sleep,visual,14,0.0
126,post_sleep,visual,15,0.0
126,post_sleep,visual,16,0.36999999999999994
126,post_sleep,visual,17,0.0
126,post_sleep,visual,18,0.0
126,post_sleep,visual,19,0.0
126,post_sleep,visual,20,0.0
126,post_sleep,visual,21,0.0
126,post_sleep,visual,22,0.0
126,post_sleep,visual,23,0.0
126,post_sleep,visual,24,0.75
126,post_sleep,visual,25,0.0
126,post_sleep,visual,26,0.0
126,post_sleep,visual,27,0.0
126,post_sleep,visual,28,0.5333333333333333
126,post_sleep,visual,29,0.0
126,post_sleep,visual,30,0.0
126,post_sleep,visual,31,0.4033333333333333
126,post_sleep,visual,32,0.0
126,post_sleep,visual,33,0.0
126,post_sleep,visual,34,0.0
126,post_sleep,visual,35,0.0
126,post_sleep,visual,36,0.0
126,post_sleep,visual,37,0.0
126,post_sleep,visual,38,0.0
126,post_sleep,visual,39,0.0
126,post_sleep,visual,40,0.0
126,post_sleep,visual,41,0.0
126,post_sleep,visual,42,0.0
126,post_sleep,visual,43,0.0
126,post_sleep,visual,44,0.0
126,post_sleep,visual,45,0.0
126,post_sleep,visual,46,0.0
126,post_sleep,visual,47,0.0
126,post_sleep,visual,48,0.0
126,post_sleep,visual,49,0.0
126,post_sleep,visual,50,0.0
126,post_sleep,visual,51,0.0
126,post_sleep,visual,52,0.0
126,post_sleep,visual,53,0.0
126,post_sleep,visual,54,0.0
126,post_sleep,visual,55,0.0
126,post_sleep,visual,56,0.0
126,post_sleep,visual,57,0.0
126,post_sleep,visual,58,0.0
126,post_sleep,visual,59,0.0
126,post_sleep,visual,60,0.0
126,post_sleep,visual,61,0.0
126,post_sleep,visual,62,0.0
126,post_sleep,visual,63,0.0
126,post_sleep,visual,64,0.0
126,post_sleep,visual,65,0.0
126,post_sleep,visual,66,0.0
126,post_sleep,visual,67,0.0
126,post_sleep,visual,68,0.0
126,post_sleep,visual,69,0.0
126,post_sleep,visual,70,0.0
126,post_sleep,visual,71,0.0
126,post_sleep,visual,72,0.0
126,post_sleep,visual,73,0.0
126,post_sleep,visual,74,0.0
126,post_sleep,visual,75,0.0
126,post_sleep,visual,76,0.0
126,post_sleep,visual,77,0.0
126,post_sleep,visual,78,0.0
126,post_sleep,visual,79,0.0
126,post_sleep,visual,80,0.0
126,post_sleep,visual,81,0.0
126,post_sleep,visual,82,0.0
126,post_sleep,visual,83,0.0
126,post_sleep,visual,84,0.95
126,post_sleep,visual,85,0.08
126,post_sleep,visual,86,0.08
126,post_sleep,visual,87,0.0
126,post_sleep,visual,88,0.0
126,post_sleep,visual,89,0.0
126,post_sleep,visual,90,0.0
126,post_sleep,visual,91,0.0
126,post_sleep,visual,92,0.0
126,post_sleep,visual,93,0.0
126,post_sleep,visual,94,0.0
126,post_sleep,visual,95,0.0
126,post_sleep,visual,96,0.0
126,post_sleep,visual,97,0.0
126,post_sleep,visual,98,0.0
126,post_sleep,visual,99,0.0
126,post_sleep,visual,100,0.0
126,post_sleep,visual,101,0.0
126,post_sleep,visual,102,0.0
126,post_sleep,visual,103,0.0
126,post_sleep,visual,104,0.0
126,post_sleep,visual,105,0.0
126,post_sleep,visual,106,0.0
126,post_sleep,visual,107,0.0
126,post_sleep,visual,108,0.65
126,post_sleep,visual,109,0.95
126,post_sleep,visual,110,0.65
126,post_sleep,visual,111,0.0
126,post_sleep,visual,112,0.0
126,post_sleep,visual,113,0.0
126,post_sleep,visual,114,0.0
126,post_sleep,visual,115,0.0
126,post_sleep,visual,116,0.0
126,post_sleep,visual,117,0.0
126,post_sleep,visual,118,0.0
126,post_sleep,visual,119,0.0
126,post_sleep,visual,120,0.75
126,post_sleep,visual,121,0.1
126,post_sleep,visual,122,0.75
126,post_sleep,visual,123,0.0
126,post_sleep,visual,124,0.0
126,post_sleep,visual,125,0.0
126,post_sleep,visual,126,0.0
126,post_sleep,visual,127,0.0
126,post_sleep,visual,128,0.0
126,post_sleep,visual,129,0.08
126,post_sleep,visual,130,0.18
126,post_sleep,visual,131,0.95
126,post_sleep,visual,132,0.0
126,post_sleep,visual,133,0.0
126,post_sleep,visual,134,0.0
126,post_sleep,visual,135,0.0
126,post_sleep,visual,136,0.0
126,post_sleep,visual,137,0.0
126,post_sleep,visual,138,0.0
126,post_sleep,visual,139,0.0
126,post_sleep,visual,140,0.0
126,post_sleep,visual,141,0.0
126,post_sleep,visual,142,0.0
126,post_sleep,visual,143,0.0
126,post_sleep,visual,144,0.0
126,post_sleep,visual,145,0.0
126,post_sleep,visual,146,0.0
126,post_sleep,visual,147,0.0
126,post_sleep,visual,148,0.0
126,post_sleep,visual,149,0.0
126,post_sleep,visual,150,0.0
126,post_sleep,visual,151,0.0
126,post_sleep,visual,152,0.0
126,post_sleep,visual,153,0.0
126,post_sleep,visual,154,0.0
126,post_sleep,visual,155,0.0
126,post_sleep,visual,156,0.0
126,post_sleep,visual,157,0.0
126,post_sleep,visual,158,0.0
126,post_sleep,visual,159,0.0
126,post_sleep,visual,160,0.0
126,post_sleep,visual,161,0.0
126,post_sleep,visual,162,0.0
126,post_sleep,visual,163,0.0
126,post_sleep,visual,164,0.0
126,post_sleep,visual,165,0.0
126,post_sleep,visual,166,0.0
126,post_sleep,visual,167,0.0
126,post_sleep,visual,168,0.0
126,post_sleep,visual,169,0.0
126,post_sleep,visual,170,0.0
126,post_sleep,visual,171,0.0
126,post_sleep,visual,172,0.0
126,post_sleep,visual,173,0.0
126,post_sleep,visual,174,0.0
126,post_sleep,visual,175,0.0
126,post_sleep,visual,176,0.0
126,post_sleep,visual,177,0.0
126,post_sleep,visual,178,0.0
126,post_sleep,visual,179,0.0
126,post_sleep,audio,0,0.20235489504513127
126,post_sleep,audio,1,0.13008809774098132
126,post_sleep,audio,2,0.3583291138293634
126,post_sleep,audio,3,0.2170029609808851
126,post_sleep,audio,4,0.3021675147415498
126,post_sleep,audio,5,0.14535169132880668
126,post_sleep,audio,6,0.20613736175949127
126,post_sleep,audio,7,0.0465471462037561
126,post_sleep,audio,8,0.0006090862326450508
126,post_sleep,audio,9,0.0010280890518737096
126,post_sleep,audio,10,0.006848065864200115
126,post_sleep,audio,11,0.002179067979736632
126,post_sleep,audio,12,0.0014532656885272166
126,post_sleep,audio,13,0.00021759110929633896
126,post_sleep,audio,14,0.0008783950942430618
126,post_sleep,audio,15,0.00019834727934520818
126,post_sleep,proprioceptive,0,0.5
126,post_sleep,proprioceptive,1,0.5
126,post_sleep,proprioceptive,2,0.0
126,post_sleep,proprioceptive,3,0.0
126,post_sleep,proprioceptive,4,0.0
126,post_sleep,proprioceptive,5,0.7702993395470863
126,post_sleep,prediction,0,4.2747598849794e-07
126,post_sleep,prediction,1,5.955872000695967e-07
126,post_sleep,prediction,2,8.50437419200495e-08
126,post_sleep,prediction,3,4.6619619447328383e-07
126,post_sleep,prediction,4,1.2959156662535297e-06
126,post_sleep,prediction,5,3.012665943469965e-07
126,post_sleep,prediction,6,3.1499788868095e-08
126,post_sleep,prediction,7,5.164229645748842e-07
126,post_sleep,prediction,8,1.1164459710372517e-06
126,post_sleep,prediction,9,0.0007385505968233292
126,post_sleep,prediction,10,5.7162943280532646e-08
126,post_sleep,prediction,11,0.0002426956927144255
126,post_sleep,prediction,12,6.455827244631081e-07
126,post_sleep,prediction,13,4.08789257654166e-07
126,post_sleep,prediction,14,3.707862124881547e-08
126,post_sleep,prediction,15,0.005327610075098991
126,post_sleep,prediction,16,0.040937058683475205
126,post_sleep,prediction,17,0.004857264667930127
126,post_sleep,prediction,18,6.953856617660577e-08
126,post_sleep,prediction,19,4.4293476387867553e-07
126,post_sleep,prediction,20,0.0007419921184858466
126,post_sleep,prediction,21,0.00366420865303086
126,post_sleep,prediction,22,0.030467750475909793
126,post_sleep,prediction,23,0.005753303835174281
126,post_sleep,prediction,24,0.047731794642060066
126,post_sleep,prediction,25,0.00043623237245201134
126,post_sleep,prediction,26,2.3961308952021984e-07
126,post_sleep,prediction,27,0.005699078749263777
126,post_sleep,prediction,28,0.02134750946050372
126,post_sleep,prediction,29,2.293019443611071e-06
126,post_sleep,prediction,30,0.019639760170586173
126,post_sleep,prediction,31,0.040522090440043304
126,post_sleep,prediction,32,0.002936504477096512
126,post_sleep,prediction,33,0.0003455438972604872
126,post_sleep,prediction,34,2.491848563613508e-08
126,post_sleep,prediction,35,1.9309591041913593e-07
126,post_sleep,emotion,0,0.23720992926921927
126,post_sleep,emotion,1,0.12728883920106268
126,post_sleep,emotion,2,0.3824161579627649
126,post_sleep,action,0,0.015087503978900916
126,post_sleep,action,1,0.005311434240978646
126,post_sleep,action,2,0.0006802671478602361
126,post_sleep,action,3,0.00761056941643315
126,post_sleep,action,4,0.0
126,post_sleep,action,5,0.0
127,post_sleep,visual,0,0.0
127,post_sleep,visual,1,0.0
127,post_sleep,visual,2,0.0
127,post_sleep,visual,3,0.0
127,post_sleep,visual,4,0.0
127,post_sleep,visual,5,0.0
127,post_sleep,visual,6,0.0
127,post_sleep,visual,7,0.0
127,post_sleep,visual,8,0.0
127,post_sleep,visual,9,0.0
127,post_sleep,visual,10,0.0
127,post_sleep,visual,11,0.0
127,post_sleep,visual,12,0.0
127,post_sleep,visual,13,0.0
127,post_sleep,visual,14,0.0
127,post_sleep,visual,15,0.0
127,post_sleep,visual,16,0.36999999999999994
127,post_sleep,visual,17,0.0
127,post_sleep,visual,18,0.0
127,post_sleep,visual,19,0.0
127,post_sleep,visual,20,0.0
127,post_sleep,visual,21,0.0
127,post_sleep,visual,22,0.0
127,post_sleep,visual,23,0.0
127,post_sleep,visual,24,0.75
127,post_sleep,visual,25,0.0
127,post_sleep,visual,26,0.0
127,post_sleep,visual,27,0.0
127,post_sleep,visual,28,0.5333333333333333
127,post_sleep,visual,29,0.0
127,post_sleep,visual,30,0.0
127,post_sleep,visual,31,0.4033333333333333
127,post_sleep,visual,32,0.0
127,post_sleep,visual,33,0.0
127,post_sleep,visual,34,0.0
127,post_sleep,visual,35,0.0
127,post_sleep,visual,36,0.0
127,post_sleep,visual,37,0.0
127,post_sleep,visual,38,0.0
127,post_sleep,visual,39,0.0
127,post_sleep,visual,40,0.0
127,post_sleep,visual,41,0.0
127,post_sleep,visual,42,0.0
127,post_sleep,visual,43,0.0
127,post_sleep,visual,44,0.0
127,post_sleep,visual,45,0.0
127,post_sleep,visual,46,0.0
127,post_sleep,visual,47,0.0
127,post_sleep,visual,48,0.0
127,post_sleep,visual,49,0.0
127,post_sleep,visual,50,0.0
127,post_sleep,visual,51,0.0
127,post_sleep,visual,52,0.0
127,post_sleep,visual,53,0.0
127,post_sleep,visual,54,0.0
127,post_sleep,visual,55,0.0
127,post_sleep,visual,56,0.0
127,post_sleep,visual,57,0.0
127,post_sleep,visual,58,0.0
127,post_sleep,visual,59,0.0
127,post_sleep,visual,60,0.0
127,post_sleep,visual,61,0.0
127,post_sleep,visual,62,0.0
127,post_sleep,visual,63,0.0
127,post_sleep,visual,64,0.0
127,post_sleep,visual,65,0.0
127,post_sleep,visual,66,0.0
127,post_sleep,visual,67,0.0
127,post_sleep,visual,68,0.0
127,post_sleep,visual,69,0.0
127,post_sleep,visual,70,0.0
127,post_sleep,visual,71,0.0
127,post_sleep,visual,72,0.0
127,post_sleep,visual,73,0.0
127,post_sleep,visual,74,0.0
127,post_sleep,visual,75,0.0
127,post_sleep,visual,76,0.0
127,post_sleep,visual,77,0.0
127,post_sleep,visual,78,0.0
127,post_sleep,visual,79,0.0
127,post_sleep,visual,80,0.0
127,post_sleep,visual,81,0.0
127,post_sleep,visual,82,0.0
127,post_sleep,visual,83,0.0
127,post_sleep,visual,84,0.95
127,post_sleep,visual,85,0.08
127,post_sleep,visual,86,0.08
127,post_sleep,visual,87,0.0
127,post_sleep,visual,88,0.0
127,post_sleep,visual,89,0.0
127,post_sleep,visual,90,0.0
127,post_sleep,visual,91,0.0
127,post_sleep,visual,92,0.0
127,post_sleep,visual,93,0.0
127,post_sleep,visual,94,0.0
127,post_sleep,visual,95,0.0
127,post_sleep,visual,96,0.0
127,post_sleep,visual,97,0.0
127,post_sleep,visual,98,0.0
127,post_sleep,visual,99,0.0
127,post_sleep,visual,100,0.0
127,post_sleep,visual,101,0.0
127,post_sleep,visual,102,0.0
127,post_sleep,visual,103,0.0
127,post_sleep,visual,104,0.0
127,post_sleep,visual,105,0.0
127,post_sleep,visual,106,0.0
127,post_sleep,visual,107,0.0
127,post_sleep,visual,108,0.65
127,post_sleep,visual,109,0.95
127,post_sleep,visual,110,0.65
127,post_sleep,visual,111,0.0
127,post_sleep,visual,112,0.0
127,post_sleep,visual,113,0.0
127,post_sleep,visual,114,0.0
127,post_sleep,visual,115,0.0
127,post_sleep,visual,116,0.0
127,post_sleep,visual,117,0.0
127,post_sleep,visual,118,0.0
127,post_sleep,visual,119,0.0
127,post_sleep,visual,120,0.75
127,post_sleep,visual,121,0.1
127,post_sleep,visual,122,0.75
127,post_sleep,visual,123,0.0
127,post_sleep,visual,124,0.0
127,post_sleep,visual,125,0.0
127,post_sleep,visual,126,0.0
127,post_sleep,visual,127,0.0
127,post_sleep,visual,128,0.0
127,post_sleep,visual,129,0.08
127,post_sleep,visual,130,0.18
127,post_sleep,visual,131,0.95
127,post_sleep,visual,132,0.0
127,post_sleep,visual,133,0.0
127,post_sleep,visual,134,0.0
127,post_sleep,visual,135,0.0
127,post_sleep,visual,136,0.0
127,post_sleep,visual,137,0.0
127,post_sleep,visual,138,0.0
127,post_sleep,visual,139,0.0
127,post_sleep,visual,140,0.0
127,post_sleep,visual,141,0.0
127,post_sleep,visual,142,0.0
127,post_sleep,visual,143,0.0
127,post_sleep,visual,144,0.0
127,post_sleep,visual,145,0.0
127,post_sleep,visual,146,0.0
127,post_sleep,visual,147,0.0
127,post_sleep,visual,148,0.0
127,post_sleep,visual,149,0.0
127,post_sleep,visual,150,0.0
127,post_sleep,visual,151,0.0
127,post_sleep,visual,152,0.0
127,post_sleep,visual,153,0.0
127,post_sleep,visual,154,0.0
127,post_sleep,visual,155,0.0
127,post_sleep,visual,156,0.0
127,post_sleep,visual,157,0.0
127,post_sleep,visual,158,0.0
127,post_sleep,visual,159,0.0
127,post_sleep,visual,160,0.0
127,post_sleep,visual,161,0.0
127,post_sleep,visual,162,0.0
127,post_sleep,visual,163,0.0
127,post_sleep,visual,164,0.0
127,post_sleep,visual,165,0.0
127,post_sleep,visual,166,0.0
127,post_sleep,visual,167,0.0
127,post_sleep,visual,168,0.0
127,post_sleep,visual,169,0.0
127,post_sleep,visual,170,0.0
127,post_sleep,visual,171,0.0
127,post_sleep,visual,172,0.0
127,post_sleep,visual,173,0.0
127,post_sleep,visual,174,0.0
127,post_sleep,visual,175,0.0
127,post_sleep,visual,176,0.0
127,post_sleep,visual,177,0.0
127,post_sleep,visual,178,0.0
127,post_sleep,visual,179,0.0
127,post_sleep,audio,0,0.20177807553539673
127,post_sleep,audio,1,0.13118148716010122
127,post_sleep,audio,2,0.3654704781509463
127,post_sleep,audio,3,0.2192531409938426
127,post_sleep,audio,4,0.30363677735260136
127,post_sleep,audio,5,0.14513391105383722
127,post_sleep,audio,6,0.20526031900078567
127,post_sleep,audio,7,0.046349104290499994
127,post_sleep,audio,8,0.0005768195097345385
127,post_sleep,audio,9,0.0010933894191199056
127,post_sleep,audio,10,0.00714136432158291
127,post_sleep,audio,11,0.0022501800129575145
127,post_sleep,audio,12,0.0014692626110515694
127,post_sleep,audio,13,0.00021778027496946462
127,post_sleep,audio,14,0.0008770427587055929
127,post_sleep,audio,15,0.00019804191325610565
127,post_sleep,proprioceptive,0,0.5
127,post_sleep,proprioceptive,1,0.5
127,post_sleep,proprioceptive,2,0.0
127,post_sleep,proprioceptive,3,0.0
127,post_sleep,proprioceptive,4,0.0
127,post_sleep,proprioceptive,5,0.6952379964802475
127,post_sleep,prediction,0,2.680769010131292e-07
127,post_sleep,prediction,1,3.7991211889943377e-07
127,post_sleep,prediction,2,5.3660618088630607e-08
127,post_sleep,prediction,3,2.9862878935349413e-07
127,post_sleep,prediction,4,8.45752353097976e-07
127,post_sleep,prediction,5,1.9006979585610613e-07
127,post_sleep,prediction,6,1.935021097998813e-08
127,post_sleep,prediction,7,3.328904918214372e-07
127,post_sleep,prediction,8,7.042644442303147e-07
127,post_sleep,prediction,9,0.0007153175373700469
127,post_sleep,prediction,10,3.498981384149063e-08
127,post_sleep,prediction,11,0.00023980057177408232
127,post_sleep,prediction,12,4.0875709147264496e-07
127,post_sleep,prediction,13,2.534241256538806e-07
127,post_sleep,prediction,14,2.2591365948291396e-08
127,post_sleep,prediction,15,0.004659582945207953
127,post_sleep,prediction,16,0.04085985382655057
127,post_sleep,prediction,17,0.004760108424010747
127,post_sleep,prediction,18,4.382960288439266e-08
127,post_sleep,prediction,19,2.837042067137864e-07
127,post_sleep,prediction,20,0.0006585693944098961
127,post_sleep,prediction,21,0.0036050495511366974
127,post_sleep,prediction,22,0.02138088286743627
127,post_sleep,prediction,23,0.0057191330563802125
127,post_sleep,prediction,24,0.056846184916856786
127,post_sleep,prediction,25,0.000439929460986502
127,post_sleep,prediction,26,1.455346912415443e-07
127,post_sleep,prediction,27,0.005498942458790614
127,post_sleep,prediction,28,0.03048316621167976
127,post_sleep,prediction,29,1.455061862223381e-06
127,post_sleep,prediction,30,0.012224569249590462
127,post_sleep,prediction,31,0.04110838061518299
127,post_sleep,prediction,32,0.0023496290572525987
127,post_sleep,prediction,33,0.0003481282210549133
127,post_sleep,prediction,34,1.5099489763063615e-08
127,post_sleep,prediction,35,1.2113456690216322e-07
127,post_sleep,emotion,0,0.2337870499901018
127,post_sleep,emotion,1,0.12653603100699037
127,post_sleep,emotion,2,0.37683487310139135
127,post_sleep,action,0,0.015652840048399803
127,post_sleep,action,1,0.008260416368307636
127,post_sleep,action,2,0.00031877754678039555
127,post_sleep,action,3,0.010290672872177109
127,post_sleep,action,4,0.0
127,post_sleep,action,5,0.0
