path,kind,before_tendency,after_tendency,tendency_change,before_stability,after_stability,plastic_trace,weakening_trace,emotion_exposure,waking_participation,sleep_participation,formed
fixed:visual>association:0000,fixed,0.3557296186805166,0.3557296186805166,0.0,0.86,0.86,0.0,0.0,0.0,0.8817088456384519,0.0,True
fixed:visual>association:0001,fixed,0.3129006144208093,0.3129006144208093,0.0,0.86,0.86,0.0,0.0,0.0,0.0,0.0,True
fixed:visual>association:0002,fixed,0.329549229051206,0.329549229051206,0.0,0.86,0.86,0.0,0.0,0.0,0.0,0.0,True
fixed:visual>association:0003,fixed,0.35751800983296833,0.35751800983296833,0.0,0.86,0.86,0.0,0.0,0.0,0.6940044390288492,0.0,True
fixed:visual>association:0004,fixed,0.32314286358328687,0.32314286358328687,0.0,0.86,0.86,0.0,0.0,0.0,0.0,0.0,True
fixed:visual>association:0005,fixed,0.3645674996333726,0.3645674996333726,0.0,0.86,0.86,0.0,0.0,0.0,1.39449868906693,0.0,True
fixed:visual>association:0006,fixed,0.3556594654410542,0.3556594654410542,0.0,0.86,0.86,0.0,0.0,0.0,0.0,0.0,True
fixed:visual>association:0007,fixed,0.3336018880128902,0.3336018880128902,0.0,0.86,0.86,0.0,0.0,0.0,0.0,0.0,True
fixed:visual>association:0008,fixed,0.35957571514105646,0.35957571514105646,0.0,0.86,0.86,0.0,0.0,0.0,0.0,0.0,True
fixed:visual>association:0009,fixed,0.33194095053096734,0.33194095053096734,0.0,0.86,0.86,0.0,0.0,0.0,0.08808181029192692,0.0,True
fixed:visual>association:0010,fixed,0.3584338183812753,0.3584338183812753,0.0,0.86,0.86,0.0,0.0,0.0,0.2676735369546444,0.0,True
fixed:visual>association:0011,fixed,0.3193110366076205,0.3193110366076205,0.0,0.86,0.86,0.0,0.0,0.0,0.08601268265241518,0.0,True
fixed:visual>association:0012,fixed,0.36571748867909243,0.36571748867909243,0.0,0.86,0.86,0.0,0.0,0.0,0.0,0.0,True
fixed:visual>association:0013,fixed,0.33800754495418345,0.33800754495418345,0.0,0.86,0.86,0.0,0.0,0.0,0.0,0.0,True
fixed:visual>association:0014,fixed,0.3469619616917819,0.3469619616917819,0.0,0.86,0.86,0.0,0.0,0.0,0.7761830048336149,0.0,True
fixed:visual>association:0015,fixed,0.35331308331588906,0.35331308331588906,0.0,0.86,0.86,0.0,0.0,0.0,0.0,0.0,True
fixed:visual>association:0016,fixed,0.34674773538306974,0.34674773538306974,0.0,0.86,0.86,0.0,0.0,0.0,0.0,0.0,True
fixed:visual>association:0017,fixed,0.3665456718914242,0.3665456718914242,0.0,0.86,0.86,0.0,0.0,0.0,0.0,0.0,True
fixed:visual>association:0018,fixed,0.338046680033093,0.338046680033093,0.0,0.86,0.86,0.0,0.0,0.0,0.0,0.0,True
fixed:visual>association:0019,fixed,0.3521220828869606,0.3521220828869606,0.0,0.86,0.86,0.0,0.0,0.0,0.0,0.0,True
fixed:visual>association:0020,fixed,0.316813776178688,0.316813776178688,0.0,0.86,0.86,0.0,0.0,0.0,0.0,0.0,True
fixed:visual>association:0021,fixed,0.31565389622957024,0.31565389622957024,0.0,0.86,0.86,0.0,0.0,0.0,0.0,0.0,True
fixed:visual>association:0022,fixed,0.3669838901480032,0.3669838901480032,0.0,0.86,0.86,0.0,0.0,0.0,0.0,0.0,True
fixed:visual>association:0023,fixed,0.3319437175489604,0.3319437175489604,0.0,0.86,0.86,0.0,0.0,0.0,2.070939951061768,0.0,True
fixed:visual>association:0024,fixed,0.3438263223410953,0.3438263223410953,0.0,0.86,0.86,0.0,0.0,0.0,0.0,0.0,True
fixed:visual>association:0025,fixed,0.3510415040564101,0.3510415040564101,0.0,0.86,0.86,0.0,0.0,0.0,0.0,0.0,True
fixed:visual>association:0026,fixed,0.32868221741611725,0.32868221741611725,0.0,0.86,0.86,0.0,0.0,0.0,0.0,0.0,True
fixed:visual>association:0027,fixed,0.3184814352474483,0.3184814352474483,0.0,0.86,0.86,0.0,0.0,0.0,0.0,0.0,True
fixed:visual>association:0028,fixed,0.3176004920678717,0.3176004920678717,0.0,0.86,0.86,0.0,0.0,0.0,0.5032435632705514,0.0,True
fixed:visual>association:0029,fixed,0.31423710475492783,0.31423710475492783,0.0,0.86,0.86,0.0,0.0,0.0,0.0,0.0,True
fixed:visual>association:0030,fixed,0.34659820148426795,0.34659820148426795,0.0,0.86,0.86,0.0,0.0,0.0,1.1894523113761235,0.0,True
fixed:visual>association:0031,fixed,0.3233626557389111,0.3233626557389111,0.0,0.86,0.86,0.0,0.0,0.0,0.2897853492796694,0.0,True
fixed:visual>association:0032,fixed,0.3218089694809522,0.3218089694809522,0.0,0.86,0.86,0.0,0.0,0.0,0.420109543701704,0.0,True
fixed:visual>association:0033,fixed,0.3620034933344558,0.3620034933344558,0.0,0.86,0.86,0.0,0.0,0.0,0.0,0.0,True
fixed:visual>association:0034,fixed,0.3167052296669521,0.3167052296669521,0.0,0.86,0.86,0.0,0.0,0.0,0.0,0.0,True
fixed:visual>association:0035,fixed,0.31423323925765184,0.31423323925765184,0.0,0.86,0.86,0.0,0.0,0.0,0.5653621219287548,0.0,True
fixed:visual>association:0036,fixed,0.3556072106704856,0.3556072106704856,0.0,0.86,0.86,0.0,0.0,0.0,0.0,0.0,True
fixed:visual>association:0037,fixed,0.3432685667468526,0.3432685667468526,0.0,0.86,0.86,0.0,0.0,0.0,0.6976264425267479,0.0,True
fixed:visual>association:0038,fixed,0.35253073046086636,0.35253073046086636,0.0,0.86,0.86,0.0,0.0,0.0,0.0,0.0,True
fixed:visual>association:0039,fixed,0.33194699679558315,0.33194699679558315,0.0,0.86,0.86,0.0,0.0,0.0,0.36005775119841005,0.0,True
fixed:visual>association:0040,fixed,0.3632078213478581,0.3632078213478581,0.0,0.86,0.86,0.0,0.0,0.0,0.0,0.0,True
fixed:visual>association:0041,fixed,0.3416624845420835,0.3416624845420835,0.0,0.86,0.86,0.0,0.0,0.0,0.0,0.0,True
fixed:visual>association:0042,fixed,0.3442388676416762,0.3442388676416762,0.0,0.86,0.86,0.0,0.0,0.0,0.5993712775762605,0.0,True
fixed:visual>association:0043,fixed,0.33376032122829585,0.33376032122829585,0.0,0.86,0.86,0.0,0.0,0.0,0.0,0.0,True
fixed:visual>association:0044,fixed,0.3652096225787015,0.3652096225787015,0.0,0.86,0.86,0.0,0.0,0.0,0.0,0.0,True
fixed:visual>association:0045,fixed,0.3422929279124361,0.3422929279124361,0.0,0.86,0.86,0.0,0.0,0.0,0.11109371583090624,0.0,True
fixed:visual>association:0046,fixed,0.33985224624400356,0.33985224624400356,0.0,0.86,0.86,0.0,0.0,0.0,0.0,0.0,True
fixed:visual>association:0047,fixed,0.3432826811112938,0.3432826811112938,0.0,0.86,0.86,0.0,0.0,0.0,0.0,0.0,True
fixed:visual>association:0048,fixed,0.36627963338381553,0.36627963338381553,0.0,0.86,0.86,0.0,0.0,0.0,0.026358390698996124,0.0,True
fixed:visual>association:0049,fixed,0.3221922732590899,0.3221922732590899,0.0,0.86,0.86,0.0,0.0,0.0,0.0,0.0,True
fixed:visual>association:0050,fixed,0.3425727327246579,0.3425727327246579,0.0,0.86,0.86,0.0,0.0,0.0,0.5428125176167721,0.0,True
fixed:visual>association:0051,fixed,0.31456499146804,0.31456499146804,0.0,0.86,0.86,0.0,0.0,0.0,0.5413272077191524,0.0,True
fixed:audio>association:0000,fixed,0.3342228756261449,0.3342228756261449,0.0,0.84,0.84,0.0,0.0,0.0,0.0,0.0,True
fixed:audio>association:0001,fixed,0.32395955937652887,0.32395955937652887,0.0,0.84,0.84,0.0,0.0,0.0,0.0,0.0,True
fixed:audio>association:0002,fixed,0.3385790059752071,0.3385790059752071,0.0,0.84,0.84,0.0,0.0,0.0,0.007247968375901182,0.0,True
fixed:audio>association:0003,fixed,0.3364687199835624,0.3364687199835624,0.0,0.84,0.84,0.0,0.0,0.0,0.009640277759373003,0.0,True
fixed:audio>association:0004,fixed,0.33846343267151924,0.33846343267151924,0.0,0.84,0.84,0.0,0.0,0.0,0.0050425939716979735,0.0,True
fixed:audio>association:0005,fixed,0.31843409175432724,0.31843409175432724,0.0,0.84,0.84,0.0,0.0,0.0,0.3453441259943201,0.0,True
fixed:audio>association:0006,fixed,0.3193365427453911,0.3193365427453911,0.0,0.84,0.84,0.0,0.0,0.0,0.0051882319345658455,0.0,True
fixed:audio>association:0007,fixed,0.34154188186698586,0.34154188186698586,0.0,0.84,0.84,0.0,0.0,0.0,1.2863186048608655,0.0,True
fixed:audio>association:0008,fixed,0.3437716642795289,0.3437716642795289,0.0,0.84,0.84,0.0,0.0,0.0,0.2946123822753019,0.0,True
fixed:audio>association:0009,fixed,0.3020974047674418,0.3020974047674418,0.0,0.84,0.84,0.0,0.0,0.0,0.0,0.0,True
fixed:audio>association:0010,fixed,0.33895531819560204,0.33895531819560204,0.0,0.84,0.84,0.0,0.0,0.0,0.9489028948394481,0.0,True
fixed:audio>association:0011,fixed,0.30284109225089434,0.30284109225089434,0.0,0.84,0.84,0.0,0.0,0.0,0.0015164771017807518,0.0,True
fixed:audio>association:0012,fixed,0.31045622047986643,0.31045622047986643,0.0,0.84,0.84,0.0,0.0,0.0,0.0,0.0,True
fixed:audio>association:0013,fixed,0.3067001778349309,0.3067001778349309,0.0,0.84,0.84,0.0,0.0,0.0,0.5327559092250013,0.0,True
fixed:audio>association:0014,fixed,0.2959647035760073,0.2959647035760073,0.0,0.84,0.84,0.0,0.0,0.0,0.00440942709322506,0.0,True
fixed:audio>association:0015,fixed,0.32980585464744805,0.32980585464744805,0.0,0.84,0.84,0.0,0.0,0.0,1.2421182564961974,0.0,True
fixed:audio>association:0016,fixed,0.3445296170612947,0.3445296170612947,0.0,0.84,0.84,0.0,0.0,0.0,0.0,0.0,True
fixed:audio>association:0017,fixed,0.33492969254762367,0.33492969254762367,0.0,0.84,0.84,0.0,0.0,0.0,1.283104582286715,0.0,True
fixed:audio>association:0018,fixed,0.33875829603583824,0.33875829603583824,0.0,0.84,0.84,0.0,0.0,0.0,0.3673858757500073,0.0,True
fixed:audio>association:0019,fixed,0.32421718723878584,0.32421718723878584,0.0,0.84,0.84,0.0,0.0,0.0,0.0,0.0,True
fixed:audio>association:0020,fixed,0.29750838681802216,0.29750838681802216,0.0,0.84,0.84,0.0,0.0,0.0,0.832872518399974,0.0,True
fixed:audio>association:0021,fixed,0.3114270417887929,0.3114270417887929,0.0,0.84,0.84,0.0,0.0,0.0,1.1728997794353047,0.0,True
fixed:audio>association:0022,fixed,0.3115378364298596,0.3115378364298596,0.0,0.84,0.84,0.0,0.0,0.0,0.0005324657150779485,0.0,True
fixed:interoceptive>association:0000,fixed,0.3742481630181743,0.3742481630181743,0.0,0.9,0.9,0.0,0.0,0.0,1.4513585644865503,0.0,True
fixed:interoceptive>association:0001,fixed,0.39188531953638045,0.39188531953638045,0.0,0.9,0.9,0.0,0.0,0.0,0.769057691931274,0.0,True
fixed:interoceptive>association:0002,fixed,0.3951410972102809,0.3951410972102809,0.0,0.9,0.9,0.0,0.0,0.0,1.5179639004150098,0.0,True
fixed:interoceptive>association:0003,fixed,0.37309290352707214,0.37309290352707214,0.0,0.9,0.9,0.0,0.0,0.0,1.4332641252796023,0.0,True
fixed:interoceptive>association:0004,fixed,0.37815335227463687,0.37815335227463687,0.0,0.9,0.9,0.0,0.0,0.0,1.0752419107809117,0.0,True
fixed:interoceptive>association:0005,fixed,0.35545600940079913,0.35545600940079913,0.0,0.9,0.9,0.0,0.0,0.0,0.6975667741171974,0.0,True
fixed:interoceptive>association:0006,fixed,0.3513528155064944,0.3513528155064944,0.0,0.9,0.9,0.0,0.0,0.0,0.9990372171263574,0.0,True
fixed:interoceptive>association:0007,fixed,0.36123150032303947,0.36123150032303947,0.0,0.9,0.9,0.0,0.0,0.0,1.0271262870083295,0.0,True
fixed:interoceptive>association:0008,fixed,0.3973267474613955,0.3973267474613955,0.0,0.9,0.9,0.0,0.0,0.0,1.4518003749156816,0.0,True
fixed:interoceptive>association:0009,fixed,0.39628929169603644,0.39628929169603644,0.0,0.9,0.9,0.0,0.0,0.0,1.1268096730127541,0.0,True
fixed:interoceptive>association:0010,fixed,0.3864781986247938,0.3864781986247938,0.0,0.9,0.9,0.0,0.0,0.0,1.4846847314837979,0.0,True
fixed:interoceptive>association:0011,fixed,0.37677724430327847,0.37677724430327847,0.0,0.9,0.9,0.0,0.0,0.0,0.7394087592230033,0.0,True
fixed:interoceptive>association:0012,fixed,0.35255033645787365,0.35255033645787365,0.0,0.9,0.9,0.0,0.0,0.0,1.3672129907178774,0.0,True
fixed:interoceptive>association:0013,fixed,0.39307326495752193,0.39307326495752193,0.0,0.9,0.9,0.0,0.0,0.0,1.5243635265060365,0.0,True
fixed:interoceptive>association:0014,fixed,0.3573171995989091,0.3573171995989091,0.0,0.9,0.9,0.0,0.0,0.0,1.3726605858460845,0.0,True
fixed:interoceptive>association:0015,fixed,0.3801433751474301,0.3801433751474301,0.0,0.9,0.9,0.0,0.0,0.0,0.0,0.0,True
fixed:interoceptive>association:0016,fixed,0.3579880141634027,0.3579880141634027,0.0,0.9,0.9,0.0,0.0,0.0,0.7025357220251992,0.0,True
fixed:interoceptive>association:0017,fixed,0.38427323071620667,0.38427323071620667,0.0,0.9,0.9,0.0,0.0,0.0,1.4041038615907777,0.0,True
fixed:interoceptive>association:0018,fixed,0.3919063059137219,0.3919063059137219,0.0,0.9,0.9,0.0,0.0,0.0,0.7690988767731544,0.0,True
fixed:interoceptive>association:0019,fixed,0.3684480977895869,0.3684480977895869,0.0,0.9,0.9,0.0,0.0,0.0,0.0,0.0,True
fixed:interoceptive>association:0020,fixed,0.3875253342243781,0.3875253342243781,0.0,0.9,0.9,0.0,0.0,0.0,0.0,0.0,True
fixed:interoceptive>association:0021,fixed,0.3974524731195959,0.3974524731195959,0.0,0.9,0.9,0.0,0.0,0.0,0.0,0.0,True
fixed:interoceptive>association:0022,fixed,0.37275865443176004,0.37275865443176004,0.0,0.9,0.9,0.0,0.0,0.0,0.7315224534663484,0.0,True
fixed:interoceptive>association:0023,fixed,0.39374786382668786,0.39374786382668786,0.0,0.9,0.9,0.0,0.0,0.0,1.526979664521147,0.0,True
fixed:interoceptive>association:0024,fixed,0.3797826335248026,0.3797826335248026,0.0,0.9,0.9,0.0,0.0,0.0,1.3876955761488086,0.0,True
fixed:interoceptive>association:0025,fixed,0.4087449785937883,0.4087449785937883,0.0,0.9,0.9,0.0,0.0,0.0,1.4935216845048187,0.0,True
fixed:interoceptive>association:0026,fixed,0.36534692055943196,0.36534692055943196,0.0,0.9,0.9,0.0,0.0,0.0,1.0388280801883398,0.0,True
fixed:interoceptive>association:0027,fixed,0.3695535980469289,0.3695535980469289,0.0,0.9,0.9,0.0,0.0,0.0,0.7252326713720764,0.0,True
fixed:interoceptive>association:0028,fixed,0.41003382240696323,0.41003382240696323,0.0,0.9,0.9,0.0,0.0,0.0,0.8046733300627833,0.0,True
fixed:interoceptive>association:0029,fixed,0.3508579757844148,0.3508579757844148,0.0,0.9,0.9,0.0,0.0,0.0,1.2820071742979287,0.0,True
fixed:interoceptive>association:0030,fixed,0.40271516910564004,0.40271516910564004,0.0,0.9,0.9,0.0,0.0,0.0,0.7903107950675466,0.0,True
fixed:interoceptive>association:0031,fixed,0.35125346380046174,0.35125346380046174,0.0,0.9,0.9,0.0,0.0,0.0,0.0,0.0,True
fixed:interoceptive>association:0032,fixed,0.3586627495551802,0.3586627495551802,0.0,0.9,0.9,0.0,0.0,0.0,0.0,0.0,True
fixed:interoceptive>association:0033,fixed,0.379884437969855,0.379884437969855,0.0,0.9,0.9,0.0,0.0,0.0,1.3880675615045373,0.0,True
fixed:interoceptive>association:0034,fixed,0.3660167490474874,0.3660167490474874,0.0,0.9,0.9,0.0,0.0,0.0,0.0,0.0,True
fixed:interoceptive>emotion_control:0000,fixed,0.39247805488107845,0.39247805488107845,0.0,0.92,0.92,0.0,0.0,0.0,1.1159727955113288,0.0,True
fixed:interoceptive>emotion_control:0001,fixed,0.39907576909736336,0.39907576909736336,0.0,0.92,0.92,0.0,0.0,0.0,1.458191161045882,0.0,True
fixed:interoceptive>emotion_control:0002,fixed,0.40435704872310707,0.40435704872310707,0.0,0.92,0.92,0.0,0.0,0.0,1.149749547614748,0.0,True
fixed:interoceptive>emotion_control:0003,fixed,0.41074915087558483,0.41074915087558483,0.0,0.92,0.92,0.0,0.0,0.0,1.57792339890034,0.0,True
fixed:interoceptive>emotion_control:0004,fixed,0.43621181175420476,0.43621181175420476,0.0,0.92,0.92,0.0,0.0,0.0,1.6916575991020035,0.0,True
fixed:interoceptive>emotion_control:0005,fixed,0.39723241914618623,0.39723241914618623,0.0,0.92,0.92,0.0,0.0,0.0,1.5404929952629614,0.0,True
fixed:interoceptive>emotion_control:0006,fixed,0.4460511101300074,0.4460511101300074,0.0,0.92,0.92,0.0,0.0,0.0,0.8753556720261892,0.0,True
fixed:interoceptive>emotion_control:0007,fixed,0.40269658808091535,0.40269658808091535,0.0,0.92,0.92,0.0,0.0,0.0,1.1450281908875177,0.0,True
fixed:interoceptive>emotion_control:0008,fixed,0.3944961280015644,0.3944961280015644,0.0,0.92,0.92,0.0,0.0,0.0,1.1217109881919292,0.0,True
fixed:interoceptive>emotion_control:0009,fixed,0.44809589103558484,0.44809589103558484,0.0,0.92,0.92,0.0,0.0,0.0,1.7377448266436668,0.0,True
fixed:interoceptive>emotion_control:0010,fixed,0.4273064276644989,0.4273064276644989,0.0,0.92,0.92,0.0,0.0,0.0,0.8385700576786982,0.0,True
fixed:interoceptive>emotion_control:0011,fixed,0.4529784089498451,0.4529784089498451,0.0,0.92,0.92,0.0,0.0,0.0,1.7401502331896705,0.0,True
fixed:interoceptive>emotion_control:0012,fixed,0.41787184715220976,0.41787184715220976,0.0,0.92,0.92,0.0,0.0,0.0,0.0,0.0,True
fixed:interoceptive>emotion_control:0013,fixed,0.40634858272944924,0.40634858272944924,0.0,0.92,0.92,0.0,0.0,0.0,1.5610182892210118,0.0,True
fixed:motor>association:0000,fixed,0.2842268488731145,0.2842268488731145,0.0,0.82,0.82,0.0,0.0,0.0,0.20331916501458386,0.0,True
fixed:motor>association:0001,fixed,0.2999023719958583,0.2999023719958583,0.0,0.82,0.82,0.0,0.0,0.0,0.2348185082718706,0.0,True
fixed:motor>association:0002,fixed,0.2876975761576,0.2876975761576,0.0,0.82,0.82,0.0,0.0,0.0,0.2215050100134374,0.0,True
fixed:motor>association:0003,fixed,0.31205051520073285,0.31205051520073285,0.0,0.82,0.82,0.0,0.0,0.0,0.2402549003623599,0.0,True
fixed:motor>association:0004,fixed,0.29796471875062525,0.29796471875062525,0.0,0.82,0.82,0.0,0.0,0.0,0.22940992027806761,0.0,True
fixed:motor>association:0005,fixed,0.3161623345735891,0.3161623345735891,0.0,0.82,0.82,0.0,0.0,0.0,0.24754978522593185,0.0,True
fixed:motor>association:0006,fixed,0.3100414676461872,0.3100414676461872,0.0,0.82,0.82,0.0,0.0,0.0,0.2427572494695191,0.0,True
fixed:motor>association:0007,fixed,0.30863238767225026,0.30863238767225026,0.0,0.82,0.82,0.0,0.0,0.0,0.2416539635724666,0.0,True
fixed:motor>association:0008,fixed,0.27719818035882876,0.27719818035882876,0.0,0.82,0.82,0.0,0.0,0.0,0.2170415084560786,0.0,True
fixed:motor>association:0009,fixed,0.31795077670982347,0.31795077670982347,0.0,0.82,0.82,0.0,0.0,0.0,0.22744327882000676,0.0,True
fixed:motor>association:0010,fixed,0.30339267725349567,0.30339267725349567,0.0,0.82,0.82,0.0,0.0,0.0,0.17747092537265108,0.0,True
fixed:motor>association:0011,fixed,0.284572136940889,0.284572136940889,0.0,0.82,0.82,0.0,0.0,0.0,0.22281519231572092,0.0,True
fixed:motor>association:0012,fixed,0.3192302427508596,0.3192302427508596,0.0,0.82,0.82,0.0,0.0,0.0,0.2457827384627872,0.0,True
fixed:motor>association:0013,fixed,0.28384436393295503,0.28384436393295503,0.0,0.82,0.82,0.0,0.0,0.0,0.22224535830291786,0.0,True
fixed:motor>association:0014,fixed,0.3004859283033861,0.3004859283033861,0.0,0.82,0.82,0.0,0.0,0.0,0.2313510577554454,0.0,True
fixed:motor>association:0015,fixed,0.28080451610781615,0.28080451610781615,0.0,0.82,0.82,0.0,0.0,0.0,0.16425787785522253,0.0,True
fixed:motor>association:0016,fixed,0.306069755534564,0.306069755534564,0.0,0.82,0.82,0.0,0.0,0.0,0.23964746575180462,0.0,True
plastic:visual>association:0000,plastic,0.017225512463718198,0.017225512463718198,0.0,0.01,0.01,0.0,0.0,0.0,0.0,0.10396005471699686,False
plastic:visual>association:0001,plastic,0.018114474587184595,0.018114474587184595,0.0,0.01,0.01,0.0,0.0,0.0,0.0,0.10932515205105633,False
plastic:visual>association:0002,plastic,0.017265610272434635,0.017265610272434635,0.0,0.01,0.01,0.0,0.0,0.0,0.0,0.10365841360731344,False
plastic:visual>association:0003,plastic,0.018937092232118084,0.018937092232118084,0.0,0.01,0.01,0.0,0.0,0.0,0.0,0.115613900656209,False
plastic:visual>association:0004,plastic,0.017750729625650385,0.017750729625650385,0.0,0.01,0.01,0.0,0.0,0.0,0.0,0.09426603445707146,False
plastic:visual>association:0005,plastic,0.018092641967474125,0.018092641967474125,0.0,0.01,0.01,0.0,0.0,0.0,0.0,0.09024544556709668,False
plastic:visual>association:0006,plastic,0.018438391980777007,0.018438394256894586,2.276117579136372e-09,0.01,0.010000001593282305,3.5955666371539484e-09,0.0018137217112052053,1.8340484448256247e-10,0.0015516225889460691,0.10767454684905059,False
plastic:visual>association:0007,plastic,0.018828046322151345,0.018828046322151345,0.0,0.01,0.01,0.0,0.0,0.0,0.0,0.11418191537112594,False
plastic:visual>association:0008,plastic,0.017171104068325217,0.016844414573741667,-0.00032668949458354926,0.01,0.009918327626354112,0.0,0.037353305189132865,0.0,0.029840745269738442,0.10305517410462225,False
plastic:visual>association:0009,plastic,0.018154295978987517,0.018154295978987517,0.0,0.01,0.01,0.0,0.0,0.0,0.0,0.09055297355278434,False
plastic:visual>association:0010,plastic,0.01864099930976395,0.01864099930976395,0.0,0.01,0.01,0.0,0.0,0.0,0.0,0.107786378539726,False
plastic:visual>association:0011,plastic,0.019434520939120938,0.019434520939120938,0.0,0.01,0.01,0.0,0.0,0.0,0.0,0.1056488003482784,False
plastic:visual>association:0012,plastic,0.0176608728542407,0.0176608728542407,0.0,0.01,0.01,0.0,0.0,0.0,0.0,0.09277634807885635,False
plastic:visual>association:0013,plastic,0.01898574826930697,0.018954171376915997,-3.1576892390972056e-05,0.01,0.009992105776902257,0.0,0.003608803368114445,0.0,0.002960205671633222,0.12324950775155412,False
plastic:visual>association:0014,plastic,0.016632592459359583,0.016632592459359583,0.0,0.01,0.01,0.0,0.0034653912817560755,0.0,0.0030408675750155725,0.08613937901121026,False
plastic:visual>association:0015,plastic,0.01705980057821783,0.01705980057821783,0.0,0.01,0.01,0.0,0.0,0.0,0.0,0.10475556058100245,False
plastic:visual>association:0016,plastic,0.019271934464443218,0.019271934464443218,0.0,0.01,0.01,0.0,0.0,0.0,0.0,0.12655039611155836,False
plastic:visual>association:0017,plastic,0.018679165202667707,0.018679165202667707,0.0,0.01,0.01,0.0,0.016890380633602327,0.0,0.01394934841734058,0.11061979026937083,False
plastic:visual>association:0018,plastic,0.018117741625355302,0.018117741625355302,0.0,0.01,0.01,0.0,0.003308349273548952,0.0,0.0028324913151650975,0.11490308297336302,False
plastic:visual>association:0019,plastic,0.01859616074765344,0.018705215253276224,0.00010905450562278401,0.01,0.010076338153935948,0.0001610397776385114,0.0068609724865232175,7.79347533850827e-06,0.00603552229444296,0.11342818707201567,False
plastic:visual>association:0020,plastic,0.01712538740038907,0.01712538740038907,0.0,0.01,0.01,0.0,0.002785720004709255,0.0,0.002630373330947782,0.11794466841516299,False
plastic:visual>association:0021,plastic,0.019398623337795656,0.019398623337795656,0.0,0.01,0.01,0.0,0.0,0.0,0.0,0.12333562832058206,False
plastic:visual>association:0022,plastic,0.01943965596041974,0.01943965596041974,0.0,0.01,0.01,0.0,0.0,0.0,0.0,0.1126592918599753,False
plastic:visual>association:0023,plastic,0.01731033985459741,0.016926427662466263,-0.00038391219213114794,0.01,0.009904021951967214,0.0,0.043903866326205375,0.0,0.036722227519601046,0.10799598070673279,False
plastic:visual>association:0024,plastic,0.018088273007280452,0.018088273007280452,0.0,0.01,0.01,0.0,0.0,0.0,0.0,0.09904418709828947,False
plastic:visual>association:0025,plastic,0.017955386313566118,0.017955386313566118,0.0,0.01,0.01,0.0,0.0,0.0,0.0,0.09213552462050595,False
plastic:visual>association:0026,plastic,0.01887924949108464,0.01883428784130173,-4.496164978290765e-05,0.01,0.009988759587554274,0.0,0.005138519486903952,0.0,0.004505839302766828,0.09137823901413088,False
plastic:visual>association:0027,plastic,0.01745944189076134,0.01745944189076134,0.0,0.01,0.01,0.0,0.0,0.0,0.0,0.08959065597887679,False
plastic:visual>association:0028,plastic,0.017336627620924656,0.017336627620924656,0.0,0.01,0.01,0.0,0.0,0.0,0.0,0.10794200230210606,False
plastic:visual>association:0029,plastic,0.018742479943182986,0.018711774170218045,-3.070577296494098e-05,0.01,0.009992323556758765,0.0,0.0035092456011471176,0.0,0.0031658721390779745,0.12584728772343104,False
plastic:visual>association:0030,plastic,0.01752952896754471,0.01752952896754471,0.0,0.01,0.01,0.0,0.02411443839340502,0.0,0.01901400778000809,0.11388412517187677,False
plastic:visual>association:0031,plastic,0.017916465260809027,0.01790143668646575,-1.5028574343278062e-05,0.01,0.009996242856414182,0.0,0.0017175530424359624,0.0,0.0015077015523762242,0.10462665508497729,False
plastic:visual>association:0032,plastic,0.01849155861259452,0.01849155861259452,0.0,0.01,0.01,0.0,0.006012889846554345,0.0,0.004981063541026598,0.1050257004397216,False
plastic:visual>association:0033,plastic,0.01873140108102309,0.01873140108102309,0.0,0.01,0.01,0.0,0.0,0.0,0.0,0.12483063779377003,False
plastic:visual>association:0034,plastic,0.018750794370834045,0.018750794370834045,0.0,0.01,0.01,0.0,0.0,0.0,0.0,0.10835076080121381,False
plastic:visual>association:0035,plastic,0.016891116434658546,0.016550752353226242,-0.0003403640814323046,0.01,0.009914908979641923,0.0,0.038918389396276364,0.0,0.03278858536744182,0.11016654317188634,False
plastic:visual>association:0036,plastic,0.017820647436429728,0.017455448012055994,-0.00036519942437373415,0.01,0.009908700143906567,0.0,0.04176133753442474,0.0,0.03459296619218831,0.11622909194611136,False
plastic:visual>association:0037,plastic,0.01918622033993095,0.019159139314399793,-2.7081025531155295e-05,0.01,0.009993229743617212,0.0,0.0030949842285895807,0.0,0.0029469069004941575,0.13213788063457182,False
plastic:visual>association:0038,plastic,0.017809395988989733,0.0176644542787701,-0.00014494171021963223,0.01,0.009963764572445091,0.0,0.01656628220881485,0.0,0.015015408465710142,0.11029561753098166,False
plastic:visual>association:0039,plastic,0.01795517419232212,0.0175915989173352,-0.00036357527498692005,0.01,0.00990910618125327,0.0,0.04157539799637518,0.0,0.03574194304786739,0.12113738791083609,False
plastic:visual>association:0040,plastic,0.01917348059656834,0.01917348059656834,0.0,0.01,0.01,0.0,0.0,0.0,0.0,0.11263373667073379,False
plastic:visual>association:0041,plastic,0.017845121655085432,0.017845121655085432,0.0,0.01,0.01,0.0,0.0,0.0,0.0,0.09916473804078331,False
plastic:visual>association:0042,plastic,0.017633134136255987,0.017633134136255987,0.0,0.01,0.01,0.0,0.0,0.0,0.0,0.10186827401298107,False
plastic:visual>association:0043,plastic,0.017951358920988918,0.01748916964768764,-0.0004621892733012792,0.01,0.00988445268167468,0.0,0.05287083995294461,0.0,0.04449410766125096,0.11049350690585297,False
plastic:visual>association:0044,plastic,0.017102796812565393,0.017102796812565393,0.0,0.01,0.01,0.0,0.0,0.0,0.0,0.10441188871475249,False
plastic:visual>association:0045,plastic,0.016700345828568115,0.016700345828568115,0.0,0.01,0.01,0.0,0.0,0.0,0.0,0.10758882846923276,False
plastic:visual>association:0046,plastic,0.019371379006195302,0.019371379006195302,0.0,0.01,0.01,0.0,0.0,0.0,0.0,0.12940332007530952,False
plastic:visual>association:0047,plastic,0.016945910285687097,0.016945910285687097,0.0,0.01,0.01,0.0,0.0,0.0,0.0,0.09789811720608288,False
plastic:visual>association:0048,plastic,0.01719542176261762,0.01719542176261762,0.0,0.01,0.01,0.0,0.01665952576400361,0.0,0.014497756221799392,0.10649320522639352,False
plastic:visual>association:0049,plastic,0.0184229881585993,0.0184229881585993,0.0,0.01,0.01,0.0,0.0,0.0,0.0,0.11411022966462361,False
plastic:visual>association:0050,plastic,0.017038890178323933,0.017038890178323933,0.0,0.01,0.01,0.0,0.0002723811205515477,0.0,0.0002430421643048768,0.11169677112499292,False
plastic:visual>association:0051,plastic,0.017331010743257894,0.017331010743257894,0.0,0.01,0.01,0.0,0.0,0.0,0.0,0.10048592074437757,False
plastic:visual>association:0052,plastic,0.017441706800735472,0.017441706800735472,0.0,0.01,0.01,0.0,0.0,0.0,0.0,0.10275579568427307,False
plastic:visual>association:0053,plastic,0.01662877159594436,0.01662877159594436,0.0,0.01,0.01,0.0,0.0,0.0,0.0,0.10071306550120779,False
plastic:visual>association:0054,plastic,0.017405002725029883,0.017405002725029883,0.0,0.01,0.01,0.0,0.0,0.0,0.0,0.0924300364663447,False
plastic:visual>association:0055,plastic,0.017930729094626504,0.017930729094626504,0.0,0.01,0.01,0.0,0.0,0.0,0.0,0.09722390674264436,False
plastic:visual>association:0056,plastic,0.017862279667637076,0.017862279667637076,0.0,0.01,0.01,0.0,0.0,0.0,0.0,0.09637588608231812,False
plastic:visual>association:0057,plastic,0.017646334121058125,0.017254991216117746,-0.00039134290494037896,0.01,0.009902164273764906,0.0,0.04475476059224619,0.0,0.03947632926559298,0.10836537301733393,False
plastic:visual>association:0058,plastic,0.017047478425999067,0.017047478425999067,0.0,0.01,0.01,0.0,0.0,0.0,0.0,0.10218819904901673,False
plastic:visual>association:0059,plastic,0.01846054951247405,0.01846054951247405,0.0,0.01,0.01,0.0,0.0,0.0,0.0,0.10272977779085404,False
plastic:visual>association:0060,plastic,0.01709773405592109,0.017097740256179675,6.200258584332374e-09,0.01,0.010000004340181008,9.825493770519768e-09,0.003977543477110977,4.754788082539232e-10,0.0034788859819471062,0.11165508624023583,False
plastic:visual>association:0061,plastic,0.0174864746248751,0.0174864746248751,0.0,0.01,0.01,0.0,0.004554395346787491,0.0,0.0036706507359871533,0.09934739294781637,False
plastic:visual>association:0062,plastic,0.016940643525104545,0.016940643525104545,0.0,0.01,0.01,0.0,0.0,0.0,0.0,0.0869285155627759,False
plastic:visual>association:0063,plastic,0.016893141642682668,0.016723270661781687,-0.00016987098090098102,0.01,0.009957532254774755,0.0,0.019416265942459047,0.0,0.015430943328039315,0.10897702337730776,False
plastic:visual>association:0064,plastic,0.019231142396511906,0.019231142396511906,0.0,0.01,0.01,0.0,0.0,0.0,0.0,0.1162899165517166,False
plastic:visual>association:0065,plastic,0.017661415354143048,0.016516017591078312,-0.0011453977630647358,0.01,0.009713650559233816,0.0,0.13165807756417197,0.0,0.11018654282497692,0.12758568914423613,False
plastic:visual>association:0066,plastic,0.018095588543195495,0.018095588543195495,0.0,0.01,0.01,0.0,0.0,0.0,0.0,0.11050195735302633,False
plastic:visual>association:0067,plastic,0.01820182008314849,0.01820182008314849,0.0,0.01,0.01,0.0,0.0,0.0,0.0,0.09966592571436465,False
plastic:visual>association:0068,plastic,0.01695469534381794,0.01695469534381794,0.0,0.01,0.01,0.0,0.036019416410240035,0.0,0.029176920945223412,0.10287088401751351,False
plastic:visual>association:0069,plastic,0.01914401176384549,0.01914401176384549,0.0,0.01,0.01,0.0,0.0,0.0,0.0,0.11352242192138282,False
plastic:visual>association:0070,plastic,0.018083186050911828,0.018083186050911828,0.0,0.01,0.01,0.0,0.0,0.0,0.0,0.10913631831099883,False
plastic:visual>association:0071,plastic,0.01723958822422794,0.01723958822422794,0.0,0.01,0.01,0.0,0.0,0.0,0.0,0.0915515954466718,False
plastic:visual>association:0072,plastic,0.017451561346353495,0.017413011924929875,-3.854942142362053e-05,0.01,0.009990362644644094,0.0,0.004405676667187031,0.0,0.0035178404089877655,0.1105165215999419,False
plastic:visual>association:0073,plastic,0.016662538741513418,0.01643209588170324,-0.00023044285981017876,0.01,0.009942389285047456,0.0,0.02634241834799965,0.0,0.02126806130506944,0.09783880556634143,False
plastic:visual>association:0074,plastic,0.018832560529750346,0.018832560529750346,0.0,0.01,0.01,0.0,0.0,0.0,0.0,0.09389794877954076,False
plastic:visual>association:0075,plastic,0.01927076482935691,0.01887998300942702,-0.00039078181992988764,0.01,0.009902304545017528,0.0,0.04469050825017974,0.0,0.03836078512199843,0.13001322568457904,False
plastic:visual>association:0076,plastic,0.01694115023817903,0.01694115023817903,0.0,0.01,0.01,0.0,0.0,0.0,0.0,0.09427458258019998,False
plastic:visual>association:0077,plastic,0.01839793249805029,0.01800961306635708,-0.0003883194316932105,0.01,0.009902920142076698,0.0,0.04440853356563406,0.0,0.038425143997141045,0.1320082249650947,False
plastic:visual>association:0078,plastic,0.01845118567215949,0.01845118567215949,0.0,0.01,0.01,0.0,0.0,0.0,0.0,0.09199643800052057,False
plastic:visual>association:0079,plastic,0.01768073179509886,0.01768073179509886,0.0,0.01,0.01,0.0,0.0,0.0,0.0,0.10623607549595998,False
plastic:visual>association:0080,plastic,0.017087814745865473,0.017087814745865473,0.0,0.01,0.01,0.0,0.0,0.0,0.0,0.0992804638934805,False
plastic:visual>association:0081,plastic,0.01786511277951065,0.01786511277951065,0.0,0.01,0.01,0.0,0.0,0.0,0.0,0.1040885317867975,False
plastic:visual>association:0082,plastic,0.01798374223030501,0.017560747424800533,-0.00042299480550447854,0.01,0.00989425129862388,0.0,0.04837997458965991,0.0,0.037463621954660055,0.12112731369944572,False
plastic:visual>association:0083,plastic,0.017574671668517505,0.017176821669759704,-0.0003978499987578009,0.01,0.009900537500310549,0.0,0.04549994398289366,0.0,0.03885684275692228,0.11218770864888186,False
plastic:visual>association:0084,plastic,0.019345394263343297,0.01896647366565751,-0.0003789205976857876,0.01,0.009905269850578553,0.0,0.0433323123488835,0.0,0.03409030447119862,0.11261786023250757,False
plastic:visual>association:0085,plastic,0.01781375551646612,0.01781375551646612,0.0,0.01,0.01,0.0,0.004840627371139624,0.0,0.004105875959122818,0.11779640196293524,False
plastic:visual>association:0086,plastic,0.016645232229703415,0.016645232229703415,0.0,0.01,0.01,0.0,0.0,0.0,0.0,0.09977700289750376,False
plastic:visual>association:0087,plastic,0.01733491444590644,0.017312227551063836,-2.2686894842603722e-05,0.01,0.00999432827628935,0.0,0.00259279379208392,0.0,0.00241782572772649,0.10920274038493169,False
plastic:visual>association:0088,plastic,0.018583820533165537,0.018583820533165537,0.0,0.01,0.01,0.0,0.0,0.0,0.0,0.1198473056263992,False
plastic:visual>association:0089,plastic,0.0169321327324874,0.0169321327324874,0.0,0.01,0.01,0.0,0.0,0.0,0.0,0.10974547127391782,False
plastic:visual>association:0090,plastic,0.017072892144227286,0.02179072964005287,0.0047178374958255845,0.01,0.013302486247077909,0.006671743468488,0.03581247435384058,0.0003393766887857347,0.029726454907639605,0.11110702305237413,False
plastic:visual>association:0091,plastic,0.018401530291420155,0.018401530291420155,0.0,0.01,0.01,0.0,0.043167748491549945,0.0,0.03843265819626769,0.13203403973078093,False
plastic:visual>association:0092,plastic,0.017044763400545115,0.017692349250311486,0.000647585849766371,0.01,0.01045331009483646,0.0009817949821000532,0.021721811963220414,4.9464013445558116e-05,0.01848819009948307,0.11073474776342436,False
plastic:visual>association:0093,plastic,0.016811537561342727,0.016811537561342727,0.0,0.01,0.01,0.0,0.0,0.0,0.0,0.09720802631394204,False
plastic:visual>association:0094,plastic,0.018919751128299956,0.018942582162943655,2.2831034643698567e-05,0.01,0.01001598172425059,3.525344570523466e-05,0.0054321177177086245,1.7544722087332202e-06,0.004741768010177184,0.11300560501624912,False
plastic:visual>association:0095,plastic,0.019276711295708716,0.019276711295708716,0.0,0.01,0.01,0.0,0.0,0.0,0.0,0.11535357692784141,False
plastic:visual>association:0096,plastic,0.016859439644145394,0.016859439644145394,0.0,0.01,0.01,0.0,0.0,0.0,0.0,0.09822912068710092,False
plastic:visual>association:0097,plastic,0.01728261972130269,0.01728261972130269,0.0,0.01,0.01,0.0,0.0029423228736677872,0.0,0.0026392231991000555,0.11696633146480526,False
plastic:visual>association:0098,plastic,0.017969312467104096,0.017969312467104096,0.0,0.01,0.01,0.0,0.0,0.0,0.0,0.10316411458226875,False
plastic:visual>association:0099,plastic,0.01786423074791012,0.01784482789925147,-1.9402848658651994e-05,0.01,0.009995149287835337,0.0,0.0022174720526959026,0.0,0.0018823348379259175,0.1169397579805059,False
plastic:visual>association:0100,plastic,0.018144447376664256,0.01791875104163891,-0.0002256963350253452,0.01,0.009943575916243664,0.0,0.02579958956719151,0.0,0.01968100022668002,0.1178790668046107,False
plastic:visual>association:0101,plastic,0.016992608163606145,0.016992608163606145,0.0,0.01,0.01,0.0,0.0,0.0,0.0,0.08719516475352275,False
plastic:visual>association:0102,plastic,0.017229069775002596,0.017229069775002596,0.0,0.01,0.01,0.0,0.0,0.0,0.0,0.10630169807714186,False
plastic:visual>association:0103,plastic,0.017580251948761817,0.017580251948761817,0.0,0.01,0.01,0.0,0.004154333425600273,0.0,0.0036846059867647846,0.10087530717653385,False
plastic:visual>association:0104,plastic,0.0168236438929422,0.0168236438929422,0.0,0.01,0.01,0.0,0.0,0.0,0.0,0.11149411886701795,False
plastic:visual>association:0105,plastic,0.017467597111857372,0.017467597111857372,0.0,0.01,0.01,0.0,0.0,0.0,0.0,0.10172579496061712,False
plastic:visual>association:0106,plastic,0.017373997737271017,0.017373997737271017,0.0,0.01,0.01,0.0,0.0,0.0,0.0,0.08915221139349697,False
plastic:visual>association:0107,plastic,0.01832670054970287,0.01832670054970287,0.0,0.01,0.01,0.0,0.0,0.0,0.0,0.12145521758137198,False
plastic:audio>association:0000,plastic,0.018840967589956285,0.01829127785999771,-0.0005496897299585753,0.01,0.009862577567510356,0.0,0.06290452293416153,0.0,0.05274514877907499,0.10435790853432812,False
plastic:audio>association:0001,plastic,0.018856445471223813,0.018856445471223813,0.0,0.01,0.01,0.0,0.0,0.0,0.0,0.11748024017129129,False
plastic:audio>association:0002,plastic,0.0177367522450566,0.017736449650396096,-3.0259466050550077e-07,0.01,0.009999924351334875,0.0,3.458224692864149e-05,0.0,3.031481689528509e-05,0.1121834510093337,False
plastic:audio>association:0003,plastic,0.017355787496660564,0.017355787496660564,0.0,0.01,0.01,0.0,0.035053743165693464,0.0,0.03014800452145747,0.10730077429483044,False
plastic:audio>association:0004,plastic,0.018758611007842003,0.018051532562021202,-0.0007070784458208003,0.01,0.009823230388544801,0.0,0.080985554214405,0.0,0.07186361877447957,0.11544297647207757,False
plastic:audio>association:0005,plastic,0.018931051730119417,0.0189280805094329,-2.9712206865185886e-06,0.01,0.00999925719482837,0.0,0.00033956809151078663,0.0,0.00030757108565377647,0.11310143066446685,False
plastic:audio>association:0006,plastic,0.017001931692845813,0.017001931692845813,0.0,0.01,0.01,0.0,0.04449749695245723,0.0,0.03721507864701204,0.09252223042946357,False
plastic:audio>association:0007,plastic,0.016575118707068827,0.015944851492635106,-0.0006302672144337211,0.01,0.009842433196391569,0.0,0.07215550242063043,0.0,0.06242538529720773,0.10832175941277453,False
plastic:audio>association:0008,plastic,0.01907353271170449,0.01851085751377944,-0.0005626751979250499,0.01,0.009859331200518738,0.0,0.06439459710807278,0.0,0.05339621310944264,0.1056460594526817,False
plastic:audio>association:0009,plastic,0.018357563585913745,0.018357563585913745,0.0,0.01,0.01,0.0,0.0,0.0,0.0,0.11437208472424416,False
plastic:audio>association:0010,plastic,0.017021191358299607,0.017021191358299607,0.0,0.01,0.01,0.0,0.0,0.0,0.0,0.0987495987897489,False
plastic:audio>association:0011,plastic,0.018940848723118665,0.018182672343443267,-0.0007581763796753981,0.01,0.00981045590508115,0.0,0.08686656420606785,0.0,0.07133522240733951,0.1237822844420668,False
plastic:audio>association:0012,plastic,0.01680139377050465,0.01680139377050465,0.0,0.01,0.01,0.0,0.0003242813828845474,0.0,0.0002729707253543127,0.10037802968853606,False
plastic:audio>association:0013,plastic,0.01823269074039689,0.01823269074039689,0.0,0.01,0.01,0.0,0.0,0.0,0.0,0.10609989400404235,False
plastic:audio>association:0014,plastic,0.018685888326184313,0.018682989052907353,-2.89927327696074e-06,0.01,0.009999275181680761,0.0,0.00033134552949297023,0.0,0.0003035879379984919,0.11163672959413419,False
plastic:audio>association:0015,plastic,0.01706843784961201,0.01706843784961201,0.0,0.01,0.01,0.0,0.00028012784753590075,0.0,0.0002542939458109371,0.08577199455925698,False
plastic:audio>association:0016,plastic,0.019418503437021038,0.019418503437021038,0.0,0.01,0.01,0.0,0.06434151819628639,0.0,0.054361956091822476,0.10755681181864822,False
plastic:audio>association:0017,plastic,0.017696244433794958,0.017696244433794958,0.0,0.01,0.01,0.0,0.0767157106550648,0.0,0.06664778072582352,0.11564854321373194,False
plastic:audio>association:0018,plastic,0.01829439198744095,0.01812779969474166,-0.00016659229269928855,0.01,0.009958351926825178,0.0,0.019041420150549514,0.0,0.015678297444886663,0.11988482279487155,False
plastic:audio>association:0019,plastic,0.016844097922131446,0.016844097922131446,0.0,0.01,0.01,0.0,0.0,0.0,0.0,0.09801937791728006,False
plastic:audio>association:0020,plastic,0.018058433399522924,0.018058433399522924,0.0,0.01,0.01,0.0,0.024152633018584637,0.0,0.019584504488282806,0.10975163894225083,False
plastic:audio>association:0021,plastic,0.019321084221365647,0.019320757831387557,-3.263899780898971e-07,0.01,0.009999918402505479,0.0,3.730171179890288e-05,0.0,3.302268207260579e-05,0.12220421615230544,False
plastic:audio>association:0022,plastic,0.01717195628545349,0.01717195628545349,0.0,0.01,0.01,0.0,0.07871320879200588,0.0,0.06467320122232843,0.11222221392636503,False
plastic:audio>association:0023,plastic,0.01934855146373991,0.019345441669120823,-3.1097946190869474e-06,0.01,0.009999222551345228,0.0,0.00035540511428821815,0.0,0.00031435416607426413,0.11559573567444079,False
plastic:audio>association:0024,plastic,0.019054449827232735,0.019054449827232735,0.0,0.01,0.01,0.0,0.0,0.0,0.0,0.11054568602104034,False
plastic:audio>association:0025,plastic,0.01773955594354649,0.017544751720092993,-0.00019480422345349857,0.01,0.009951298944136626,0.0,0.022267019239102633,0.0,0.019238679530512802,0.10781363454060262,False
plastic:audio>association:0026,plastic,0.01770324146679976,0.01770324146679976,0.0,0.01,0.01,0.0,0.07725910931544092,0.0,0.0666741330246505,0.11569427024224646,False
plastic:audio>association:0027,plastic,0.018218252479386455,0.017882508327599515,-0.0003357441517869396,0.01,0.009916063962053264,0.0,0.03838960814207827,0.0,0.03164615597115814,0.1126328953793084,False
plastic:audio>association:0028,plastic,0.018310342835667612,0.018310342835667612,0.0,0.01,0.01,0.0,0.060615874602071504,0.0,0.051259668722003215,0.10141884028798034,False
plastic:audio>association:0029,plastic,0.016822479194592396,0.016822479194592396,0.0,0.01,0.01,0.0,0.04298470473609919,0.0,0.036822279819410914,0.09154567401843353,False
plastic:audio>association:0030,plastic,0.017455965286719343,0.017455673574221942,-2.9171249740084226e-07,0.01,0.00999992707187565,0.0,3.3338571143946575e-05,0.0,2.98349091246305e-05,0.110407497353925,False
plastic:audio>association:0031,plastic,0.018448841110344873,0.017685607657412557,-0.0007632334529323152,0.01,0.009809191636766922,0.0,0.08744891697012253,0.0,0.07067690053546723,0.1135366114979561,False
plastic:audio>association:0032,plastic,0.018841432991131703,0.018841432991131703,0.0,0.01,0.01,0.0,0.0,0.0,0.0,0.11738670877008013,False
plastic:audio>association:0033,plastic,0.018158970440295477,0.018158970440295477,0.0,0.01,0.01,0.0,3.4375972495223634e-05,0.0,3.1036452237634296e-05,0.11485394522193855,False
plastic:audio>association:0034,plastic,0.016849864941849976,0.016533980954693377,-0.00031588398715659896,0.01,0.009921029003210851,0.0,0.03611672267781958,0.0,0.029269187845874664,0.10417294838230173,False
plastic:audio>association:0035,plastic,0.0186139045348461,0.018608540726153443,-5.3638086926557915e-06,0.01,0.009998659047826836,0.0,0.0006130067845166286,0.0,0.0005333132004399559,0.11348848580862074,False
plastic:audio>association:0036,plastic,0.017454380247038725,0.016940300367175625,-0.0005140798798630997,0.01,0.009871480030034225,0.0,0.05881972657586251,0.0,0.04886340781496677,0.09667776395490718,False
plastic:audio>association:0037,plastic,0.017602045256942027,0.017602045256942027,0.0,0.01,0.01,0.0,0.0,0.0,0.0,0.10966502183283852,False
plastic:audio>association:0038,plastic,0.018122101209802295,0.018122101209802295,0.0,0.01,0.01,0.0,0.0,0.0,0.0,0.10545635007291844,False
plastic:audio>association:0039,plastic,0.0167883319206772,0.0167883319206772,0.0,0.01,0.01,0.0,0.020214466991998598,0.0,0.018207070047392387,0.10203249100497874,False
plastic:audio>association:0040,plastic,0.017321803204458298,0.017320976085970417,-8.271184878810844e-07,0.01,0.00999979322037803,0.0,9.452782746795986e-05,0.0,8.673894855507635e-05,0.10541717861275969,False
plastic:audio>association:0041,plastic,0.018017202275880786,0.017705815500582586,-0.00031138677529820094,0.01,0.00992215330617545,0.0,0.03560209440483286,0.0,0.031296920164629906,0.11138991850416279,False
plastic:audio>association:0042,plastic,0.017331435412292314,0.01732638654558844,-5.048866703872418e-06,0.01,0.009998737783324033,0.0,0.000577013401623085,0.0,0.000496568748950255,0.10566930533831838,False
plastic:audio>association:0043,plastic,0.016905639607721925,0.016252509223502215,-0.0006531303842197099,0.01,0.009836717403945074,0.0,0.07478256682099806,0.0,0.06367019656744322,0.11048178047290533,False
plastic:audio>association:0044,plastic,0.01695039812841309,0.01694956486952107,-8.332588920210993e-07,0.01,0.009999791685276994,0.0,9.522958794759918e-05,0.0,8.487913722920428e-05,0.1031568784132362,False
plastic:audio>association:0045,plastic,0.018361666626299348,0.018361666626299348,0.0,0.01,0.01,0.0,0.0003452207478312271,0.0,0.0002983203373576106,0.10969970366275848,False
plastic:audio>association:0046,plastic,0.01865363578485511,0.01865363578485511,0.0,0.01,0.01,0.0,0.0,0.0,0.0,0.1085494624870742,False
plastic:audio>association:0047,plastic,0.01879553573695128,0.01879553573695128,0.0,0.01,0.01,0.0,0.0,0.0,0.0,0.10937520840088094,False
plastic:audio>association:0048,plastic,0.017908055550200745,0.017904240552033893,-3.814998166852546e-06,0.01,0.009999046250458287,0.0,0.00043599981812467387,0.0,0.0003833581468758909,0.09296894683590877,False
plastic:audio>association:0049,plastic,0.01738288784035148,0.01718875430302964,-0.0001941335373218389,0.01,0.00995146661566954,0.0,0.02219033151544684,0.0,0.018851870336530647,0.10564595432061684,False
plastic:audio>association:0050,plastic,0.016864922307579806,0.016862165266677453,-2.757040902353486e-06,0.01,0.009999310739774411,0.0,0.0003150903992681156,0.0,0.0002740028677517217,0.10075757375896874,False
plastic:audio>association:0051,plastic,0.01806637402302931,0.018061060457108768,-5.313565920542912e-06,0.01,0.009998671608519864,0.0,0.0006072647512805774,0.0,0.000517625720736335,0.11015020669561783,False
plastic:audio>association:0052,plastic,0.018970018487746553,0.01896722879043115,-2.789697315402906e-06,0.01,0.00999930257567115,0.0,0.00031882256113437645,0.0,0.00028262462539682,0.0953277820065406,False
plastic:audio>association:0053,plastic,0.017801782386377942,0.017801782386377942,0.0,0.01,0.01,0.0,0.0,0.0,0.0,0.11090943271468083,False
plastic:association>association:0000,plastic,0.02044140785761888,0.02044140785761888,0.0,0.01,0.01,0.0,0.0,0.0,0.0,0.0,False
plastic:association>association:0001,plastic,0.020605328402742075,0.020605328402742075,0.0,0.01,0.01,0.0,0.0,0.0,0.0,0.004938426897469081,False
plastic:association>association:0002,plastic,0.019985760568900234,0.019985760568900234,0.0,0.01,0.01,0.0,0.0,0.0,0.0,0.009850535901687649,False
plastic:association>association:0003,plastic,0.02106078956787825,0.02106078956787825,0.0,0.01,0.01,0.0,0.0,0.0,0.0,0.0,False
plastic:association>association:0004,plastic,0.02068951152315427,0.02068951152315427,0.0,0.01,0.01,0.0,0.0,0.0,0.0,0.002323569790373241,False
plastic:association>association:0005,plastic,0.019523174610819056,0.019523174610819056,0.0,0.01,0.01,0.0,0.0,0.0,0.0,0.0038698533187850703,False
plastic:association>association:0006,plastic,0.01929171856881527,0.01929171856881527,0.0,0.01,0.01,0.0,0.0,0.0,0.0,0.022559196233239685,False
plastic:association>association:0007,plastic,0.020177249402550994,0.020177249402550994,0.0,0.01,0.01,0.0,0.0,0.0,0.0,0.004835830287142599,False
plastic:association>association:0008,plastic,0.02070730671040755,0.02070730671040755,0.0,0.01,0.01,0.0,0.0,0.0,0.0,0.0,False
plastic:association>association:0009,plastic,0.019934241605027096,0.019934241605027096,0.0,0.01,0.01,0.0,0.0,0.0,0.0,0.009825143352752598,False
plastic:association>association:0010,plastic,0.020680718471070204,0.020680718471070204,0.0,0.01,0.01,0.0,0.0,0.0,0.0,0.0,False
plastic:association>association:0011,plastic,0.018870405104460312,0.018870405104460312,0.0,0.01,0.01,0.0,0.0,0.0,0.0,0.0,False
plastic:association>association:0012,plastic,0.020197619707809696,0.020197619707809696,0.0,0.01,0.01,0.0,0.0,0.0,0.0,0.0,False
plastic:association>association:0013,plastic,0.019430534389189673,0.019430534389189673,0.0,0.01,0.01,0.0,0.0,0.0,0.0,0.0,False
plastic:association>association:0014,plastic,0.02033284689131996,0.02033284689131996,0.0,0.01,0.01,0.0,0.0,0.0,0.0,0.0,False
plastic:association>association:0015,plastic,0.018848773039379933,0.018848773039379933,0.0,0.01,0.01,0.0,0.0,0.0,0.0,0.0,False
plastic:association>association:0016,plastic,0.018668317056067245,0.018668317056067245,0.0,0.01,0.01,0.0,0.0,0.0,0.0,0.0,False
plastic:association>association:0017,plastic,0.020544332024115458,0.020544332024115458,0.0,0.01,0.01,0.0,0.0,0.0,0.0,0.0,False
plastic:association>association:0018,plastic,0.018593451125675134,0.018593451125675134,0.0,0.01,0.01,0.0,0.0,0.0,0.0,0.0,False
plastic:association>association:0019,plastic,0.01878497121493501,0.01878497121493501,0.0,0.01,0.01,0.0,0.0,0.0,0.0,0.0,False
plastic:association>association:0020,plastic,0.01941243665762555,0.01941243665762555,0.0,0.01,0.01,0.0,0.0,0.0,0.0,0.062070612685868075,False
plastic:association>association:0021,plastic,0.02107716987027551,0.02107716987027551,0.0,0.01,0.01,0.0,0.0,0.0,0.0,0.0,False
plastic:association>association:0022,plastic,0.018569384332000487,0.018569384332000487,0.0,0.01,0.01,0.0,0.0,0.0,0.0,0.003680794492570119,False
plastic:association>association:0023,plastic,0.01992493280219599,0.01992493280219599,0.0,0.01,0.01,0.0,0.0,0.0,0.0,0.0,False
plastic:association>association:0024,plastic,0.020303852138190134,0.020303852138190134,0.0,0.01,0.01,0.0,0.0,0.0,0.0,0.0,False
plastic:association>association:0025,plastic,0.02012470629435442,0.02012470629435442,0.0,0.01,0.01,0.0,0.0,0.0,0.0,0.0022601384055570516,False
plastic:association>association:0026,plastic,0.020141370886586005,0.020141370886586005,0.0,0.01,0.01,0.0,0.0,0.0,0.0,0.009927232758720045,False
plastic:association>association:0027,plastic,0.021493085717022322,0.021493085717022322,0.0,0.01,0.01,0.0,0.0,0.0,0.0,0.0,False
plastic:association>association:0028,plastic,0.020051841380803355,0.020051841380803355,0.0,0.01,0.01,0.0,0.0,0.0,0.0,0.0,False
plastic:association>association:0029,plastic,0.01926511152701738,0.01926511152701738,0.0,0.01,0.01,0.0,0.0001585848867889884,0.0,0.0001222173065722608,0.037428756233088514,False
plastic:association>association:0030,plastic,0.021292784366129767,0.021292784366129767,0.0,0.01,0.01,0.0,0.0,0.0,0.0,0.06808296118120637,False
plastic:association>association:0031,plastic,0.020524374708426302,0.020524374708426302,0.0,0.01,0.01,0.0,0.0,0.0,0.0,0.0,False
plastic:association>association:0032,plastic,0.018636918841740405,0.018636918841740405,0.0,0.01,0.01,0.0,0.0,0.0,0.0,0.0036941810780952377,False
plastic:association>association:0033,plastic,0.019883870146339386,0.019882573323870553,-1.296822468833947e-06,0.01,0.009999675794382792,0.0,0.00014820828323761716,0.0,0.0001261426932364312,0.03863089645933364,False
plastic:association>association:0034,plastic,0.021350940785106305,0.021350940785106305,0.0,0.01,0.01,0.0,0.0,0.0,0.0,0.024967193110213056,False
plastic:association>association:0035,plastic,0.019784856592344115,0.019784856592344115,0.0,0.01,0.01,0.0,0.0,0.0,0.0,0.0,False
plastic:association>association:0036,plastic,0.02111349306586764,0.02111349306586764,0.0,0.01,0.01,0.0,0.0,0.0,0.0,0.03442383887192411,False
plastic:association>association:0037,plastic,0.01960048667715706,0.01960048667715706,0.0,0.01,0.01,0.0,0.0,0.0,0.0,0.031957004607471515,False
plastic:association>association:0038,plastic,0.02129488977020606,0.02129488977020606,0.0,0.01,0.01,0.0,0.0,0.0,0.0,0.0,False
plastic:association>association:0039,plastic,0.01942450789086056,0.01942450789086056,0.0,0.01,0.01,0.0,0.0,0.0,0.0,0.06210921004775448,False
plastic:association>association:0040,plastic,0.019017470859809617,0.019017470859809617,0.0,0.01,0.01,0.0,0.0,0.0,0.0,0.009373287487260323,False
plastic:association>association:0041,plastic,0.020679737702436887,0.020679737702436887,0.0,0.01,0.01,0.0,0.0,0.0,0.0,0.03206552861467502,False
plastic:association>association:0042,plastic,0.020721182995301568,0.020721182995301568,0.0,0.01,0.01,0.0,0.0,0.0,0.0,0.0,False
plastic:association>association:0043,plastic,0.021184235058655777,0.0211828148062605,-1.4202523952767943e-06,0.01,0.00999964493690118,0.0,0.00016231456088571213,0.0,0.0001343921703765715,0.04115727899539608,False
plastic:association>association:0044,plastic,0.019610264069342374,0.019610264069342374,0.0,0.01,0.01,0.0,0.0,0.0,0.0,0.030407227243638223,False
plastic:association>association:0045,plastic,0.021329015981580355,0.021329015981580355,0.0,0.01,0.01,0.0,0.0,0.0,0.0,0.0,False
plastic:association>association:0046,plastic,0.02123843822714493,0.02123843822714493,0.0,0.01,0.01,0.0,0.0,0.0,0.0,0.032931836878340705,False
plastic:association>association:0047,plastic,0.01946192246336167,0.01946192246336167,0.0,0.01,0.01,0.0,0.0,0.0,0.0,0.0,False
plastic:association>association:0048,plastic,0.019173391266524863,0.019173391266524863,0.0,0.01,0.01,0.0,0.0,0.0,0.0,0.0,False
plastic:association>association:0049,plastic,0.0199206110569201,0.0199206110569201,0.0,0.01,0.01,0.0,0.0,0.0,0.0,0.009818425159415653,False
plastic:association>association:0050,plastic,0.01969621392690355,0.01969621392690355,0.0,0.01,0.01,0.0,0.0,0.0,0.0,0.03211308012802347,False
plastic:association>association:0051,plastic,0.018946511397353233,0.018946511397353233,0.0,0.01,0.01,0.0,0.0,0.0,0.0,0.0,False
plastic:association>association:0052,plastic,0.021389627508242703,0.021389627508242703,0.0,0.01,0.01,0.0,0.0,0.0,0.0,0.0,False
plastic:association>association:0053,plastic,0.02023788244076404,0.02023788244076404,0.0,0.01,0.01,0.0,0.0,0.0,0.0,0.0,False
plastic:association>association:0054,plastic,0.02123194861821252,0.02123194861821252,0.0,0.01,0.01,0.0,0.0,0.0,0.0,0.0,False
plastic:association>association:0055,plastic,0.01869037058313634,0.01869037058313634,0.0,0.01,0.01,0.0,0.0,0.0,0.0,0.0,False
plastic:association>association:0056,plastic,0.019619659128550092,0.019619659128550092,0.0,0.01,0.01,0.0,0.0,0.0,0.0,0.0,False
plastic:association>association:0057,plastic,0.020670846139682036,0.020670846139682036,0.0,0.01,0.01,0.0,0.0,0.0,0.0,0.06609433463992112,False
plastic:association>association:0058,plastic,0.018436600402794216,0.018436600402794216,0.0,0.01,0.01,0.0,0.0,0.0,0.0,0.0,False
plastic:association>association:0059,plastic,0.020129359390774794,0.020129359390774794,0.0,0.01,0.01,0.0,0.0,0.0,0.0,0.0,False
plastic:association>association:0060,plastic,0.018506786208130396,0.018506786208130396,0.0,0.01,0.01,0.0,0.0,0.0,0.0,0.0,False
plastic:association>association:0061,plastic,0.021573353659635704,0.021573353659635704,0.0,0.01,0.01,0.0,0.0,0.0,0.0,0.025227276506278044,False
plastic:association>association:0062,plastic,0.01982922071921467,0.01982922071921467,0.0,0.01,0.01,0.0,0.0,0.0,0.0,0.03232993692064919,False
plastic:association>association:0063,plastic,0.018761119188452587,0.018761119188452587,0.0,0.01,0.01,0.0,0.0,0.0,0.0,0.02909056259982275,False
plastic:association>association:0064,plastic,0.01920927510309644,0.01920927510309644,0.0,0.01,0.01,0.0,0.0,0.0,0.0,0.0,False
plastic:association>association:0065,plastic,0.021435129706794346,0.021435129706794346,0.0,0.01,0.01,0.0,0.0,0.0,0.0,0.06853810561587259,False
plastic:association>association:0066,plastic,0.019589973871883447,0.019589973871883447,0.0,0.01,0.01,0.0,0.0,0.0,0.0,0.0,False
plastic:association>association:0067,plastic,0.021369132673885884,0.021369132673885884,0.0,0.01,0.01,0.0,0.0,0.0,0.0,0.0,False
plastic:association>association:0068,plastic,0.0195818653596686,0.0195818653596686,0.0,0.01,0.01,0.0,0.0,0.0,0.0,0.0,False
plastic:association>association:0069,plastic,0.018794689949521607,0.018794689949521607,0.0,0.01,0.01,0.0,0.0,0.0,0.0,0.003725454221793761,False
plastic:association>association:0070,plastic,0.018741838298800304,0.018741838298800304,0.0,0.01,0.01,0.0,0.0,0.0,0.0,0.0,False
plastic:association>association:0071,plastic,0.021211546772162318,0.021211546772162318,0.0,0.01,0.01,0.0,0.0,0.0,0.0,0.0,False
plastic:association>association:0072,plastic,0.01972724654974689,0.01972724654974689,0.0,0.01,0.01,0.0,0.00015183223784909707,0.0,0.0001251490777001623,0.0383266040907694,False
plastic:association>association:0073,plastic,0.01973822702051296,0.01973822702051296,0.0,0.01,0.01,0.0,0.0,0.0,0.0,0.0,False
plastic:association>association:0074,plastic,0.01965270095902116,0.01965270095902116,0.0,0.01,0.01,0.0,0.0,0.0,0.0,0.0,False
plastic:association>association:0075,plastic,0.019538828956103326,0.019538828956103326,0.0,0.01,0.01,0.0,0.0,0.0,0.0,0.0,False
plastic:association>association:0076,plastic,0.01879430979102838,0.01879430979102838,0.0,0.01,0.01,0.0,0.0,0.0,0.0,0.0,False
plastic:association>prediction:0000,plastic,0.00952472430062001,0.00952472430062001,0.0,0.01,0.01,0.0,0.0,0.0,0.0,0.0,False
plastic:association>prediction:0001,plastic,0.009666982506148492,0.009666982506148492,0.0,0.01,0.01,0.0,0.0,0.0,0.0,0.0,False
plastic:association>prediction:0002,plastic,0.009558162128355334,0.009558162128355334,0.0,0.01,0.01,0.0,0.0,0.0,0.0,0.0019532000382070608,False
plastic:association>prediction:0003,plastic,0.009875605911761716,0.009875605911761716,0.0,0.01,0.01,0.0,0.0,0.0,0.0,0.0,False
plastic:association>prediction:0004,plastic,0.010318835190088372,0.010318835190088372,0.0,0.01,0.01,0.0,0.0,0.0,0.0,0.0,False
plastic:association>prediction:0005,plastic,0.010611404974583696,0.010611404974583696,0.0,0.01,0.01,0.0,0.0,0.0,0.0,0.0,False
plastic:association>prediction:0006,plastic,0.010430346986301107,0.010430346986301107,0.0,0.01,0.01,0.0,0.0,0.0,0.0,0.0,False
plastic:association>prediction:0007,plastic,0.00982847134949767,0.00982847134949767,0.0,0.01,0.01,0.0,0.0,0.0,0.0,0.0,False
plastic:association>prediction:0008,plastic,0.00999156855508758,0.00999156855508758,0.0,0.01,0.01,0.0,0.0,0.0,0.0,0.0,False
plastic:association>prediction:0009,plastic,0.010691510294334447,0.010691510294334447,0.0,0.01,0.01,0.0,0.0,0.0,0.0,0.0,False
plastic:association>prediction:0010,plastic,0.01004006680251026,0.01004006680251026,0.0,0.01,0.01,0.0,0.0,0.0,0.0,0.0,False
plastic:association>prediction:0011,plastic,0.010487716316051152,0.010487716316051152,0.0,0.01,0.01,0.0,0.0,0.0,0.0,0.0,False
plastic:association>prediction:0012,plastic,0.01017274986291014,0.01017274986291014,0.0,0.01,0.01,0.0,0.0,0.0,0.0,0.0,False
plastic:association>prediction:0013,plastic,0.009962956166456436,0.009962956166456436,0.0,0.01,0.01,0.0,0.0,0.0,0.0,0.03284146075837627,False
plastic:association>prediction:0014,plastic,0.009738714295739892,0.009738714295739892,0.0,0.01,0.01,0.0,0.0,0.0,0.0,0.0011275488727922,False
plastic:association>prediction:0015,plastic,0.010246194211688079,0.010246194211688079,0.0,0.01,0.01,0.0,0.0,0.0,0.0,0.01637888098181183,False
plastic:association>prediction:0016,plastic,0.010779749140373876,0.010779749140373876,0.0,0.01,0.01,0.0,0.0,0.0,0.0,0.0,False
plastic:association>prediction:0017,plastic,0.009971708403486563,0.009971708403486563,0.0,0.01,0.01,0.0,0.0,0.0,0.0,0.002037707769875523,False
plastic:association>prediction:0018,plastic,0.010425888183966028,0.010425888183966028,0.0,0.01,0.01,0.0,0.0,0.0,0.0,0.0,False
plastic:association>prediction:0019,plastic,0.009816601960613508,0.009816601960613508,0.0,0.01,0.01,0.0,0.0,0.0,0.0,0.002006011936923802,False
plastic:association>prediction:0020,plastic,0.010052614412616402,0.010052614412616402,0.0,0.01,0.01,0.0,0.0,0.0,0.0,0.0,False
plastic:association>prediction:0021,plastic,0.009648332870589412,0.009648332870589412,0.0,0.01,0.01,0.0,0.0,0.0,0.0,0.001971626331338695,False
plastic:association>prediction:0022,plastic,0.009605788116974778,0.009605788116974778,0.0,0.01,0.01,0.0,0.0,0.0,0.0,0.0,False
plastic:association>prediction:0023,plastic,0.010463487357773518,0.010463487357773518,0.0,0.01,0.01,0.0,0.0,0.0,0.0,0.0167262312764058,False
plastic:association>prediction:0024,plastic,0.009933668086331412,0.009933668086331412,0.0,0.01,0.01,0.0,0.0,0.0,0.0,0.0,False
plastic:association>prediction:0025,plastic,0.009298668374334362,0.009298668374334362,0.0,0.01,0.01,0.0,0.0,0.0,0.0,0.0,False
plastic:prediction>association:0000,plastic,0.017565598797805903,0.017565598797805903,0.0,0.01,0.01,0.0,0.0,0.0,0.0,0.07019009390076732,False
plastic:prediction>association:0001,plastic,0.01920085882766116,0.01920085882766116,0.0,0.01,0.01,0.0,0.0,0.0,0.0,0.08513903116040042,False
plastic:prediction>association:0002,plastic,0.017873341425553847,0.01743066917018176,-0.0004426722553720862,0.01,0.009889331936156978,0.0,0.05063434329755292,0.0,0.04636572133972629,0.07997799561403256,False
plastic:prediction>association:0003,plastic,0.017441454851871274,0.017441454851871274,0.0,0.01,0.01,0.0,0.0011366953878812489,0.0,0.0010629017064260839,0.08433819936812006,False
plastic:prediction>association:0004,plastic,0.018217676305207382,0.018217676305207382,0.0,0.01,0.01,0.0,0.0188824427259321,0.0,0.015621336287947284,0.06742469227436088,False
plastic:prediction>association:0005,plastic,0.017582212929755148,0.017582212929755148,0.0,0.01,0.01,0.0,0.0,0.0,0.0,0.05284145405657257,False
plastic:prediction>association:0006,plastic,0.018217270432763468,0.018217270432763468,0.0,0.01,0.01,0.0,0.05528475610677365,0.0,0.047257916935907925,0.08151697772013293,False
plastic:prediction>association:0007,plastic,0.018059393104875178,0.01788729910829879,-0.00017209399657638902,0.01,0.009956976500855903,0.0,0.019670421926364066,0.0,0.015485611233901004,0.06683887683358763,False
plastic:prediction>association:0008,plastic,0.018772103075684752,0.018772103075684752,0.0,0.01,0.01,0.0,0.0,0.0,0.0,0.05641754119245864,False
plastic:prediction>association:0009,plastic,0.016615598725267806,0.016615598725267806,0.0,0.01,0.01,0.0,0.0,0.0,0.0,0.07468315825668574,False
plastic:prediction>association:0010,plastic,0.01753062796767904,0.01753062796767904,0.0,0.01,0.01,0.0,0.0,0.0,0.0,0.052417215221486964,False
plastic:prediction>association:0011,plastic,0.019252799093033946,0.019252799093033946,0.0,0.01,0.01,0.0,0.013741907437644531,0.0,0.011208285383496443,0.08391418363741655,False
plastic:prediction>association:0012,plastic,0.018663596291426828,0.018663596291426828,0.0,0.01,0.01,0.0,0.0,0.0,0.0,0.05580483171614452,False
plastic:prediction>association:0013,plastic,0.016873099335793087,0.016873099335793087,0.0,0.01,0.01,0.0,0.0,0.0,0.0,0.07481745181382626,False
plastic:prediction>association:0014,plastic,0.01881245201901359,0.01881245201901359,0.0,0.01,0.01,0.0,0.0,0.0,0.0,0.06061085072777325,False
plastic:prediction>association:0015,plastic,0.017552819630378115,0.017552819630378115,0.0,0.01,0.01,0.0,0.00023428697130889798,0.0,0.0001854129324760843,0.0794331690878637,False
plastic:prediction>association:0016,plastic,0.018688840935009294,0.018688840935009294,0.0,0.01,0.01,0.0,0.02144548592326203,0.0,0.01888463305886171,0.08307587857035127,False
plastic:prediction>association:0017,plastic,0.01801209153357082,0.018010101206119598,-1.990327451222712e-06,0.01,0.009999502418137194,0.0,0.00022746599834872955,0.0,0.00019026428696886658,0.08151154871642627,False
plastic:prediction>association:0018,plastic,0.017227455204098293,0.017227455204098293,0.0,0.01,0.01,0.0,0.05979964711484894,0.0,0.04866027454712411,0.081756085101516,False
plastic:prediction>association:0019,plastic,0.018153852884059955,0.018153852884059955,0.0,0.01,0.01,0.0,0.0,0.0,0.0,0.0829236889807025,False
plastic:prediction>association:0020,plastic,0.018574978338417855,0.018574978338417855,0.0,0.01,0.01,0.0,0.0,0.0,0.0,0.05582510394981357,False
plastic:prediction>association:0021,plastic,0.01811918828695363,0.01811918828695363,0.0,0.01,0.01,0.0,0.0011989289238598384,0.0,0.0011042035376534116,0.08761538111997862,False
plastic:prediction>association:0022,plastic,0.01904355666801813,0.01904355666801813,0.0,0.01,0.01,0.0,0.0,0.0,0.0,0.07802449812609295,False
plastic:prediction>association:0023,plastic,0.019195725789550654,0.019195725789550654,0.0,0.01,0.01,0.0,0.0,0.0,0.0,0.08628021479676465,False
plastic:prediction>association:0024,plastic,0.01883356254192293,0.018336515371123158,-0.0004970471707997706,0.01,0.009875738207300058,0.0,0.056866610391471645,0.0,0.048856657066072146,0.08427470535649129,False
plastic:prediction>association:0025,plastic,0.018043543366708676,0.018043543366708676,0.0,0.01,0.01,0.0,0.019037209367982526,0.0,0.015472020362824647,0.0667802160197384,False
plastic:prediction>association:0026,plastic,0.01753810962215558,0.01753810962215558,0.0,0.01,0.01,0.0,0.0,0.0,0.0,0.0565051139150511,False
plastic:prediction>association:0027,plastic,0.019335912017936243,0.019335912017936243,0.0,0.01,0.01,0.0,0.005092332331972849,0.0,0.0038910461484610677,0.08141715520162214,False
plastic:prediction>association:0028,plastic,0.01729011105684132,0.01729011105684132,0.0,0.01,0.01,0.0,0.05430057530628338,0.0,0.044852747570091424,0.07736820963388169,False
plastic:prediction>association:0029,plastic,0.01684596792810234,0.01684596792810234,0.0,0.01,0.01,0.0,0.0,0.0,0.0,0.07416525923602023,False
plastic:prediction>association:0030,plastic,0.01861992418899493,0.018782649249825242,0.000162725060830312,0.01,0.01011390754258122,0.0002536877962088674,0.03021257880863522,1.3228005418603333e-05,0.025652727729347267,0.08303386086632367,False
plastic:prediction>association:0031,plastic,0.018109398005323542,0.018109398005323542,0.0,0.01,0.01,0.0,0.0,0.0,0.0,0.07236305241349354,False
plastic:prediction>association:0032,plastic,0.017585481210369177,0.017585481210369177,0.0,0.01,0.01,0.0,0.0,0.0,0.0,0.052581228412171624,False
plastic:prediction>association:0033,plastic,0.019227368046618353,0.01913462133555214,-9.274671106621404e-05,0.01,0.009976813322233448,0.0,0.010600021111716026,0.0,0.009141849433675287,0.058273763893596425,False
plastic:prediction>association:0034,plastic,0.01819084728154887,0.01802374130819621,-0.00016710597335265961,0.01,0.009958223506661836,0.0,0.01910014786473806,0.0,0.015598330873105914,0.06732539647867922,False
plastic:prediction>association:0035,plastic,0.017701757092949556,0.017546533064307267,-0.00015522402864228887,0.01,0.009961193992839427,0.0,0.01774175027516037,0.0,0.014551857320461456,0.07804864631139607,False
plastic:prediction>association:0036,plastic,0.019044483305750277,0.019044483305750277,0.0,0.01,0.01,0.0,0.0,0.0,0.0,0.08560041585965979,False
plastic:prediction>association:0037,plastic,0.01939670420083371,0.01939670420083371,0.0,0.01,0.01,0.0,0.05656484510847418,0.0,0.05031751816698067,0.08679460021297579,False
plastic:prediction>association:0038,plastic,0.017851279626428955,0.01775403165285043,-9.724797357852505e-05,0.01,0.009975688006605369,0.0,0.011114511767980078,0.0,0.009675087826146539,0.07948209715986884,False
plastic:prediction>association:0039,plastic,0.018674418965745638,0.018674418965745638,0.0,0.01,0.01,0.0,0.0,0.0,0.0,0.07462081058754917,False
plastic:prediction>association:0040,plastic,0.016841706555747526,0.016841706555747526,0.0,0.01,0.01,0.0,0.01815366745022347,0.0,0.013844846562148945,0.07425660579047269,False
plastic:prediction>association:0041,plastic,0.017661828056862713,0.017501303972623446,-0.00016052408423926703,0.01,0.009959868978940183,0.0,0.018347668184367432,0.0,0.014519033367843178,0.07787259558384778,False
plastic:prediction>association:0042,plastic,0.019001662200265793,0.019001662200265793,0.0,0.01,0.01,0.0,0.0002441937716253509,0.0,0.0002007172627908642,0.08598973146695897,False
plastic:prediction>association:0043,plastic,0.018463673572781242,0.018463673572781242,0.0,0.01,0.01,0.0,0.0,0.0,0.0,0.06226923916633491,False
plastic:prediction>association:0044,plastic,0.017353328621246097,0.017353328621246097,0.0,0.01,0.01,0.0,0.0,0.0,0.0,0.048759685258184145,False
plastic:prediction>association:0045,plastic,0.01678124773178047,0.01678124773178047,0.0,0.01,0.01,0.0,8.748532917629566e-06,0.0,6.460632471606279e-06,0.0822605685883754,False
plastic:prediction>association:0046,plastic,0.019048692206325744,0.019048692206325744,0.0,0.01,0.01,0.0,0.0,0.0,0.0,0.08386286864719504,False
plastic:prediction>association:0047,plastic,0.017739373701494154,0.017739373750615663,4.912150894376133e-11,0.01,0.010000000034385058,7.684969730804432e-11,0.01574376480896009,3.8828004093548915e-12,0.013221074764277302,0.057082827640451396,False
plastic:prediction>association:0048,plastic,0.016745103097492466,0.016745103097492466,0.0,0.01,0.01,0.0,9.526844804141889e-05,0.0,8.169339814790209e-05,0.07650784978648734,False
plastic:prediction>association:0049,plastic,0.017916187131229,0.017916187131229,0.0,0.01,0.01,0.0,0.0,0.0,0.0,0.07745508908284977,False
plastic:prediction>association:0050,plastic,0.019299790672407294,0.019299790672407294,0.0,0.01,0.01,0.0,0.042806844130473795,0.0,0.03580887252955926,0.08500011785198479,False
plastic:prediction>association:0051,plastic,0.017611299010007596,0.017611299010007596,0.0,0.01,0.01,0.0,0.0,0.0,0.0,0.07037270664415539,False
plastic:prediction>association:0052,plastic,0.019018748349243914,0.018464670111134764,-0.00055407823810915,0.01,0.009861480440472713,0.0,0.06340806991118465,0.0,0.05371992004928926,0.09025699908337027,False
plastic:prediction>association:0053,plastic,0.018166463501732146,0.01780602241298154,-0.0003604410887506071,0.01,0.009909889727812348,0.0,0.04121659111993775,0.0,0.03453639490797679,0.07786243795146061,False
plastic:prediction>association:0054,plastic,0.01932839343294659,0.01932839343294659,0.0,0.01,0.01,0.0,0.024020605332169716,0.0,0.0195308857765891,0.08591882564463846,False
plastic:prediction>association:0055,plastic,0.01901466160795172,0.01901257875705989,-2.0828508918296906e-06,0.01,0.009999479287277043,0.0,0.0002380401064195054,0.0,0.00020085457738477306,0.08604855871924681,False
plastic:prediction>association:0056,plastic,0.017641865454810095,0.017172218597942428,-0.00046964685686766774,0.01,0.009882588285783082,0.0,0.05372555867618258,0.0,0.045765243225376416,0.07894220808375976,False
plastic:prediction>association:0057,plastic,0.01913547565005645,0.01913547565005645,0.0,0.01,0.01,0.0,0.0012629501915232314,0.0,0.0011661372227522414,0.09252964125324215,False
plastic:prediction>association:0058,plastic,0.017794620735271237,0.017794620735271237,0.0,0.01,0.01,0.0,0.0,0.0,0.0,0.057331553592949225,False
plastic:prediction>association:0059,plastic,0.017546029419200495,0.01707159673752042,-0.0004744326816800738,0.01,0.009881391829579981,0.0,0.054274106548201584,0.0,0.04551663235762757,0.0785133697455242,False
plastic:prediction>association:0060,plastic,0.01664523509407167,0.01664523509407167,0.0,0.01,0.01,0.0,7.768850051411926e-06,0.0,6.408268804864969e-06,0.0815938436170289,False
plastic:prediction>association:0061,plastic,0.017678465825865762,0.017678465825865762,0.0,0.01,0.01,0.0,0.0,0.0,0.0,0.07444134983479324,False
plastic:prediction>association:0062,plastic,0.01919232858427588,0.01919232858427588,0.0,0.01,0.01,0.0,0.0,0.0,0.0,0.05611908874406751,False
plastic:prediction>association:0063,plastic,0.017419059963549782,0.016967959956596574,-0.00045110000695320826,0.01,0.009887224998261697,0.0,0.05160003390969882,0.0,0.045187257437785185,0.07794521842309544,False
plastic:prediction>association:0064,plastic,0.018798888583181385,0.018798888583181385,0.0,0.01,0.01,0.0,0.0,0.0,0.0,0.0770220538421993,False
plastic:prediction>association:0065,plastic,0.016724768789962034,0.016724768789962034,0.0,0.01,0.01,0.0,0.0,0.0,0.0,0.05640473569241746,False
plastic:prediction>association:0066,plastic,0.01788534117082902,0.01788534117082902,0.0,0.01,0.01,0.0,0.0,0.0,0.0,0.0753124706706336,False
plastic:prediction>association:0067,plastic,0.018864639141767427,0.018864639141767427,0.0,0.01,0.01,0.0,0.0,0.0,0.0,0.08155542775585982,False
plastic:prediction>association:0068,plastic,0.018343213739471342,0.018343213739471342,0.0,0.01,0.01,0.0,0.0,0.0,0.0,0.07724050291041022,False
plastic:prediction>association:0069,plastic,0.01795455768042412,0.01795455768042412,0.0,0.01,0.01,0.0,0.0,0.0,0.0,0.07762097227464154,False
plastic:prediction>association:0070,plastic,0.01935592743270117,0.0193108303648627,-4.509706783846837e-05,0.01,0.009988725733040382,0.0,0.005153996245990307,0.0,0.003895073933778805,0.081501433519026,False
plastic:prediction>association:0071,plastic,0.017429704775565373,0.017346406914587567,-8.329786097780595e-05,0.01,0.009979175534755549,0.0,0.009520043134273244,0.0,0.008287131985266904,0.05282545683651294,False
plastic:prediction>association:0072,plastic,0.01701752166380764,0.01701752166380764,0.0,0.01,0.01,0.0,0.017052023927588915,0.0,0.012683081714489114,0.05476000857465219,False
plastic:prediction>association:0073,plastic,0.016733045588195352,0.016733045588195352,0.0,0.01,0.01,0.0,0.0,0.0,0.0,0.06686330791227889,False
plastic:prediction>association:0074,plastic,0.01657633577024379,0.01657633577024379,0.0,0.01,0.01,0.0,0.0,0.0,0.0,0.07450668062670875,False
plastic:prediction>association:0075,plastic,0.019257834209856543,0.019257834209856543,0.0,0.01,0.01,0.0,0.0,0.0,0.0,0.05787735398807944,False
plastic:prediction>association:0076,plastic,0.01886486289818898,0.01886486289818898,0.0,0.01,0.01,0.0,0.0,0.0,0.0,0.08015575430285153,False
plastic:prediction>association:0077,plastic,0.018378192522144336,0.01827903934817994,-9.91531739643961e-05,0.01,0.009975211706508901,0.0,0.011332276384120626,0.0,0.009960665591408142,0.08182815541722949,False
plastic:prediction>association:0078,plastic,0.018183804130023167,0.017948179553074744,-0.00023562457694842331,0.01,0.009941093855762894,0.0,0.026935034944428785,0.0,0.02457016518821239,0.10075490378969887,False
plastic:prediction>association:0079,plastic,0.0167233262118415,0.016439256914262478,-0.00028406929757902183,0.01,0.009928982675605245,0.0,0.03247647564415617,0.0,0.02659627333113911,0.0714449768000817,False
plastic:prediction>association:0080,plastic,0.01831657579030176,0.018070764848245775,-0.0002458109420559844,0.01,0.009938547264486005,0.0,0.028100072828014477,0.0,0.02523480369271726,0.08168110623233879,False
plastic:prediction>association:0081,plastic,0.016933295408334884,0.016603193790805375,-0.0003301016175295095,0.01,0.009917474595617622,0.0,0.03774381215862434,0.0,0.031418072199578054,0.07457760189019748,False
plastic:prediction>association:0082,plastic,0.017311167448058117,0.017311167448058117,0.0,0.01,0.01,0.0,0.0,0.0,0.0,0.050618503013590416,False
plastic:prediction>association:0083,plastic,0.017828064547994047,0.01757849629961225,-0.0002495682483817964,0.01,0.00993760793790455,0.0,0.02852982363458839,0.0,0.024561780227935825,0.07950263471367446,False
plastic:prediction>association:0084,plastic,0.016695377805685058,0.016695377805685058,0.0,0.01,0.01,0.0,0.0,0.0,0.0,0.07626162475898243,False
plastic:prediction>association:0085,plastic,0.01715124764557465,0.01715124764557465,0.0,0.01,0.01,0.0,0.0,0.0,0.0,0.0741481100046355,False
plastic:prediction>association:0086,plastic,0.017694804560889014,0.017694804560889014,0.0,0.01,0.01,0.0,0.00010211515242452543,0.0,8.632665357303689e-05,0.08084700592548001,False
plastic:prediction>association:0087,plastic,0.01766633393519857,0.01766633393519857,0.0,0.01,0.01,0.0,0.0,0.0,0.0,0.05165702314538326,False
plastic:prediction>association:0088,plastic,0.01745085857285638,0.017449935992516395,-9.225803399848242e-07,0.01,0.009999769354915004,0.0,0.00010543775353187667,0.0,8.513652792191936e-05,0.07973242437290591,False
plastic:prediction>association:0089,plastic,0.017228571280890018,0.017228571280890018,0.0,0.01,0.01,0.0,0.0,0.0,0.0,0.07743832387758637,False
plastic:prediction>association:0090,plastic,0.01775771878662633,0.01775771878662633,0.0,0.01,0.01,0.0,0.0,0.0,0.0,0.07275621462652987,False
plastic:prediction>association:0091,plastic,0.01668376017466698,0.016509698886416527,-0.00017406128825045442,0.01,0.009956484677937387,0.0,0.01989534326429299,0.0,0.016858546232818038,0.07416286752010966,False
plastic:prediction>association:0092,plastic,0.017138857396061444,0.016901769607555496,-0.00023708778850594844,0.01,0.009940728052873514,0.0,0.027102381227949994,0.0,0.02361225738143061,0.07642917801316487,False
plastic:prediction>association:0093,plastic,0.018474787498801996,0.018474787498801996,0.0,0.01,0.01,0.0,0.0,0.0,0.0,0.07779454014100978,False
plastic:prediction>association:0094,plastic,0.017252500028462025,0.017252500028462025,0.0,0.01,0.01,0.0,0.00021291028886647105,0.0,0.00018224061376923996,0.0780741089356067,False
plastic:association>emotion_control:0000,plastic,0.017689196555236694,0.017689196555236694,0.0,0.01,0.01,0.0,0.0,0.0,0.0,0.0036147680823536738,False
plastic:association>emotion_control:0001,plastic,0.017590989211589286,0.017590989211589286,0.0,0.01,0.01,0.0,0.0,0.0,0.0,0.0,False
plastic:association>emotion_control:0002,plastic,0.016761323883023586,0.016761323883023586,0.0,0.01,0.01,0.0,0.0,0.0,0.0,0.0,False
plastic:association>emotion_control:0003,plastic,0.018811664760711166,0.018811664760711166,0.0,0.01,0.01,0.0,0.0,0.0,0.0,0.0,False
plastic:association>emotion_control:0004,plastic,0.017331999057886457,0.017331999057886457,0.0,0.01,0.01,0.0,0.0,0.0,0.0,0.05713245721588324,False
plastic:association>emotion_control:0005,plastic,0.01911969396711133,0.01911969396711133,0.0,0.01,0.01,0.0,0.0,0.0,0.0,0.0,False
plastic:association>emotion_control:0006,plastic,0.01841176057508812,0.01841176057508812,0.0,0.01,0.01,0.0,0.0,0.0,0.0,0.0021317146444723013,False
plastic:association>emotion_control:0007,plastic,0.017665741447671343,0.01766446174317396,-1.2797044973839045e-06,0.01,0.009999680073875654,0.0,0.00014625194360090427,0.0,0.00011553706119465774,0.035382947150659635,False
plastic:association>emotion_control:0008,plastic,0.01920820533071857,0.01920820533071857,0.0,0.01,0.01,0.0,0.0,0.0,0.0,0.0,False
plastic:association>emotion_control:0009,plastic,0.017489893999522648,0.017489893999522648,0.0,0.01,0.01,0.0,0.0,0.0,0.0,0.027958175131592662,False
plastic:association>emotion_control:0010,plastic,0.018859150274979926,0.018859150274979926,0.0,0.01,0.01,0.0,0.0,0.0,0.0,0.0,False
plastic:association>emotion_control:0011,plastic,0.0187442026901346,0.0187442026901346,0.0,0.01,0.01,0.0,0.0,0.0,0.0,0.03150608554800289,False
plastic:association>emotion_control:0012,plastic,0.016699471968795565,0.016699471968795565,0.0,0.01,0.01,0.0,0.0,0.0,0.0,0.0,False
plastic:association>emotion_control:0013,plastic,0.01828792388812961,0.01828792388812961,0.0,0.01,0.01,0.0,0.0,0.0,0.0,0.0021173768260960638,False
plastic:association>emotion_control:0014,plastic,0.01776433953163261,0.01776433953163261,0.0,0.01,0.01,0.0,0.0,0.0,0.0,0.0,False
plastic:association>emotion_control:0015,plastic,0.01668301762790643,0.01668301762790643,0.0,0.01,0.01,0.0,0.0,0.0,0.0,0.00340915651258605,False
plastic:association>emotion_control:0016,plastic,0.019424799627226434,0.019424799627226434,0.0,0.01,0.01,0.0,0.0,0.0,0.0,0.0,False
plastic:association>emotion_control:0017,plastic,0.01687305889361428,0.01687305889361428,0.0,0.01,0.01,0.0,0.0,0.0,0.0,0.0,False
plastic:association>emotion_control:0018,plastic,0.01871965422203143,0.01871965422203143,0.0,0.01,0.01,0.0,0.0,0.0,0.0,0.0,False
plastic:association>emotion_control:0019,plastic,0.01729371676165357,0.01729371676165357,0.0,0.01,0.01,0.0,0.0,0.0,0.0,0.0,False
plastic:association>emotion_control:0020,plastic,0.01855953439348961,0.01855953439348961,0.0,0.01,0.01,0.0,0.0,0.0,0.0,0.0,False
plastic:association>emotion_control:0021,plastic,0.017697197312440936,0.017697197312440936,0.0,0.01,0.01,0.0,0.0,0.0,0.0,0.008992323798626403,False
plastic:association>emotion_control:0022,plastic,0.017798061120228997,0.017798061120228997,0.0,0.01,0.01,0.0,0.0,0.0,0.0,0.02145624224797229,False
plastic:association>emotion_control:0023,plastic,0.017755512081307046,0.017755512081307046,0.0,0.01,0.01,0.0,0.0,0.0,0.0,0.0,False
plastic:association>emotion_control:0024,plastic,0.016827361721328427,0.016827361721328427,0.0,0.01,0.01,0.0,0.0,0.0,0.0,0.0,False
plastic:association>emotion_control:0025,plastic,0.017065553662300694,0.017065553662300694,0.0,0.01,0.01,0.0,0.0,0.0,0.0,0.00421655468669801,False
plastic:association>emotion_control:0026,plastic,0.018596111980682194,0.018596111980682194,0.0,0.01,0.01,0.0,0.0,0.0,0.0,0.0,False
plastic:association>emotion_control:0027,plastic,0.019375033235362243,0.019375033235362243,0.0,0.01,0.01,0.0,0.0,0.0,0.0,0.0,False
plastic:association>emotion_control:0028,plastic,0.01729681523798529,0.01729681523798529,0.0,0.01,0.01,0.0,0.0,0.0,0.0,0.0,False
plastic:visual>emotion_control:0000,plastic,0.015461016476169154,0.015461016476169154,0.0,0.01,0.01,0.0,0.0,0.0,0.0,0.08886313628028801,False
plastic:visual>emotion_control:0001,plastic,0.015421854740483748,0.01467357290037882,-0.0007482818401049283,0.01,0.009812929539973769,0.0,0.08572731735313713,0.0,0.06856077615966405,0.08102654059855618,False
plastic:visual>emotion_control:0002,plastic,0.01611957189057829,0.01611957189057829,0.0,0.01,0.01,0.0,0.0,0.0,0.0,0.08762826918667839,False
plastic:visual>emotion_control:0003,plastic,0.016626534056640992,0.016626534056640992,0.0,0.01,0.01,0.0,0.0,0.0,0.0,0.10352078943264906,False
plastic:visual>emotion_control:0004,plastic,0.014870193740660313,0.014870193740660313,0.0,0.01,0.01,0.0,0.0,0.0,0.0,0.09504517087550035,False
plastic:visual>emotion_control:0005,plastic,0.015350761507760725,0.015350761507760725,0.0,0.01,0.01,0.0,0.0,0.0,0.0,0.09559972543342196,False
plastic:visual>emotion_control:0006,plastic,0.015896071618978717,0.015896071618978717,0.0,0.01,0.01,0.0,0.0,0.0,0.0,0.09627542797957195,False
plastic:visual>emotion_control:0007,plastic,0.017113226357675856,0.017113226357675856,0.0,0.01,0.01,0.0,0.0,0.0,0.0,0.10126922660236239,False
plastic:visual>emotion_control:0008,plastic,0.01700499023694603,0.01668876849693085,-0.00031622174001517955,0.01,0.009920944564996205,0.0,0.03615537343130874,0.0,0.0309048825850296,0.12124802587161017,False
plastic:visual>emotion_control:0009,plastic,0.01672281711542326,0.01672281711542326,0.0,0.01,0.01,0.0,0.0,0.0,0.0,0.08784854035042919,False
plastic:visual>emotion_control:0010,plastic,0.015526668327119044,0.01469884959095208,-0.0008278187361669635,0.01,0.00979304531595826,0.0,0.094891648357356,0.0,0.08065966459501211,0.09329428928942061,False
plastic:visual>emotion_control:0011,plastic,0.014787762676770134,0.015772977608020825,0.000985214931250691,0.01,0.010766456775161618,0.004368630132067025,0.025360918465068084,0.00022363854002306583,0.021064892937617218,0.0869543443898676,False
plastic:visual>emotion_control:0012,plastic,0.016151532069188193,0.016151532069188193,0.0,0.01,0.01,0.0,0.0,0.0,0.0,0.10521664507776118,False
plastic:visual>emotion_control:0013,plastic,0.01600883230578912,0.01573158047992025,-0.000277251825868869,0.01,0.009930687046445359,3.2361963837625804e-11,0.03169653500393652,1.4612268528762728e-12,0.029094464380162735,0.11414527656530925,False
plastic:visual>emotion_control:0014,plastic,0.01491017559807856,0.01491017559807856,0.0,0.01,0.01,0.0,0.0,0.0,0.0,0.09645593815897592,False
plastic:visual>emotion_control:0015,plastic,0.016662157766333206,0.016662157766333206,0.0,0.01,0.01,0.0,0.0,0.0,0.0,0.1023800666764976,False
plastic:audio>emotion_control:0000,plastic,0.015079598568593639,0.015077129829975968,-2.46873861767076e-06,0.01,0.009999382815345582,0.0,0.0002821415637918084,0.0,0.00024499687439902333,0.09009135869827506,False
plastic:audio>emotion_control:0001,plastic,0.014831214036544929,0.014257083997870092,-0.0005741300386748367,0.01,0.009856467490331292,0.0,0.06570926966459939,0.0,0.05681789078303339,0.091273255378953,False
plastic:audio>emotion_control:0002,plastic,0.014975822788442571,0.01497509499960045,-7.277888421208106e-07,0.01,0.00999981805278947,0.0,8.317586786279465e-05,0.0,7.499144904742518e-05,0.09113999086168807,False
plastic:audio>emotion_control:0003,plastic,0.015384705733870437,0.015381942075084332,-2.7636587861049056e-06,0.01,0.009999912171625368,6.2469740906515965e-06,0.0004946904930793795,3.18741071524923e-07,0.00044079234624833774,0.09380014575016181,False
plastic:audio>emotion_control:0004,plastic,0.016692116385952055,0.016059089075798314,-0.0006330273101537408,0.01,0.009841743172461564,0.0,0.07247259434607188,0.0,0.06286602317813283,0.10908636295183914,False
plastic:audio>emotion_control:0005,plastic,0.01580598556579116,0.015668051250285125,-0.00013793431550603377,0.01,0.009965516421123493,0.0,0.01576522775149411,0.0,0.013545732663877577,0.1035780680743045,False
plastic:audio>emotion_control:0006,plastic,0.015930999676450737,0.01605993140710319,0.000128931730652454,0.01,0.010228370524684316,0.0018185641492769948,0.04089113769963609,9.285266906531744e-05,0.03487094387834242,0.08669436212689367,False
plastic:audio>emotion_control:0007,plastic,0.015711976829048103,0.01571179501617798,-1.81812870123782e-07,0.01,0.009999986649878093,3.3592930358755455e-07,3.0268654853515132e-05,1.7192840531122903e-08,2.6854166650960922e-05,0.09937691853098785,False
plastic:audio>emotion_control:0008,plastic,0.015618030602556659,0.015616326082814672,-1.704519741987237e-06,0.01,0.009999818235114845,2.5623547389327054e-06,0.0002682919915153948,1.3336316113634536e-07,0.00023268506835324602,0.07848343519610662,False
plastic:audio>emotion_control:0009,plastic,0.016792275270447,0.016789359213800606,-2.916056646394549e-06,0.01,0.00999993414261052,6.650492441311149e-06,0.0005435995801919667,3.395910572262882e-07,0.0004811210915144442,0.10238206015062355,False
plastic:association>motor:0000,plastic,0.018952463318550418,0.018952463318550418,0.0,0.01,0.01,0.0,0.0,0.0,0.0,0.0,False
plastic:association>motor:0001,plastic,0.020572987073317894,0.020572987073317894,0.0,0.01,0.01,0.0,0.0,0.0,0.0,0.0,False
plastic:association>motor:0002,plastic,0.018445681611587442,0.018445681611587442,0.0,0.01,0.01,0.0,0.0,0.0,0.0,0.0021356420239299254,False
plastic:association>motor:0003,plastic,0.01851594898682772,0.01851594898682772,0.0,0.01,0.01,0.0,0.0,0.0,0.0,0.03112242662039111,False
plastic:association>motor:0004,plastic,0.018952532673059568,0.018952532673059568,0.0,0.01,0.01,0.0,0.0,0.0,0.0,0.0,False
plastic:association>motor:0005,plastic,0.019938622292749925,0.019938622292749925,0.0,0.01,0.01,0.0,0.0,0.0,0.0,0.0,False
plastic:association>motor:0006,plastic,0.019185574833502635,0.020144355041975776,0.0009587802084731409,0.01,0.010671146145931199,0.001022580243142684,0.0001632349360534571,5.3224828623178994e-05,0.00012547703928301695,0.03842704153684603,False
plastic:association>motor:0007,plastic,0.02118563480415021,0.02118563480415021,0.0,0.01,0.01,0.0,0.0,0.0,0.0,0.0,False
plastic:association>motor:0008,plastic,0.019308030886718175,0.019308030886718175,0.0,0.01,0.01,0.0,0.0,0.0,0.0,0.0,False
plastic:association>motor:0009,plastic,0.01964149568312283,0.01964149568312283,0.0,0.01,0.01,0.0,0.0,0.0,0.0,0.0,False
plastic:association>motor:0010,plastic,0.02029604489042747,0.02029604489042747,0.0,0.01,0.01,0.0,0.0,0.0,0.0,0.0,False
plastic:association>motor:0011,plastic,0.020397519710749278,0.020397519710749278,0.0,0.01,0.01,0.0,0.0,0.0,0.0,0.0,False
plastic:association>motor:0012,plastic,0.019759446357061214,0.019759446357061214,0.0,0.01,0.01,0.0,0.0,0.0,0.0,0.0,False
plastic:association>motor:0013,plastic,0.01887902306151713,0.01887902306151713,0.0,0.01,0.01,0.0,0.0,0.0,0.0,0.0,False
plastic:association>motor:0014,plastic,0.020866827870140964,0.021542020751079617,0.0006751928809386534,0.01,0.010472635016657057,0.0007417363822265809,0.00016779750533220058,3.761301724541673e-05,0.00013647273032452674,0.04179444547618656,False
plastic:association>motor:0015,plastic,0.018872804590344256,0.018872804590344256,0.0,0.01,0.01,0.0,0.0,0.0,0.0,0.009589674956343159,False
plastic:association>motor:0016,plastic,0.019497980974274035,0.019497980974274035,0.0,0.01,0.01,0.0,0.0,0.0,0.0,0.009907340424852057,False
plastic:prediction>motor:0000,plastic,0.02074332540160814,0.02074332540160814,0.0,0.01,0.01,0.0,0.0,0.0,0.0,0.0881372371105342,False
plastic:prediction>motor:0001,plastic,0.019619287223739172,0.09154527880408597,0.0719259915803468,0.01,0.060348194106242765,0.08477160472497408,0.014555189793678895,0.0043751840969814305,0.011421641557773176,0.08551153850266623,True
plastic:prediction>motor:0002,plastic,0.02077650409973583,0.14077650409973583,0.12,0.01,0.13655922931506304,0.21990620080846238,0.040965139291073024,0.01126154767625217,0.03304232512733237,0.08876086219865559,True
plastic:prediction>motor:0003,plastic,0.01844728773584046,0.019690256680819373,0.0012429689449789116,0.01,0.010870078261485238,0.0013598275425280733,0.0002383665531617746,6.928108510409974e-05,0.0001948613264055175,0.08348097666300262,False
plastic:prediction>motor:0004,plastic,0.02010784930915424,0.14010784930915424,0.12,0.01,0.1399295065974072,0.23448334768915316,0.06782336363087499,0.011728907616049077,0.05679616962248017,0.09542552976347844,True
plastic:prediction>motor:0005,plastic,0.020813101603651053,0.14081310160365104,0.12,0.01,0.12826606860727358,0.20141602336282982,0.06578510515199525,0.009543787499600099,0.0587882090658357,0.09877243538150642,True
plastic:prediction>motor:0006,plastic,0.01933296728389282,0.01933296728389282,0.0,0.01,0.01,0.0,0.0,0.0,0.0,0.06520095574969106,False
plastic:prediction>motor:0007,plastic,0.018961842313934357,0.018961842313934357,0.0,0.01,0.01,0.0,0.0,0.0,0.0,0.08661444623264825,False
plastic:prediction>motor:0008,plastic,0.02152008059554757,0.021653759843976886,0.00013367924842931644,0.01,0.010093575473900522,0.00014815276371741182,1.1022899193893175e-05,7.746699190772866e-06,8.28504135743592e-06,0.10549001445851289,False
plastic:prediction>motor:0009,plastic,0.01992022651102228,0.13992022651102226,0.11999999999999998,0.01,0.14866669652885575,0.23928328842239482,0.03922051132578118,0.012204171857877585,0.031680527090968746,0.08510269445827205,True
plastic:prediction>motor:0010,plastic,0.02077175068296192,0.08332245972161237,0.06255070903865045,0.01,0.05378549632705531,0.07481960590410593,0.021904867318157547,0.003820418760274333,0.017811410043288334,0.0768774718759342,True
plastic:prediction>motor:0011,plastic,0.018948772156217836,0.13894877215621784,0.12000000000000001,0.01,0.1517319194848545,0.24121418789166285,0.06094876533984733,0.011672285192657738,0.05352226690063376,0.08992491407578547,True
plastic:prediction>motor:0012,plastic,0.020202323918130382,0.020202323918130382,0.0,0.01,0.01,0.0,0.0,0.0,0.0,0.08277215292141805,False
plastic:prediction>motor:0013,plastic,0.019728634079104114,0.019728634079104114,0.0,0.01,0.01,0.0,0.0,0.0,0.0,0.05898933343728212,False
plastic:prediction>motor:0014,plastic,0.018595603183426145,0.018595603183426145,0.0,0.01,0.01,0.0,0.0,0.0,0.0,0.055887089708050244,False
plastic:prediction>motor:0015,plastic,0.020049797842355655,0.12566524155090283,0.10561544370854718,0.01,0.08393081059598301,0.11602540924294813,0.020745954709847206,0.0058863642881559495,0.01719234820915499,0.07420548191964298,True
plastic:prediction>motor:0016,plastic,0.021407176504034054,0.021476946957689553,6.977045365549883e-05,0.01,0.01004883931755885,7.612882570311238e-05,1.008555227616739e-05,3.8744887252961e-06,8.24157427730766e-06,0.10493656605513423,False
plastic:motor>interoceptive:0000,plastic,0.01912672802071359,0.13912672802071357,0.11999999999999998,0.01,0.16593748737917394,0.26235968757101463,0.006859057372324539,0.01341774445408996,0.0136821358926883,0.014538363840386176,True
plastic:motor>interoceptive:0001,plastic,0.01692861781466542,0.13692861781466542,0.12,0.01,0.22790325014520096,0.3219735866599877,0.002445035192571061,0.016364114214351504,0.00990247192531409,0.012901532292945873,True
plastic:motor>interoceptive:0002,plastic,0.017179714963981192,0.13717971496398118,0.12,0.01,0.25837596537250856,0.3709504798341358,0.003196336560805567,0.01845315332946684,0.013227059421036167,0.01410704853189327,True
plastic:motor>interoceptive:0003,plastic,0.018489427112271015,0.018489427112271015,0.0,0.01,0.01,0.0,0.01715776047699111,0.0,0.014476910150496977,0.016481756927484766,False
plastic:motor>interoceptive:0004,plastic,0.017304918338953337,0.13730491833895334,0.12,0.01,0.2675940192283602,0.3950011934165216,0.006013373300574498,0.01980182914410589,0.01332345639176257,0.014209858740956233,True
plastic:motor>interoceptive:0005,plastic,0.016904230020433442,0.13690423002043345,0.12000000000000001,0.01,0.3169582693757911,0.47848013791305954,0.006441751617227666,0.024411740165937387,0.013235727515144735,0.015068688096786235,True
plastic:motor>interoceptive:0006,plastic,0.016658087524983312,0.13665808752498332,0.12000000000000001,0.01,0.19251374990458925,0.2668957071959532,0.00334346972509783,0.012727177945527178,0.013043002085134755,0.014849272927516814,True
plastic:motor>interoceptive:0007,plastic,0.017176789305839376,0.13717678930583938,0.12,0.01,0.22139828435646244,0.35438937003213195,0.006013425641086855,0.01781735741241705,0.013449136846950736,0.01531165159495801,True
plastic:motor>interoceptive:0008,plastic,0.016694175014529737,0.13669417501452974,0.12,0.01,0.1008134890170412,0.1459084612204255,0.009459202742220089,0.007440205272782211,0.009765333543914491,0.012722860212926512,True
plastic:motor>interoceptive:0009,plastic,0.01785653421249525,0.13785653421249525,0.12,0.01,0.2008749649030231,0.3252552627469812,0.00765738811830543,0.016870635838889463,0.01374815819573446,0.014662815726292338,True
plastic:motor>interoceptive:0010,plastic,0.018114372083784334,0.13811437208378433,0.12,0.01,0.15553963286956163,0.2427034576835439,0.005464592317825941,0.011803560667579194,0.012957956018021001,0.013768864795326635,True
plastic:motor>interoceptive:0011,plastic,0.01818036457320043,0.13818036457320043,0.12,0.01,0.24754287792860905,0.3619752206689423,0.005934821737555437,0.018118380103072304,0.013005163162238764,0.013819026162227705,True
plastic:interoceptive>prediction:0000,plastic,0.009777834276554579,0.009777834276554579,0.0,0.01,0.01,0.0,0.0,0.0,0.0,0.035226053785404575,False
plastic:interoceptive>prediction:0001,plastic,0.010217882072075102,0.010217882072075102,0.0,0.01,0.01,0.0,0.0,0.0,0.0,0.03681138923645876,False
plastic:interoceptive>prediction:0002,plastic,0.009858971893885451,0.009858971893885451,0.0,0.01,0.01,0.0,0.0,0.0,0.0,0.03551836371736674,False
plastic:interoceptive>prediction:0003,plastic,0.009951596537931045,0.011900302413162934,0.001948705875231889,0.01,0.011364094112662322,0.0028157033557034096,0.03271191522461257,0.0001395847552792239,0.028296387199536078,0.03800596768650006,False
plastic:interoceptive>prediction:0004,plastic,0.009830936290306146,0.01448428607154368,0.004653349781237534,0.01,0.013257344846866272,0.0064361876477923765,0.04622505967797771,0.000330879320536805,0.037766272608245215,0.03856312186879747,False
plastic:interoceptive>prediction:0005,plastic,0.009485958231122462,0.009485958231122462,0.0,0.01,0.01,0.0,0.02104695118276079,0.0,0.018615775532531187,0.03184778023602918,False
fixed:aligned:visual>prediction:0000,fixed,0.95,0.95,0.0,0.9,0.9,0.0,0.0,0.0,0.0,0.0,True
fixed:aligned:visual>prediction:0001,fixed,0.95,0.95,0.0,0.9,0.9,0.0,0.0,0.0,0.0,0.0,True
fixed:aligned:visual>prediction:0002,fixed,0.95,0.95,0.0,0.9,0.9,0.0,0.0,0.0,0.0,0.0,True
fixed:aligned:visual>prediction:0003,fixed,0.95,0.95,0.0,0.9,0.9,0.0,0.0,0.0,0.0,0.0,True
fixed:aligned:visual>prediction:0004,fixed,0.95,0.95,0.0,0.9,0.9,0.0,0.0,0.0,0.0,0.0,True
fixed:aligned:visual>prediction:0005,fixed,0.95,0.95,0.0,0.9,0.9,0.0,0.0,0.0,0.0,0.0,True
fixed:aligned:visual>prediction:0006,fixed,0.95,0.95,0.0,0.9,0.9,0.0,0.0,0.0,0.0,0.0,True
fixed:aligned:visual>prediction:0007,fixed,0.95,0.95,0.0,0.9,0.9,0.0,0.0,0.0,0.0,0.0,True
fixed:aligned:visual>prediction:0008,fixed,0.95,0.95,0.0,0.9,0.9,0.0,0.0,0.0,2.016609481905486,0.0,True
fixed:aligned:visual>prediction:0009,fixed,0.95,0.95,0.0,0.9,0.9,0.0,0.0,0.0,1.2401893805518729,0.0,True
fixed:aligned:visual>prediction:0010,fixed,0.95,0.95,0.0,0.9,0.9,0.0,0.0,0.0,1.298137629284641,0.0,True
fixed:aligned:visual>prediction:0011,fixed,0.95,0.95,0.0,0.9,0.9,0.0,0.0,0.0,0.0,0.0,True
fixed:aligned:visual>prediction:0012,fixed,0.95,0.95,0.0,0.9,0.9,0.0,0.0,0.0,0.0,0.0,True
fixed:aligned:visual>prediction:0013,fixed,0.95,0.95,0.0,0.9,0.9,0.0,0.0,0.0,0.0,0.0,True
fixed:aligned:visual>prediction:0014,fixed,0.95,0.95,0.0,0.9,0.9,0.0,0.0,0.0,0.0,0.0,True
fixed:aligned:visual>prediction:0015,fixed,0.95,0.95,0.0,0.9,0.9,0.0,0.0,0.0,3.6338229709061904,0.0,True
fixed:aligned:visual>prediction:0016,fixed,0.95,0.95,0.0,0.9,0.9,0.0,0.0,0.0,0.19941802301461328,0.0,True
fixed:aligned:visual>prediction:0017,fixed,0.95,0.95,0.0,0.9,0.9,0.0,0.0,0.0,2.286472293497828,0.0,True
fixed:aligned:visual>prediction:0018,fixed,0.95,0.95,0.0,0.9,0.9,0.0,0.0,0.0,0.0,0.0,True
fixed:aligned:visual>prediction:0019,fixed,0.95,0.95,0.0,0.9,0.9,0.0,0.0,0.0,0.0,0.0,True
fixed:aligned:visual>prediction:0020,fixed,0.95,0.95,0.0,0.9,0.9,0.0,0.0,0.0,1.6540918740476098,0.0,True
fixed:aligned:visual>prediction:0021,fixed,0.95,0.95,0.0,0.9,0.9,0.0,0.0,0.0,1.709220886692808,0.0,True
fixed:aligned:visual>prediction:0022,fixed,0.95,0.95,0.0,0.9,0.9,0.0,0.0,0.0,1.6348317876480674,0.0,True
fixed:aligned:visual>prediction:0023,fixed,0.95,0.95,0.0,0.9,0.9,0.0,0.0,0.0,1.0304502433836775,0.0,True
fixed:aligned:visual>prediction:0024,fixed,0.95,0.95,0.0,0.9,0.9,0.0,0.0,0.0,0.0,0.0,True
fixed:aligned:visual>prediction:0025,fixed,0.95,0.95,0.0,0.9,0.9,0.0,0.0,0.0,0.7094471756468518,0.0,True
fixed:aligned:visual>prediction:0026,fixed,0.95,0.95,0.0,0.9,0.9,0.0,0.0,0.0,1.005083335473085,0.0,True
fixed:aligned:visual>prediction:0027,fixed,0.95,0.95,0.0,0.9,0.9,0.0,0.0,0.0,3.260200690506488,0.0,True
fixed:aligned:visual>prediction:0028,fixed,0.95,0.95,0.0,0.9,0.9,0.0,0.0,0.0,2.3546630906458326,0.0,True
fixed:aligned:visual>prediction:0029,fixed,0.95,0.95,0.0,0.9,0.9,0.0,0.0,0.0,0.0,0.0,True
fixed:aligned:visual>prediction:0030,fixed,0.95,0.95,0.0,0.9,0.9,0.0,0.0,0.0,0.0,0.0,True
fixed:aligned:visual>prediction:0031,fixed,0.95,0.95,0.0,0.9,0.9,0.0,0.0,0.0,0.1604685474516403,0.0,True
fixed:aligned:visual>prediction:0032,fixed,0.95,0.95,0.0,0.9,0.9,0.0,0.0,0.0,1.9841298363907176,0.0,True
fixed:aligned:visual>prediction:0033,fixed,0.95,0.95,0.0,0.9,0.9,0.0,0.0,0.0,0.6568849540240969,0.0,True
fixed:aligned:visual>prediction:0034,fixed,0.95,0.95,0.0,0.9,0.9,0.0,0.0,0.0,0.0,0.0,True
fixed:aligned:visual>prediction:0035,fixed,0.95,0.95,0.0,0.9,0.9,0.0,0.0,0.0,0.0,0.0,True
plastic:grid:prediction>prediction:0000,plastic,0.013579429057294284,0.013579429057294284,0.0,0.01,0.01,0.0,0.0,0.0,0.0,0.05654427478559076,False
plastic:grid:prediction>prediction:0001,plastic,0.014250956507689646,0.014250956507689646,0.0,0.01,0.01,0.0,0.0,0.0,0.0,0.05934049195503256,False
plastic:grid:prediction>prediction:0002,plastic,0.014279096119970722,0.014279096119970722,0.0,0.01,0.01,0.0,0.0,0.0,0.0,0.05945766433116613,False
plastic:grid:prediction>prediction:0003,plastic,0.013399797783756958,0.013399797783756958,0.0,0.01,0.01,0.0,0.0,0.0,0.0,0.057813447762241045,False
plastic:grid:prediction>prediction:0004,plastic,0.01427773511592256,0.01427773511592256,0.0,0.01,0.01,0.0,0.0,0.0,0.0,0.06160130970693424,False
plastic:grid:prediction>prediction:0005,plastic,0.014384179675488523,0.014384179675488523,0.0,0.01,0.01,0.0,0.0,0.0,0.0,0.062060564919837614,False
plastic:grid:prediction>prediction:0006,plastic,0.014398996116373432,0.014398996116373432,0.0,0.01,0.01,0.0,0.0,0.0,0.0,0.06212449047639792,False
plastic:grid:prediction>prediction:0007,plastic,0.014059466665901072,0.014059466665901072,0.0,0.01,0.01,0.0,0.0,0.0,0.0,0.060659590149885464,False
plastic:grid:prediction>prediction:0008,plastic,0.013746202379690674,0.013746202379690674,0.0,0.01,0.01,0.0,0.0,0.0,0.0,0.04543225101066637,False
plastic:grid:prediction>prediction:0009,plastic,0.013498153164995594,0.013498153164995594,0.0,0.01,0.01,0.0,0.0,0.0,0.0,0.04461242937020546,False
plastic:grid:prediction>prediction:0010,plastic,0.013630735577985095,0.013630735577985095,0.0,0.01,0.01,0.0,0.0,0.0,0.0,0.04505062439310417,False
plastic:grid:prediction>prediction:0011,plastic,0.014394611211411357,0.014394611211411357,0.0,0.01,0.01,0.0,0.0,0.0,0.0,0.0475752918292557,False
plastic:grid:prediction>prediction:0012,plastic,0.01377484060465906,0.01377484060465906,0.0,0.01,0.01,0.0,0.0,0.0,0.0,0.045526902536180476,False
plastic:grid:prediction>prediction:0013,plastic,0.013752122137721935,0.013752122137721935,0.0,0.01,0.01,0.0,8.174754251505109e-05,0.0,6.574987511165915e-05,0.061576353567957216,False
plastic:grid:prediction>prediction:0014,plastic,0.014269333900078061,0.014269333900078061,0.0,0.01,0.01,0.0,8.749668549482864e-05,0.0,6.822270137371773e-05,0.06389221536945972,False
plastic:grid:prediction>prediction:0015,plastic,0.014003125251909533,0.021225588426309668,0.007222463174400135,0.01,0.015055724222080095,0.00722258876245868,1.1167669102876163e-07,0.0003733350425581045,6.694993887237889e-05,0.06270024240133798,False
plastic:grid:prediction>prediction:0016,plastic,0.01355445422042814,0.013601746888224513,4.729266779637288e-05,0.01,0.010033104867457461,4.7292667831630336e-05,7.599775795251935e-05,2.3351814131040253e-06,6.480481072483267e-05,0.06069127783619523,False
plastic:grid:prediction>prediction:0017,plastic,0.01357900983733214,0.01647794471995534,0.002898934882623199,0.01,0.01202925441783624,0.002898943003376465,2.4357140557097944e-05,0.000144959725920046,6.492221287764651e-05,0.06080122780125643,False
plastic:grid:prediction>prediction:0018,plastic,0.014465058811412034,0.014465058811412034,0.0,0.01,0.01,0.0,0.0,0.0,0.0,0.06285709831299299,False
plastic:grid:prediction>prediction:0019,plastic,0.013778698300177177,0.013778698300177177,0.0,0.01,0.01,0.0,0.0,0.0,0.0,0.05987455737103646,False
plastic:grid:prediction>prediction:0020,plastic,0.014112860573773804,0.014112860573773804,0.0,0.01,0.01,0.0,0.0,0.0,0.0,0.06132664070908587,False
plastic:grid:prediction>prediction:0021,plastic,0.014229148711771758,0.014229148711771758,0.0,0.01,0.01,0.0,0.0,0.0,0.0,0.06183196426276586,False
plastic:grid:prediction>prediction:0022,plastic,0.013322509801896245,0.013322509801896245,0.0,0.01,0.01,0.0,0.0,0.0,0.0,0.05789221594681228,False
plastic:grid:prediction>prediction:0023,plastic,0.014555839272322754,0.014555839272322754,0.0,0.01,0.01,0.0,0.0,0.0,0.0,0.06166911200861873,False
plastic:grid:prediction>prediction:0024,plastic,0.014507112665990682,0.014507112665990682,0.0,0.01,0.01,0.0,0.0,0.0,0.0,0.06146267069750822,False
plastic:grid:prediction>prediction:0025,plastic,0.013337219262777542,0.013337219262777542,0.0,0.01,0.01,0.0,0.0,0.0,0.0,0.05650615215047547,False
plastic:grid:prediction>prediction:0026,plastic,0.013670001740813387,0.013670001740813387,0.0,0.01,0.01,0.0,0.0,0.0,0.0,0.03917216593632761,False
plastic:grid:prediction>prediction:0027,plastic,0.013533295783517859,0.013533295783517859,0.0,0.01,0.01,0.0,0.0,0.0,0.0,0.038780427255879844,False
plastic:grid:prediction>prediction:0028,plastic,0.014371318067944701,0.014371318067944701,0.0,0.01,0.01,0.0,0.0,0.0,0.0,0.04118182768042401,False
plastic:grid:prediction>prediction:0029,plastic,0.014160957582184936,0.014160957582184936,0.0,0.01,0.01,0.0,0.0,0.0,0.0,0.040579027767822254,False
plastic:grid:prediction>prediction:0030,plastic,0.013425589720833634,0.013425589720833634,0.0,0.01,0.01,0.0,0.0,0.0,0.0,0.038471789419556944,False
plastic:grid:prediction>prediction:0031,plastic,0.013495711822351032,0.013495711822351032,0.0,0.01,0.01,0.0,0.0,0.0,0.0,0.05723726402824332,False
plastic:grid:prediction>prediction:0032,plastic,0.014458051858228618,0.014458051858228618,0.0,0.01,0.01,0.0,0.0,0.0,0.0,0.061318687182763475,False
plastic:grid:prediction>prediction:0033,plastic,0.013820958210316148,0.013820958210316148,0.0,0.01,0.01,0.0,0.0,0.0,0.0,0.05861668095913546,False
plastic:grid:prediction>prediction:0034,plastic,0.013662474059054566,0.013662474059054566,0.0,0.01,0.01,0.0,0.0,0.0,0.0,0.05794452677197893,False
plastic:grid:prediction>prediction:0035,plastic,0.01378649595966344,0.01378649595966344,0.0,0.01,0.01,0.0,0.0,0.0,0.0,0.05847052157417071,False
plastic:grid:prediction>prediction:0036,plastic,0.013659374494672936,0.013659374494672936,0.0,0.01,0.01,0.0,0.0,0.0,0.0,0.057931381071535754,False
plastic:grid:prediction>prediction:0037,plastic,0.013619732798253292,0.013619732798253292,0.0,0.01,0.01,0.0,0.0,0.0,0.0,0.05776325490862077,False
plastic:grid:prediction>prediction:0038,plastic,0.014181803586727321,0.014181803586727321,0.0,0.01,0.01,0.0,0.0,0.0,0.0,0.060147078344237534,False
plastic:grid:prediction>prediction:0039,plastic,0.014689187341896733,0.014689187341896733,0.0,0.01,0.01,0.0,0.029578494125632817,0.0,0.02289401545340585,0.06149968390549841,False
plastic:grid:prediction>prediction:0040,plastic,0.013440388253888252,0.013440388253888252,0.0,0.01,0.01,0.0,0.027008313837370193,0.0,0.020947684117735538,0.05627129737965269,False
plastic:grid:prediction>prediction:0041,plastic,0.014081151330947344,0.018285491730472312,0.004204340399524968,0.01,0.012943038279667477,0.005818598645089152,0.02663963924750078,0.00029639924687494,0.021946353373339743,0.05895400036248229,False
plastic:grid:prediction>prediction:0042,plastic,0.01355265348352002,0.01355265348352002,0.0,0.01,0.01,0.0,0.024942769217325387,0.0,0.02112265648633888,0.05674132175712384,False
plastic:grid:prediction>prediction:0043,plastic,0.014035745028791126,0.13403574502879112,0.12,0.01,0.10043786234417683,0.16022875791301597,0.024335790134263555,0.007998564955450461,0.021875584816914477,0.05876389636524069,True
plastic:grid:prediction>prediction:0044,plastic,0.013691762627061718,0.013691762627061718,0.0,0.01,0.01,0.0,0.02676512167623465,0.0,0.02133946677051778,0.05732373439555334,False
plastic:grid:prediction>prediction:0045,plastic,0.014160554530775544,0.014160554530775544,0.0,0.01,0.01,0.0,0.026779277808310343,0.0,0.022070108217062907,0.059286440243386467,False
plastic:grid:prediction>prediction:0046,plastic,0.014328937677853064,0.020209689089527867,0.005880751411674804,0.01,0.014116525988172361,0.007840934114657834,0.02682422062426337,0.00039672735525680833,0.02233254386319907,0.05999141527565012,False
plastic:grid:prediction>prediction:0047,plastic,0.014494636117323257,0.014494636117323257,0.0,0.01,0.01,0.0,0.01679529573239138,0.0,0.014353558235220379,0.06314310991825582,False
plastic:grid:prediction>prediction:0048,plastic,0.014290017956042688,0.014324060763486636,3.404280744394826e-05,0.01,0.010023829965210763,5.2930372622482704e-05,0.017191744459678672,2.7182961776115636e-06,0.014150931644931978,0.06225173003507485,False
plastic:grid:prediction>prediction:0049,plastic,0.014004559729382176,0.014004559729382176,0.0,0.01,0.01,0.0,0.016387642894302584,0.0,0.013868251814480936,0.061008185868998636,False
plastic:grid:prediction>prediction:0050,plastic,0.01337426195031073,0.07844448086827441,0.06507021891796368,0.01,0.055549153242574575,0.0699791365299056,0.013723272596980233,0.003351121464702804,0.013244088792780823,0.058262414148825895,True
plastic:grid:prediction>prediction:0051,plastic,0.014104205157295949,0.01754290989087337,0.003438704733577422,0.01,0.012407093313504196,0.00523601307419584,0.0173206372874914,0.00027222969829904595,0.013966927382522589,0.06144227211695152,False
plastic:grid:prediction>prediction:0052,plastic,0.014488735657929472,0.014488735657929472,0.0,0.01,0.01,0.0,0.01775883386889112,0.0,0.014347715205644627,0.06311740569546238,False
plastic:grid:prediction>prediction:0053,plastic,0.013462515748014828,0.13346251574801482,0.12,0.01,0.11572532943831915,0.20067301186716294,0.014458816249425046,0.010377444401414745,0.01333148360659827,0.058646874938598534,True
plastic:grid:prediction>prediction:0054,plastic,0.01341801834491159,0.03177303001270281,0.018355011667791223,0.01,0.022848508167453853,0.0183731518809265,0.01622356606740061,0.0009344452409311663,0.013287419301596845,0.05845303051280666,False
plastic:grid:prediction>prediction:0055,plastic,0.013966898898012083,0.01775869667452263,0.0037917977765105464,0.01,0.012654258443557382,0.004731830759569547,0.012655365014157522,0.0002431835969148681,0.010201277074926452,0.04404465986032462,False
plastic:grid:prediction>prediction:0056,plastic,0.013668565033458377,0.013668565033458377,0.0,0.01,0.01,0.0,0.012254709785942904,0.0,0.009983377136266557,0.043103863074650584,False
plastic:grid:prediction>prediction:0057,plastic,0.01352685370178725,0.01352685370178725,0.0,0.01,0.01,0.0,0.012337177516747936,0.0,0.009879872659747449,0.04265697594191014,False
plastic:grid:prediction>prediction:0058,plastic,0.01453046973936202,0.018805971312260056,0.0042755015728980356,0.01,0.012992851101028626,0.005305336270928127,0.012905959672574175,0.0002698709267108672,0.010612903331115545,0.04582188229142477,False
plastic:grid:prediction>prediction:0059,plastic,0.014234697073960106,0.01675202460200486,0.0025173275280447535,0.01,0.011762129269631327,0.0033060767033450504,0.01287750950412323,0.00016955182671358986,0.010396874065565127,0.04488916225537844,False
plastic:grid:prediction>prediction:0060,plastic,0.013602224406432942,0.018854283370480972,0.005252058964048029,0.01,0.013676441274833619,0.0064761160341616315,0.01295124324312183,0.0003378717519955911,0.009934922635195652,0.04289465769745179,False
plastic:grid:prediction>prediction:0061,plastic,0.014012993910135467,0.08077536261400756,0.06676236870387209,0.01,0.056733658092710464,0.0929345032542548,0.013049268895627124,0.004809705326773796,0.010234944390332441,0.04419002062688111,True
plastic:grid:prediction>prediction:0062,plastic,0.014141879643989351,0.0604646475930962,0.04632276794910685,0.01,0.042425937564374794,0.0686317483935058,0.01277180938631506,0.003545951626225788,0.010329081184165447,0.04459646219633005,True
plastic:grid:prediction>prediction:0063,plastic,0.013383371402960701,0.013383371402960701,0.0,0.01,0.01,0.0,0.00016297609615228818,0.0,0.0001385430481645264,0.05935353712298548,False
plastic:grid:prediction>prediction:0064,plastic,0.014486248703760154,0.014486248703760154,0.0,0.01,0.01,0.0,0.00018173244468328687,0.0,0.0001499599010937083,0.0642446566207689,False
plastic:grid:prediction>prediction:0065,plastic,0.013458095907250174,0.016027854330510655,0.0025697584232604806,0.01,0.011798830896282338,0.0027869421507397147,0.00012573558509574733,0.00014241081019637973,0.00013931658722917165,0.05968493072373102,False
plastic:grid:prediction>prediction:0066,plastic,0.014227756809123226,0.014886205590609894,0.0006584487814866678,0.01,0.010460914147040668,0.0007089580768107983,0.00017399964146934364,3.559919135995421e-05,0.00014728402414682023,0.06309827819321294,False
plastic:grid:prediction>prediction:0067,plastic,0.013765190386707985,0.02519438377074466,0.011429193384036675,0.01,0.018000435368825674,0.012534954692162049,6.267981359515717e-05,0.000647993104251887,0.00014249559227786756,0.061046855386654955,False
plastic:grid:prediction>prediction:0068,plastic,0.01371921620901058,0.01371921620901058,0.0,0.01,0.01,0.0,0.0,0.0,0.0,0.06141368803282762,False
plastic:grid:prediction>prediction:0069,plastic,0.013794679704018417,0.013794679704018417,0.0,0.01,0.01,0.0,0.0,0.0,0.0,0.061751498259714654,False
plastic:grid:prediction>prediction:0070,plastic,0.014540539392140311,0.014540539392140311,0.0,0.01,0.01,0.0,0.0,0.0,0.0,0.06509031831362527,False
plastic:grid:prediction>prediction:0071,plastic,0.014244717927411405,0.014244717927411405,0.0,0.01,0.01,0.0,0.0,0.0,0.0,0.0637660817922748,False
plastic:grid:prediction>prediction:0072,plastic,0.01389444153437199,0.01389444153437199,0.0,0.01,0.01,0.0,0.0,0.0,0.0,0.062198079305860327,False
plastic:grid:prediction>prediction:0073,plastic,0.01449933912896754,0.01449933912896754,0.0,0.01,0.01,0.0,0.0,0.0,0.0,0.06386765397725462,False
plastic:grid:prediction>prediction:0074,plastic,0.014191284107151297,0.014191284107151297,0.0,0.01,0.01,0.0,0.0,0.0,0.0,0.06251071271501409,False
plastic:grid:prediction>prediction:0075,plastic,0.013688047644500559,0.013688047644500559,0.0,0.01,0.01,0.0,0.0,0.0,0.0,0.060294023252174825,False
plastic:grid:prediction>prediction:0076,plastic,0.014442317057691084,0.014442317057691084,0.0,0.01,0.01,0.0,0.0,0.0,0.0,0.06361647936267686,False
plastic:grid:prediction>prediction:0077,plastic,0.013765917413499732,0.013765917413499732,0.0,0.01,0.01,0.0,0.0,0.0,0.0,0.06063702919316921,False
plastic:grid:prediction>prediction:0078,plastic,0.014479213798094154,0.014479213798094154,0.0,0.01,0.01,0.0,0.0,0.0,0.0,0.06377900458041207,False
plastic:grid:prediction>prediction:0079,plastic,0.013680642235920526,0.013680642235920526,0.0,0.01,0.01,0.0,0.0,0.0,0.0,0.060261403415605555,False
plastic:grid:prediction>prediction:0080,plastic,0.013955635716166793,0.013955635716166793,0.0,0.01,0.01,0.0,0.0,0.0,0.0,0.06147271299917689,False
plastic:grid:prediction>prediction:0081,plastic,0.01465909128530525,0.01465909128530525,0.0,0.01,0.01,0.0,0.0,0.0,0.0,0.04628476888310095,False
plastic:grid:prediction>prediction:0082,plastic,0.014037332112371612,0.014037332112371612,0.0,0.01,0.01,0.0,0.0,0.0,0.0,0.044321619936137965,False
plastic:grid:prediction>prediction:0083,plastic,0.013618067136595934,0.013618067136595934,0.0,0.01,0.01,0.0,0.0,0.0,0.0,0.04299782829538263,False
plastic:grid:prediction>prediction:0084,plastic,0.014477680149400759,0.014477680149400759,0.0,0.01,0.01,0.0,0.0,0.0,0.0,0.045711979456066185,False
plastic:grid:prediction>prediction:0085,plastic,0.013924859541900123,0.013924859541900123,0.0,0.01,0.01,0.0,0.0,0.0,0.0,0.043966497860107256,False
plastic:grid:prediction>prediction:0086,plastic,0.01333675681340434,0.01333675681340434,0.0,0.01,0.01,0.0,0.0,0.0,0.0,0.042109616124522804,False
plastic:grid:prediction>prediction:0087,plastic,0.013908232196653608,0.013908232196653608,0.0,0.01,0.01,0.0,0.0,0.0,0.0,0.04391399850548174,False
plastic:grid:prediction>prediction:0088,plastic,0.013914112287013222,0.013914112287013222,0.0,0.01,0.01,0.0,0.0,0.0,0.0,0.043932564364579665,False
plastic:grid:prediction>prediction:0089,plastic,0.014186172158215165,0.01830859560124414,0.004122423443028976,0.01,0.012885696410120282,0.006366034983183131,0.043971641596262004,0.0003155718219300695,0.039268537537149074,0.06597664987669032,False
plastic:grid:prediction>prediction:0090,plastic,0.014160803046953526,0.07681683308138627,0.06265603003443275,0.01,0.05385922102410293,0.08522975557553984,0.043857839135329126,0.004292818693441367,0.039198313667964974,0.06585866392863297,True
plastic:grid:prediction>prediction:0091,plastic,0.014301314590442336,0.017282225053221772,0.002980910462779436,0.01,0.012086637323945607,0.0046515286593385805,0.04731392558264972,0.00024100747554403598,0.03958726163492572,0.06651215105715522,False
plastic:grid:prediction>prediction:0092,plastic,0.014560928944374186,0.014560928944374186,0.0,0.01,0.01,0.0,0.04910722213470072,0.0,0.04030589636520085,0.06771955818159267,False
plastic:grid:prediction>prediction:0093,plastic,0.013498741410840053,0.030695526549191998,0.017196785138351947,0.01,0.022037749596846363,0.021111222379596287,0.044711793366710155,0.0010794196288643001,0.03736567044894321,0.06277956632037845,False
plastic:grid:prediction>prediction:0094,plastic,0.01396718697545607,0.13396718697545607,0.12,0.01,0.6070889679902886,1.343858643304035,0.027524383752791787,0.06956531205408421,0.03866236782671909,0.06495819975709885,True
plastic:grid:prediction>prediction:0095,plastic,0.013625297774055928,0.13362529777405593,0.12000000000000001,0.01,0.49699110452151,0.8621625335605491,0.022520787192493435,0.04178672702203047,0.037715989283656465,0.06336815108957751,True
plastic:grid:prediction>prediction:0096,plastic,0.013809557896883528,0.13380955789688354,0.12000000000000001,0.01,0.42138537252056185,0.862370471064565,0.03224122616544399,0.043975550566251805,0.03822603705899418,0.06422510287857663,True
plastic:grid:prediction>prediction:0097,plastic,0.013308708044634288,0.03712797973236712,0.02381927168773283,0.01,0.026673490181412976,0.02402223529466973,0.003196416862650143,0.001241028990247607,0.0026246034418976574,0.0549178132611478,False
plastic:grid:prediction>prediction:0098,plastic,0.014612479016228941,0.049552549232919546,0.03494007021669061,0.01,0.03445804915168342,0.036771352265149236,0.003019135968055555,0.001877563296379043,0.0028817194420396254,0.0602977682885787,True
plastic:grid:prediction>prediction:0099,plastic,0.013953706174067134,0.014479577929866327,0.000525871755799193,0.01,0.010368110229059436,0.0005701149070343046,0.003194115557617174,2.7998990469442278e-05,0.0027518031899760992,0.05757937039405552,False
plastic:grid:prediction>prediction:0100,plastic,0.013864409982588026,0.03768936756987125,0.023824957587283223,0.01,0.026677470311098253,0.024025782069807385,0.003169230220907091,0.0012344078227219336,0.0027341931341601303,0.057210893487646984,False
plastic:grid:prediction>prediction:0101,plastic,0.014246671947011846,0.13424667194701184,0.12,0.01,0.09478037800026011,0.12964392094298116,0.0017066252842990245,0.006501326771426863,0.002809578818793721,0.05878828109797408,True
plastic:grid:prediction>prediction:0102,plastic,0.014648638552526985,0.01670339394241137,0.002054755389884387,0.01,0.011438328772919072,0.002957010366701952,0.003420046095618325,0.00014087569499127172,0.0028888504455229806,0.06044697906511431,False
plastic:grid:prediction>prediction:0103,plastic,0.014633055525326481,0.019976974581787828,0.005343919056461347,0.01,0.013740743339522942,0.007783007707009048,0.003266893834600158,0.0003896642821635455,0.0028857773247746377,0.060382676371346436,False
plastic:grid:prediction>prediction:0104,plastic,0.014208935939078623,0.023529221844531246,0.009320285905452624,0.01,0.016524200133816835,0.010990311619134973,0.0031163607584159332,0.0005458544829734682,0.002802136920153157,0.05863256507881221,False
plastic:grid:prediction>prediction:0105,plastic,0.01400261335122644,0.033427240577058884,0.019424627225832443,0.01,0.02359723905808271,0.0266789563806671,0.031974667145096364,0.00138107535225318,0.025460868927755325,0.06043688914490872,False
plastic:grid:prediction>prediction:0106,plastic,0.014219759248620654,0.020390480798645614,0.00617072155002496,0.01,0.014319505085017472,0.008219907517189972,0.030526126578872735,0.0004081719287086128,0.02585570402696698,0.0613741158039549,False
plastic:grid:prediction>prediction:0107,plastic,0.013903987223960476,0.13390398722396046,0.11999999999999998,0.01,0.10025632840580753,0.13431543774391555,0.03277943844192882,0.006999763896105885,0.025281537624648905,0.060011207440297296,True
plastic:grid:prediction>prediction:0108,plastic,0.01340997616326258,0.01969496625876429,0.00628499009550171,0.01,0.014399493066851196,0.009744722475794831,0.027502793472554153,0.00048110385905168306,0.02438328023870254,0.057878998904442605,False
plastic:grid:prediction>prediction:0109,plastic,0.01399383514885763,0.13399383514885763,0.12,0.01,0.1997835025037544,0.32320055123507807,0.02745060985603702,0.01638106800623752,0.025444907574375977,0.06039900141422958,True
plastic:grid:prediction>prediction:0110,plastic,0.013947646734210454,0.013947646734210454,0.0,0.01,0.01,0.0,0.0,0.0,0.0,0.04086989159814041,False
plastic:grid:prediction>prediction:0111,plastic,0.013759069112661787,0.013759069112661787,0.0,0.01,0.01,0.0,0.0,0.0,0.0,0.04031731472998494,False
plastic:grid:prediction>prediction:0112,plastic,0.013327803183003886,0.013327803183003886,0.0,0.01,0.01,0.0,0.0,0.0,0.0,0.03905360393124084,False
plastic:grid:prediction>prediction:0113,plastic,0.01375034719172264,0.01375034719172264,0.0,0.01,0.01,0.0,0.0,0.0,0.0,0.04029175744637264,False
plastic:grid:prediction>prediction:0114,plastic,0.014146908801489859,0.014146908801489859,0.0,0.01,0.01,0.0,0.0,0.0,0.0,0.04145377641000304,False
plastic:grid:prediction>prediction:0115,plastic,0.013349360388318837,0.013349360388318837,0.0,0.01,0.01,0.0,0.0,0.0,0.0,0.05508789779585578,False
plastic:grid:prediction>prediction:0116,plastic,0.01390968622115632,0.01390968622115632,0.0,0.01,0.01,0.0,0.0,0.0,0.0,0.05740015630965987,False
plastic:grid:prediction>prediction:0117,plastic,0.014445590615025495,0.014445590615025495,0.0,0.01,0.01,0.0,0.0,0.0,0.0,0.05961163653186195,False
plastic:grid:prediction>prediction:0118,plastic,0.013930622527754134,0.013930622527754134,0.0,0.01,0.01,0.0,0.0,0.0,0.0,0.057486552742487596,False
plastic:grid:prediction>prediction:0119,plastic,0.013537606625183538,0.013537606625183538,0.0,0.01,0.01,0.0,0.0,0.0,0.0,0.0558647207413155,False
plastic:grid:prediction>prediction:0120,plastic,0.013928990972945974,0.013928990972945974,0.0,0.01,0.01,0.0,0.0,0.0,0.0,0.05747981991620188,False
plastic:grid:prediction>prediction:0121,plastic,0.013457444458491672,0.013457444458491672,0.0,0.01,0.01,0.0,0.0,0.0,0.0,0.05553392097882799,False
plastic:grid:prediction>prediction:0122,plastic,0.013356599765253002,0.013356599765253002,0.0,0.01,0.01,0.0,0.0,0.0,0.0,0.05511777204039291,False
plastic:grid:prediction>prediction:0123,plastic,0.013332274590621113,0.013332274590621113,0.0,0.01,0.01,0.0,0.023634305543818134,0.0,0.01865004639971471,0.06127209222111654,False
plastic:grid:prediction>prediction:0124,plastic,0.013893174388345282,0.013893174388345282,0.0,0.01,0.01,0.0,0.023161634697061804,0.0,0.019434669247229818,0.06384985972053013,False
plastic:grid:prediction>prediction:0125,plastic,0.014575883657976744,0.13457588365797674,0.12,0.01,0.5343851571620206,1.0474174453968947,0.0059662001399589885,0.05262594089402648,0.0203896870478007,0.06698743576164291,True
plastic:grid:prediction>prediction:0126,plastic,0.013444515263256749,0.013444515263256749,0.0,0.01,0.01,0.0,0.023292506552191422,0.0,0.018807055898608645,0.06178792474451271,False
plastic:grid:prediction>prediction:0127,plastic,0.013726885590791525,0.09474677581473989,0.08101989022394837,0.01,0.06671392315676386,0.08865942134457414,0.02204911504509999,0.004326439448122014,0.0192020537419722,0.06308563434624775,True
plastic:grid:prediction>prediction:0128,plastic,0.013319260310811898,0.013353947176884946,3.46868660730474e-05,0.01,0.010024280806251134,5.369326304972449e-05,0.022862520980276434,2.6591863165555255e-06,0.018631841184944264,0.06121228156035929,False
plastic:grid:prediction>prediction:0129,plastic,0.014639361228352743,0.021974712919973716,0.007335351691620973,0.01,0.01513474618413468,0.010394301363167593,0.026055141492771803,0.000522335230784145,0.020478483571215098,0.06727916419249799,False
plastic:grid:prediction>prediction:0130,plastic,0.014577656867573357,0.13457765686757336,0.12000000000000001,0.01,0.6288442682543037,1.523819472108991,0.0049550985041449,0.07928777581106054,0.02039216752785895,0.06699558502838598,True
plastic:grid:prediction>prediction:0131,plastic,0.014484614838582325,0.014484614838582325,0.0,0.01,0.01,0.0,0.02146753384472556,0.0,0.019556389135003176,0.06330096789768785,False
plastic:grid:prediction>prediction:0132,plastic,0.013815124954879595,0.1338151249548796,0.12000000000000001,0.01,0.4614423635218323,0.7665479542185805,1.3048494132393963e-05,0.036717588464179024,0.0186524779966301,0.0603751491508056,True
plastic:grid:prediction>prediction:0133,plastic,0.013319547073053696,0.0161242567292934,0.002804709656239704,0.01,0.011963296759367793,0.003631212143711035,0.020943617927349587,0.00017966789325114292,0.017983373984428657,0.058209364286115596,False
plastic:grid:prediction>prediction:0134,plastic,0.013644255210861137,0.07828477685296714,0.064640521642106,0.01,0.0552483651494742,0.06920756791234149,0.020256421692369898,0.0034319201202151197,0.01842177837205172,0.05962841060778351,True
plastic:grid:prediction>prediction:0135,plastic,0.014003638061005045,0.05531564035730856,0.04131200229630351,0.01,0.03891840160741245,0.054695023121102734,0.020661562467281788,0.0026447645166177212,0.018906998790004424,0.0611989930853612,True
plastic:grid:prediction>prediction:0136,plastic,0.013404769381429118,0.08767613284576341,0.07427136346433429,0.01,0.061989954425034,0.08958564001610671,0.01918184174946782,0.004230841568492209,0.01809843680412709,0.05858180460757102,True
plastic:grid:prediction>prediction:0137,plastic,0.013513533718361777,0.13351353371836178,0.12,0.01,0.38955604668212884,0.6073094281416704,0.010012665126175524,0.028890239636180762,0.018245284871595192,0.05905712879653382,True
plastic:grid:prediction>prediction:0138,plastic,0.013661911181952617,0.05192156917772867,0.038259657995776054,0.01,0.03678176059704324,0.0451832958457083,0.01972309046784247,0.002136377026675133,0.01844561656485624,0.05970557110336589,True
plastic:grid:prediction>prediction:0139,plastic,0.014566196282699168,0.13456619628269917,0.12,0.01,0.5380436297854537,1.0131902300299471,0.0009650842682556655,0.052365846599781884,0.012240451406702442,0.052832142793888315,True
plastic:grid:prediction>prediction:0140,plastic,0.014494608130628353,0.02037087801507383,0.005876269884445477,0.01,0.014113388919111833,0.006380135637644316,0.01412812987681376,0.0003161092592064845,0.012180293539836455,0.05257248986877649,False
plastic:grid:prediction>prediction:0141,plastic,0.013663195132928628,0.01988771988028283,0.006224524747354203,0.01,0.014357167323147943,0.008055769445393325,0.01447054063133594,0.00041832229983233685,0.011481629990359796,0.04955692359720713,False
plastic:grid:prediction>prediction:0142,plastic,0.013379141886707331,0.06360154304808387,0.05022240116137654,0.01,0.04515568081296357,0.05146429002573901,0.013152522780955222,0.002533514265333491,0.011242930752081817,0.04852665176960203,True
plastic:grid:prediction>prediction:0143,plastic,0.01439250902131275,0.13439250902131275,0.12,0.01,0.10005473103275107,0.1375789410111113,0.012546208510890567,0.007027713126422401,0.012094496317144245,0.052202172552038316,True
plastic:grid:prediction>prediction:0144,plastic,0.014063349914453665,0.13406334991445365,0.11999999999999998,0.01,0.40742311352539934,0.6644061750898206,0.002199284759454354,0.03378793495963085,0.011817893148109122,0.051008300068242196,True
plastic:grid:prediction>prediction:0145,plastic,0.013585491946709308,0.09716546643738898,0.08357997449067966,0.01,0.06850598214347577,0.09039371952802956,0.012496262784688345,0.004446320433544686,0.011416333460187868,0.04927509121281485,True
plastic:grid:prediction>prediction:0146,plastic,0.014309310065244819,0.014365793701931948,5.6483636687129635e-05,0.01,0.01003953854568099,8.706566391974873e-05,0.01414883505212896,4.385902667782614e-06,0.01202458151172263,0.0519004068033161,False
plastic:grid:prediction>prediction:0147,plastic,0.01449742492800501,0.025910033879051914,0.011412608951046904,0.01,0.01798882626573283,0.01168167400179824,0.013946909294360543,0.0005869394817592404,0.011679358653466454,0.06264204717061089,False
plastic:grid:prediction>prediction:0148,plastic,0.013755569707198899,0.1337555697071989,0.12,0.01,0.15240296819299157,0.2063109740177644,0.01197162739500155,0.010524324835179975,0.011081708157894377,0.059436558612037255,True
plastic:grid:prediction>prediction:0149,plastic,0.014530910140993655,0.13453091014099366,0.12000000000000001,0.01,0.1681519668487915,0.29307555790834317,0.012042489386950168,0.015214689447004487,0.011706334879522062,0.06278673371335691,True
plastic:grid:prediction>prediction:0150,plastic,0.01357979672304703,0.13357979672304704,0.12000000000000001,0.01,0.12030239572282837,0.1588988178322384,0.012801216842557648,0.008175245960080301,0.010940102615275974,0.05867705962382102,True
plastic:grid:prediction>prediction:0151,plastic,0.013354538264536314,0.013701115400706728,0.0003465771361704142,0.01,0.01024260399531929,0.0005299063569827072,0.013260382681785768,2.717854482481896e-05,0.010758630778743708,0.057703738426871806,False
plastic:grid:prediction>prediction:0152,plastic,0.013929680352660262,0.013929680352660262,0.0,0.01,0.01,0.0,0.0,0.0,0.0,0.05454815811012165,False
plastic:grid:prediction>prediction:0153,plastic,0.01391226623086584,0.01391226623086584,0.0,0.01,0.01,0.0,0.0,0.0,0.0,0.05447996499693156,False
plastic:grid:prediction>prediction:0154,plastic,0.014384803888815615,0.014384803888815615,0.0,0.01,0.01,0.0,0.0,0.0,0.0,0.05633040651649652,False
plastic:grid:prediction>prediction:0155,plastic,0.013683759957668072,0.013683759957668072,0.0,0.01,0.01,0.0,0.0,0.0,0.0,0.05358514214357253,False
plastic:grid:prediction>prediction:0156,plastic,0.013859478745465751,0.013859478745465751,0.0,0.01,0.01,0.0,0.0,0.0,0.0,0.054273250985774076,False
plastic:grid:prediction>prediction:0157,plastic,0.014177322757245535,0.014177322757245535,0.0,0.01,0.01,0.0,0.01013691514467539,0.0,0.008088455558898349,0.06055664375854309,False
plastic:grid:prediction>prediction:0158,plastic,0.013688761831784678,0.013688761831784678,0.0,0.01,0.01,0.0,0.009759361368095321,0.0,0.00780972145648224,0.05846981746389893,False
plastic:grid:prediction>prediction:0159,plastic,0.01460449554405905,0.014665211227418729,6.071568335967899e-05,0.01,0.010042500978351776,9.456041956987093e-05,0.010001265927773314,4.637731970151044e-06,0.008332166459840216,0.06238125837142475,False
plastic:grid:prediction>prediction:0160,plastic,0.014343475759903397,0.014343475759903397,0.0,0.01,0.01,0.0,0.009739579309704784,0.0,0.00818324927989824,0.06126634532657871,False
plastic:grid:prediction>prediction:0161,plastic,0.013575676447031032,0.032000108596482855,0.018424432149451823,0.01,0.022897102504616275,0.02570005964446696,0.009888000154533382,0.0013218199505655973,0.007745203907957549,0.05798678752403778,False
plastic:grid:prediction>prediction:0162,plastic,0.014365725719972907,0.014365725719972907,0.0,0.01,0.01,0.0,0.010336586509449264,0.0,0.00819594334183722,0.06136138322115459,False
plastic:grid:prediction>prediction:0163,plastic,0.013702789060617369,0.013820306906062025,0.00011751784544465627,0.01,0.01008226249181126,0.00018307931737220767,0.009090299308615978,7.991620101825423e-06,0.007817724280356004,0.05852973300041351,False
plastic:grid:prediction>prediction:0164,plastic,0.014687976166424511,0.01739119514266136,0.0027032189762368486,0.01,0.011892253283365793,0.003936997581014333,0.010547487128189998,0.00019180376703626235,0.008379793879741275,0.06273783530741528,False
plastic:grid:prediction>prediction:0165,plastic,0.014231889817443959,0.014231889817443959,0.0,0.01,0.01,0.0,0.007626647376718816,0.0,0.006631364089002264,0.04227093740917524,False
plastic:grid:prediction>prediction:0166,plastic,0.014237757963668662,0.031083158488954262,0.0168454005252856,0.01,0.02179178036769992,0.020158672186505237,0.00784377861068142,0.0010147226288970933,0.006634098357932297,0.0422883667207392,False
plastic:grid:prediction>prediction:0167,plastic,0.014382248312360044,0.07946038621400069,0.06507813790164065,0.01,0.05555469653114845,0.08089988001950299,0.00435718417046301,0.003700210720842269,0.006701423788483692,0.04271752564229555,True
plastic:grid:prediction>prediction:0168,plastic,0.014273985139066555,0.024291491960793044,0.01001750682172649,0.01,0.01701225477520854,0.012019566956869685,0.007814804267147582,0.0006121924762754863,0.006650978448564051,0.04239596709450533,False
plastic:grid:prediction>prediction:0169,plastic,0.014170258431172046,0.05582040895522269,0.04165015052405064,0.01,0.039155105366835447,0.051937420484119916,0.0063772408531309645,0.0024579886437163874,0.006602646879487471,0.042087882558065594,True
plastic:grid:prediction>prediction:0170,plastic,0.014105019850893479,0.014196183187433405,9.116333653992614e-05,0.01,0.01006381433557795,0.00013831656446258188,0.0075910025178711985,6.432793064642797e-06,0.0065722488941161615,0.04189411377689934,False
plastic:grid:prediction>prediction:0171,plastic,0.013366610660805071,0.12200766911480235,0.10864105845399727,0.01,0.08604874091779807,0.13576455540153998,0.005642130261319413,0.006603896088151998,0.006228186352250515,0.039700923058240925,True
plastic:grid:prediction>prediction:0172,plastic,0.013407452051885788,0.03999574968109615,0.02658829762921036,0.01,0.028611808340447256,0.03330797884880949,0.0072769372344577985,0.0016301806439529766,0.006247216441552193,0.0398222283738541,False
plastic:grid:prediction>prediction:0173,plastic,0.014100359298238186,0.1341003592982382,0.12,0.01,0.571188549350748,1.10334665315834,0.025004289627106283,0.05644957364416074,0.03584656322269267,0.06183309982813219,True
plastic:grid:prediction>prediction:0174,plastic,0.014193368720618313,0.13419336872061832,0.12000000000000001,0.01,0.3475521838508947,0.5332058273665562,0.019814935966691843,0.024285914283203505,0.03608301593067944,0.06224096609432769,True
plastic:grid:prediction>prediction:0175,plastic,0.01432390564431382,0.13432390564431382,0.12,0.01,0.332437773759837,0.6313125979521953,0.03229129121000022,0.03204659372192099,0.03641487272873506,0.06281339850285007,True
plastic:grid:prediction>prediction:0176,plastic,0.013691462985378091,0.0843811273383539,0.07068966435297581,0.01,0.05948276504708307,0.10183901268993636,0.04077652658553253,0.004929515693190496,0.03480704875214318,0.06004000179441101,True
plastic:grid:prediction>prediction:0177,plastic,0.014659722885141332,0.13465972288514133,0.12,0.01,0.17061373245818515,0.23576383651713814,0.039194233719523,0.0113551750843795,0.03726860231817167,0.06428602913139655,True
plastic:grid:prediction>prediction:0178,plastic,0.013949313229033134,0.1274432520968648,0.11349393886783167,0.01,0.08944575720748214,0.1496944088400783,0.04037925690443739,0.007179996133760203,0.035462567158849455,0.06117073041766121,True
plastic:grid:prediction>prediction:0179,plastic,0.014192759067034,0.13419275906703398,0.11999999999999998,0.01,0.21516231594512628,0.3651319518206173,0.028499929053331985,0.0166532718276484,0.03608146604210628,0.06223829263259937,True
plastic:grid:prediction>prediction:0180,plastic,0.013693741056274545,0.013693741056274545,0.0,0.01,0.01,0.0,0.041359529674190335,0.0,0.03481284016572977,0.06004999162390233,False
plastic:grid:prediction>prediction:0181,plastic,0.014096727187507664,0.0704663938252264,0.05636966663771874,0.01,0.04945876664640311,0.07962377069898542,0.03032107747522814,0.0038689074213507065,0.02626340202489769,0.05921094300683796,True
plastic:grid:prediction>prediction:0182,plastic,0.014538697453147328,0.04649486633470029,0.03195616888155296,0.01,0.03236931821708707,0.04352899294160289,0.03045971079634205,0.0021180066996151206,0.02708683023026382,0.06106736512960545,True
plastic:grid:prediction>prediction:0183,plastic,0.01460157488424304,0.13460157488424304,0.12,0.01,0.1153995998028174,0.17691026563343262,0.029729136129546068,0.008787525516308892,0.027203976233672524,0.06133147125434651,True
plastic:grid:prediction>prediction:0184,plastic,0.013733303471532742,0.13373330347153273,0.11999999999999998,0.01,0.22663286224049614,0.45407954984755927,0.027078925204534907,0.02310013550265686,0.02558631272387964,0.05768444251862578,True
plastic:grid:prediction>prediction:0185,plastic,0.013599428729778802,0.013636460217294755,3.7031487515952824e-05,0.01,0.010025922041261168,5.74033981146642e-05,0.03178283514444831,2.9793662008365336e-06,0.025336892690641075,0.05712212407416639,False
plastic:grid:prediction>prediction:0186,plastic,0.014133271484459803,0.024066440577935007,0.009933169093475204,0.01,0.01695321836543264,0.014948768618712464,0.029429420255905076,0.0006582235529756862,0.02633148715911393,0.05936444120931262,False
plastic:grid:prediction>prediction:0187,plastic,0.013640702464180955,0.013640702464180955,0.0,0.01,0.01,0.0,0.029868531316726246,0.0,0.025413789169182077,0.057295487487025155,False
plastic:grid:prediction>prediction:0188,plastic,0.013911576722706999,0.013911576722706999,0.0,0.01,0.01,0.0,0.032016043878344634,0.0,0.025918450957357314,0.058433249470375356,False
plastic:grid:prediction>prediction:0189,plastic,0.014006696035960177,0.014249539786067907,0.00024284375010773067,0.01,0.010169990625075412,0.00026680213846146485,4.944742693273621e-06,1.3954816894941284e-05,5.284605432365982e-06,0.06728670134730047,False
plastic:grid:prediction>prediction:0190,plastic,0.013781034513687,0.014252309089315168,0.00047127457562816735,0.01,0.010329892202939717,0.00047127461051815674,8.383172048087e-07,2.4363370453473697e-05,5.199465289150256e-06,0.06620264701958539,False
plastic:grid:prediction>prediction:0191,plastic,0.013384762080931582,0.01341699287082738,3.223078989579749e-05,0.01,0.010022561552927058,3.2230789906957756e-05,6.534202598343969e-06,1.6708067541227314e-06,5.049955123051146e-06,0.0642989957397599,False
plastic:grid:prediction>prediction:0192,plastic,0.01341636881101798,0.01341636881101798,0.0,0.01,0.01,0.0,5.626358808879078e-06,0.0,5.061880069311495e-06,0.06445083116207706,False
plastic:grid:prediction>prediction:0193,plastic,0.013322313101011124,0.013322313101011124,0.0,0.01,0.01,0.0,6.431832596889952e-06,0.0,5.026393662326496e-06,0.06399899737822173,False
plastic:grid:prediction>prediction:0194,plastic,0.013622358080004547,0.013622358080004547,0.0,0.01,0.01,0.0,0.0,0.0,0.0,0.03751081241031991,False
plastic:grid:prediction>prediction:0195,plastic,0.01415822551725267,0.01415822551725267,0.0,0.01,0.01,0.0,0.0,0.0,0.0,0.038986388283260544,False
plastic:grid:prediction>prediction:0196,plastic,0.013505736405386794,0.013505736405386794,0.0,0.01,0.01,0.0,0.0,0.0,0.0,0.03718968050834874,False
plastic:grid:prediction>prediction:0197,plastic,0.013406999393976866,0.013406999393976866,0.0,0.01,0.01,0.0,0.0008529409155660819,0.0,0.0008006967424357338,0.06353298812927,False
plastic:grid:prediction>prediction:0198,plastic,0.01454954659168289,0.014705666447116742,0.00015611985543385193,0.01,0.010109283898803697,0.0001576372237067469,0.0009853618617568583,7.56997650848811e-06,0.0008689322806347794,0.06894728221670011,False
plastic:grid:prediction>prediction:0199,plastic,0.014331555916802128,0.014364347942600351,3.279202579822317e-05,0.01,0.010022954418058757,4.3396132458180305e-05,0.0009464992799425866,2.034767183990429e-06,0.0008559133777371775,0.06791426964225986,False
plastic:grid:prediction>prediction:0200,plastic,0.013561428276777053,0.013561428276777053,0.0,0.01,0.01,0.0,0.0008723044056666146,0.0,0.0008099195893802671,0.06426479456033232,False
plastic:grid:prediction>prediction:0201,plastic,0.013721608186910653,0.041087070645678514,0.02736546245876786,0.01,0.0291558237211375,0.02737229657434225,0.0,0.001265880651681714,0.0008194859008627039,0.06502385391656958,True
plastic:grid:prediction>prediction:0202,plastic,0.014220922973244562,0.017481935608579146,0.003261012635334584,0.01,0.01228270884473421,0.004636288427883378,0.021516475284844523,0.0002272589233068455,0.01883116511821984,0.07722097980213921,False
plastic:grid:prediction>prediction:0203,plastic,0.013577404148561937,0.07776163629049428,0.06418423214193233,0.01,0.054928962499352633,0.07432838117903945,0.01930105492647208,0.003543403467789003,0.01797902568485953,0.07372661067739203,True
plastic:grid:prediction>prediction:0204,plastic,0.013551238260968084,0.11671706105975348,0.10316582279878539,0.01,0.08221607595914976,0.10468365871801417,0.01976014570314402,0.005150028627326941,0.0179443771496926,0.07358452739059053,True
plastic:grid:prediction>prediction:0205,plastic,0.013639120289020357,0.05780520282841055,0.044166082539390195,0.01,0.04091625777757313,0.05920376632592755,0.018742199005209223,0.0027114202917839425,0.018060749412188503,0.07406173525719408,True
plastic:grid:prediction>prediction:0206,plastic,0.01435759648472983,0.06032969438375381,0.045972097899023984,0.01,0.042180468529316784,0.05084659702919975,0.021667799930927482,0.0024940355855653925,0.019012146441788513,0.07796313011754051,True
plastic:grid:prediction>prediction:0207,plastic,0.014574330002897231,0.05151531949778235,0.03694098949488511,0.01,0.03585869264641958,0.04894363709766297,0.008176874551247292,0.002340783487464083,0.007741056508071262,0.0635937798757545,True
plastic:grid:prediction>prediction:0208,plastic,0.01343256792123345,0.13343256792123345,0.12,0.01,0.24068012466224237,0.34231553138714843,0.0007986425780705504,0.015725407644291,0.007134617324165353,0.05861180358748767,True
plastic:grid:prediction>prediction:0209,plastic,0.014297469884204604,0.025973573593083343,0.011676103708878739,0.01,0.018173272596215116,0.011708274600494221,0.00837344354680215,0.0005448173524865637,0.0075940041342602614,0.06238572561590073,False
plastic:grid:prediction>prediction:0210,plastic,0.014654058220721845,0.09219964970451199,0.07754559148379014,0.01,0.06428191403865309,0.08049378905172905,0.007931153144856977,0.003896947364778767,0.007783403610088676,0.06394166679290378,True
plastic:grid:prediction>prediction:0211,plastic,0.013663753561656167,0.013663753561656167,0.0,0.01,0.01,0.0,0.008290446478312796,0.0,0.007257410008701187,0.05962056136397238,False
plastic:grid:prediction>prediction:0212,plastic,0.01428835927604148,0.01428835927604148,0.0,0.01,0.01,0.0,0.0,0.0,0.0,0.042083287785235415,False
plastic:grid:prediction>prediction:0213,plastic,0.014422100249295305,0.014422100249295305,0.0,0.01,0.01,0.0,0.0,0.0,0.0,0.04247719304457164,False
plastic:grid:prediction>prediction:0214,plastic,0.013693833760531484,0.013693833760531484,0.0,0.01,0.01,0.0,0.0,0.0,0.0,0.04033224080485713,False
plastic:grid:prediction>prediction:0215,plastic,0.014095355205753814,0.014095355205753814,0.0,0.01,0.01,0.0,0.0,0.0,0.0,0.04151483582537625,False
plastic:grid:prediction>prediction:0216,plastic,0.014668819783752667,0.014668819783752667,0.0,0.01,0.01,0.0,0.0,0.0,0.0,0.043203852346050585,False
plastic:grid:prediction>prediction:0217,plastic,0.013990424230626726,0.013990424230626726,0.0,0.01,0.01,0.0,0.0,0.0,0.0,0.056174586041431704,False
plastic:grid:prediction>prediction:0218,plastic,0.014457481051561794,0.014457481051561794,0.0,0.01,0.01,0.0,0.0,0.0,0.0,0.05804992042310251,False
plastic:grid:prediction>prediction:0219,plastic,0.013337422295890813,0.013337422295890813,0.0,0.01,0.01,0.0,0.0,0.0,0.0,0.05355264171984765,False
