tick,gate,pitch_control,energy_control,airflow_control,tension_control,rms,peak,f0_hz,control_vowel_a,control_vowel_i,control_vowel_u,control_vowel_e,control_vowel_o,control_vowel_y,control_consonant_m,control_consonant_n,control_consonant_p,control_consonant_b,control_consonant_t,control_consonant_d,control_consonant_k,control_consonant_g,control_consonant_f,control_consonant_s,control_consonant_sh,control_consonant_h,control_consonant_r,control_consonant_y,control_consonant_w,organ_activity_0,organ_activity_1,organ_activity_2,organ_activity_3,organ_activity_4,organ_activity_5,organ_activity_6,organ_activity_7,organ_activity_8,organ_activity_9,organ_activity_10,organ_activity_11,organ_activity_12,organ_activity_13,organ_activity_14,organ_activity_15,organ_activity_16,organ_activity_17,organ_activity_18,organ_activity_19,organ_activity_20,organ_activity_21,organ_activity_22,organ_activity_23,organ_activity_24,organ_activity_25,spectrum_0,spectrum_1,spectrum_2,spectrum_3,spectrum_4,spectrum_5,spectrum_6,spectrum_7,spectrum_change_0,spectrum_change_1,spectrum_change_2,spectrum_change_3,spectrum_change_4,spectrum_change_5,spectrum_change_6,spectrum_change_7
0,0.0,0.63,0.0,0.18,0.68,0.0,0.0,237.9530278068581,0.0,0.0,0.0,0.0,0.0,0.0,0.0,0.0,0.0,0.0,0.0,0.0,0.0,0.0,0.0,0.0,0.0,0.0,0.0,0.0,0.0,0.0,0.5565866441389913,0.0,0.07835073803860333,0.5783507380386034,0.0,0.0,0.0,0.0,0.0,0.0,0.0,0.0,0.0,0.0,0.0,0.0,0.0,0.0,0.0,0.0,0.0,0.0,0.0,0.0,0.0,0.0,0.0,0.0,0.0,0.0,0.0,0.0,0.0,0.0,0.0,0.0,0.0,0.0,0.0,0.0,0.0
1,0.0,0.63,0.0,0.18,0.68,0.0,0.0,248.73125743859129,0.0,0.0,0.0,0.0,0.0,0.0,0.0,0.0,0.0,0.0,0.0,0.0,0.0,0.0,0.0,0.0,0.0,0.0,0.0,0.0,0.0,0.0,0.5885421475478838,0.0,0.12259681968168532,0.6225968196816853,0.0,0.0,0.0,0.0,0.0,0.0,0.0,0.0,0.0,0.0,0.0,0.0,0.0,0.0,0.0,0.0,0.0,0.0,0.0,0.0,0.0,0.0,0.0,0.0,0.0,0.0,0.0,0.0,0.0,0.0,0.0,0.0,0.0,0.0,0.0,0.0,0.0
2,0.0,0.63,0.0,0.18,0.68,0.0,0.0,255.03221969260397,0.0,0.0,0.0,0.0,0.0,0.0,0.0,0.0,0.0,0.0,0.0,0.0,0.0,0.0,0.0,0.0,0.0,0.0,0.0,0.0,0.0,0.0,0.6065879994207661,0.0,0.14758338381336855,0.6475833838133686,0.0,0.0,0.0,0.0,0.0,0.0,0.0,0.0,0.0,0.0,0.0,0.0,0.0,0.0,0.0,0.0,0.0,0.0,0.0,0.0,0.0,0.0,0.0,0.0,0.0,0.0,0.0,0.0,0.0,0.0,0.0,0.0,0.0,0.0,0.0,0.0,0.0
3,0.0,0.63,0.0,0.18,0.68,0.0,0.0,258.66075183358527,0.0,0.0,0.0,0.0,0.0,0.0,0.0,0.0,0.0,0.0,0.0,0.0,0.0,0.0,0.0,0.0,0.0,0.0,0.0,0.0,0.0,0.0,0.6167788190004505,0.0,0.16169374938523914,0.6616937493852392,0.0,0.0,0.0,0.0,0.0,0.0,0.0,0.0,0.0,0.0,0.0,0.0,0.0,0.0,0.0,0.0,0.0,0.0,0.0,0.0,0.0,0.0,0.0,0.0,0.0,0.0,0.0,0.0,0.0,0.0,0.0,0.0,0.0,0.0,0.0,0.0,0.0
4,0.0,0.63,0.0,0.18,0.68,0.0,0.0,260.73261176371955,0.0,0.0,0.0,0.0,0.0,0.0,0.0,0.0,0.0,0.0,0.0,0.0,0.0,0.0,0.0,0.0,0.0,0.0,0.0,0.0,0.0,0.0,0.6225337594952097,0.0,0.16966212853182885,0.6696621285318289,0.0,0.0,0.0,0.0,0.0,0.0,0.0,0.0,0.0,0.0,0.0,0.0,0.0,0.0,0.0,0.0,0.0,0.0,0.0,0.0,0.0,0.0,0.0,0.0,0.0,0.0,0.0,0.0,0.0,0.0,0.0,0.0,0.0,0.0,0.0,0.0,0.0
5,0.0,0.63,0.0,0.18,0.68,0.0,0.0,261.90995221067914,0.0,0.0,0.0,0.0,0.0,0.0,0.0,0.0,0.0,0.0,0.0,0.0,0.0,0.0,0.0,0.0,0.0,0.0,0.0,0.0,0.0,0.0,0.6257836786836766,0.0,0.1741620166389368,0.6741620166389368,0.0,0.0,0.0,0.0,0.0,0.0,0.0,0.0,0.0,0.0,0.0,0.0,0.0,0.0,0.0,0.0,0.0,0.0,0.0,0.0,0.0,0.0,0.0,0.0,0.0,0.0,0.0,0.0,0.0,0.0,0.0,0.0,0.0,0.0,0.0,0.0,0.0
6,0.0,0.63,0.0,0.18,0.68,0.0,0.0,262.577164963584,0.0,0.0,0.0,0.0,0.0,0.0,0.0,0.0,0.0,0.0,0.0,0.0,0.0,0.0,0.0,0.0,0.0,0.0,0.0,0.0,0.0,0.0,0.6276189669444645,0.0,0.17670318500002785,0.6767031850000279,0.0,0.0,0.0,0.0,0.0,0.0,0.0,0.0,0.0,0.0,0.0,0.0,0.0,0.0,0.0,0.0,0.0,0.0,0.0,0.0,0.0,0.0,0.0,0.0,0.0,0.0,0.0,0.0,0.0,0.0,0.0,0.0,0.0,0.0,0.0,0.0,0.0
7,0.0,0.63,0.0,0.18,0.68,0.0,0.0,262.9547027751099,0.0,0.0,0.0,0.0,0.0,0.0,0.0,0.0,0.0,0.0,0.0,0.0,0.0,0.0,0.0,0.0,0.0,0.0,0.0,0.0,0.0,0.0,0.6286553874844396,0.0,0.17813822882460872,0.6781382288246087,0.0,0.0,0.0,0.0,0.0,0.0,0.0,0.0,0.0,0.0,0.0,0.0,0.0,0.0,0.0,0.0,0.0,0.0,0.0,0.0,0.0,0.0,0.0,0.0,0.0,0.0,0.0,0.0,0.0,0.0,0.0,0.0,0.0,0.0,0.0,0.0,0.0
8,0.0,0.63,0.0,0.18,0.68,0.0,0.0,263.16814499806884,0.0,0.0,0.0,0.0,0.0,0.0,0.0,0.0,0.0,0.0,0.0,0.0,0.0,0.0,0.0,0.0,0.0,0.0,0.0,0.0,0.0,0.0,0.6292406729453847,0.0,0.17894862407822484,0.6789486240782249,0.0,0.0,0.0,0.0,0.0,0.0,0.0,0.0,0.0,0.0,0.0,0.0,0.0,0.0,0.0,0.0,0.0,0.0,0.0,0.0,0.0,0.0,0.0,0.0,0.0,0.0,0.0,0.0,0.0,0.0,0.0,0.0,0.0,0.0,0.0,0.0,0.0
9,0.0,0.63,0.0,0.18,0.68,0.0,0.0,263.2887562254938,0.0,0.0,0.0,0.0,0.0,0.0,0.0,0.0,0.0,0.0,0.0,0.0,0.0,0.0,0.0,0.0,0.0,0.0,0.0,0.0,0.0,0.0,0.6295711942517279,0.0,0.17940626896393094,0.679406268963931,0.0,0.0,0.0,0.0,0.0,0.0,0.0,0.0,0.0,0.0,0.0,0.0,0.0,0.0,0.0,0.0,0.0,0.0,0.0,0.0,0.0,0.0,0.0,0.0,0.0,0.0,0.0,0.0,0.0,0.0,0.0,0.0,0.0,0.0,0.0,0.0,0.0
10,1.0,0.58,0.68,0.18,0.68,0.016691931256222328,0.07096528261899948,255.52970762840562,1.0,0.0,0.0,0.0,0.0,0.0,0.0,0.0,0.0,0.0,0.0,0.0,0.0,0.0,0.0,0.0,0.0,0.0,0.0,0.0,0.0,0.22505696485521284,0.6079937517235176,0.29599167703472373,0.17966470932433337,0.6796647093243334,0.3588196115700454,0.0,0.0,0.0,0.0,0.0,0.0,0.0,0.0,0.0,0.0,0.0,0.0,0.0,0.0,0.0,0.0,0.0,0.0,0.0,0.0,0.002037878645961941,0.0032744555801465743,0.0011682096093017782,0.002784213197490392,0.0004453295956857607,8.898105112797461e-05,1.0239693550273391e-05,1.0462361292574621e-05,0.002037878645961941,0.0032744555801465743,0.0011682096093017782,0.002784213197490392,0.0004453295956857607,8.898105112797461e-05,1.0239693550273391e-05,1.0462361292574621e-05
11,1.0,0.58,0.68,0.18,0.68,0.03337869727285032,0.12133264541625977,251.24949238928318,1.0,0.0,0.0,0.0,0.0,0.0,0.0,0.0,0.0,0.0,0.0,0.0,0.0,0.0,0.0,0.0,0.0,0.0,0.0,0.0,0.0,0.40608584627900696,0.5958085789012563,0.4631435410197001,0.17981065527931084,0.6798106552793108,0.5888877094928125,0.0,0.0,0.0,0.0,0.0,0.0,0.0,0.0,0.0,0.0,0.0,0.0,0.0,0.0,0.0,0.0,0.0,0.0,0.0,0.0,0.005636706802658875,0.00821306161101467,0.0027424652960963505,0.005921896968250371,0.0008369276999662365,0.00022117115305850076,2.9453283316933594e-05,2.6720674847973017e-05,0.003598828156696934,0.004938606030868096,0.0015742556867945723,0.003137683770759979,0.00039159810428047575,0.00013219010193052616,1.9213589766660205e-05,1.6258313555398394e-05
12,1.0,0.58,0.68,0.18,0.68,0.04500201747856234,0.14419348537921906,248.86413053333524,1.0,0.0,0.0,0.0,0.0,0.0,0.0,0.0,0.0,0.0,0.0,0.0,0.0,0.0,0.0,0.0,0.0,0.0,0.0,0.0,0.0,0.5212417472018723,0.5889273909887289,0.5575372277393924,0.17989307360492032,0.6798930736049204,0.7364028618842732,0.0,0.0,0.0,0.0,0.0,0.0,0.0,0.0,0.0,0.0,0.0,0.0,0.0,0.0,0.0,0.0,0.0,0.0,0.0,0.0,0.009286306282451582,0.011905555133732135,0.003678214974944683,0.007601168364211323,0.0008336284893162833,0.00023534567233366916,3.5557259401598595e-05,4.098020693018111e-05,0.003649599479792707,0.0036924935227174646,0.0009357496788483326,0.001679271395960952,3.2992106499531116e-06,1.41745192751684e-05,6.103976084665001e-06,1.4259532082208094e-05
13,1.0,0.58,0.68,0.18,0.68,0.04554844371142007,0.1354248821735382,247.52709285089549,1.0,0.0,0.0,0.0,0.0,0.0,0.0,0.0,0.0,0.0,0.0,0.0,0.0,0.0,0.0,0.0,0.0,0.0,0.0,0.0,0.0,0.5893700073761992,0.585041459473584,0.6108430532331258,0.17993961672697753,0.6799396167269776,0.8309866845939339,0.0,0.0,0.0,0.0,0.0,0.0,0.0,0.0,0.0,0.0,0.0,0.0,0.0,0.0,0.0,0.0,0.0,0.0,0.0,0.0,0.010582360221304649,0.01310994808817296,0.003538458155981752,0.006825785056845609,0.0007031456683478882,0.000291787509014806,5.080318534963974e-05,4.6221778759292096e-05,0.0012960539388530666,0.0012043929544408253,0.00013975681896293132,0.0007753833073657138,0.00013048282096839517,5.6441836681136846e-05,1.5245925948041143e-05,5.241571829110985e-06
14,1.0,0.58,0.68,0.18,0.68,0.04616352320025074,0.1314246505498886,246.77521959834013,1.0,0.0,0.0,0.0,0.0,0.0,0.0,0.0,0.0,0.0,0.0,0.0,0.0,0.0,0.0,0.0,0.0,0.0,0.0,0.0,0.0,0.6285856222114902,0.5828470035261005,0.6409458188980203,0.17996590047145808,0.6799659004714581,0.8916319767781041,0.0,0.0,0.0,0.0,0.0,0.0,0.0,0.0,0.0,0.0,0.0,0.0,0.0,0.0,0.0,0.0,0.0,0.0,0.0,0.0,0.016015698574441982,0.017077648678473153,0.002926129887188314,0.004497596476561898,0.0006433858758572953,0.0002499509962442881,5.666908604486068e-05,5.0171237522212556e-05,0.005433338353137333,0.0039677005903001935,0.0006123282687934377,0.002328188580283711,5.975979249059284e-05,4.18365127705179e-05,5.865900695220941e-06,3.94945876292046e-06
15,1.0,0.58,0.68,0.18,0.68,0.11051533212648941,0.39200419187545776,246.35163262304226,1.0,0.0,0.0,0.0,0.0,0.0,0.0,0.0,0.0,0.0,0.0,0.0,0.0,0.0,0.0,0.0,0.0,0.0,0.0,0.0,0.0,0.6509092959275241,0.5816077544846089,0.6579453961915391,0.17998074337828046,0.6799807433782805,0.9305165487771985,0.0,0.0,0.0,0.0,0.0,0.0,0.0,0.0,0.0,0.0,0.0,0.0,0.0,0.0,0.0,0.0,0.0,0.0,0.0,0.0,0.0053004354901762685,0.015604037463926405,0.008270794508668546,0.02349629970981697,0.0019623791539171978,0.0013925676078787193,5.096481132063808e-05,6.326874004282372e-05,0.010715263084265713,0.001473611214546748,0.005344664621480233,0.018998703233255074,0.0013189932780599024,0.0011426166116344312,5.704274724222597e-06,1.309750252061117e-05
16,1.0,0.58,0.68,0.18,0.68,0.1559904467542654,0.39689183235168457,246.11274669588678,1.0,0.0,0.0,0.0,0.0,0.0,0.0,0.0,0.0,0.0,0.0,0.0,0.0,0.0,0.0,0.0,0.0,0.0,0.0,0.0,0.0,0.6635585142269603,0.5809079280931979,0.6675453655556608,0.17998912543674633,0.6799891254367464,0.9554485737555103,0.0,0.0,0.0,0.0,0.0,0.0,0.0,0.0,0.0,0.0,0.0,0.0,0.0,0.0,0.0,0.0,0.0,0.0,0.0,0.0,0.0007296681897879434,0.020355821690133523,0.011804218259100758,0.03506619401481516,0.002251434562541782,0.001959095537696811,5.801583528433103e-05,6.1413207903012e-05,0.004570767300388325,0.0047517842262071175,0.003533423750432212,0.011569894304998187,0.0002890554086245841,0.0005665279298180915,7.0510239636929455e-06,1.8555321398117228e-06
17,1.0,0.58,0.68,0.18,0.68,0.16009688379848647,0.4012439250946045,245.97794584240305,1.0,0.0,0.0,0.0,0.0,0.0,0.0,0.0,0.0,0.0,0.0,0.0,0.0,0.0,0.0,0.0,0.0,0.0,0.0,0.0,0.0,0.6707119746002811,0.5805127234477088,0.6729666422262996,0.17999385893706174,0.6799938589370618,0.9714344992154497,0.0,0.0,0.0,0.0,0.0,0.0,0.0,0.0,0.0,0.0,0.0,0.0,0.0,0.0,0.0,0.0,0.0,0.0,0.0,0.0,0.0006294343104602535,0.020938729005219755,0.012152977151834731,0.03500274247344222,0.002226873373682522,0.0018935122693686905,5.3423964658876494e-05,6.866734000430542e-05,0.0001002338793276899,0.000582907315086232,0.0003487588927339729,6.345154137293862e-05,2.456118885926003e-05,6.558326832812027e-05,4.591870625454533e-06,7.254132101293414e-06
18,1.0,0.58,0.68,0.18,0.68,0.15568433842184795,0.36125263571739197,245.90185398055175,1.0,0.0,0.0,0.0,0.0,0.0,0.0,0.0,0.0,0.0,0.0,0.0,0.0,0.0,0.0,0.0,0.0,0.0,0.0,0.0,0.0,0.6747541119594953,0.5802895442224995,0.6760281354066273,0.17999653203047036,0.6799965320304704,0.9816843611112659,0.0,0.0,0.0,0.0,0.0,0.0,0.0,0.0,0.0,0.0,0.0,0.0,0.0,0.0,0.0,0.0,0.0,0.0,0.0,0.0,0.0005939408330206658,0.022188879056123545,0.01318880309115431,0.03499698184401398,0.0023592535374063655,0.002214465808241584,6.534239060197944e-05,7.099159817116788e-05,3.5493477439587696e-05,0.00125015005090379,0.0010358259393195794,5.7606294282391834e-06,0.0001323801637238436,0.0003209535388728935,1.1918425943102949e-05,2.3242581668624676e-06
19,1.0,0.58,0.68,0.18,0.68,0.1925910554435708,0.4203313887119293,245.8588939273287,1.0,0.0,0.0,0.0,0.0,0.0,0.0,0.0,0.0,0.0,0.0,0.0,0.0,0.0,0.0,0.0,0.0,0.0,0.0,0.0,0.0,0.6770373669997186,0.5801635108695681,0.6777570160859615,0.17999804157476004,0.6799980415747601,0.9882563715429786,0.0,0.0,0.0,0.0,0.0,0.0,0.0,0.0,0.0,0.0,0.0,0.0,0.0,0.0,0.0,0.0,0.0,0.0,0.0,0.0,0.0005380314637505196,0.02614439538240776,0.016363902454767033,0.041824989900349684,0.0027999197614078535,0.00130387217232537,5.62584854389706e-05,6.729166835306322e-05,5.590936927014629e-05,0.003955516326284214,0.003175099363612722,0.0068280080563357035,0.0004406662240014881,0.0009105936359162139,9.083905163008844e-06,3.6999298181046656e-06
20,1.0,0.58,0.68,0.18,0.68,0.17539825751124644,0.4183952212333679,245.8346369227676,1.0,0.0,0.0,0.0,0.0,0.0,0.0,0.0,0.0,0.0,0.0,0.0,0.0,0.0,0.0,0.0,0.0,0.0,0.0,0.0,0.0,0.6783269031305581,0.5800923375511903,0.6787333463363706,0.1799988940417764,0.6799988940417764,0.99247021574435,0.0,0.0,0.0,0.0,0.0,0.0,0.0,0.0,0.0,0.0,0.0,0.0,0.0,0.0,0.0,0.0,0.0,0.0,0.0,0.0,0.0006905920361187661,0.026815467121405007,0.014577046189407453,0.03688823764171785,0.002649296188021552,0.001234971585516783,5.398006556140994e-05,6.141715144620361e-05,0.0001525605723682466,0.0006710717389972476,0.0017868562653595797,0.004936752258631834,0.00015062357338630145,6.890058680858718e-05,2.278419877560659e-06,5.874516906859606e-06
21,1.0,0.58,0.68,0.18,0.68,0.15305382867911355,0.42893415689468384,245.8209396100897,1.0,0.0,0.0,0.0,0.0,0.0,0.0,0.0,0.0,0.0,0.0,0.0,0.0,0.0,0.0,0.0,0.0,0.0,0.0,0.0,0.0,0.6790551612553417,0.580052144688499,0.679284697721841,0.17999937544534894,0.6799993754453489,0.9951720500061686,0.0,0.0,0.0,0.0,0.0,0.0,0.0,0.0,0.0,0.0,0.0,0.0,0.0,0.0,0.0,0.0,0.0,0.0,0.0,0.0,0.001697165770050839,0.02578153439943307,0.012859851490468359,0.033595518973757454,0.0033006591246866955,0.0020312601253008136,5.309726891364643e-05,6.526405256157906e-05,0.0010065737339320729,0.0010339327219719384,0.0017171946989390941,0.0032927186679603954,0.0006513629366651434,0.0007962885397840307,8.827966477635134e-07,3.84690111537545e-06
22,1.0,0.58,0.68,0.18,0.68,0.15064288876500811,0.4259680509567261,245.81320482658327,1.0,0.0,0.0,0.0,0.0,0.0,0.0,0.0,0.0,0.0,0.0,0.0,0.0,0.0,0.0,0.0,0.0,0.0,0.0,0.0,0.0,0.6794664298927969,0.5800294470505618,0.6795960558408102,0.17999964730267037,0.6799996473026704,0.9969044131476348,0.0,0.0,0.0,0.0,0.0,0.0,0.0,0.0,0.0,0.0,0.0,0.0,0.0,0.0,0.0,0.0,0.0,0.0,0.0,0.0,0.0007748631808796331,0.024914956877050365,0.014873879143793413,0.032431409714973214,0.0021644659177553695,0.0009842577357753958,5.911987386486016e-05,6.0254238701544556e-05,0.0009223025891712058,0.0008665775223827034,0.0020140276533250536,0.0011641092587842405,0.001136193206931326,0.0010470023895254178,6.022604951213734e-06,5.009813860034506e-06
23,1.0,0.58,0.68,0.18,0.68,0.14649679167956023,0.4159722328186035,245.80883696169437,1.0,0.0,0.0,0.0,0.0,0.0,0.0,0.0,0.0,0.0,0.0,0.0,0.0,0.0,0.0,0.0,0.0,0.0,0.0,0.0,0.0,0.6796986826810165,0.580016629283092,0.6797718854130264,0.17999980082542638,0.6799998008254264,0.9980151704195818,0.0,0.0,0.0,0.0,0.0,0.0,0.0,0.0,0.0,0.0,0.0,0.0,0.0,0.0,0.0,0.0,0.0,0.0,0.0,0.0,0.0023302953955123317,0.026099834986553674,0.01241280489429537,0.030071615562564328,0.0024724973601057037,0.0007912622245935005,5.613432355574176e-05,5.849752303084025e-05,0.0015554322146326986,0.0011848781095033095,0.0024610742494980426,0.002359794152408886,0.00030803144235033416,0.00019299551118189527,2.9855503091184032e-06,1.756715670704307e-06
24,1.0,0.58,0.68,0.18,0.68,0.1076611201149151,0.33519989252090454,245.80637038352745,1.0,0.0,0.0,0.0,0.0,0.0,0.0,0.0,0.0,0.0,0.0,0.0,0.0,0.0,0.0,0.0,0.0,0.0,0.0,0.0,0.0,0.6798298405032879,0.580009390857518,0.6798711795588417,0.17999988752250884,0.6799998875225088,0.9987273661986602,0.0,0.0,0.0,0.0,0.0,0.0,0.0,0.0,0.0,0.0,0.0,0.0,0.0,0.0,0.0,0.0,0.0,0.0,0.0,0.0,0.007407595960956551,0.02338843371773502,0.008064557135894549,0.020095241471722262,0.0012824174621843506,0.0007381797970987723,5.868315508075256e-05,6.244926334641748e-05,0.005077300565444219,0.0027114012688186535,0.004348247758400821,0.009976374090842066,0.001190079897921353,5.308242749472818e-05,2.548831525010804e-06,3.95174031557723e-06
25,1.0,0.58,0.68,0.18,0.68,0.09302054922119476,0.30004382133483887,245.8049774730726,1.0,0.0,0.0,0.0,0.0,0.0,0.0,0.0,0.0,0.0,0.0,0.0,0.0,0.0,0.0,0.0,0.0,0.0,0.0,0.0,0.0,0.6799039078135362,0.5800053031874216,0.6799272527623929,0.17999993648192242,0.6799999364819225,0.9991840121649279,0.0,0.0,0.0,0.0,0.0,0.0,0.0,0.0,0.0,0.0,0.0,0.0,0.0,0.0,0.0,0.0,0.0,0.0,0.0,0.0,0.011890388654996755,0.020138056533356086,0.006805721457922204,0.01856997963367468,0.0016743268124657946,0.0005724281731227471,5.775949392243172e-05,6.244404169665203e-05,0.004482792694040204,0.0032503771843789345,0.0012588356779723447,0.0015252618380475827,0.000391909350281444,0.00016575162397602526,9.236611583208384e-07,5.2216497654472e-09
26,1.0,0.58,0.68,0.18,0.68,0.07376477135302967,0.22970521450042725,245.80419087478367,1.0,0.0,0.0,0.0,0.0,0.0,0.0,0.0,0.0,0.0,0.0,0.0,0.0,0.0,0.0,0.0,0.0,0.0,0.0,0.0,0.0,0.6799457349925235,0.5800029948060413,0.6799589183165973,0.1799999641301905,0.6799999641301906,0.9994768046029544,0.0,0.0,0.0,0.0,0.0,0.0,0.0,0.0,0.0,0.0,0.0,0.0,0.0,0.0,0.0,0.0,0.0,0.0,0.0,0.0,0.012184648679541294,0.01807790571323554,0.006437984471110135,0.0141419576121768,0.0011820034916620978,0.00042556834551753584,6.010441230419522e-05,6.353930459482221e-05,0.0002942600245445393,0.002060150820120548,0.00036773698681206914,0.004428022021497878,0.0004923233208036968,0.00014685982760521125,2.3449183817634967e-06,1.0952628981701818e-06
27,1.0,0.58,0.68,0.18,0.68,0.0671848402454343,0.21345637738704681,245.80374666958733,1.0,0.0,0.0,0.0,0.0,0.0,0.0,0.0,0.0,0.0,0.0,0.0,0.0,0.0,0.0,0.0,0.0,0.0,0.0,0.0,0.0,0.6799693555648748,0.5800016912212435,0.6799768004289,0.17999997974366855,0.6799999797436687,0.9996645373720976,0.0,0.0,0.0,0.0,0.0,0.0,0.0,0.0,0.0,0.0,0.0,0.0,0.0,0.0,0.0,0.0,0.0,0.0,0.0,0.0,0.013528275997183894,0.017515595817898674,0.005505541210277834,0.011652735106024657,0.0009034103906446661,0.0004199246991183906,5.859944872332693e-05,5.998450511207647e-05,0.0013436273176425997,0.0005623098953368641,0.0009324432608323009,0.0024892225061521438,0.00027859310101743166,5.643646399145256e-06,1.5049635808682922e-06,3.5547994827457463e-06
28,1.0,0.58,0.68,0.18,0.68,0.0585813872373374,0.1932290494441986,245.8034958192177,1.0,0.0,0.0,0.0,0.0,0.0,0.0,0.0,0.0,0.0,0.0,0.0,0.0,0.0,0.0,0.0,0.0,0.0,0.0,0.0,0.0,0.6799826945316638,0.5800009550632845,0.679986898781777,0.17999998856088253,0.6799999885608826,0.9997849079419378,0.0,0.0,0.0,0.0,0.0,0.0,0.0,0.0,0.0,0.0,0.0,0.0,0.0,0.0,0.0,0.0,0.0,0.0,0.0,0.0,0.013218914916440986,0.01582094011193657,0.004534562101478137,0.009451429671359928,0.0009741732695153199,0.0003730003869159145,5.8117738166771204e-05,6.218073602241212e-05,0.0003093610807429082,0.0016946557059621045,0.000970979108799697,0.0022013054346647284,7.076287887065381e-05,4.692431220247606e-05,4.817105565557236e-07,2.1962309103356494e-06
29,1.0,0.58,0.68,0.18,0.68,0.053087195397769,0.15571290254592896,245.80335415958118,1.0,0.0,0.0,0.0,0.0,0.0,0.0,0.0,0.0,0.0,0.0,0.0,0.0,0.0,0.0,0.0,0.0,0.0,0.0,0.0,0.0,0.6799902272883052,0.5800005393415444,0.6799926015046491,0.17999999354012305,0.6799999935401231,0.9998620871906635,0.0,0.0,0.0,0.0,0.0,0.0,0.0,0.0,0.0,0.0,0.0,0.0,0.0,0.0,0.0,0.0,0.0,0.0,0.0,0.0,0.015845182778389907,0.016750993500198607,0.003618206162973712,0.006536533499296924,0.0008862838526207837,0.00025329780693867065,5.137105866673155e-05,5.7088632991441164e-05,0.002626267861948922,0.0009300533882620372,0.0009163559385044254,0.0029148961720630046,8.788941689453621e-05,0.00011970257997724387,6.746679500039656e-06,5.092103030970953e-06
30,1.0,0.58,0.68,0.18,0.68,0.07938743001694315,0.31907790899276733,245.80327416185338,1.0,0.0,0.0,0.0,0.0,0.0,0.0,0.0,0.0,0.0,0.0,0.0,0.0,0.0,0.0,0.0,0.0,0.0,0.0,0.0,0.0,0.6799944811725771,0.5800003045759441,0.6799958219355998,0.17999999635199043,0.6799999963519905,0.9999115730113401,0.0,0.0,0.0,0.0,0.0,0.0,0.0,0.0,0.0,0.0,0.0,0.0,0.0,0.0,0.0,0.0,0.0,0.0,0.0,0.0,0.010543252056516952,0.009924923217989799,0.004881772507140378,0.012438951192611503,0.0013177551415267945,0.0007546613798167385,5.901318059578806e-05,6.22144379191688e-05,0.005301930721872955,0.0068260702822088085,0.001263566344166666,0.0059024176933145794,0.00043147128890601077,0.0005013635728780678,7.642121929056511e-06,5.12580492772763e-06
31,0.0,0.63,0.0,0.18,0.68,0.13961127186516106,0.3800697922706604,253.33247953040797,0.2,0.0,0.0,0.0,0.0,0.0,0.0,0.0,0.0,0.0,0.0,0.0,0.0,0.0,0.0,0.0,0.0,0.0,0.0,0.0,0.0,0.4998921496833827,0.6017642658991672,0.3840059635365946,0.17999999793990287,0.679999997939903,0.7128876130930271,0.0,0.0,0.0,0.0,0.0,0.0,0.0,0.0,0.0,0.0,0.0,0.0,0.0,0.0,0.0,0.0,0.0,0.0,0.0,0.0,0.0006727290281432204,0.017589618863712624,0.010274339693897077,0.03102989777091398,0.0022048787243553946,0.0015795560792296215,5.21680845148425e-05,5.3530711611018325e-05,0.009870523028373731,0.007664695645722825,0.0053925671867566995,0.018590946578302476,0.0008871235828286001,0.000824894699412883,6.845096080945561e-06,8.683726308150468e-06
32,0.0,0.63,0.0,0.18,0.68,0.10151430980585105,0.29014402627944946,257.68580426109327,0.2,0.0,0.0,0.0,0.0,0.0,0.0,0.0,0.0,0.0,0.0,0.0,0.0,0.0,0.0,0.0,0.0,0.0,0.0,0.0,0.0,0.36749145505440195,0.6140547692650673,0.2168551265681658,0.17999999883662582,0.6799999988366259,0.5288534789838993,0.0,0.0,0.0,0.0,0.0,0.0,0.0,0.0,0.0,0.0,0.0,0.0,0.0,0.0,0.0,0.0,0.0,0.0,0.0,0.0,0.00030246331415148856,0.01369340772393055,0.007884306935961002,0.023242959824882073,0.0015633539156182426,0.001468354168535249,3.797283368928681e-05,4.193938211850823e-05,0.0003702657139917319,0.003896211139782073,0.0023900327579360753,0.007786937946031906,0.000641524808737152,0.00011120191069437257,1.4195250825555688e-05,1.1591329492510097e-05
33,0.0,0.63,0.0,0.18,0.68,0.07831375299287405,0.21452100574970245,260.1771750653684,0.2,0.0,0.0,0.0,0.0,0.0,0.0,0.0,0.0,0.0,0.0,0.0,0.0,0.0,0.0,0.0,0.0,0.0,0.0,0.0,0.0,0.27015821237348553,0.6209954392443884,0.12246201982332953,0.17999999934302152,0.6799999993430216,0.4108544013914385,0.0,0.0,0.0,0.0,0.0,0.0,0.0,0.0,0.0,0.0,0.0,0.0,0.0,0.0,0.0,0.0,0.0,0.0,0.0,0.0,8.160322955782034e-05,0.010574154355290797,0.006405858602738268,0.016659696362050242,0.0014437210620683709,0.0010976248389948605,2.778050398203287e-05,3.326846261397199e-05,0.00022086008459366822,0.003119253368639753,0.0014784483332227344,0.006583263462831831,0.00011963285354987178,0.00037072932954038845,1.019232970725394e-05,8.670919504536236e-06
34,0.0,0.63,0.0,0.18,0.68,0.06659517406430013,0.15656523406505585,261.59472445049414,0.2,0.0,0.0,0.0,0.0,0.0,0.0,0.0,0.0,0.0,0.0,0.0,0.0,0.0,0.0,0.0,0.0,0.0,0.0,0.0,0.0,0.19860450823824688,0.6249149613605862,0.06915652185190765,0.17999999962899235,0.6799999996289924,0.33519570698632806,0.0,0.0,0.0,0.0,0.0,0.0,0.0,0.0,0.0,0.0,0.0,0.0,0.0,0.0,0.0,0.0,0.0,0.0,0.0,0.0,0.00019809173524744177,0.009212896466232494,0.0059588555449585625,0.014705458849580284,0.0025655375743455604,0.0005815920221455217,1.9170487619236633e-05,2.1111301853009735e-05,0.00011648850568962143,0.0013612578890583038,0.00044700305777970514,0.001954237512469958,0.0011218165122771895,0.0005160328168493389,8.610016362796237e-06,1.2157160760962257e-05
35,1.0,0.605,0.68,0.18,0.68,0.06298572909401928,0.14236870408058167,258.469885848572,0.0,1.0,0.0,0.0,0.0,0.0,0.0,0.0,0.0,0.0,0.0,0.0,0.0,0.0,0.0,0.0,0.0,0.0,0.0,0.0,0.0,0.30234736476882884,0.6162463395794073,0.3350456181795216,0.17999999979048525,0.6799999997904853,0.21492091360554708,0.3588196115700454,0.0,0.0,0.0,0.0,0.0,0.0,0.0,0.0,0.0,0.0,0.0,0.0,0.0,0.0,0.0,0.0,0.0,0.0,0.0,0.0010445353979743276,0.024437221971946466,0.001859020123818453,0.005216551320606744,0.0006666627259450007,0.001117682279389073,2.3584916766320152e-05,2.5609548876915193e-05,0.0008464436627268858,0.015224325505713973,0.004099835421140109,0.00948890752897354,0.0018988748484005597,0.0005360902572435512,4.4144291470835196e-06,4.4982470239054575e-06
36,1.0,0.605,0.68,0.18,0.68,0.06234614652995144,0.13956227898597717,256.7217532156656,0.0,1.0,0.0,0.0,0.0,0.0,0.0,0.0,0.0,0.0,0.0,0.0,0.0,0.0,0.0,0.0,0.0,0.0,0.0,0.0,0.0,0.44137766283925894,0.6113510117667444,0.4851980093199919,0.17999999988168322,0.6799999998816832,0.1378030748673254,0.5888877094928125,0.0,0.0,0.0,0.0,0.0,0.0,0.0,0.0,0.0,0.0,0.0,0.0,0.0,0.0,0.0,0.0,0.0,0.0,0.0,0.0012897338852857602,0.025138672018062667,0.005334748672085286,0.0034815996607086203,0.00045228615725315325,0.0010259866751053735,3.666301792951757e-05,3.584924302968485e-05,0.0002451984873114326,0.0007014500461162004,0.003475728548266833,0.0017349516598981238,0.00021437656869184742,9.16956042836994e-05,1.3078101163197417e-05,1.023969415276966e-05
37,1.0,0.605,0.68,0.18,0.68,0.07135680733508858,0.1314287632703781,255.7397798578447,0.0,1.0,0.0,0.0,0.0,0.0,0.0,0.0,0.0,0.0,0.0,0.0,0.0,0.0,0.0,0.0,0.0,0.0,0.0,0.0,0.0,0.5391692778248172,0.6085865314377651,0.5699917856598128,0.17999999993318436,0.6799999999331844,0.08835662907027382,0.7364028618842732,0.0,0.0,0.0,0.0,0.0,0.0,0.0,0.0,0.0,0.0,0.0,0.0,0.0,0.0,0.0,0.0,0.0,0.0,0.0,0.0019419309180351927,0.029859651173112498,0.0046763145751135635,0.002653330835645297,0.0004201110835065322,0.0012583002755967888,4.720647235630011e-05,4.5454421469247444e-05,0.0006521970327494325,0.004720979155049831,0.0006584340969717226,0.0008282688250633233,3.217507374662107e-05,0.00023231360049141532,1.0543454426782544e-05,9.605178439562592e-06
38,1.0,0.605,0.68,0.18,0.68,0.07652270443372795,0.13426686823368073,255.18690211940074,0.0,1.0,0.0,0.0,0.0,0.0,0.0,0.0,0.0,0.0,0.0,0.0,0.0,0.0,0.0,0.0,0.0,0.0,0.0,0.0,0.0,0.5990141321063394,0.6070253792980564,0.6178763677923824,0.17999999996226798,0.679999999962268,0.056652537747639585,0.8309866845939339,0.0,0.0,0.0,0.0,0.0,0.0,0.0,0.0,0.0,0.0,0.0,0.0,0.0,0.0,0.0,0.0,0.0,0.0,0.0,0.0009073644032298434,0.03142003377611754,0.005447633928159477,0.0017266946928756533,0.0002106900201470876,0.0010843588189262325,6.280224095107348e-05,4.9742755118524796e-05,0.0010345665148053492,0.0015603826030050408,0.0007713193530459132,0.0009266361427696438,0.0002094210633594446,0.00017394145667055634,1.5595768594773366e-05,4.288333649277352e-06
39,1.0,0.605,0.68,0.18,0.68,0.07773781292388399,0.15368835628032684,254.87521028463894,0.0,1.0,0.0,0.0,0.0,0.0,0.0,0.0,0.0,0.0,0.0,0.0,0.0,0.0,0.0,0.0,0.0,0.0,0.0,0.0,0.0,0.633916831270066,0.6061437683935518,0.6449176590874135,0.17999999997869204,0.6799999999786921,0.036324496158574214,0.8916319767781041,0.0,0.0,0.0,0.0,0.0,0.0,0.0,0.0,0.0,0.0,0.0,0.0,0.0,0.0,0.0,0.0,0.0,0.0,0.0,0.000619460118347697,0.031247139075229854,0.004617994407819479,0.0007613973193319493,0.0002158419323000588,0.0012079696014580732,6.259282783489722e-05,5.6875140167396834e-05,0.00028790428488214637,0.00017289470088768452,0.0008296395203399977,0.000965297373543704,5.151912152971216e-06,0.00012361078253184067,2.094131161762614e-07,7.132385048872038e-06
40,1.0,0.605,0.68,0.18,0.68,0.0922925520008088,0.19507470726966858,254.6993604885626,0.0,1.0,0.0,0.0,0.0,0.0,0.0,0.0,0.0,0.0,0.0,0.0,0.0,0.0,0.0,0.0,0.0,0.0,0.0,0.0,0.0,0.6538923657195665,0.6056459067392184,0.6601883663242082,0.179999999987967,0.679999999987967,0.02329055455647701,0.9305165487771985,0.0,0.0,0.0,0.0,0.0,0.0,0.0,0.0,0.0,0.0,0.0,0.0,0.0,0.0,0.0,0.0,0.0,0.0,0.0,0.0011112494712943875,0.03768434676718401,0.007019956836668874,0.0004027991770831997,0.00033409954360048784,0.0017113141201796811,6.383751883543958e-05,5.6429614460742526e-05,0.0004917893529466905,0.0064372076919541575,0.002401962428849395,0.0003585981422487496,0.00011825761130042903,0.000503344518721608,1.2446910005423659e-06,4.455257066543085e-07
41,1.0,0.605,0.68,0.18,0.68,0.1009146369771099,0.2106950283050537,254.60010853093743,0.0,1.0,0.0,0.0,0.0,0.0,0.0,0.0,0.0,0.0,0.0,0.0,0.0,0.0,0.0,0.0,0.0,0.0,0.0,0.0,0.0,0.6652365028772458,0.6053647552407635,0.6688120114367012,0.17999999999320473,0.6799999999932048,0.014933446817270978,0.9554485737555103,0.0,0.0,0.0,0.0,0.0,0.0,0.0,0.0,0.0,0.0,0.0,0.0,0.0,0.0,0.0,0.0,0.0,0.0,0.0,0.0032379450323063433,0.04190618699002638,0.010457943173286662,0.000362232333297876,0.0004083743214450163,0.0021259538681637604,6.328341316931248e-05,6.293922898514327e-05,0.0021266955610119557,0.004221840222842367,0.003437986336617788,4.0566843785323694e-05,7.427477784452847e-05,0.00041463974798407926,5.541056661271019e-07,6.5096145244007415e-06
42,1.0,0.605,0.68,0.18,0.68,0.10228116387467394,0.22240221500396729,254.54407624066664,0.0,1.0,0.0,0.0,0.0,0.0,0.0,0.0,0.0,0.0,0.0,0.0,0.0,0.0,0.0,0.0,0.0,0.0,0.0,0.0,0.0,0.6716579823235784,0.6052059838945565,0.6736819401094897,0.1799999999961626,0.6799999999961627,0.009575033230895875,0.9714344992154497,0.0,0.0,0.0,0.0,0.0,0.0,0.0,0.0,0.0,0.0,0.0,0.0,0.0,0.0,0.0,0.0,0.0,0.0,0.0,0.004796275646006228,0.03865513337316045,0.015940846834987046,0.0002842031011051596,0.0003315827775080271,0.0020075645498382343,6.496000604609262e-05,6.183672651785795e-05,0.0015583306136998844,0.00325105361686593,0.0054829036617003845,7.802923219271641e-05,7.679154393698919e-05,0.00011838931832552609,1.676592876780143e-06,1.1025024672853127e-06
43,1.0,0.605,0.68,0.18,0.68,0.10690280400566055,0.2269817441701889,254.51243923934427,0.0,1.0,0.0,0.0,0.0,0.0,0.0,0.0,0.0,0.0,0.0,0.0,0.0,0.0,0.0,0.0,0.0,0.0,0.0,0.0,0.0,0.6752879603265166,0.6051163228380978,0.6764320770838985,0.17999999999783295,0.679999999997833,0.00613932352621554,0.9816843611112659,0.0,0.0,0.0,0.0,0.0,0.0,0.0,0.0,0.0,0.0,0.0,0.0,0.0,0.0,0.0,0.0,0.0,0.0,0.0,0.00853737165466407,0.036350125621724405,0.0197907630193663,0.0002666511540350064,0.0003603870185532553,0.0022749194191727454,7.176341278618904e-05,6.906107021347881e-05,0.003741096008657842,0.002305007751436043,0.0038499161843792533,1.7551947070153185e-05,2.880424104522816e-05,0.0002673548693345111,6.80340674009642e-06,7.224343695620857e-06
44,1.0,0.605,0.68,0.18,0.68,0.11040005181539321,0.24989494681358337,254.49457498866553,0.0,1.0,0.0,0.0,0.0,0.0,0.0,0.0,0.0,0.0,0.0,0.0,0.0,0.0,0.0,0.0,0.0,0.0,0.0,0.0,0.0,0.6773387499382627,0.6050656896146772,0.6779851292713508,0.17999999999877622,0.6799999999987763,0.003936413843236039,0.9882563715429786,0.0,0.0,0.0,0.0,0.0,0.0,0.0,0.0,0.0,0.0,0.0,0.0,0.0,0.0,0.0,0.0,0.0,0.0,0.0,0.010150960067470011,0.03539261991918952,0.02683784053103793,0.0003105165767511523,0.0004122750661576917,0.0015981842920706312,6.575711764183406e-05,6.0450749047468886e-05,0.0016135884128059413,0.0009575057025348818,0.007047077511671631,4.3865422716145915e-05,5.188804760443644e-05,0.0006767351271021141,6.006295144354984e-06,8.610321166009925e-06
45,1.0,0.605,0.68,0.18,0.68,0.12642943434710346,0.2560318112373352,254.4844872765623,0.0,1.0,0.0,0.0,0.0,0.0,0.0,0.0,0.0,0.0,0.0,0.0,0.0,0.0,0.0,0.0,0.0,0.0,0.0,0.0,0.0,0.6784970777512497,0.6050370961158359,0.6788621659860289,0.1799999999993089,0.6799999999993089,0.002523951357027134,0.99247021574435,0.0,0.0,0.0,0.0,0.0,0.0,0.0,0.0,0.0,0.0,0.0,0.0,0.0,0.0,0.0,0.0,0.0,0.0,0.0,0.013696013717066387,0.04120837859446182,0.026944396022247765,0.00034792613283094864,0.00032266874891194,0.0015794192021884156,5.796850531874533e-05,6.149329651489386e-05,0.003545053649596376,0.005815758675272294,0.00010655549120983446,3.7409556079796326e-05,8.960631724575169e-05,1.8765089882215617e-05,7.788612323088732e-06,1.0425474674249718e-06
46,1.0,0.605,0.68,0.18,0.68,0.11490593894149977,0.23948630690574646,254.47879073939166,0.0,1.0,0.0,0.0,0.0,0.0,0.0,0.0,0.0,0.0,0.0,0.0,0.0,0.0,0.0,0.0,0.0,0.0,0.0,0.0,0.0,0.6791512567264263,0.6050209488488686,0.6793574445124737,0.17999999999960972,0.6799999999996098,0.0016183081114769689,0.9951720500061686,0.0,0.0,0.0,0.0,0.0,0.0,0.0,0.0,0.0,0.0,0.0,0.0,0.0,0.0,0.0,0.0,0.0,0.0,0.0,0.013730865148842556,0.040808966056161314,0.025914072471656724,0.0003902971385654858,0.00029260021885071095,0.001688446653491611,6.41504722801078e-05,6.616142013290616e-05,3.485143177616931e-05,0.00039941253830050316,0.0010303235505910412,4.237100573453717e-05,3.0068530061229078e-05,0.00010902745130319537,6.181966961362476e-06,4.668123618012301e-06
47,1.0,0.605,0.68,0.18,0.68,0.12258108704804882,0.24762515723705292,254.47557385795648,0.0,1.0,0.0,0.0,0.0,0.0,0.0,0.0,0.0,0.0,0.0,0.0,0.0,0.0,0.0,0.0,0.0,0.0,0.0,0.0,0.0,0.6795206954955131,0.6050118301945913,0.6796371372717984,0.1799999999997796,0.6799999999997797,0.0010376274235161492,0.9969044131476348,0.0,0.0,0.0,0.0,0.0,0.0,0.0,0.0,0.0,0.0,0.0,0.0,0.0,0.0,0.0,0.0,0.0,0.0,0.0,0.014176594178706698,0.041921245764793474,0.02275768680911728,0.00038172655831339187,0.0002841515803781707,0.0019421735078539002,5.925027008110467e-05,6.454032844475485e-05,0.0004457290298641413,0.0011122797086321606,0.0031563856625394446,8.57058025209394e-06,8.44863847254023e-06,0.00025372685436228916,4.900202199003137e-06,1.6210916881513105e-06
48,1.0,0.605,0.68,0.18,0.68,0.1190640650670446,0.23611755669116974,254.47375724467992,0.0,1.0,0.0,0.0,0.0,0.0,0.0,0.0,0.0,0.0,0.0,0.0,0.0,0.0,0.0,0.0,0.0,0.0,0.0,0.0,0.0,0.6797293271504091,0.6050066807252725,0.6797950848415835,0.17999999999987554,0.6799999999998756,0.0006653063544556576,0.9980151704195818,0.0,0.0,0.0,0.0,0.0,0.0,0.0,0.0,0.0,0.0,0.0,0.0,0.0,0.0,0.0,0.0,0.0,0.0,0.0,0.014976725337724156,0.04178810722456746,0.02335787077039416,0.0003661047717282631,0.00027469312357707783,0.0014886323191978358,6.812019049220379e-05,6.28248365817222e-05,0.000800131159017458,0.00013313854022601462,0.0006001839612768817,1.5621786585128742e-05,9.458456801092886e-06,0.0004535411886560643,8.869920411099122e-06,1.7154918630326503e-06
49,1.0,0.605,0.68,0.18,0.68,0.12249164046271535,0.24206054210662842,254.47273137597148,0.0,1.0,0.0,0.0,0.0,0.0,0.0,0.0,0.0,0.0,0.0,0.0,0.0,0.0,0.0,0.0,0.0,0.0,0.0,0.0,0.0,0.6798471459186308,0.6050037727266295,0.6798842806965681,0.17999999999992972,0.6799999999999298,0.0004265813867747956,0.9987273661986602,0.0,0.0,0.0,0.0,0.0,0.0,0.0,0.0,0.0,0.0,0.0,0.0,0.0,0.0,0.0,0.0,0.0,0.0,0.0,0.016858024036826395,0.043973353675819525,0.02396500585831635,0.00037361878847495507,0.0003094644535273744,0.0015929829461077448,7.071144542375578e-05,6.394344294361967e-05,0.0018812986991022396,0.0021852464512520653,0.0006071350879221886,7.514016746691947e-06,3.477132995029659e-05,0.00010435062690990898,2.591254931551986e-06,1.1186063618974723e-06
50,1.0,0.605,0.68,0.18,0.68,0.13157031806607067,0.25916093587875366,254.4721520511482,0.0,1.0,0.0,0.0,0.0,0.0,0.0,0.0,0.0,0.0,0.0,0.0,0.0,0.0,0.0,0.0,0.0,0.0,0.0,0.0,0.0,0.6799136804779673,0.6050021305270971,0.6799346512122859,0.1799999999999603,0.6799999999999604,0.00027351561926925214,0.9991840121649279,0.0,0.0,0.0,0.0,0.0,0.0,0.0,0.0,0.0,0.0,0.0,0.0,0.0,0.0,0.0,0.0,0.0,0.0,0.0,0.018004937946068406,0.04652868537673003,0.02336190650418804,0.000330511952516925,0.00029404702528296726,0.0015218528381929582,6.443270025752128e-05,6.398355213428629e-05,0.001146913909242011,0.002555331700910504,0.0006030993541283093,4.310683595803007e-05,1.5417428244407158e-05,7.113010791478668e-05,6.2787451662345e-06,4.0109190666619515e-08
51,1.0,0.605,0.68,0.18,0.68,0.10397375913303361,0.258193701505661,254.4718248965047,0.0,1.0,0.0,0.0,0.0,0.0,0.0,0.0,0.0,0.0,0.0,0.0,0.0,0.0,0.0,0.0,0.0,0.0,0.0,0.0,0.0,0.6799512537891007,0.6050012031472611,0.6799630963553266,0.17999999999997757,0.6799999999999776,0.00017537285100471865,0.9994768046029544,0.0,0.0,0.0,0.0,0.0,0.0,0.0,0.0,0.0,0.0,0.0,0.0,0.0,0.0,0.0,0.0,0.0,0.0,0.0,0.019591763449023702,0.04419768894867623,0.019395839068434905,0.00033668038307688755,0.00029274584699630585,0.0015640006452681994,6.310029999418308e-05,6.194438016061078e-05,0.0015868255029552955,0.0023309964280538026,0.003966067435753135,6.168430559962547e-06,1.3011782866614147e-06,4.214780707524125e-05,1.3324002633382007e-06,2.039171973675506e-06
52,1.0,0.605,0.68,0.18,0.68,0.10664480899809128,0.224371537566185,254.47164014653455,0.0,1.0,0.0,0.0,0.0,0.0,0.0,0.0,0.0,0.0,0.0,0.0,0.0,0.0,0.0,0.0,0.0,0.0,0.0,0.0,0.0,0.6799724721283245,0.6050006794390618,0.6799791598430848,0.17999999999998734,0.6799999999999874,0.00011244563272727407,0.9996645373720976,0.0,0.0,0.0,0.0,0.0,0.0,0.0,0.0,0.0,0.0,0.0,0.0,0.0,0.0,0.0,0.0,0.0,0.0,0.0,0.0024530157144885293,0.044367886268394274,0.004157449947316788,0.0004924500239326231,0.0009702562981886413,0.003806296230684834,7.262157113796347e-05,7.434992610687194e-05,0.01713874773453517,0.00017019731971804758,0.015238389121118117,0.00015576964085573555,0.0006775104511923354,0.0022422955854166345,9.521271143780394e-06,1.2405545946261154e-05
53,1.0,0.605,0.68,0.18,0.68,0.10670842545717842,0.21492379903793335,254.4715358149377,0.0,1.0,0.0,0.0,0.0,0.0,0.0,0.0,0.0,0.0,0.0,0.0,0.0,0.0,0.0,0.0,0.0,0.0,0.0,0.0,0.0,0.6799844545112852,0.605000383691551,0.6799882311857245,0.17999999999999283,0.6799999999999929,7.209793446932561e-05,0.9997849079419378,0.0,0.0,0.0,0.0,0.0,0.0,0.0,0.0,0.0,0.0,0.0,0.0,0.0,0.0,0.0,0.0,0.0,0.0,0.0,0.0013887807883366573,0.045703412644590685,0.0034842457333356235,0.000432902049726694,0.0007608689887904064,0.003175825040732303,6.238966181472149e-05,7.194043195588864e-05,0.001064234926151872,0.001335526376196411,0.0006732042139811645,5.954797420592911e-05,0.0002093873093982349,0.0006304711899525308,1.023190932324198e-05,2.409494150983299e-06
54,1.0,0.605,0.68,0.18,0.68,0.10797253756640737,0.21946018934249878,254.47147689701313,0.0,1.0,0.0,0.0,0.0,0.0,0.0,0.0,0.0,0.0,0.0,0.0,0.0,0.0,0.0,0.0,0.0,0.0,0.0,0.0,0.0,0.6799912211806349,0.6050002166775721,0.6799933539373041,0.17999999999999594,0.679999999999996,4.6227781628039605e-05,0.9998620871906635,0.0,0.0,0.0,0.0,0.0,0.0,0.0,0.0,0.0,0.0,0.0,0.0,0.0,0.0,0.0,0.0,0.0,0.0,0.0,0.0010225441165388983,0.04671057561049887,0.003298846940921758,0.0004657314935914475,0.0004924418848649933,0.002103401917450921,5.739666455781034e-05,6.458064467644769e-05,0.00036623667179775895,0.0010071629659081857,0.00018539879241386567,3.28294438647535e-05,0.0002684271039254131,0.001072423123281382,4.992997256911147e-06,7.359787279440948e-06
55,1.0,0.605,0.68,0.18,0.68,0.10941685980053215,0.21427489817142487,254.47144362499944,0.0,1.0,0.0,0.0,0.0,0.0,0.0,0.0,0.0,0.0,0.0,0.0,0.0,0.0,0.0,0.0,0.0,0.0,0.0,0.0,0.0,0.6799950424415735,0.6050001223617516,0.6799962468479557,0.17999999999999772,0.6799999999999978,2.9640346980521552e-05,0.9999115730113401,0.0,0.0,0.0,0.0,0.0,0.0,0.0,0.0,0.0,0.0,0.0,0.0,0.0,0.0,0.0,0.0,0.0,0.0,0.0,0.002019748783650696,0.047572250036793245,0.003239625993138931,0.0004649973998459044,0.0005663839569750182,0.0023881649690728674,6.843909557427384e-05,6.482184349610893e-05,0.0009972046671117977,0.0008616744262943746,5.9220947782827067e-05,7.340937455430768e-07,7.394207211002489e-05,0.00028476305162194624,1.1042431016463494e-05,2.4119881966124174e-07
56,0.0,0.63,0.0,0.18,0.68,0.09943107685602884,0.19905130565166473,258.3394119110598,0.0,0.2,0.0,0.0,0.0,0.0,0.0,0.0,0.0,0.0,0.0,0.0,0.0,0.0,0.0,0.0,0.0,0.0,0.0,0.0,0.0,0.49989256229550366,0.6158821160497046,0.38400620349230224,0.17999999999999872,0.6799999999999988,1.9004809190169443e-05,0.7128876130930271,0.0,0.0,0.0,0.0,0.0,0.0,0.0,0.0,0.0,0.0,0.0,0.0,0.0,0.0,0.0,0.0,0.0,0.0,0.0,0.0014345927295680806,0.041966906304180575,0.0035076961185969368,0.0003788144538880623,0.0007036457236338217,0.0024634353177375263,5.8866023338509126e-05,5.952810819831692e-05,0.0005851560540826154,0.005605343732612671,0.000268070125458006,8.618294595784214e-05,0.00013726176665880357,7.527034866465889e-05,9.57307223576471e-06,5.2937352977920125e-06
57,0.0,0.63,0.0,0.18,0.68,0.07655295359155426,0.16412998735904694,260.5496422612119,0.0,0.2,0.0,0.0,0.0,0.0,0.0,0.0,0.0,0.0,0.0,0.0,0.0,0.0,0.0,0.0,0.0,0.0,0.0,0.0,0.0,0.36749175838268744,0.6220273750888656,0.21685526207550238,0.17999999999999927,0.6799999999999994,1.2185510938590014e-05,0.5288534789838993,0.0,0.0,0.0,0.0,0.0,0.0,0.0,0.0,0.0,0.0,0.0,0.0,0.0,0.0,0.0,0.0,0.0,0.0,0.0,0.0007193776362625687,0.031709196778103646,0.0032517621258230556,0.0002872479642917951,0.0003308815936856908,0.001518494105195592,4.20076645159073e-05,4.407974042871417e-05,0.0007152150933055119,0.010257709526076929,0.0002559339927738812,9.156648959626718e-05,0.0003727641299481309,0.0009449412125419343,1.6858358822601826e-05,1.5448367769602747e-05
58,0.0,0.63,0.0,0.18,0.68,0.06620555195191416,0.1339113712310791,261.80614358890483,0.0,0.2,0.0,0.0,0.0,0.0,0.0,0.0,0.0,0.0,0.0,0.0,0.0,0.0,0.0,0.0,0.0,0.0,0.0,0.0,0.0,0.2701584353626904,0.6254977142327119,0.12246209634677817,0.17999999999999958,0.6799999999999997,7.813110636822606e-06,0.4108544013914385,0.0,0.0,0.0,0.0,0.0,0.0,0.0,0.0,0.0,0.0,0.0,0.0,0.0,0.0,0.0,0.0,0.0,0.0,0.0,0.0010103854002424795,0.02751331038845357,0.0023829804841944396,0.00027202656771002247,0.0005062258816960933,0.0013042524902486304,3.205150616767332e-05,3.211104272044102e-05,0.00029100776397991083,0.0041958863896500755,0.000868781641628616,1.5221396581772625e-05,0.0001753442880104025,0.00021424161494696162,9.956158348233977e-06,1.1968697708273153e-05
59,0.0,0.63,0.0,0.18,0.68,0.06739143519960956,0.13460004329681396,262.51838794240996,0.0,0.2,0.0,0.0,0.0,0.0,0.0,0.0,0.0,0.0,0.0,0.0,0.0,0.0,0.0,0.0,0.0,0.0,0.0,0.0,0.0,0.19860467216686112,0.6274574776367549,0.06915656506608585,0.17999999999999977,0.6799999999999998,5.009613312964129e-06,0.33519570698632806,0.0,0.0,0.0,0.0,0.0,0.0,0.0,0.0,0.0,0.0,0.0,0.0,0.0,0.0,0.0,0.0,0.0,0.0,0.0,0.0007688297476196058,0.027807342392272238,0.0024029349304958312,0.0002937565372613721,0.0005528065740675885,0.0013239886940881443,2.1027457115203935e-05,2.6026112444614148e-05,0.00024155565262287367,0.00029403200381866723,1.9954446301391655e-05,2.172996955134964e-05,4.658069237149516e-05,1.973620383951386e-05,1.1024049052469387e-05,6.0849302758268725e-06
60,1.0,0.63,0.68,0.18,0.68,0.05855256995169317,0.14552998542785645,262.9214609818657,0.0,0.0,1.0,0.0,0.0,0.0,0.0,0.0,0.0,0.0,0.0,0.0,0.0,0.0,0.0,0.0,0.0,0.0,0.0,0.0,0.0,0.30234742260991765,0.6285641915458655,0.3350456425833512,0.17999999999999985,0.6799999999999999,3.212065809890212e-06,0.21492091360554708,0.3588196115700454,0.0,0.0,0.0,0.0,0.0,0.0,0.0,0.0,0.0,0.0,0.0,0.0,0.0,0.0,0.0,0.0,0.0,0.0,0.00043204852582265303,0.02216871038844149,0.008453707902508115,0.003631370303755465,0.00013946379436572363,0.000619738631757293,2.485916301735299e-05,2.4324800800437287e-05,0.0003367812217969528,0.005638632003830749,0.006050772972012283,0.0033376137664940927,0.00041334277970186484,0.0007042500623308513,3.8317059021490555e-06,1.701311644176861e-06
61,1.0,0.63,0.68,0.18,0.68,0.052861303547171695,0.14140671491622925,263.14935700051257,0.0,0.0,1.0,0.0,0.0,0.0,0.0,0.0,0.0,0.0,0.0,0.0,0.0,0.0,0.0,0.0,0.0,0.0,0.0,0.0,0.0,0.4413776871795214,0.6291891729462183,0.4851980231012767,0.1799999999999999,0.6799999999999999,2.0595136036479826e-06,0.1378030748673254,0.5888877094928125,0.0,0.0,0.0,0.0,0.0,0.0,0.0,0.0,0.0,0.0,0.0,0.0,0.0,0.0,0.0,0.0,0.0,0.0,0.00013929533517195543,0.014114833755637574,0.011470449381800732,0.006030854367800027,0.0004039516216025903,0.0005295452278098524,3.9190992046190824e-05,3.316551549746665e-05,0.0002927531906506976,0.008053876632803915,0.0030167414792926176,0.002399484064044562,0.00026448782723686667,9.019340394744052e-05,1.4331829028837833e-05,8.840714697029365e-06
62,1.0,0.63,0.68,0.18,0.68,0.05760984953834918,0.1803433895111084,263.27814127528353,0.0,0.0,1.0,0.0,0.0,0.0,0.0,0.0,0.0,0.0,0.0,0.0,0.0,0.0,0.0,0.0,0.0,0.0,0.0,0.0,0.0,0.5391692895754335,0.6295421112689153,0.5699917934423541,0.17999999999999994,0.6799999999999999,1.3205197323637891e-06,0.08835662907027382,0.7364028618842732,0.0,0.0,0.0,0.0,0.0,0.0,0.0,0.0,0.0,0.0,0.0,0.0,0.0,0.0,0.0,0.0,0.0,0.0,0.001366145638078059,0.013710858966868111,0.012240381507807974,0.007517137673000134,0.0023771722061787792,0.0006254746682637345,5.0852718719222836e-05,4.58337063605739e-05,0.0012268503029061034,0.0004039747887694626,0.000769932126007242,0.001486283305200107,0.001973220584576189,9.592944045388205e-05,1.1661726673032012e-05,1.2668190863107248e-05
63,1.0,0.63,0.68,0.18,0.68,0.07413923742894105,0.18790018558502197,263.3508959329957,0.0,0.0,1.0,0.0,0.0,0.0,0.0,0.0,0.0,0.0,0.0,0.0,0.0,0.0,0.0,0.0,0.0,0.0,0.0,0.0,0.0,0.5990141382640763,0.6297414219356934,0.6178763721873245,0.17999999999999997,0.6799999999999999,8.466913549264341e-07,0.056652537747639585,0.8309866845939339,0.0,0.0,0.0,0.0,0.0,0.0,0.0,0.0,0.0,0.0,0.0,0.0,0.0,0.0,0.0,0.0,0.0,0.0,0.0010860465993733982,0.022001010911514487,0.009921295286969778,0.009087708387733557,0.0023969017767452735,0.0005565665665673428,4.839955375954854e-05,5.297927438509118e-05,0.0002800990387046608,0.008290151944646376,0.0023190862208381964,0.001570570714733423,1.972957056649424e-05,6.890810169639166e-05,2.453164959674296e-06,7.145568024517281e-06
64,1.0,0.63,0.68,0.18,0.68,0.0833387684258562,0.25206565856933594,263.39199068900285,0.0,0.0,1.0,0.0,0.0,0.0,0.0,0.0,0.0,0.0,0.0,0.0,0.0,0.0,0.0,0.0,0.0,0.0,0.0,0.0,0.0,0.6339168346328868,0.6298539762811324,0.644917661569317,0.17999999999999997,0.6799999999999999,5.428818918320156e-07,0.036324496158574214,0.8916319767781041,0.0,0.0,0.0,0.0,0.0,0.0,0.0,0.0,0.0,0.0,0.0,0.0,0.0,0.0,0.0,0.0,0.0,0.0,0.0005988855540804372,0.023403864254460307,0.011499958738394857,0.012802674670661608,0.0035683028081475118,0.0016791467909832362,5.935668237593614e-05,5.726614901323009e-05,0.00048716104529296096,0.00140285334294582,0.0015786634514250789,0.003714966282928051,0.0011714010314022383,0.0011225802244158934,1.0957128616387597e-05,4.286874628138909e-06
65,1.0,0.63,0.68,0.18,0.68,0.09220760253045424,0.27060654759407043,263.41520047556645,0.0,0.0,1.0,0.0,0.0,0.0,0.0,0.0,0.0,0.0,0.0,0.0,0.0,0.0,0.0,0.0,0.0,0.0,0.0,0.0,0.0,0.6538923675911568,0.6299175377597125,0.660188367725784,0.17999999999999997,0.6799999999999999,3.4808522227644034e-07,0.02329055455647701,0.9305165487771985,0.0,0.0,0.0,0.0,0.0,0.0,0.0,0.0,0.0,0.0,0.0,0.0,0.0,0.0,0.0,0.0,0.0,0.0,0.0010661878324612307,0.0244268512266247,0.0118531260730628,0.012285500183598136,0.0034495987393750953,0.00126693229198414,6.260780398262377e-05,5.803013669546609e-05,0.0004673022783807935,0.0010229869721643942,0.0003531673346679424,0.0005171744870634716,0.00011870406877241644,0.0004122144989990963,3.2511216066876306e-06,7.639876822359984e-07
66,1.0,0.63,0.68,0.18,0.68,0.09156003965951494,0.29879534244537354,263.42830836623807,0.0,0.0,1.0,0.0,0.0,0.0,0.0,0.0,0.0,0.0,0.0,0.0,0.0,0.0,0.0,0.0,0.0,0.0,0.0,0.0,0.0,0.6652365039275869,0.6299534320785283,0.6688120122281964,0.17999999999999997,0.6799999999999999,2.2318541802593512e-07,0.014933446817270978,0.9554485737555103,0.0,0.0,0.0,0.0,0.0,0.0,0.0,0.0,0.0,0.0,0.0,0.0,0.0,0.0,0.0,0.0,0.0,0.0,0.0014680658967229554,0.02421607094766169,0.014238650068534217,0.013120363942911528,0.004120483434208416,0.001308232960988673,5.629444595606009e-05,6.0922100084336534e-05,0.0004018780642617247,0.00021078027896300963,0.0023855239954714176,0.0008348637593133916,0.0006708846948333207,4.130066900453317e-05,6.313358026563676e-06,2.891963388870445e-06
67,1.0,0.63,0.68,0.18,0.68,0.10344587773445742,0.3456053137779236,263.4357109178188,0.0,0.0,1.0,0.0,0.0,0.0,0.0,0.0,0.0,0.0,0.0,0.0,0.0,0.0,0.0,0.0,0.0,0.0,0.0,0.0,0.0,0.6716579829151482,0.6299737022508407,0.6736819405564614,0.17999999999999997,0.6799999999999999,1.4310211302177086e-07,0.009575033230895875,0.9714344992154497,0.0,0.0,0.0,0.0,0.0,0.0,0.0,0.0,0.0,0.0,0.0,0.0,0.0,0.0,0.0,0.0,0.0,0.0,0.0018137140791095834,0.022089278399012053,0.014852179778239173,0.016826198994631794,0.005102057589188084,0.0013543871719157818,6.243752617216057e-05,5.979409668100752e-05,0.000345648182386628,0.0021267925486496385,0.0006135297097049561,0.0037058350517202663,0.0009815741549796678,4.615421092710875e-05,6.1430802161004775e-06,1.1280034033290103e-06
68,1.0,0.63,0.68,0.18,0.68,0.10214652777363131,0.3466811776161194,263.43989136474994,0.0,0.0,1.0,0.0,0.0,0.0,0.0,0.0,0.0,0.0,0.0,0.0,0.0,0.0,0.0,0.0,0.0,0.0,0.0,0.0,0.0,0.6752879606602088,0.6299851491844818,0.6764320773363115,0.17999999999999997,0.6799999999999999,9.17542684124463e-08,0.00613932352621554,0.9816843611112659,0.0,0.0,0.0,0.0,0.0,0.0,0.0,0.0,0.0,0.0,0.0,0.0,0.0,0.0,0.0,0.0,0.0,0.0,0.0033204449660792236,0.021248603174632074,0.013521200141806074,0.018842393869495468,0.005783698847554695,0.00151940589539759,7.096702387382257e-05,5.56044294038695e-05,0.0015067308869696403,0.0008406752243799789,0.0013309796364330984,0.0020161948748636735,0.0006816412583666113,0.00016501872348180817,8.529497701662e-06,4.189667277138021e-06
69,1.0,0.63,0.68,0.18,0.68,0.09196052122823094,0.3138321042060852,263.44225216819956,0.0,0.0,1.0,0.0,0.0,0.0,0.0,0.0,0.0,0.0,0.0,0.0,0.0,0.0,0.0,0.0,0.0,0.0,0.0,0.0,0.0,0.6773387501266142,0.6299916134753503,0.6779851294138929,0.17999999999999997,0.6799999999999999,5.8831037460798636e-08,0.003936413843236039,0.9882563715429786,0.0,0.0,0.0,0.0,0.0,0.0,0.0,0.0,0.0,0.0,0.0,0.0,0.0,0.0,0.0,0.0,0.0,0.0,0.006545941825263027,0.02126772218692667,0.010912707574562525,0.013335876065617515,0.004770148415305115,0.0007331790311285737,8.862290450043095e-05,6.030443090269862e-05,0.003225496859183803,1.9119012294597365e-05,0.0026084925672435495,0.005506517803877953,0.00101355043224958,0.0007862268642690163,1.7655880626608384e-05,4.700001498829116e-06
70,1.0,0.63,0.68,0.18,0.68,0.07382365524502708,0.25158950686454773,263.44358536603704,0.0,0.0,1.0,0.0,0.0,0.0,0.0,0.0,0.0,0.0,0.0,0.0,0.0,0.0,0.0,0.0,0.0,0.0,0.0,0.0,0.0,0.6784970778575934,0.6299952639775497,0.6788621660665249,0.17999999999999997,0.6799999999999999,3.772130745085208e-08,0.002523951357027134,0.99247021574435,0.0,0.0,0.0,0.0,0.0,0.0,0.0,0.0,0.0,0.0,0.0,0.0,0.0,0.0,0.0,0.0,0.0,0.0,0.009972909818252376,0.021445362666782097,0.008738898054451723,0.009174314275676505,0.0036356937299307905,0.0005077301178633862,9.087251418580601e-05,6.173343389873838e-05,0.003426967992989349,0.00017764047985542597,0.002173809520110802,0.0041615617899410096,0.0011344546853743246,0.0002254489132651875,2.24960968537506e-06,1.4290029960397594e-06
71,1.0,0.63,0.68,0.18,0.68,0.0682578668517087,0.22609075903892517,263.44433824999703,0.0,0.0,1.0,0.0,0.0,0.0,0.0,0.0,0.0,0.0,0.0,0.0,0.0,0.0,0.0,0.0,0.0,0.0,0.0,0.0,0.0,0.6791512567864753,0.629997325482296,0.6793574445579312,0.17999999999999997,0.6799999999999999,2.4186162563423077e-08,0.0016183081114769689,0.9951720500061686,0.0,0.0,0.0,0.0,0.0,0.0,0.0,0.0,0.0,0.0,0.0,0.0,0.0,0.0,0.0,0.0,0.0,0.0,0.013945579945816902,0.022776160548423872,0.009574631413867146,0.008665138074279249,0.0013870265124853386,0.0004705957782551824,6.424722192940923e-05,6.10091223188728e-05,0.003972670127564526,0.001330797881641775,0.0008357333594154227,0.0005091762013972566,0.0022486672174454516,3.713433960820384e-05,2.6625292256396787e-05,7.243115798655751e-07
72,1.0,0.63,0.68,0.18,0.68,0.068039038717669,0.21191219985485077,263.4447634181635,0.0,0.0,1.0,0.0,0.0,0.0,0.0,0.0,0.0,0.0,0.0,0.0,0.0,0.0,0.0,0.0,0.0,0.0,0.0,0.0,0.0,0.6795206955294226,0.6299984896513849,0.6796371372974691,0.17999999999999997,0.6799999999999999,1.5507693107045635e-08,0.0010376274235161492,0.9969044131476348,0.0,0.0,0.0,0.0,0.0,0.0,0.0,0.0,0.0,0.0,0.0,0.0,0.0,0.0,0.0,0.0,0.0,0.0,0.014983125134064046,0.022095668419948807,0.009479133717177358,0.007235459321555188,0.00048324772390970314,0.00046505823917049744,6.165491024161758e-05,5.9735926199473186e-05,0.0010375451882471444,0.0006804921284750652,9.54976966897874e-05,0.0014296787527240604,0.0009037787885756355,5.537539084684944e-06,2.5923116877916432e-06,1.2731961193996165e-06
73,1.0,0.63,0.68,0.18,0.68,0.08042528699785043,0.22340568900108337,263.44500351863525,0.0,0.0,1.0,0.0,0.0,0.0,0.0,0.0,0.0,0.0,0.0,0.0,0.0,0.0,0.0,0.0,0.0,0.0,0.0,0.0,0.0,0.679729327169558,0.6299991470787665,0.6797950848560801,0.17999999999999997,0.6799999999999999,9.94322869002805e-09,0.0006653063544556576,0.9980151704195818,0.0,0.0,0.0,0.0,0.0,0.0,0.0,0.0,0.0,0.0,0.0,0.0,0.0,0.0,0.0,0.0,0.0,0.0,0.017662160644766934,0.028302901592195957,0.010341620538854531,0.00724721177353118,0.00020504144006889806,0.00031655785767477855,6.062971459065127e-05,5.6065108619013936e-05,0.0026790355107028877,0.00620723317224715,0.0008624868216771733,1.1752451975991646e-05,0.00027820628384080505,0.0001485003814957189,1.0251956509663122e-06,3.6708175804592497e-06
74,1.0,0.63,0.68,0.18,0.68,0.07686204444158479,0.21864724159240723,263.4451391078194,0.0,0.0,1.0,0.0,0.0,0.0,0.0,0.0,0.0,0.0,0.0,0.0,0.0,0.0,0.0,0.0,0.0,0.0,0.0,0.0,0.0,0.6798471459294444,0.6299995183399227,0.6798842807047546,0.17999999999999997,0.6799999999999999,6.375403233720054e-09,0.0004265813867747956,0.9987273661986602,0.0,0.0,0.0,0.0,0.0,0.0,0.0,0.0,0.0,0.0,0.0,0.0,0.0,0.0,0.0,0.0,0.0,0.0,0.017922030939726073,0.02655758447403063,0.008704900522595573,0.006081126212605728,0.00014620593073586495,0.000157743275448923,6.352865774197389e-05,6.076541185629784e-05,0.0002598702949591393,0.001745317118165328,0.001636720016258959,0.0011660855609254518,5.883550933303311e-05,0.00015881458222585554,2.898943151322617e-06,4.700303237283901e-06
75,1.0,0.63,0.68,0.18,0.68,0.0648337902579346,0.18267041444778442,263.44521567751974,0.0,0.0,1.0,0.0,0.0,0.0,0.0,0.0,0.0,0.0,0.0,0.0,0.0,0.0,0.0,0.0,0.0,0.0,0.0,0.0,0.0,0.679913680484074,0.6299997279978258,0.679934651216909,0.17999999999999997,0.6799999999999999,4.087783521794213e-09,0.00027351561926925214,0.9991840121649279,0.0,0.0,0.0,0.0,0.0,0.0,0.0,0.0,0.0,0.0,0.0,0.0,0.0,0.0,0.0,0.0,0.0,0.0,0.011723274266492088,0.023237013593804107,0.0071207335884074735,0.005496411153556816,0.00011580943922091977,0.00012755794155654883,5.914879780459614e-05,5.553549137425932e-05,0.006198756673233986,0.003320570880226522,0.001584166934188099,0.000584715059048912,3.0396491514945184e-05,3.018533389237418e-05,4.379859937377749e-06,5.229920482038519e-06
76,1.0,0.63,0.68,0.18,0.68,0.10380601078424756,0.42858898639678955,263.4452589178269,0.0,0.0,1.0,0.0,0.0,0.0,0.0,0.0,0.0,0.0,0.0,0.0,0.0,0.0,0.0,0.0,0.0,0.0,0.0,0.0,0.0,0.6799512537925494,0.629999846395443,0.6799630963579374,0.17999999999999997,0.6799999999999999,2.6210066263215815e-09,0.00017537285100471865,0.9994768046029544,0.0,0.0,0.0,0.0,0.0,0.0,0.0,0.0,0.0,0.0,0.0,0.0,0.0,0.0,0.0,0.0,0.0,0.0,0.006370270473766366,0.01371353831577991,0.018234972749611805,0.015603984800780643,0.0036318737959512713,0.0009618382183280852,5.983094341226271e-05,6.0469827682021844e-05,0.005353003792725721,0.009523475278024197,0.011114239161204333,0.010107573647223827,0.0035160643567303516,0.0008342802767715364,6.821456076665672e-07,4.934336307762526e-06
77,1.0,0.63,0.68,0.18,0.68,0.1680648696371198,0.47822028398513794,263.4452833364151,0.0,0.0,1.0,0.0,0.0,0.0,0.0,0.0,0.0,0.0,0.0,0.0,0.0,0.0,0.0,0.0,0.0,0.0,0.0,0.0,0.0,0.679972472130272,0.6299999132567231,0.6799791598445591,0.17999999999999997,0.6799999999999999,1.6805380467423564e-09,0.00011244563272727407,0.9996645373720976,0.0,0.0,0.0,0.0,0.0,0.0,0.0,0.0,0.0,0.0,0.0,0.0,0.0,0.0,0.0,0.0,0.0,0.0,0.002285184716408148,0.037950923430067444,0.030925988620670534,0.026544280619753627,0.005234018964119824,0.0011636362995462962,5.68980724781434e-05,6.298231166205834e-05,0.004085085757358218,0.024237385114287534,0.012691015871058729,0.010940295818972984,0.0016021451681685526,0.00020179808121821097,2.93287093411931e-06,2.5124839800365003e-06
78,1.0,0.63,0.68,0.18,0.68,0.2040166386844414,0.5341483950614929,263.4452971260353,0.0,0.0,1.0,0.0,0.0,0.0,0.0,0.0,0.0,0.0,0.0,0.0,0.0,0.0,0.0,0.0,0.0,0.0,0.0,0.0,0.0,0.6799844545123851,0.6299999510144996,0.6799882311865572,0.17999999999999997,0.6799999999999999,1.0775280375815812e-09,7.209793446932561e-05,0.9997849079419378,0.0,0.0,0.0,0.0,0.0,0.0,0.0,0.0,0.0,0.0,0.0,0.0,0.0,0.0,0.0,0.0,0.0,0.0,0.0017826437232661327,0.055176002995580765,0.033124104582257494,0.03030135559081426,0.0030980256423289473,0.0010600525083508015,7.850576643489787e-05,5.8067187105082714e-05,0.0005025409931420153,0.01722507956551332,0.00219811596158696,0.003757074971060634,0.0021359933217908766,0.00010358379119549473,2.1607693956754472e-05,4.915124556975631e-06
79,1.0,0.63,0.68,0.18,0.68,0.17019886025459133,0.5057151913642883,263.44530491328413,0.0,0.0,1.0,0.0,0.0,0.0,0.0,0.0,0.0,0.0,0.0,0.0,0.0,0.0,0.0,0.0,0.0,0.0,0.0,0.0,0.0,0.679991221181256,0.6299999723370002,0.6799933539377743,0.17999999999999997,0.6799999999999999,6.90889845680725e-10,4.6227781628039605e-05,0.9998620871906635,0.0,0.0,0.0,0.0,0.0,0.0,0.0,0.0,0.0,0.0,0.0,0.0,0.0,0.0,0.0,0.0,0.0,0.0,0.0026418710048316733,0.050021950512506824,0.0297523422712577,0.02580919399794773,0.0010036802264535391,0.0009102574215876171,5.1635689982875064e-05,6.059866409423372e-05,0.0008592272815655406,0.005154052483073941,0.0033717623109997923,0.004492161592866532,0.002094345415875408,0.0001497950867631844,2.6870076452022805e-05,2.5314769891510036e-06
80,1.0,0.63,0.68,0.18,0.68,0.17470042902474148,0.44933947920799255,263.44530931088474,0.0,0.0,1.0,0.0,0.0,0.0,0.0,0.0,0.0,0.0,0.0,0.0,0.0,0.0,0.0,0.0,0.0,0.0,0.0,0.0,0.0,0.6799950424419241,0.6299999843782027,0.6799962468482211,0.17999999999999997,0.6799999999999999,4.4298501961587866e-10,2.9640346980521552e-05,0.9999115730113401,0.0,0.0,0.0,0.0,0.0,0.0,0.0,0.0,0.0,0.0,0.0,0.0,0.0,0.0,0.0,0.0,0.0,0.0,0.0019461918805900105,0.05529702894098226,0.03293476436431996,0.018085173199550327,0.000541780826610464,0.0007402134378635032,5.128244352661061e-05,5.783359791678271e-05,0.0006956791242416628,0.005275078428475438,0.00318242209306226,0.007724020798397402,0.0004618993998430752,0.00017004398372411382,3.532464562644558e-07,2.765066177451009e-06
81,0.0,0.63,0.0,0.18,0.68,0.16346072246983298,0.44918784499168396,263.4453117942896,0.0,0.0,0.2,0.0,0.0,0.0,0.0,0.0,0.0,0.0,0.0,0.0,0.0,0.0,0.0,0.0,0.0,0.0,0.0,0.0,0.0,0.4998925622957614,0.629999991178088,0.3840062034924521,0.17999999999999997,0.6799999999999999,2.840333069459601e-10,1.9004809190169443e-05,0.7128876130930271,0.0,0.0,0.0,0.0,0.0,0.0,0.0,0.0,0.0,0.0,0.0,0.0,0.0,0.0,0.0,0.0,0.0,0.0,0.0022737634630009985,0.04982774782515865,0.033190243165353614,0.016265611504671536,0.0005390754964277954,0.0005179009027737685,4.830808701656538e-05,5.0599022165074004e-05,0.00032757158241098795,0.005469281115823614,0.00025547880103365256,0.0018195616948787907,2.7053301826685146e-06,0.0002223125350897348,2.974356510045229e-06,7.234575751708705e-06
82,0.0,0.63,0.0,0.18,0.68,0.12823088465052923,0.34483256936073303,263.44531319671324,0.0,0.0,0.2,0.0,0.0,0.0,0.0,0.0,0.0,0.0,0.0,0.0,0.0,0.0,0.0,0.0,0.0,0.0,0.0,0.0,0.0,0.3674917583828769,0.6299999950181064,0.21685526207558703,0.17999999999999997,0.6799999999999999,1.8211658607465524e-10,1.2185510938590014e-05,0.5288534789838993,0.0,0.0,0.0,0.0,0.0,0.0,0.0,0.0,0.0,0.0,0.0,0.0,0.0,0.0,0.0,0.0,0.0,0.0,0.0007131359433949785,0.04093823417153502,0.02556361712896584,0.008519350543325843,0.0002346546018141203,0.00041228474234514023,3.4984328631249955e-05,3.903619406026055e-05,0.0015606275196060199,0.008889513653623629,0.007626626036387776,0.007746260961345694,0.00030442089461367515,0.00010561616042862823,1.3323758385315424e-05,1.1562828104813457e-05
83,0.0,0.63,0.0,0.18,0.68,0.09370440170286018,0.23873059451580048,263.4453139886873,0.0,0.0,0.2,0.0,0.0,0.0,0.0,0.0,0.0,0.0,0.0,0.0,0.0,0.0,0.0,0.0,0.0,0.0,0.0,0.0,0.0,0.2701584353628297,0.6299999971866345,0.12246209634682598,0.17999999999999997,0.6799999999999999,1.1676958339888471e-10,7.813110636822606e-06,0.4108544013914385,0.0,0.0,0.0,0.0,0.0,0.0,0.0,0.0,0.0,0.0,0.0,0.0,0.0,0.0,0.0,0.0,0.0,0.0,0.00041293800719455356,0.03218191283249465,0.014171265035695173,0.005412250544400814,0.0001133179517522855,0.00016000313086803584,2.7674127072190006e-05,2.6750063773434304e-05,0.00030019793620042495,0.00875632133904037,0.011392352093270665,0.003107099998925029,0.00012133665006183478,0.0002522816114771044,7.310201559059949e-06,1.2286130286826243e-05
84,0.0,0.63,0.0,0.18,0.68,0.05906253338587399,0.15457724034786224,263.44531443592945,0.0,0.0,0.2,0.0,0.0,0.0,0.0,0.0,0.0,0.0,0.0,0.0,0.0,0.0,0.0,0.0,0.0,0.0,0.0,0.0,0.0,0.1986046721669635,0.6299999984112415,0.06915656506611284,0.17999999999999997,0.6799999999999999,7.487036684050088e-11,5.009613312964129e-06,0.33519570698632806,0.0,0.0,0.0,0.0,0.0,0.0,0.0,0.0,0.0,0.0,0.0,0.0,0.0,0.0,0.0,0.0,0.0,0.0,0.0002755049150091642,0.022161199574868715,0.009762732324920044,0.004227731743359876,7.247310550211206e-05,0.0001107521054123068,1.9642475279492184e-05,2.1936132507897573e-05,0.00013743309218538938,0.010020713257625935,0.0044085327107751295,0.0011845188010409383,4.084484625017344e-05,4.9251025455729043e-05,8.031651792697822e-06,4.813931265536731e-06
85,1.0,0.655,0.68,0.18,0.68,0.028191573093461812,0.1001470759510994,267.4497056449225,0.0,0.0,0.0,1.0,0.0,0.0,0.0,0.0,0.0,0.0,0.0,0.0,0.0,0.0,0.0,0.0,0.0,0.0,0.0,0.0,0.0,0.30234742260995373,0.6408820460526053,0.33504564258336633,0.17999999999999997,0.6799999999999999,4.800541089268555e-11,3.212065809890212e-06,0.21492091360554708,0.3588196115700454,0.0,0.0,0.0,0.0,0.0,0.0,0.0,0.0,0.0,0.0,0.0,0.0,0.0,0.0,0.0,0.0,0.0,0.00015447072247835064,0.007867983727687976,0.004456975809066944,0.003632024636334394,0.0011072540414531675,0.00036785663337794244,4.561924031844237e-05,2.3938577572184412e-05,0.00012103419253081354,0.014293215847180738,0.0053057565158531,0.0005957071070254818,0.0010347809359510555,0.00025710452796563564,2.5976765038950186e-05,2.002445064286839e-06
86,1.0,0.655,0.68,0.18,0.68,0.033639415345924094,0.12102842330932617,269.7378907712687,0.0,0.0,0.0,1.0,0.0,0.0,0.0,0.0,0.0,0.0,0.0,0.0,0.0,0.0,0.0,0.0,0.0,0.0,0.0,0.0,0.0,0.4413776871795366,0.6470273355602353,0.4851980231012853,0.17999999999999997,0.6799999999999999,3.0780128002911694e-11,2.0595136036479826e-06,0.1378030748673254,0.5888877094928125,0.0,0.0,0.0,0.0,0.0,0.0,0.0,0.0,0.0,0.0,0.0,0.0,0.0,0.0,0.0,0.0,0.0,0.0005892059132600286,0.009025941253418195,0.005464019109660957,0.004175579040173079,0.001571988666325588,0.0006534490370761189,0.00011848918008537493,3.693493885280457e-05,0.0004347351907816779,0.0011579575257302192,0.0010070433005940132,0.0005435544038386851,0.0004647346248724206,0.0002855924036981765,7.286993976693255e-05,1.2996361280620158e-05
87,1.0,0.655,0.68,0.18,0.68,0.04877366893135011,0.1453379988670349,271.03870891631595,0.0,0.0,0.0,1.0,0.0,0.0,0.0,0.0,0.0,0.0,0.0,0.0,0.0,0.0,0.0,0.0,0.0,0.0,0.0,0.0,0.0,0.5391692895754409,0.650497691910178,0.569991793442359,0.17999999999999997,0.6799999999999999,1.9735614428830643e-11,1.3205197323637891e-06,0.08835662907027382,0.7364028618842732,0.0,0.0,0.0,0.0,0.0,0.0,0.0,0.0,0.0,0.0,0.0,0.0,0.0,0.0,0.0,0.0,0.0,0.000559746327756934,0.01487678250496764,0.0071206931738073955,0.006073432621897527,0.0021704544208478393,0.0008645749889053521,0.0001460823541322888,4.721741173596803e-05,2.9459585503094593e-05,0.005850841251549445,0.0016566740641464385,0.0018978535817244478,0.0005984657545222512,0.0002111259518292332,2.7593174046913876e-05,1.0282472883163461e-05
88,1.0,0.655,0.68,0.18,0.68,0.06027357337969836,0.1580526977777481,271.7760741507258,0.0,0.0,0.0,1.0,0.0,0.0,0.0,0.0,0.0,0.0,0.0,0.0,0.0,0.0,0.0,0.0,0.0,0.0,0.0,0.0,0.0,0.5990141382640802,0.6524574650308154,0.6178763721873273,0.17999999999999997,0.6799999999999999,1.2654088925381449e-11,8.466913549264341e-07,0.056652537747639585,0.8309866845939339,0.0,0.0,0.0,0.0,0.0,0.0,0.0,0.0,0.0,0.0,0.0,0.0,0.0,0.0,0.0,0.0,0.0,0.0003659895461796029,0.01728077079484998,0.007467083822974746,0.008656619386026574,0.0022522633508870005,0.0008191110596190361,0.00019039373794383797,5.872326740117228e-05,0.00019375678157733107,0.002403988289882338,0.0003463906491673503,0.0025831867641290477,8.180893003916119e-05,4.546392928631601e-05,4.431138381154917e-05,1.1505855665204245e-05
89,1.0,0.655,0.68,0.18,0.68,0.06510449315846595,0.19630837440490723,272.19336359344504,0.0,0.0,0.0,1.0,0.0,0.0,0.0,0.0,0.0,0.0,0.0,0.0,0.0,0.0,0.0,0.0,0.0,0.0,0.0,0.0,0.0,0.633916834632889,0.653564184427063,0.6449176615693185,0.17999999999999997,0.6799999999999999,8.113553652403265e-12,5.428818918320156e-07,0.036324496158574214,0.8916319767781041,0.0,0.0,0.0,0.0,0.0,0.0,0.0,0.0,0.0,0.0,0.0,0.0,0.0,0.0,0.0,0.0,0.0,0.0006096934801629555,0.016177845004775558,0.00896231500713717,0.008346515025928092,0.0029989673622988324,0.0012797856788995428,0.00011840407997722002,5.416860705803931e-05,0.00024370393398335263,0.0011029257900744202,0.0014952311841624237,0.00031010436009848256,0.0007467040114118319,0.00046067461928050665,7.198965796661795e-05,4.5546603431329685e-06
90,1.0,0.655,0.68,0.18,0.68,0.10592412932476518,0.3078974187374115,272.42929751577685,0.0,0.0,0.0,1.0,0.0,0.0,0.0,0.0,0.0,0.0,0.0,0.0,0.0,0.0,0.0,0.0,0.0,0.0,0.0,0.0,0.0,0.653892367591158,0.6541891689261016,0.6601883677257849,0.17999999999999997,0.6799999999999999,5.202251482395202e-12,3.4808522227644034e-07,0.02329055455647701,0.9305165487771985,0.0,0.0,0.0,0.0,0.0,0.0,0.0,0.0,0.0,0.0,0.0,0.0,0.0,0.0,0.0,0.0,0.0,0.0014825061683963615,0.026882813120451807,0.016263164986279856,0.014240835156678535,0.005158598442774902,0.0015658262343414958,7.116164974503062e-05,5.588792141320845e-05,0.000872812688233406,0.010704968115676249,0.007300849979142687,0.005894320130750443,0.0021596310804760698,0.00028604055544195306,4.72424302321894e-05,1.7193143551691418e-06
91,1.0,0.655,0.68,0.18,0.68,0.11477651362193735,0.36894315481185913,272.56262401864376,0.0,0.0,0.0,1.0,0.0,0.0,0.0,0.0,0.0,0.0,0.0,0.0,0.0,0.0,0.0,0.0,0.0,0.0,0.0,0.0,0.0,0.6652365039275876,0.6545421089986826,0.668812012228197,0.17999999999999997,0.6799999999999999,3.3355816261924628e-12,2.2318541802593512e-07,0.014933446817270978,0.9554485737555103,0.0,0.0,0.0,0.0,0.0,0.0,0.0,0.0,0.0,0.0,0.0,0.0,0.0,0.0,0.0,0.0,0.0,0.00045034808879359893,0.029752398715586725,0.014891435103872235,0.01757665003143931,0.004393553464293338,0.002640695387891303,0.000109882225348788,6.72257152074479e-05,0.0010321580796027626,0.002869585595134918,0.0013717298824076213,0.0033358148747607737,0.0007650449784815643,0.0010748691535498072,3.8720575603757375e-05,1.1337793794239456e-05
92,1.0,0.655,0.68,0.18,0.68,0.1493446057728642,0.45875802636146545,272.63794473707543,0.0,0.0,0.0,1.0,0.0,0.0,0.0,0.0,0.0,0.0,0.0,0.0,0.0,0.0,0.0,0.0,0.0,0.0,0.0,0.0,0.0,0.6716579829151487,0.6547414206536518,0.6736819405564617,0.17999999999999997,0.6799999999999999,2.138709522721903e-12,1.4310211302177086e-07,0.009575033230895875,0.9714344992154497,0.0,0.0,0.0,0.0,0.0,0.0,0.0,0.0,0.0,0.0,0.0,0.0,0.0,0.0,0.0,0.0,0.0,0.0008286286161336412,0.0314071875445435,0.019863437377155853,0.024021568097435296,0.0075184465943695196,0.0031847299639702633,9.5358080307955e-05,7.452259461628492e-05,0.00037828052734004223,0.001654788828956772,0.004972002273283618,0.006444918065995987,0.0031248931300761817,0.0005440345760789602,1.4524145040832994e-05,7.296879408837017e-06
93,1.0,0.655,0.68,0.18,0.68,0.1618779398708569,0.49805790185928345,272.6804889073992,0.0,0.0,0.0,1.0,0.0,0.0,0.0,0.0,0.0,0.0,0.0,0.0,0.0,0.0,0.0,0.0,0.0,0.0,0.0,0.0,0.0,0.6752879606602091,0.6548539755571403,0.6764320773363117,0.17999999999999997,0.6799999999999999,1.3712986025176726e-12,9.17542684124463e-08,0.00613932352621554,0.9816843611112659,0.0,0.0,0.0,0.0,0.0,0.0,0.0,0.0,0.0,0.0,0.0,0.0,0.0,0.0,0.0,0.0,0.0,0.002341029578968679,0.03149181268486389,0.025783150645020316,0.024600115655812497,0.0069140106224631495,0.0032549949796057943,0.00015323813466486502,7.037702646637284e-05,0.001512400962835038,8.462514032039209e-05,0.005919713267864463,0.0005785475583772008,0.00060443597190637,7.026501563553098e-05,5.788005435691001e-05,4.145568149912081e-06
94,1.0,0.655,0.68,0.18,0.68,0.15042870610302272,0.4762733280658722,272.7045173044328,0.0,0.0,0.0,1.0,0.0,0.0,0.0,0.0,0.0,0.0,0.0,0.0,0.0,0.0,0.0,0.0,0.0,0.0,0.0,0.0,0.0,0.6773387501266144,0.6549175373508611,0.6779851294138931,0.17999999999999997,0.6799999999999999,8.792497706157353e-13,5.8831037460798636e-08,0.003936413843236039,0.9882563715429786,0.0,0.0,0.0,0.0,0.0,0.0,0.0,0.0,0.0,0.0,0.0,0.0,0.0,0.0,0.0,0.0,0.0,0.0015570852920847066,0.031510633736933066,0.023278325616187097,0.026290946809639056,0.007214030307420861,0.0026469887914507655,0.00013136281729283437,6.831846469187374e-05,0.0007839442868839725,1.8821052069177557e-05,0.0025048250288332193,0.0016908311538265594,0.00030001968495771154,0.0006080061881550288,2.187531737203065e-05,2.0585617744990978e-06
95,1.0,0.655,0.68,0.18,0.68,0.17076219861216554,0.48561811447143555,272.718087511146,0.0,0.0,0.0,1.0,0.0,0.0,0.0,0.0,0.0,0.0,0.0,0.0,0.0,0.0,0.0,0.0,0.0,0.0,0.0,0.0,0.0,0.6784970778575935,0.6549534318476425,0.678862166066525,0.17999999999999997,0.6799999999999999,5.637577094503457e-13,3.772130745085208e-08,0.002523951357027134,0.99247021574435,0.0,0.0,0.0,0.0,0.0,0.0,0.0,0.0,0.0,0.0,0.0,0.0,0.0,0.0,0.0,0.0,0.0,0.0006307493570466161,0.027501899718650438,0.020504937545643094,0.03088865706279367,0.00786670709755472,0.0029170654893644985,0.0002865098205233815,7.207104771568707e-05,0.0009263359350380905,0.004008734018282629,0.002773388070544003,0.004597710253154613,0.000652676790133859,0.00027007669791373305,0.00015514700323054713,3.752583023813324e-06
96,1.0,0.655,0.68,0.18,0.68,0.1726709659684279,0.5290241241455078,272.725751151139,0.0,0.0,0.0,1.0,0.0,0.0,0.0,0.0,0.0,0.0,0.0,0.0,0.0,0.0,0.0,0.0,0.0,0.0,0.0,0.0,0.0,0.6791512567864754,0.6549737021204554,0.6793574445579313,0.17999999999999997,0.6799999999999999,3.614703871257542e-13,2.4186162563423077e-08,0.0016183081114769689,0.9951720500061686,0.0,0.0,0.0,0.0,0.0,0.0,0.0,0.0,0.0,0.0,0.0,0.0,0.0,0.0,0.0,0.0,0.0,0.0016261918945131562,0.025101717218195624,0.01939358451450225,0.03513235675734571,0.009037465535259132,0.0026219481572554056,0.0002677081213635157,7.11997218848692e-05,0.00099544253746654,0.0024001825004548137,0.0011113530311408458,0.004243699694552041,0.0011707584377044118,0.00029511733210909295,1.8801699159865784e-05,8.713258308178649e-07
97,1.0,0.655,0.68,0.18,0.68,0.16018533685119657,0.5050494074821472,272.73007904266996,0.0,0.0,0.0,1.0,0.0,0.0,0.0,0.0,0.0,0.0,0.0,0.0,0.0,0.0,0.0,0.0,0.0,0.0,0.0,0.0,0.0,0.6795206955294226,0.6549851491108508,0.6796371372974691,0.17999999999999997,0.6799999999999999,2.3176772322321714e-13,1.5507693107045635e-08,0.0010376274235161492,0.9969044131476348,0.0,0.0,0.0,0.0,0.0,0.0,0.0,0.0,0.0,0.0,0.0,0.0,0.0,0.0,0.0,0.0,0.0,0.00041861650319319145,0.02423684684080775,0.01969347278981836,0.03145222491140619,0.007430971599996865,0.002064685656547985,0.0002306804061141077,6.373374638918186e-05,0.0012075753913199647,0.0008648703773878746,0.0002998882753161118,0.003680131845939523,0.0016064939352622666,0.0005572625007074206,3.702771524940801e-05,7.465975495687344e-06
98,1.0,0.655,0.68,0.18,0.68,0.14103816889102488,0.48751047253608704,272.7325231117909,0.0,0.0,0.0,1.0,0.0,0.0,0.0,0.0,0.0,0.0,0.0,0.0,0.0,0.0,0.0,0.0,0.0,0.0,0.0,0.0,0.0,0.679729327169558,0.6549916134337695,0.6797950848560801,0.17999999999999997,0.6799999999999999,1.4860491880178856e-13,9.94322869002805e-09,0.0006653063544556576,0.9980151704195818,0.0,0.0,0.0,0.0,0.0,0.0,0.0,0.0,0.0,0.0,0.0,0.0,0.0,0.0,0.0,0.0,0.0,0.001480487817047149,0.023959788228201162,0.019586135417561396,0.026575015165217174,0.005775713358930493,0.0024953485131246744,0.00030679896477236047,7.630676577752681e-05,0.0010618713138539576,0.00027705861260658715,0.00010733737225696385,0.004877209746189014,0.0016552582410663723,0.0004306628565766894,7.611855865825276e-05,1.257301938834495e-05
99,1.0,0.655,0.68,0.18,0.68,0.11870882876610268,0.4243795871734619,272.7339033315917,0.0,0.0,0.0,1.0,0.0,0.0,0.0,0.0,0.0,0.0,0.0,0.0,0.0,0.0,0.0,0.0,0.0,0.0,0.0,0.0,0.0,0.6798471459294444,0.6549952639540683,0.6798842807047546,0.17999999999999997,0.6799999999999999,9.528255955993266e-14,6.375403233720054e-09,0.0004265813867747956,0.9987273661986602,0.0,0.0,0.0,0.0,0.0,0.0,0.0,0.0,0.0,0.0,0.0,0.0,0.0,0.0,0.0,0.0,0.0,0.001659631522655077,0.02391683689527224,0.017904359992358624,0.019480575975294994,0.0048602829550095285,0.0024770714902204996,0.0001966666461595689,6.846570586918294e-05,0.00017914370560792787,4.295133292892342e-05,0.0016817754252027722,0.00709443918992218,0.0009154304039209644,1.8277022904174788e-05,0.00011013231861279157,7.841059908343865e-06
100,1.0,0.655,0.68,0.18,0.68,0.09124727491851274,0.3309303820133209,272.7346827698116,0.0,0.0,0.0,1.0,0.0,0.0,0.0,0.0,0.0,0.0,0.0,0.0,0.0,0.0,0.0,0.0,0.0,0.0,0.0,0.0,0.0,0.679913680484074,0.6549973254690357,0.679934651216909,0.17999999999999997,0.6799999999999999,6.109330854923791e-14,4.087783521794213e-09,0.00027351561926925214,0.9991840121649279,0.0,0.0,0.0,0.0,0.0,0.0,0.0,0.0,0.0,0.0,0.0,0.0,0.0,0.0,0.0,0.0,0.0,0.0005375171569998161,0.021660097059995283,0.013963231936716855,0.012356332829822488,0.004923994965505225,0.0016010622995698035,0.0002467167073129754,6.805487478801423e-05,0.0011221143656552609,0.002256739835276956,0.003941128055641769,0.007124243145472506,6.371201049569682e-05,0.000876009190650696,5.00500611534065e-05,4.1083108116871873e-07
101,1.0,0.655,0.68,0.18,0.68,0.07503438255267,0.2516506612300873,272.73512293368356,0.0,0.0,0.0,1.0,0.0,0.0,0.0,0.0,0.0,0.0,0.0,0.0,0.0,0.0,0.0,0.0,0.0,0.0,0.0,0.0,0.0,0.6799512537925494,0.6549984896438966,0.6799630963579374,0.17999999999999997,0.6799999999999999,3.9171831306071434e-14,2.6210066263215815e-09,0.00017537285100471865,0.9994768046029544,0.0,0.0,0.0,0.0,0.0,0.0,0.0,0.0,0.0,0.0,0.0,0.0,0.0,0.0,0.0,0.0,0.0,0.000899877919842869,0.0207890796207428,0.0109691584481098,0.008740742602687243,0.00396550144321299,0.0014659925083213951,0.0003248293404153383,6.857647909057173e-05,0.0003623607628430529,0.0008710174392524833,0.002994073488607054,0.0036155902271352448,0.000958493522292235,0.0001350697912484084,7.811263310236288e-05,5.216043025575018e-07
102,1.0,0.655,0.68,0.18,0.68,0.0706247811321351,0.20974290370941162,272.73537150251246,0.0,0.0,0.0,1.0,0.0,0.0,0.0,0.0,0.0,0.0,0.0,0.0,0.0,0.0,0.0,0.0,0.0,0.0,0.0,0.0,0.0,0.679972472130272,0.6549991470745378,0.6799791598445591,0.17999999999999997,0.6799999999999999,2.5116210012339538e-14,1.6805380467423564e-09,0.00011244563272727407,0.9996645373720976,0.0,0.0,0.0,0.0,0.0,0.0,0.0,0.0,0.0,0.0,0.0,0.0,0.0,0.0,0.0,0.0,0.0,0.0012813196199728733,0.01979766222347731,0.010297311656366189,0.008906696532439279,0.0030438446834223603,0.0012708872067789037,0.00022984046891684766,6.472557626698883e-05,0.00038144170013000437,0.0009914173972654892,0.0006718467917436119,0.0001659539297520357,0.00092165675979063,0.00019510530154249139,9.498887149849062e-05,3.8509028235829006e-06
103,1.0,0.655,0.68,0.18,0.68,0.07600396448458419,0.21087521314620972,272.73551187393485,0.0,0.0,0.0,1.0,0.0,0.0,0.0,0.0,0.0,0.0,0.0,0.0,0.0,0.0,0.0,0.0,0.0,0.0,0.0,0.0,0.0,0.6799844545123851,0.6549995183375348,0.6799882311865572,0.17999999999999997,0.6799999999999999,1.6104021291600178e-14,1.0775280375815812e-09,7.209793446932561e-05,0.9997849079419378,0.0,0.0,0.0,0.0,0.0,0.0,0.0,0.0,0.0,0.0,0.0,0.0,0.0,0.0,0.0,0.0,0.0,0.001019288397119913,0.02226961091269799,0.009642360065862918,0.01013414808227931,0.0035900450947612766,0.0016229329664765935,0.00021416445345067496,6.150510294602718e-05,0.0002620312228529603,0.0024719486892206786,0.0006549515905032704,0.0012274515498400303,0.0005462004113389162,0.0003520457596976898,1.56760154661727e-05,3.220473320961648e-06
104,1.0,0.655,0.68,0.18,0.68,0.07066834725463166,0.17308874428272247,272.73559114425285,0.0,0.0,0.0,1.0,0.0,0.0,0.0,0.0,0.0,0.0,0.0,0.0,0.0,0.0,0.0,0.0,0.0,0.0,0.0,0.0,0.0,0.679991221181256,0.6549997279964772,0.6799933539377743,0.17999999999999997,0.6799999999999999,1.0325582627032462e-14,6.90889845680725e-10,4.6227781628039605e-05,0.9998620871906635,0.0,0.0,0.0,0.0,0.0,0.0,0.0,0.0,0.0,0.0,0.0,0.0,0.0,0.0,0.0,0.0,0.0,0.0007523906415632926,0.019748103840974907,0.00972786986003563,0.010405525685480227,0.002562149548873613,0.001257449995310762,0.00016252676962014045,6.363993109499472e-05,0.0002668977555566204,0.0025215070717230816,8.55097941727112e-05,0.00027137760320091776,0.0010278955458876637,0.00036548297116583144,5.163768383053451e-05,2.1348281489675373e-06
105,1.0,0.655,0.68,0.18,0.68,0.09986735613417806,0.31034472584724426,272.73563590964807,0.0,0.0,0.0,1.0,0.0,0.0,0.0,0.0,0.0,0.0,0.0,0.0,0.0,0.0,0.0,0.0,0.0,0.0,0.0,0.0,0.0,0.6799950424419241,0.6549998463946815,0.6799962468482211,0.17999999999999997,0.6799999999999999,6.620561079566265e-15,4.4298501961587866e-10,2.9640346980521552e-05,0.9999115730113401,0.0,0.0,0.0,0.0,0.0,0.0,0.0,0.0,0.0,0.0,0.0,0.0,0.0,0.0,0.0,0.0,0.0,0.0009046780591219521,0.02508887585147049,0.015809857359643784,0.013126118806751902,0.004990931984526331,0.0014940358901653677,0.00010379255104695907,6.949795095394924e-05,0.0001522874175586595,0.005340772010495584,0.006081987499608154,0.0027205931212716753,0.002428782435652718,0.00023658589485460566,5.873421857318139e-05,5.858019858954525e-06
106,0.0,0.63,0.0,0.18,0.68,0.10347651371895163,0.2980167865753174,268.6521262589461,0.0,0.0,0.0,0.2,0.0,0.0,0.0,0.0,0.0,0.0,0.0,0.0,0.0,0.0,0.0,0.0,0.0,0.0,0.0,0.0,0.0,0.4998925622957614,0.6441178663064869,0.3840062034924521,0.17999999999999997,0.6799999999999999,4.2449739246205375e-15,2.840333069459601e-10,1.9004809190169443e-05,0.7128876130930271,0.0,0.0,0.0,0.0,0.0,0.0,0.0,0.0,0.0,0.0,0.0,0.0,0.0,0.0,0.0,0.0,0.0,0.00033853981540996926,0.029236311036138222,0.016567153405930977,0.016438069015055002,0.003417104558986956,0.0018772741154382514,0.0001033228529129676,5.422358446356872e-05,0.0005661382437119829,0.00414743518466773,0.0007572960462871939,0.0033119502083030997,0.0015738274255393749,0.0003832382252728836,4.6969813399146544e-07,1.527436649038052e-05
107,0.0,0.63,0.0,0.18,0.68,0.09380773064208915,0.29534122347831726,266.3731657544758,0.0,0.0,0.0,0.2,0.0,0.0,0.0,0.0,0.0,0.0,0.0,0.0,0.0,0.0,0.0,0.0,0.0,0.0,0.0,0.0,0.0,0.3674917583828769,0.6379726149473559,0.21685526207558703,0.17999999999999997,0.6799999999999999,2.7217940298632254e-15,1.8211658607465524e-10,1.2185510938590014e-05,0.5288534789838993,0.0,0.0,0.0,0.0,0.0,0.0,0.0,0.0,0.0,0.0,0.0,0.0,0.0,0.0,0.0,0.0,0.0,0.00040415641886946805,0.019675831227135836,0.012650979154349705,0.016419103326949472,0.004935114598237577,0.0017920203741411886,7.26895918464364e-05,4.455616469848812e-05,6.561660345949879e-05,0.009560479809002386,0.003916174251581273,1.896568810553015e-05,0.0015180100392506207,8.525374129706277e-05,3.06332610665312e-05,9.667419765080599e-06
108,0.0,0.63,0.0,0.18,0.68,0.07462320645451036,0.2501997947692871,265.0947472477105,0.0,0.0,0.0,0.2,0.0,0.0,0.0,0.0,0.0,0.0,0.0,0.0,0.0,0.0,0.0,0.0,0.0,0.0,0.0,0.0,0.0,0.2701584353628297,0.6345022801405619,0.12246209634682598,0.17999999999999997,0.6799999999999999,1.7451609532940344e-15,1.1676958339888471e-10,7.813110636822606e-06,0.4108544013914385,0.0,0.0,0.0,0.0,0.0,0.0,0.0,0.0,0.0,0.0,0.0,0.0,0.0,0.0,0.0,0.0,0.0,0.00027207190951094093,0.01581952368162241,0.010908636788291855,0.012215666447864534,0.003684072074837518,0.001642493446520565,5.8826785666469385e-05,3.8876359563077085e-05,0.00013208450935852712,0.003856307545513426,0.0017423423660578499,0.004203436879084938,0.0012510425234000585,0.00014952692762062363,1.3862806179967012e-05,5.679805135411037e-06
109,0.0,0.63,0.0,0.18,0.68,0.05832638143731333,0.20956885814666748,264.37551381532705,0.0,0.0,0.0,0.2,0.0,0.0,0.0,0.0,0.0,0.0,0.0,0.0,0.0,0.0,0.0,0.0,0.0,0.0,0.0,0.0,0.0,0.1986046721669635,0.6325425191857309,0.06915656506611284,0.17999999999999997,0.6799999999999999,1.1189629779058589e-15,7.487036684050088e-11,5.009613312964129e-06,0.33519570698632806,0.0,0.0,0.0,0.0,0.0,0.0,0.0,0.0,0.0,0.0,0.0,0.0,0.0,0.0,0.0,0.0,0.0,0.0006552780710742437,0.011738665692376235,0.009910724250501896,0.009549784230682833,0.0029775005028921083,0.0012339696427933911,3.322323556156444e-05,2.590504166110797e-05,0.0003832061615633028,0.004080857989246175,0.0009979125377899585,0.002665882217181701,0.0007065715719454099,0.00040852380372717384,2.5603550104904946e-05,1.2971317901969114e-05
110,1.0,0.6799999999999999,0.68,0.18,0.68,0.030383294457877623,0.08413369208574295,272.05593937609143,0.0,0.0,0.0,0.0,1.0,0.0,0.0,0.0,0.0,0.0,0.0,0.0,0.0,0.0,0.0,0.0,0.0,0.0,0.0,0.0,0.0,0.30234742260995373,0.6531999005593466,0.33504564258336633,0.17999999999999997,0.6799999999999999,7.1745711681241735e-16,4.800541089268555e-11,3.212065809890212e-06,0.21492091360554708,0.3588196115700454,0.0,0.0,0.0,0.0,0.0,0.0,0.0,0.0,0.0,0.0,0.0,0.0,0.0,0.0,0.0,0.0,0.00041965889756140676,0.007895876415789,0.0024737636680410647,0.005224709592160499,0.001123381542619759,0.00044027671538890363,3.281215301729996e-05,2.3344096892413535e-05,0.00023561917351283697,0.003842789276587235,0.007436960582460832,0.004325074638522334,0.0018541189602723494,0.0007936929274044875,4.110825442644805e-07,2.560944768694436e-06
111,1.0,0.6799999999999999,0.68,0.18,0.68,0.04119725123841146,0.09986677765846252,276.49138324739,0.0,0.0,0.0,0.0,1.0,0.0,0.0,0.0,0.0,0.0,0.0,0.0,0.0,0.0,0.0,0.0,0.0,0.0,0.0,0.0,0.0,0.4413776871795366,0.664865498174253,0.4851980231012853,0.17999999999999997,0.6799999999999999,4.60019432839621e-16,3.0780128002911694e-11,2.0595136036479826e-06,0.1378030748673254,0.5888877094928125,0.0,0.0,0.0,0.0,0.0,0.0,0.0,0.0,0.0,0.0,0.0,0.0,0.0,0.0,0.0,0.0,0.00045481622414450404,0.013085788892063306,0.0031911765176548734,0.005780170350793673,0.0009679342269256012,0.0003105295843605557,3.51949056569597e-05,3.1886157867824586e-05,3.515732658309728e-05,0.005189912476274306,0.0007174128496138087,0.0005554607586331743,0.00015544731569415774,0.00012974713102834794,2.3827526396597414e-06,8.542060975411051e-06
112,1.0,0.6799999999999999,0.68,0.18,0.68,0.04574390574149745,0.11097375303506851,279.02803238880233,0.0,0.0,0.0,0.0,1.0,0.0,0.0,0.0,0.0,0.0,0.0,0.0,0.0,0.0,0.0,0.0,0.0,0.0,0.0,0.0,0.0,0.5391692895754409,0.6714532725514412,0.569991793442359,0.17999999999999997,0.6799999999999999,2.9495543863343564e-16,1.9735614428830643e-11,1.3205197323637891e-06,0.08835662907027382,0.7364028618842732,0.0,0.0,0.0,0.0,0.0,0.0,0.0,0.0,0.0,0.0,0.0,0.0,0.0,0.0,0.0,0.0,0.00018765807839100161,0.019141994440973233,0.0027856974751663145,0.0038424530348071693,0.0008091629099984244,0.00024102279262520408,4.260813622311038e-05,4.19625718656865e-05,0.00026715814575350245,0.0060562055489099265,0.00040547904248855893,0.0019377173159865037,0.00015877131692717682,6.950679173535162e-05,7.413230566150677e-06,1.0076413997861915e-05
113,1.0,0.6799999999999999,0.68,0.18,0.68,0.078547965733147,0.2527492940425873,280.47079247292015,0.0,0.0,0.0,0.0,1.0,0.0,0.0,0.0,0.0,0.0,0.0,0.0,0.0,0.0,0.0,0.0,0.0,0.0,0.0,0.0,0.0,0.5990141382640802,0.6751735081259377,0.6178763721873273,0.17999999999999997,0.6799999999999999,1.8911964271251392e-16,1.2654088925381449e-11,8.466913549264341e-07,0.056652537747639585,0.8309866845939339,0.0,0.0,0.0,0.0,0.0,0.0,0.0,0.0,0.0,0.0,0.0,0.0,0.0,0.0,0.0,0.0,0.0011695351080031177,0.023417020960884462,0.01454494493016057,0.007728618257583188,0.0044911553367301725,0.0014870254330328347,5.8359362606127485e-05,5.8219735507401084e-05,0.000981877029612116,0.00427502651991123,0.011759247454994256,0.0038861652227760186,0.0036819924267317483,0.0012460026404076307,1.5751226383017108e-05,1.6257163641714583e-05
114,1.0,0.6799999999999999,0.68,0.18,0.68,0.11520218908931565,0.3269304037094116,281.288838701984,0.0,0.0,0.0,0.0,1.0,0.0,0.0,0.0,0.0,0.0,0.0,0.0,0.0,0.0,0.0,0.0,0.0,0.0,0.0,0.0,0.0,0.633916834632889,0.6772743925729938,0.6449176615693185,0.17999999999999997,0.6799999999999999,1.2125980597414393e-16,8.113553652403265e-12,5.428818918320156e-07,0.036324496158574214,0.8916319767781041,0.0,0.0,0.0,0.0,0.0,0.0,0.0,0.0,0.0,0.0,0.0,0.0,0.0,0.0,0.0,0.0,0.0005768996347487352,0.03602461001062942,0.019563554104845015,0.009941621453695862,0.004348204691920012,0.0018338590113443224,6.388285428299598e-05,5.7115508256965884e-05,0.0005926354732543825,0.012607589049744957,0.005018609174684444,0.0022130031961126737,0.00014295064481016032,0.0003468335783114876,5.523491676868498e-06,1.1042272504352004e-06
115,1.0,0.6799999999999999,0.68,0.18,0.68,0.13882893812535488,0.4217711389064789,281.75185794497787,0.0,0.0,0.0,0.0,1.0,0.0,0.0,0.0,0.0,0.0,0.0,0.0,0.0,0.0,0.0,0.0,0.0,0.0,0.0,0.0,0.0,0.653892367591158,0.6784608000924907,0.6601883677257849,0.17999999999999997,0.6799999999999999,7.774940949544253e-17,5.202251482395202e-12,3.4808522227644034e-07,0.02329055455647701,0.9305165487771985,0.0,0.0,0.0,0.0,0.0,0.0,0.0,0.0,0.0,0.0,0.0,0.0,0.0,0.0,0.0,0.0,0.0010105206748259367,0.044963213759141446,0.02318212638176165,0.013040178439853481,0.005639320706852482,0.0019698625413688254,6.554316655828127e-05,6.690498493571188e-05,0.00043362104007720146,0.008938603748512026,0.003618572276916636,0.0030985569861576197,0.0012911160149324695,0.000136003530024503,1.6603122752852821e-06,9.789476678746e-06
116,1.0,0.6799999999999999,0.68,0.18,0.68,0.18893992275400154,0.5177229046821594,282.0136699532095,0.0,0.0,0.0,0.0,1.0,0.0,0.0,0.0,0.0,0.0,0.0,0.0,0.0,0.0,0.0,0.0,0.0,0.0,0.0,0.0,0.0,0.6652365039275876,0.6791307859188368,0.668812012228197,0.17999999999999997,0.6799999999999999,4.9851396580487446e-17,3.3355816261924628e-12,2.2318541802593512e-07,0.014933446817270978,0.9554485737555103,0.0,0.0,0.0,0.0,0.0,0.0,0.0,0.0,0.0,0.0,0.0,0.0,0.0,0.0,0.0,0.0,0.0021007657820774003,0.05879002069403579,0.025505402679034683,0.027653155382154737,0.0060745860671413444,0.002051999448400342,0.00013070070937419099,6.876697070754966e-05,0.0010902451072514637,0.013826806934894346,0.0023232762972730317,0.014612976942301256,0.00043526536028886276,8.213690703151675e-05,6.515754281590972e-05,1.861985771837776e-06
117,1.0,0.6799999999999999,0.68,0.18,0.68,0.16631641587936632,0.5207642316818237,282.1616274099033,0.0,0.0,0.0,0.0,1.0,0.0,0.0,0.0,0.0,0.0,0.0,0.0,0.0,0.0,0.0,0.0,0.0,0.0,0.0,0.0,0.0,0.6716579829151487,0.6795091390564628,0.6736819405564617,0.17999999999999997,0.6799999999999999,3.196373782325265e-17,2.138709522721903e-12,1.4310211302177086e-07,0.009575033230895875,0.9714344992154497,0.0,0.0,0.0,0.0,0.0,0.0,0.0,0.0,0.0,0.0,0.0,0.0,0.0,0.0,0.0,0.0,0.0006853942241961444,0.051451802332867724,0.014576115447222242,0.02481852732151343,0.003002309129342196,0.0012091812996351114,0.00011368854383692954,5.608580098426784e-05,0.0014153715578812559,0.007338218361168068,0.01092928723181244,0.0028346280606413067,0.0030722769377991483,0.0008428181487652308,1.701216553726145e-05,1.2681169723281818e-05
118,1.0,0.6799999999999999,0.68,0.18,0.68,0.13614860099928852,0.4006257653236389,282.24521596021043,0.0,0.0,0.0,0.0,1.0,0.0,0.0,0.0,0.0,0.0,0.0,0.0,0.0,0.0,0.0,0.0,0.0,0.0,0.0,0.0,0.0,0.6752879606602091,0.6797228019297987,0.6764320773363117,0.17999999999999997,0.6799999999999999,2.0494521833186367e-17,1.3712986025176726e-12,9.17542684124463e-08,0.00613932352621554,0.9816843611112659,0.0,0.0,0.0,0.0,0.0,0.0,0.0,0.0,0.0,0.0,0.0,0.0,0.0,0.0,0.0,0.0,0.00039491633738038165,0.046708602999383626,0.01040109987013068,0.01700830283871841,0.0027593579854758724,0.0009799418031910636,0.00012752433712821744,5.596407200874653e-05,0.00029047788681576273,0.004743199333484098,0.004175015577091563,0.00781022448279502,0.00024295114386632373,0.00022923949644404777,1.3835793291287903e-05,1.2172897552131215e-07
119,1.0,0.6799999999999999,0.68,0.18,0.68,0.11692429547696515,0.29679420590400696,282.29243086929796,0.0,0.0,0.0,0.0,1.0,0.0,0.0,0.0,0.0,0.0,0.0,0.0,0.0,0.0,0.0,0.0,0.0,0.0,0.0,0.0,0.0,0.6773387501266144,0.6798434612263717,0.6779851294138931,0.17999999999999997,0.6799999999999999,1.314068546968862e-17,8.792497706157353e-13,5.8831037460798636e-08,0.003936413843236039,0.9882563715429786,0.0,0.0,0.0,0.0,0.0,0.0,0.0,0.0,0.0,0.0,0.0,0.0,0.0,0.0,0.0,0.0,0.0016303153304432188,0.04462889826702975,0.008908732838636765,0.012154576676746506,0.0018722077215653791,0.000466379097290343,6.898230400447239e-05,6.16626862200726e-05,0.0012353989930628372,0.0020797047323538737,0.0014923670314939148,0.004853726161971904,0.0008871502639104932,0.0005135627059007206,5.854203312374505e-05,5.698614211326065e-06
120,1.0,0.6799999999999999,0.68,0.18,0.68,0.13097932644274746,0.32920336723327637,282.31909747355513,0.0,0.0,0.0,0.0,1.0,0.0,0.0,0.0,0.0,0.0,0.0,0.0,0.0,0.0,0.0,0.0,0.0,0.0,0.0,0.0,0.0,0.6784970778575935,0.6799115997177352,0.678862166066525,0.17999999999999997,0.6799999999999999,8.42554981369081e-18,5.637577094503457e-13,3.772130745085208e-08,0.002523951357027134,0.99247021574435,0.0,0.0,0.0,0.0,0.0,0.0,0.0,0.0,0.0,0.0,0.0,0.0,0.0,0.0,0.0,0.0,0.0023550469492486037,0.048968183809708125,0.009868342733240703,0.011946111198388147,0.0007940531097089934,0.0006051088363165406,6.654287743109188e-05,6.003562580936909e-05,0.0007247316188053849,0.004339285542678373,0.000959609894603938,0.00020846547835835956,0.0010781546118563859,0.00013872973902619758,2.439426573380509e-06,1.6270604107035017e-06
121,1.0,0.6799999999999999,0.68,0.18,0.68,0.11952663550063182,0.30285242199897766,282.33415770116216,0.0,0.0,0.0,0.0,1.0,0.0,0.0,0.0,0.0,0.0,0.0,0.0,0.0,0.0,0.0,0.0,0.0,0.0,0.0,0.0,0.0,0.6791512567864754,0.6799500787586145,0.6793574445579313,0.17999999999999997,0.6799999999999999,5.4022973022782054e-18,3.614703871257542e-13,2.4186162563423077e-08,0.0016183081114769689,0.9951720500061686,0.0,0.0,0.0,0.0,0.0,0.0,0.0,0.0,0.0,0.0,0.0,0.0,0.0,0.0,0.0,0.0,0.0021248067079572483,0.04760183637655413,0.009384028186268602,0.011221450506608246,0.0003464892506962837,0.00029785375166592373,5.820966328435647e-05,5.6933996954358205e-05,0.00023024024129135543,0.0013663474331539957,0.00048431454697210087,0.000724660691779901,0.0004475638590127097,0.00030725508465061685,8.333214146735416e-06,3.101628855010887e-06
122,1.0,0.6799999999999999,0.68,0.18,0.68,0.10126148562515705,0.24648791551589966,282.3426628395553,0.0,0.0,0.0,0.0,1.0,0.0,0.0,0.0,0.0,0.0,0.0,0.0,0.0,0.0,0.0,0.0,0.0,0.0,0.0,0.0,0.0,0.6795206955294226,0.6799718085703165,0.6796371372974691,0.17999999999999997,0.6799999999999999,3.4638470826888355e-18,2.3176772322321714e-13,1.5507693107045635e-08,0.0010376274235161492,0.9969044131476348,0.0,0.0,0.0,0.0,0.0,0.0,0.0,0.0,0.0,0.0,0.0,0.0,0.0,0.0,0.0,0.0,0.0008307031607639924,0.04013702314905859,0.008096034686646917,0.008034045315437152,0.00022840315968070476,0.00017873540115128438,6.266929764791239e-05,5.660977917349127e-05,0.001294103547193256,0.007464813227495537,0.0012879934996216855,0.0031874051911710936,0.00011808609101557891,0.00011911835051463935,4.4596343635559194e-06,3.242177808669339e-07
123,1.0,0.6799999999999999,0.68,0.18,0.68,0.07948967730002855,0.18412920832633972,282.34746595853323,0.0,0.0,0.0,0.0,1.0,0.0,0.0,0.0,0.0,0.0,0.0,0.0,0.0,0.0,0.0,0.0,0.0,0.0,0.0,0.0,0.0,0.679729327169558,0.6799840797887724,0.6797950848560801,0.17999999999999997,0.6799999999999999,2.2209508179403925e-18,1.4860491880178856e-13,9.94322869002805e-09,0.0006653063544556576,0.9980151704195818,0.0,0.0,0.0,0.0,0.0,0.0,0.0,0.0,0.0,0.0,0.0,0.0,0.0,0.0,0.0,0.0,0.0008673178370599568,0.031888465545004976,0.006748225478945435,0.005802210698537618,0.00014996195141022675,0.00014067234839943547,5.702663502622676e-05,5.5730164149749664e-05,3.661467629596435e-05,0.008248557604053616,0.001347809207701482,0.0022318346168995343,7.844120827047802e-05,3.8063052751848914e-05,5.6426626216856275e-06,8.79615023741607e-07
124,1.0,0.6799999999999999,0.68,0.18,0.68,0.06821036796372218,0.20802539587020874,282.3501784029622,0.0,0.0,0.0,0.0,1.0,0.0,0.0,0.0,0.0,0.0,0.0,0.0,0.0,0.0,0.0,0.0,0.0,0.0,0.0,0.0,0.0,0.6798471459294444,0.6799910095682136,0.6798842807047546,0.17999999999999997,0.6799999999999999,1.4240301081308463e-18,9.528255955993266e-14,6.375403233720054e-09,0.0004265813867747956,0.9987273661986602,0.0,0.0,0.0,0.0,0.0,0.0,0.0,0.0,0.0,0.0,0.0,0.0,0.0,0.0,0.0,0.0,0.0017646129952369612,0.021322870216454473,0.006166142431446994,0.00549949540181791,0.0029012546214836486,0.0007148292154958586,5.585577978252557e-05,6.812029998884318e-05,0.0008972951581770045,0.010565595328550503,0.0005820830474984407,0.0003027152967197081,0.002751292670073422,0.0005741568670964231,1.170855243701187e-06,1.2390135839093515e-05
125,1.0,0.6799999999999999,0.68,0.18,0.68,0.11218589751222306,0.3073680102825165,282.3517101809988,0.0,0.0,0.0,0.0,1.0,0.0,0.0,0.0,0.0,0.0,0.0,0.0,0.0,0.0,0.0,0.0,0.0,0.0,0.0,0.0,0.0,0.679913680484074,0.6799949229402455,0.679934651216909,0.17999999999999997,0.6799999999999999,9.130601778672864e-19,6.109330854923791e-14,4.087783521794213e-09,0.00027351561926925214,0.9991840121649279,0.0,0.0,0.0,0.0,0.0,0.0,0.0,0.0,0.0,0.0,0.0,0.0,0.0,0.0,0.0,0.0,0.0007061477601107509,0.03643453167567843,0.019731607692881577,0.010724803784621215,0.00516178304774945,0.0017174504769103531,6.656190135262625e-05,6.055248771491695e-05,0.0010584652351262104,0.015111661459223956,0.013565465261434583,0.005225308382803305,0.0022605284262658012,0.0010026212614144946,1.0706121570100675e-05,7.567812273926232e-06
126,1.0,0.6799999999999999,0.68,0.18,0.68,0.13967850021703546,0.38151946663856506,282.35257520748644,0.0,0.0,0.0,0.0,1.0,0.0,0.0,0.0,0.0,0.0,0.0,0.0,0.0,0.0,0.0,0.0,0.0,0.0,0.0,0.0,0.0,0.6799512537925494,0.6799971328923501,0.6799630963579374,0.17999999999999997,0.6799999999999999,5.854362795048701e-19,3.9171831306071434e-14,2.6210066263215815e-09,0.00017537285100471865,0.9994768046029544,0.0,0.0,0.0,0.0,0.0,0.0,0.0,0.0,0.0,0.0,0.0,0.0,0.0,0.0,0.0,0.0,0.0011437452286470757,0.04431119437308622,0.02304636520358138,0.011291479222488241,0.00530448757541638,0.0020958581771752687,6.648841028905779e-05,6.74792372176535e-05,0.00043759746853632483,0.00787666269740779,0.0033147575106998034,0.0005666754378670265,0.00014270452766693056,0.0003784077002649156,7.34910635684545e-08,6.926749502736555e-06
127,1.0,0.6799999999999999,0.68,0.18,0.68,0.1657023899119539,0.5325194597244263,282.3530637047909,0.0,0.0,0.0,0.0,1.0,0.0,0.0,0.0,0.0,0.0,0.0,0.0,0.0,0.0,0.0,0.0,0.0,0.0,0.0,0.0,0.0,0.679972472130272,0.6799983808923523,0.6799791598445591,0.17999999999999997,0.6799999999999999,3.7537026109392013e-19,2.5116210012339538e-14,1.6805380467423564e-09,0.00011244563272727407,0.9996645373720976,0.0,0.0,0.0,0.0,0.0,0.0,0.0,0.0,0.0,0.0,0.0,0.0,0.0,0.0,0.0,0.0,0.00057099749207426,0.05092074446538965,0.025386451183362916,0.017228010684237533,0.00611547950680033,0.0020651743248165646,7.43922308149881e-05,6.732656462963389e-05,0.0005727477365728157,0.0066095500923034275,0.002340085979781536,0.005936531461749292,0.0008109919313839496,3.0683852358704116e-05,7.903820525930304e-06,1.5267258801961593e-07
128,1.0,0.6799999999999999,0.68,0.18,0.68,0.1977880523937064,0.5340563654899597,282.35333956844465,0.0,0.0,0.0,0.0,1.0,0.0,0.0,0.0,0.0,0.0,0.0,0.0,0.0,0.0,0.0,0.0,0.0,0.0,0.0,0.0,0.0,0.6799844545123851,0.6799990856605699,0.6799882311865572,0.17999999999999997,0.6799999999999999,2.406800498132532e-19,1.6104021291600178e-14,1.0775280375815812e-09,7.209793446932561e-05,0.9997849079419378,0.0,0.0,0.0,0.0,0.0,0.0,0.0,0.0,0.0,0.0,0.0,0.0,0.0,0.0,0.0,0.0,0.001212395469924131,0.0603446401925371,0.02101015416052049,0.03060124667668206,0.004721712051474665,0.0018940460451281728,0.0001469306767304758,6.719431713118905e-05,0.0006413979778498711,0.009423895727147455,0.004376297022842427,0.013373235992444527,0.001393767455325665,0.0001711282796883918,7.253844591548771e-05,1.3224749844483916e-07
129,1.0,0.6799999999999999,0.68,0.18,0.68,0.15462329297692765,0.4728354215621948,282.35349535376827,0.0,0.0,0.0,0.0,1.0,0.0,0.0,0.0,0.0,0.0,0.0,0.0,0.0,0.0,0.0,0.0,0.0,0.0,0.0,0.0,0.0,0.679991221181256,0.6799994836559541,0.6799933539377743,0.17999999999999997,0.6799999999999999,1.5431932782660253e-19,1.0325582627032462e-14,6.90889845680725e-10,4.6227781628039605e-05,0.9998620871906635,0.0,0.0,0.0,0.0,0.0,0.0,0.0,0.0,0.0,0.0,0.0,0.0,0.0,0.0,0.0,0.0,0.0034296582491758335,0.04738349132197886,0.012125681781384946,0.022040586563897232,0.0030116624026641234,0.0009428883521480053,0.00012225354854434077,6.3932254042163e-05,0.0022172627792517025,0.012961148870558242,0.008884472379135543,0.008560660112784828,0.0017100496488105417,0.0009511576929801675,2.467712818613504e-05,3.262063089026052e-06
130,1.0,0.6799999999999999,0.68,0.18,0.68,0.1260216143255273,0.36217665672302246,282.3535833286016,0.0,0.0,0.0,0.0,1.0,0.0,0.0,0.0,0.0,0.0,0.0,0.0,0.0,0.0,0.0,0.0,0.0,0.0,0.0,0.0,0.0,0.6799950424419241,0.6799997084111601,0.6799962468482211,0.17999999999999997,0.6799999999999999,9.894652655811052e-20,6.620561079566265e-15,4.4298501961587866e-10,2.9640346980521552e-05,0.9999115730113401,0.0,0.0,0.0,0.0,0.0,0.0,0.0,0.0,0.0,0.0,0.0,0.0,0.0,0.0,0.0,0.0,0.000976791714235709,0.04708324663055867,0.00950235086891913,0.014885810608398707,0.0025765484670425367,0.0007919781306420935,0.00010081809490349576,5.7720474262556124e-05,0.0024528665349401245,0.00030024469142019006,0.002623330912465815,0.007154775955498524,0.0004351139356215867,0.0001509102215059118,2.143545364084501e-05,6.211779779606871e-06
131,0.0,0.63,0.0,0.18,0.68,0.10752228910759161,0.29179999232292175,273.9618498119622,0.0,0.0,0.0,0.0,0.2,0.0,0.0,0.0,0.0,0.0,0.0,0.0,0.0,0.0,0.0,0.0,0.0,0.0,0.0,0.0,0.0,0.4998925622957614,0.6582357414348858,0.3840062034924521,0.17999999999999997,0.6799999999999999,6.344257233232412e-20,4.2449739246205375e-15,2.840333069459601e-10,1.9004809190169443e-05,0.7128876130930271,0.0,0.0,0.0,0.0,0.0,0.0,0.0,0.0,0.0,0.0,0.0,0.0,0.0,0.0,0.0,0.0,0.0020149104099114433,0.03945085266284323,0.009286163688020646,0.010025478134095081,0.0012371776893511403,0.00048553914428276754,6.086972805935059e-05,5.041127904719004e-05,0.0010381186956757342,0.007632393967715437,0.00021618718089848506,0.004860332474303626,0.0013393707776913964,0.000306438986359326,3.994836684414517e-05,7.309195215366083e-06
132,0.0,0.63,0.0,0.18,0.68,0.08394939520533375,0.2209491729736328,269.33355759143825,0.0,0.0,0.0,0.0,0.2,0.0,0.0,0.0,0.0,0.0,0.0,0.0,0.0,0.0,0.0,0.0,0.0,0.0,0.0,0.0,0.0,0.3674917583828769,0.6459452348766054,0.21685526207558703,0.17999999999999997,0.6799999999999999,4.0678133171035074e-20,2.7217940298632254e-15,1.8211658607465524e-10,1.2185510938590014e-05,0.5288534789838993,0.0,0.0,0.0,0.0,0.0,0.0,0.0,0.0,0.0,0.0,0.0,0.0,0.0,0.0,0.0,0.0,0.0006676755379399289,0.03461925492552472,0.008505238354952198,0.007535215425166885,0.00028464925013865663,0.0003732119150274935,3.510538886571707e-05,3.993141696150594e-05,0.0013472348719715144,0.004831597737318512,0.0007809253330684478,0.0024902627089281966,0.0009525284392124837,0.00011232722925527406,2.576433919363352e-05,1.0479862085684102e-05
133,0.0,0.63,0.0,0.18,0.68,0.05618630433698687,0.15668301284313202,266.7545076218179,0.0,0.0,0.0,0.0,0.2,0.0,0.0,0.0,0.0,0.0,0.0,0.0,0.0,0.0,0.0,0.0,0.0,0.0,0.0,0.0,0.0,0.2701584353628297,0.6390045630944892,0.12246209634682598,0.17999999999999997,0.6799999999999999,2.608202122720969e-20,1.7451609532940344e-15,1.1676958339888471e-10,7.813110636822606e-06,0.4108544013914385,0.0,0.0,0.0,0.0,0.0,0.0,0.0,0.0,0.0,0.0,0.0,0.0,0.0,0.0,0.0,0.0,0.0008980988312866848,0.021202049352489545,0.005603128869059968,0.004401826043377198,0.00011032141523217223,0.00011430938201902089,2.7430752272441704e-05,2.689362047406101e-05,0.00023042329334675596,0.013417205573035176,0.00290210948589223,0.003133389381789687,0.0001743278349064844,0.00025890253300847257,7.674636593275366e-06,1.3037796487444928e-05
134,0.0,0.63,0.0,0.18,0.68,0.03362323915459824,0.09285935759544373,265.30899763683857,0.0,0.0,0.0,0.0,0.2,0.0,0.0,0.0,0.0,0.0,0.0,0.0,0.0,0.0,0.0,0.0,0.0,0.0,0.0,0.0,0.0,0.1986046721669635,0.6350850399602203,0.06915656506611284,0.17999999999999997,0.6799999999999999,1.6723280501500632e-20,1.1189629779058589e-15,7.487036684050088e-11,5.009613312964129e-06,0.33519570698632806,0.0,0.0,0.0,0.0,0.0,0.0,0.0,0.0,0.0,0.0,0.0,0.0,0.0,0.0,0.0,0.0,0.0008457612489351234,0.01302521266016848,0.0033044263750228345,0.0023420873764316095,6.402555935738026e-05,6.941735378245493e-05,2.1375181182282564e-05,2.164633527162514e-05,5.233758235156146e-05,0.008176836692321065,0.0022987024940371334,0.0020597386669455884,4.629585587479197e-05,4.489202823656596e-05,6.05557109015914e-06,5.247285202435872e-06
135,1.0,0.705,0.68,0.18,0.68,0.036903052697658485,0.11441240459680557,276.74150536576855,0.0,0.0,0.0,0.0,0.0,1.0,0.0,0.0,0.0,0.0,0.0,0.0,0.0,0.0,0.0,0.0,0.0,0.0,0.0,0.0,0.0,0.30234742260995373,0.665517755066088,0.33504564258336633,0.17999999999999997,0.6799999999999999,1.0722639487775262e-20,7.1745711681241735e-16,4.800541089268555e-11,3.212065809890212e-06,0.21492091360554708,0.3588196115700454,0.0,0.0,0.0,0.0,0.0,0.0,0.0,0.0,0.0,0.0,0.0,0.0,0.0,0.0,0.0,0.0011982730927294898,0.009609727221536891,0.007955243992941539,0.000803638563320505,0.0004773232428193825,0.00017016613452170397,1.9789444330832046e-05,2.2747121871430686e-05,0.0003525118437943664,0.0034154854386315887,0.004650817617918704,0.0015384488131111045,0.00041329768346200224,0.00010074878073924904,1.585736851450518e-06,1.1007865998055477e-06
136,1.0,0.705,0.68,0.18,0.68,0.07896684259751177,0.16382518410682678,283.413964539675,0.0,0.0,0.0,0.0,0.0,1.0,0.0,0.0,0.0,0.0,0.0,0.0,0.0,0.0,0.0,0.0,0.0,0.0,0.0,0.0,0.0,0.4413776871795366,0.6827036607882708,0.4851980231012853,0.17999999999999997,0.6799999999999999,6.875146151766112e-21,4.60019432839621e-16,3.0780128002911694e-11,2.0595136036479826e-06,0.1378030748673254,0.5888877094928125,0.0,0.0,0.0,0.0,0.0,0.0,0.0,0.0,0.0,0.0,0.0,0.0,0.0,0.0,0.0,0.0005818786214916179,0.021234696123208937,0.02225304153574962,0.0014413219450850607,0.001114607392771173,0.000319678275826265,3.522329849666152e-05,3.0500613265927515e-05,0.0006163944712378719,0.011624968901672045,0.01429779754280808,0.0006376833817645557,0.0006372841499517907,0.00014951214130456102,1.5433854165829477e-05,7.753491394496828e-06
137,1.0,0.705,0.68,0.18,0.68,0.1077593675418464,0.22297918796539307,287.2528546570261,0.0,0.0,0.0,0.0,0.0,1.0,0.0,0.0,0.0,0.0,0.0,0.0,0.0,0.0,0.0,0.0,0.0,0.0,0.0,0.0,0.0,0.5391692895754409,0.6924088531927043,0.569991793442359,0.17999999999999997,0.6799999999999999,4.408208880102104e-21,2.9495543863343564e-16,1.9735614428830643e-11,1.3205197323637891e-06,0.08835662907027382,0.7364028618842732,0.0,0.0,0.0,0.0,0.0,0.0,0.0,0.0,0.0,0.0,0.0,0.0,0.0,0.0,0.0,0.0010907308017964875,0.028996301742766926,0.0305603810207607,0.0015790392300783042,0.0015599184184601714,0.00048160310613648235,4.235629644801043e-05,4.2700284450186144e-05,0.0005088521803048696,0.0077616056195579895,0.00830733948501108,0.0001377172849932435,0.00044531102568899834,0.00016192483031021737,7.13299795134891e-06,1.219967118425863e-05
138,1.0,0.705,0.68,0.18,0.68,0.12390619944969587,0.24542690813541412,289.44367408428025,0.0,0.0,0.0,0.0,0.0,1.0,0.0,0.0,0.0,0.0,0.0,0.0,0.0,0.0,0.0,0.0,0.0,0.0,0.0,0.0,0.0,0.5990141382640802,0.69788955122106,0.6178763721873273,0.17999999999999997,0.6799999999999999,2.826457082024242e-21,1.8911964271251392e-16,1.2654088925381449e-11,8.466913549264341e-07,0.056652537747639585,0.8309866845939339,0.0,0.0,0.0,0.0,0.0,0.0,0.0,0.0,0.0,0.0,0.0,0.0,0.0,0.0,0.0,0.002330515538729842,0.03511119779673863,0.031934349860494204,0.0018462234086447414,0.0012704869331984087,0.0003416378939296498,5.1079858342516614e-05,5.032931491531018e-05,0.0012397847369333545,0.006114896053971704,0.0013739688397335047,0.0002671841785664372,0.0002894314852617628,0.00013996521220683254,8.723561894506182e-06,7.629030465124033e-06
139,1.0,0.705,0.68,0.18,0.68,0.11700569962096277,0.23133552074432373,290.6882435844084,0.0,0.0,0.0,0.0,0.0,1.0,0.0,0.0,0.0,0.0,0.0,0.0,0.0,0.0,0.0,0.0,0.0,0.0,0.0,0.0,0.0,0.633916834632889,0.7009846007189247,0.6449176615693185,0.17999999999999997,0.6799999999999999,1.8122688497328996e-21,1.2125980597414393e-16,8.113553652403265e-12,5.428818918320156e-07,0.036324496158574214,0.8916319767781041,0.0,0.0,0.0,0.0,0.0,0.0,0.0,0.0,0.0,0.0,0.0,0.0,0.0,0.0,0.0,0.00235165875119647,0.03808898107674639,0.028074272833488075,0.0016704421369144375,0.0011808548522220046,0.00037723157172004685,5.352773641379515e-05,5.519010459432186e-05,2.1143212466628e-05,0.0029777832800077578,0.00386007702700613,0.0001757812717303039,8.963208097640405e-05,3.5593677790397046e-05,2.4478780712785346e-06,4.860789679011686e-06
140,1.0,0.705,0.68,0.18,0.68,0.11347009532515628,0.2328910380601883,291.3934374141597,0.0,0.0,0.0,0.0,0.0,1.0,0.0,0.0,0.0,0.0,0.0,0.0,0.0,0.0,0.0,0.0,0.0,0.0,0.0,0.0,0.0,0.653892367591158,0.7027324312588799,0.6601883677257849,0.17999999999999997,0.6799999999999999,1.1619912450112476e-21,7.774940949544253e-17,5.202251482395202e-12,3.4808522227644034e-07,0.02329055455647701,0.9305165487771985,0.0,0.0,0.0,0.0,0.0,0.0,0.0,0.0,0.0,0.0,0.0,0.0,0.0,0.0,0.0,0.0024176268826346893,0.03587398008623034,0.025706646848612652,0.0020833982491237184,0.001578833175051062,0.00021665661684689279,6.0679160312964936e-05,5.2634329597508436e-05,6.596813143821927e-05,0.002215000990516046,0.0023676259848754225,0.00041295611220928084,0.0003979783228290573,0.00016057495487315407,7.151423899169787e-06,2.5557749968134266e-06
141,1.0,0.705,0.68,0.18,0.68,0.0935676703202929,0.18918545544147491,291.7924287191983,0.0,0.0,0.0,0.0,0.0,1.0,0.0,0.0,0.0,0.0,0.0,0.0,0.0,0.0,0.0,0.0,0.0,0.0,0.0,0.0,0.0,0.6652365039275876,0.7037194628389911,0.668812012228197,0.17999999999999997,0.6799999999999999,7.450459978285183e-22,4.9851396580487446e-17,3.3355816261924628e-12,2.2318541802593512e-07,0.014933446817270978,0.9554485737555103,0.0,0.0,0.0,0.0,0.0,0.0,0.0,0.0,0.0,0.0,0.0,0.0,0.0,0.0,0.0,0.00035450710920657163,0.03387924377319066,0.017039537984447753,0.00181298350269917,0.0004514943550695738,0.00012136091667860769,5.291940178028633e-05,5.636826269040849e-05,0.0020631197734281175,0.0019947363130396814,0.008667108864164899,0.0002704147464245483,0.0011273388199814882,9.52957001682851e-05,7.759758532678609e-06,3.7339330929000514e-06
142,1.0,0.705,0.68,0.18,0.68,0.07923971978760613,0.14253507554531097,292.0179876626631,0.0,0.0,0.0,0.0,0.0,1.0,0.0,0.0,0.0,0.0,0.0,0.0,0.0,0.0,0.0,0.0,0.0,0.0,0.0,0.0,0.0,0.6716579829151487,0.7042768574592739,0.6736819405564617,0.17999999999999997,0.6799999999999999,4.777088822858724e-22,3.196373782325265e-17,2.138709522721903e-12,1.4310211302177086e-07,0.009575033230895875,0.9714344992154497,0.0,0.0,0.0,0.0,0.0,0.0,0.0,0.0,0.0,0.0,0.0,0.0,0.0,0.0,0.0,0.0005910718516587262,0.03229820740218746,0.009180675743449591,0.0017972691681367543,0.0002627235441133855,9.588897668804171e-05,6.010630263082549e-05,5.270907591128894e-05,0.00023656474245215453,0.0015810363710032013,0.007858862240998162,1.5714334562415755e-05,0.00018877081095618832,2.5471939990565976e-05,7.186900850539166e-06,3.6591867791195486e-06
143,1.0,0.705,0.68,0.18,0.68,0.07977298792379668,0.19512873888015747,292.1454419112427,0.0,0.0,0.0,0.0,0.0,1.0,0.0,0.0,0.0,0.0,0.0,0.0,0.0,0.0,0.0,0.0,0.0,0.0,0.0,0.0,0.0,0.6752879606602091,0.7045916283024573,0.6764320773363117,0.17999999999999997,0.6799999999999999,3.0629756670049515e-22,2.0494521833186367e-17,1.3712986025176726e-12,9.17542684124463e-08,0.00613932352621554,0.9816843611112659,0.0,0.0,0.0,0.0,0.0,0.0,0.0,0.0,0.0,0.0,0.0,0.0,0.0,0.0,0.0,0.0010799582174709512,0.029362906465645565,0.008281702724399126,0.0008349768070659185,0.0002681505494206191,0.003288308534540625,9.233773891264767e-05,7.332724518534765e-05,0.000488886365812225,0.0029353009365418944,0.0008989730190504652,0.0009622923610708358,5.4270053072336165e-06,0.0031924195578525833,3.2231436281822176e-05,2.061816927405871e-05
144,1.0,0.705,0.68,0.18,0.68,0.10931288410962225,0.26215997338294983,292.21744221103916,0.0,0.0,0.0,0.0,0.0,1.0,0.0,0.0,0.0,0.0,0.0,0.0,0.0,0.0,0.0,0.0,0.0,0.0,0.0,0.0,0.0,0.6773387501266144,0.7047693851018825,0.6779851294138931,0.17999999999999997,0.6799999999999999,1.9639199279217341e-22,1.314068546968862e-17,8.792497706157353e-13,5.8831037460798636e-08,0.003936413843236039,0.9882563715429786,0.0,0.0,0.0,0.0,0.0,0.0,0.0,0.0,0.0,0.0,0.0,0.0,0.0,0.0,0.0,0.0009287671544174564,0.04041915593237199,0.012969026834371879,0.0012207343633269955,0.0004268137219363177,0.0053887814592617584,0.00011972650155404981,7.829432299034373e-05,0.00015119106305349478,0.011056249466726426,0.004687324109972753,0.00038575755626107694,0.00015866317251569858,0.0021004729247211334,2.738876264140214e-05,4.9670778049960834e-06
145,1.0,0.705,0.68,0.18,0.68,0.11064426283550463,0.23908638954162598,292.2581099246863,0.0,0.0,0.0,0.0,0.0,1.0,0.0,0.0,0.0,0.0,0.0,0.0,0.0,0.0,0.0,0.0,0.0,0.0,0.0,0.0,0.0,0.6784970778575935,0.704869767587828,0.678862166066525,0.17999999999999997,0.6799999999999999,1.259226942230186e-22,8.42554981369081e-18,5.637577094503457e-13,3.772130745085208e-08,0.002523951357027134,0.99247021574435,0.0,0.0,0.0,0.0,0.0,0.0,0.0,0.0,0.0,0.0,0.0,0.0,0.0,0.0,0.0,0.0020492465555034456,0.03945178144680518,0.01622307482563832,0.0019952713583116996,0.00032584981470291425,0.004095053193115912,9.221695521319584e-05,7.955189092685556e-05,0.0011204794010859893,0.000967374485566809,0.00325404799126644,0.0007745369949847042,0.00010096390723340345,0.0012937282661458467,2.750954634085397e-05,1.25756793651183e-06
146,1.0,0.705,0.68,0.18,0.68,0.12043417139187867,0.2512878477573395,292.2810782200381,0.0,0.0,0.0,0.0,0.0,1.0,0.0,0.0,0.0,0.0,0.0,0.0,0.0,0.0,0.0,0.0,0.0,0.0,0.0,0.0,0.0,0.6791512567864754,0.7049264553967737,0.6793574445579313,0.17999999999999997,0.6799999999999999,8.073916199406146e-23,5.4022973022782054e-18,3.614703871257542e-13,2.4186162563423077e-08,0.0016183081114769689,0.9951720500061686,0.0,0.0,0.0,0.0,0.0,0.0,0.0,0.0,0.0,0.0,0.0,0.0,0.0,0.0,0.0,0.0007209231264636466,0.04566467966664854,0.020281308362887253,0.002236622447959733,0.00028183613596652,0.002502665115962317,0.00010244837158683067,6.911838138358946e-05,0.001328323429039799,0.00621289821984336,0.004058233537248934,0.00024135108964803325,4.4013678736394264e-05,0.0015923880771535948,1.0231416373634834e-05,1.0433509543266101e-05
147,1.0,0.705,0.68,0.18,0.68,0.14428526024104202,0.2977468967437744,292.2940496301424,0.0,0.0,0.0,0.0,0.0,1.0,0.0,0.0,0.0,0.0,0.0,0.0,0.0,0.0,0.0,0.0,0.0,0.0,0.0,0.0,0.0,0.6795206955294226,0.7049584680297822,0.6796371372974691,0.17999999999999997,0.6799999999999999,5.176836724886136e-23,3.4638470826888355e-18,2.3176772322321714e-13,1.5507693107045635e-08,0.0010376274235161492,0.9969044131476348,0.0,0.0,0.0,0.0,0.0,0.0,0.0,0.0,0.0,0.0,0.0,0.0,0.0,0.0,0.0,0.001048682111362186,0.05600638760067101,0.022530472118996694,0.0019753629873446197,0.0003582955987349325,0.0024453787243317853,0.00011750418951307872,6.26745750347007e-05,0.0003277589848985394,0.010341707934022469,0.002249163756109441,0.0002612594606151131,7.645946276841253e-05,5.728639163053153e-05,1.505581792624805e-05,6.443806348888762e-06
148,1.0,0.705,0.68,0.18,0.68,0.1628362771208518,0.3282427191734314,292.3013750748328,0.0,0.0,0.0,0.0,0.0,1.0,0.0,0.0,0.0,0.0,0.0,0.0,0.0,0.0,0.0,0.0,0.0,0.0,0.0,0.0,0.0,0.679729327169558,0.7049765461437754,0.6797950848560801,0.17999999999999997,0.6799999999999999,3.3192861821009464e-23,2.2209508179403925e-18,1.4860491880178856e-13,9.94322869002805e-09,0.0006653063544556576,0.9980151704195818,0.0,0.0,0.0,0.0,0.0,0.0,0.0,0.0,0.0,0.0,0.0,0.0,0.0,0.0,0.0,0.001232877667798089,0.0680172566336003,0.018956645244476194,0.0015085466340432354,0.0009933769902094993,0.002521312140998925,8.430613498398192e-05,6.74479348916524e-05,0.00018419555643590306,0.012010869032929285,0.0035738268745205,0.00046681635330138435,0.0006350813914745668,7.593341666713984e-05,3.3198054529096804e-05,4.773359856951695e-06
149,1.0,0.705,0.68,0.18,0.68,0.18776928056523587,0.3720672130584717,292.30551196731307,0.0,0.0,0.0,0.0,0.0,1.0,0.0,0.0,0.0,0.0,0.0,0.0,0.0,0.0,0.0,0.0,0.0,0.0,0.0,0.0,0.0,0.6798471459294444,0.704986755182359,0.6798842807047546,0.17999999999999997,0.6799999999999999,2.128261203549666e-23,1.4240301081308463e-18,9.528255955993266e-14,6.375403233720054e-09,0.0004265813867747956,0.9987273661986602,0.0,0.0,0.0,0.0,0.0,0.0,0.0,0.0,0.0,0.0,0.0,0.0,0.0,0.0,0.0,0.0009478514770827792,0.0722350084004949,0.030416551997405405,0.003241500902181452,0.003044776109614771,0.001972339706709915,7.296933595597978e-05,5.894505674650426e-05,0.00028502619071530983,0.004217751766894609,0.011459906752929211,0.0017329542681382166,0.002051399119405272,0.0005489724342890101,1.1336799028002144e-05,8.502878145148138e-06
150,1.0,0.705,0.68,0.18,0.68,0.129109070029059,0.34812772274017334,292.307848171333,0.0,0.0,0.0,0.0,0.0,1.0,0.0,0.0,0.0,0.0,0.0,0.0,0.0,0.0,0.0,0.0,0.0,0.0,0.0,0.0,0.0,0.679913680484074,0.7049925204114554,0.679934651216909,0.17999999999999997,0.6799999999999999,1.3645993451723774e-23,9.130601778672864e-19,6.109330854923791e-14,4.087783521794213e-09,0.00027351561926925214,0.9991840121649279,0.0,0.0,0.0,0.0,0.0,0.0,0.0,0.0,0.0,0.0,0.0,0.0,0.0,0.0,0.0,0.0038946296754952285,0.04303245721637985,0.02512897785036484,0.009011790675525932,0.004387627020003426,0.00134718431311419,7.524039194658438e-05,7.07706080084676e-05,0.0029467781984124494,0.029202551184115057,0.0052875741470405635,0.00577028977334448,0.0013428509103886547,0.0006251553935957251,2.271055990604601e-06,1.1825551261963347e-05
151,1.0,0.705,0.68,0.18,0.68,0.08580099509020211,0.1855461299419403,292.3091674763291,0.0,0.0,0.0,0.0,0.0,1.0,0.0,0.0,0.0,0.0,0.0,0.0,0.0,0.0,0.0,0.0,0.0,0.0,0.0,0.0,0.0,0.6799512537925494,0.7049957761408037,0.6799630963579374,0.17999999999999997,0.6799999999999999,8.749543381888866e-24,5.854362795048701e-19,3.9171831306071434e-14,2.6210066263215815e-09,0.00017537285100471865,0.9994768046029544,0.0,0.0,0.0,0.0,0.0,0.0,0.0,0.0,0.0,0.0,0.0,0.0,0.0,0.0,0.0,0.0003917510513877732,0.02313977671511497,0.018779717417964293,0.0056685258909000445,0.0017052316344167197,0.0005342112989322197,6.567343481265224e-05,5.892334536683155e-05,0.0035028786241074555,0.019892680501264876,0.006349260432400548,0.003343264784625888,0.0026823953855867064,0.0008129730141819702,9.566957133932139e-06,1.1847262641636057e-05
152,1.0,0.705,0.68,0.18,0.68,0.16704861855715275,0.35433024168014526,292.3099125143996,0.0,0.0,0.0,0.0,0.0,1.0,0.0,0.0,0.0,0.0,0.0,0.0,0.0,0.0,0.0,0.0,0.0,0.0,0.0,0.0,0.0,0.679972472130272,0.704997614710167,0.6799791598445591,0.17999999999999997,0.6799999999999999,5.610035624184242e-24,3.7537026109392013e-19,2.5116210012339538e-14,1.6805380467423564e-09,0.00011244563272727407,0.9996645373720976,0.0,0.0,0.0,0.0,0.0,0.0,0.0,0.0,0.0,0.0,0.0,0.0,0.0,0.0,0.0,0.002450051302848609,0.054052024575567806,0.04611397753626053,0.0033713673404285466,0.0020703847641370707,0.0007621396843606467,6.372619980984851e-05,6.231168225653503e-05,0.002058300251460836,0.030912247860452834,0.027334260118296237,0.002297158550471498,0.000365153129720351,0.00022792838542842698,1.9472350028037295e-06,3.388336889703487e-06
153,1.0,0.705,0.68,0.18,0.68,0.16685037598220437,0.32953667640686035,292.31033325173865,0.0,0.0,0.0,0.0,0.0,1.0,0.0,0.0,0.0,0.0,0.0,0.0,0.0,0.0,0.0,0.0,0.0,0.0,0.0,0.0,0.0,0.6799844545123851,0.704998652983605,0.6799882311865572,0.17999999999999997,0.6799999999999999,3.597044820620335e-24,2.406800498132532e-19,1.6104021291600178e-14,1.0775280375815812e-09,7.209793446932561e-05,0.9997849079419378,0.0,0.0,0.0,0.0,0.0,0.0,0.0,0.0,0.0,0.0,0.0,0.0,0.0,0.0,0.0,0.0027767372154961657,0.044741081103317225,0.04496460223105789,0.002952318456263596,0.002123823693884783,0.0007057020332726729,5.376271370068072e-05,5.6418544655344725e-05,0.00032668591264755666,0.009310943472250581,0.001149375305202642,0.00041904888416495045,5.343892974771225e-05,5.643765108797379e-05,9.96348610916779e-06,5.893137601190309e-06
154,1.0,0.705,0.68,0.18,0.68,0.16632259570796123,0.32621583342552185,292.3105708500062,0.0,0.0,0.0,0.0,0.0,1.0,0.0,0.0,0.0,0.0,0.0,0.0,0.0,0.0,0.0,0.0,0.0,0.0,0.0,0.0,0.0,0.679991221181256,0.7049992393154311,0.6799933539377743,0.17999999999999997,0.6799999999999999,2.3063545952853026e-24,1.5431932782660253e-19,1.0325582627032462e-14,6.90889845680725e-10,4.6227781628039605e-05,0.9998620871906635,0.0,0.0,0.0,0.0,0.0,0.0,0.0,0.0,0.0,0.0,0.0,0.0,0.0,0.0,0.0,0.0006086833676329422,0.04525067839068029,0.04558653403691534,0.0023501080842023556,0.0020790845126060233,0.0005619558829175271,6.256670337397111e-05,5.577980849458926e-05,0.0021680538478632237,0.0005095972873630644,0.0006219318058574494,0.0006022103720612405,4.47391812787596e-05,0.0001437461503551458,8.803989673290392e-06,6.387361607554655e-07
155,1.0,0.705,0.68,0.18,0.68,0.14965267874222968,0.2942052483558655,292.31070502613886,0.0,0.0,0.0,0.0,0.0,1.0,0.0,0.0,0.0,0.0,0.0,0.0,0.0,0.0,0.0,0.0,0.0,0.0,0.0,0.0,0.0,0.6799950424419241,0.7049995704276387,0.6799962468482211,0.17999999999999997,0.6799999999999999,1.4787893352622411e-24,9.894652655811052e-20,6.620561079566265e-15,4.4298501961587866e-10,2.9640346980521552e-05,0.9999115730113401,0.0,0.0,0.0,0.0,0.0,0.0,0.0,0.0,0.0,0.0,0.0,0.0,0.0,0.0,0.0,0.0029649681570485574,0.04582168224645058,0.037817340587948556,0.0018045755192226621,0.0016711766866468103,0.0003608696772878864,6.486750407512722e-05,5.7131382185344284e-05,0.0023562847894156155,0.0005710038557702884,0.007769193448966781,0.0005455325649796935,0.000407907825959213,0.0002010862056296407,2.30080070115611e-06,1.3515736907550248e-06
156,0.0,0.63,0.0,0.18,0.68,0.11148037521059022,0.24473558366298676,279.3765163803271,0.0,0.0,0.0,0.0,0.0,0.2,0.0,0.0,0.0,0.0,0.0,0.0,0.0,0.0,0.0,0.0,0.0,0.0,0.0,0.0,0.0,0.4998925622957614,0.6723536165632849,0.3840062034924521,0.17999999999999997,0.6799999999999999,9.481707203895181e-25,6.344257233232412e-20,4.2449739246205375e-15,2.840333069459601e-10,1.9004809190169443e-05,0.7128876130930271,0.0,0.0,0.0,0.0,0.0,0.0,0.0,0.0,0.0,0.0,0.0,0.0,0.0,0.0,0.0,0.004424759774588612,0.03616803693897633,0.027430648947043227,0.0014524179612017368,0.0013363646850656087,0.00030148156434416996,5.456012954338327e-05,4.886747564379256e-05,0.001459791617540055,0.00965364530747425,0.010386691640905329,0.00035215755802092534,0.0003348120015812016,5.938811294371645e-05,1.0307374531743951e-05,8.263906541551725e-06
157,0.0,0.63,0.0,0.18,0.68,0.07174251905953125,0.16381144523620605,272.3268503394347,0.0,0.0,0.0,0.0,0.0,0.2,0.0,0.0,0.0,0.0,0.0,0.0,0.0,0.0,0.0,0.0,0.0,0.0,0.0,0.0,0.0,0.3674917583828769,0.653917854805855,0.21685526207558703,0.17999999999999997,0.6799999999999999,6.079484707972612e-25,4.0678133171035074e-20,2.7217940298632254e-15,1.8211658607465524e-10,1.2185510938590014e-05,0.5288534789838993,0.0,0.0,0.0,0.0,0.0,0.0,0.0,0.0,0.0,0.0,0.0,0.0,0.0,0.0,0.0,0.003698469980560666,0.02462893602976044,0.015936741914395973,0.0015022255071713015,0.000712693907710241,0.00014312344231303314,3.4712836019127375e-05,4.089706649731243e-05,0.0007262897940279464,0.011539100909215887,0.011493907032647254,4.980754596956472e-05,0.0006236707773553677,0.00015835812203113681,1.9847293524255894e-05,7.97040914648013e-06
158,0.0,0.63,0.0,0.18,0.68,0.04620120187430676,0.09833322465419769,268.4246597691613,0.0,0.0,0.0,0.0,0.0,0.2,0.0,0.0,0.0,0.0,0.0,0.0,0.0,0.0,0.0,0.0,0.0,0.0,0.0,0.0,0.0,0.2701584353628297,0.6435068460484167,0.12246209634682598,0.17999999999999997,0.6799999999999999,3.8980463665118484e-25,2.608202122720969e-20,1.7451609532940344e-15,1.1676958339888471e-10,7.813110636822606e-06,0.4108544013914385,0.0,0.0,0.0,0.0,0.0,0.0,0.0,0.0,0.0,0.0,0.0,0.0,0.0,0.0,0.0,0.0025124478791675757,0.017120430332012722,0.007026189664696755,0.0008090708406063573,0.0001559224004479982,5.341238115104016e-05,2.9759786769200568e-05,2.8580012785247573e-05,0.0011860221013930902,0.007508505697747719,0.008910552249699218,0.0006931546665649443,0.0005567715072622428,8.971106116199297e-05,4.9530492499268074e-06,1.2317053712064856e-05
159,0.0,0.63,0.0,0.18,0.68,0.026576800757006785,0.05433176830410957,266.2457774975046,0.0,0.0,0.0,0.0,0.0,0.2,0.0,0.0,0.0,0.0,0.0,0.0,0.0,0.0,0.0,0.0,0.0,0.0,0.0,0.0,0.0,0.1986046721669635,0.6376275607347098,0.06915656506611284,0.17999999999999997,0.6799999999999999,2.49935088339804e-25,1.6723280501500632e-20,1.1189629779058589e-15,7.487036684050088e-11,5.009613312964129e-06,0.33519570698632806,0.0,0.0,0.0,0.0,0.0,0.0,0.0,0.0,0.0,0.0,0.0,0.0,0.0,0.0,0.0,0.0012967090345737827,0.01113192776251312,0.003128531862807825,0.000512172433241855,5.949416610761643e-05,2.9408159114880726e-05,1.9774817739835323e-05,2.0144517075549803e-05,0.001215738844593793,0.005988502569499602,0.0038976578018889295,0.00029689840736450224,9.642823434038178e-05,2.4004222036159437e-05,9.984969029365245e-06,8.43549570969777e-06
160,1.0,0.66,0.64,0.18,0.68,0.01756157281933253,0.044332388788461685,269.8645137700189,1.0,0.0,0.0,0.0,0.0,0.0,0.0,0.0,0.0,0.0,0.0,0.0,0.0,0.0,0.0,0.0,0.0,0.0,0.0,0.0,0.0,0.2891087776184706,0.6473658781133727,0.3176343674636767,0.17999999999999997,0.6799999999999999,0.3588196115700454,1.0722639487775262e-20,7.1745711681241735e-16,4.800541089268555e-11,3.212065809890212e-06,0.21492091360554708,0.0,0.0,0.0,0.0,0.0,0.0,0.0,0.0,0.0,0.0,0.0,0.0,0.0,0.0,0.0,0.0021175200721601853,0.006431942148773656,0.001319913233081825,0.0012437333867595765,0.00046759110311670154,0.0005300696654604771,2.3460860346667798e-05,2.1973470336258836e-05,0.0008208110375864026,0.004699985613739464,0.0018086186297260002,0.0007315609535177215,0.0004080969370090851,0.0005006615063455963,3.6860426068324755e-06,1.8289532607090335e-06
161,1.0,0.6617391304347826,0.64,0.18,0.68,0.04579193615361807,0.199247345328331,272.2152916923313,0.9565217391304348,0.043478260869565216,0.0,0.0,0.0,0.0,0.0,0.0,0.0,0.0,0.0,0.0,0.0,0.0,0.0,0.0,0.0,0.0,0.0,0.0,0.0,0.41749028445724207,0.6536222943766923,0.4579542853942441,0.17999999999999997,0.6799999999999999,0.573286856815854,0.015600852676958495,4.60019432839621e-16,3.0780128002911694e-11,2.0595136036479826e-06,0.1378030748673254,0.0,0.0,0.0,0.0,0.0,0.0,0.0,0.0,0.0,0.0,0.0,0.0,0.0,0.0,0.0,0.0021183033379166176,0.005372420133451099,0.0032252257407816166,0.008689726921363614,0.0015975530452095998,0.0009377489174419941,3.503259707326942e-05,3.034607782351976e-05,7.832657564323456e-07,0.0010595220153225568,0.0019053125076997916,0.007445993534604038,0.0011299619420928981,0.000407679251981517,1.1571736726601621e-05,8.372607487260925e-06
162,1.0,0.6634782608695653,0.64,0.18,0.68,0.09537475008880009,0.24892275035381317,273.83908174166964,0.9130434782608696,0.08695652173913043,0.0,0.0,0.0,0.0,0.0,0.0,0.0,0.0,0.0,0.0,0.0,0.0,0.0,0.0,0.0,0.0,0.0,0.0,0.0,0.508508010328272,0.6579124179811386,0.537195485928277,0.17999999999999997,0.6799999999999999,0.6951981957511054,0.041204666133167735,2.9495543863343564e-16,1.9735614428830643e-11,1.3205197323637891e-06,0.08835662907027382,0.0,0.0,0.0,0.0,0.0,0.0,0.0,0.0,0.0,0.0,0.0,0.0,0.0,0.0,0.0,0.0003150719545913011,0.014095888847777887,0.0072563233451812675,0.01916774820748691,0.006346138874907468,0.0013413429439252892,4.303958814416219e-05,4.396438848824092e-05,0.0018032313833253166,0.008723468714326787,0.004031097604399651,0.010478021286123297,0.004748585829697868,0.0004035940264832951,8.00699107089277e-06,1.3618310664721159e-05
163,1.0,0.6652173913043479,0.64,0.18,0.68,0.11026702961744908,0.2862115502357483,275.0488373688771,0.8695652173913043,0.13043478260869565,0.0,0.0,0.0,0.0,0.0,0.0,0.0,0.0,0.0,0.0,0.0,0.0,0.0,0.0,0.0,0.0,0.0,0.0,0.0,0.5643453143007744,0.6610921404879484,0.5819444278794963,0.17999999999999997,0.6799999999999999,0.7577645027266673,0.07322218186726656,1.8911964271251392e-16,1.2654088925381449e-11,8.466913549264341e-07,0.056652537747639585,0.0,0.0,0.0,0.0,0.0,0.0,0.0,0.0,0.0,0.0,0.0,0.0,0.0,0.0,0.0,6.46283037220621e-05,0.015366000144159779,0.008925294678061134,0.019964726596390092,0.009275518204821413,0.0014146029825565472,4.880286951661966e-05,5.2430731113079634e-05,0.000250443650869239,0.001270111296381892,0.001668971332879866,0.0007969783889031808,0.0029293793299139453,7.326003863125804e-05,5.763281372457471e-06,8.466342624838714e-06
164,1.0,0.6669565217391304,0.64,0.18,0.68,0.1293199005803322,0.3292328715324402,276.02388696551316,0.8260869565217391,0.17391304347826086,0.0,0.0,0.0,0.0,0.0,0.0,0.0,0.0,0.0,0.0,0.0,0.0,0.0,0.0,0.0,0.0,0.0,0.0,0.0,0.5969412097969189,0.6636447993722254,0.6072149663400231,0.17999999999999997,0.6799999999999999,0.7822799390589273,0.10935203771917673,1.2125980597414393e-16,8.113553652403265e-12,5.428818918320156e-07,0.036324496158574214,0.0,0.0,0.0,0.0,0.0,0.0,0.0,0.0,0.0,0.0,0.0,0.0,0.0,0.0,0.0,0.0009036962751840168,0.016642587470806627,0.010465418751835653,0.021582376952019724,0.010388504917434586,0.0013288906312276332,5.7956355417230205e-05,5.422628268790731e-05,0.0008390679714619547,0.0012765873266468476,0.0015401240737745198,0.0016176503556296316,0.0011129867126131732,8.571235132891404e-05,9.153485900610545e-06,1.7955515748276741e-06
165,1.0,0.668695652173913,0.64,0.18,0.68,0.1382351157181879,0.34687086939811707,276.86644421288355,0.782608695652174,0.21739130434782608,0.0,0.0,0.0,0.0,0.0,0.0,0.0,0.0,0.0,0.0,0.0,0.0,0.0,0.0,0.0,0.0,0.0,0.0,0.0,0.6156035854777742,0.6658433440652064,0.6214856973615767,0.17999999999999997,0.6799999999999999,0.7823979033720172,0.14811864540518127,7.774940949544253e-17,5.202251482395202e-12,3.4808522227644034e-07,0.02329055455647701,0.0,0.0,0.0,0.0,0.0,0.0,0.0,0.0,0.0,0.0,0.0,0.0,0.0,0.0,0.0,0.0014818585144063538,0.022192135878626847,0.012638749205009724,0.02519659570040682,0.011748982585912752,0.0010849320820111438,5.62059722615754e-05,5.322958656726096e-05,0.000578162239222337,0.00554954840782022,0.0021733304531740705,0.0036142187483870977,0.0013604776684781657,0.0002439585492164894,1.7503831556548024e-06,9.96696120646351e-07
166,1.0,0.6704347826086957,0.64,0.18,0.68,0.127577653100716,0.3562009036540985,277.63459576165263,0.7391304347826086,0.2608695652173913,0.0,0.0,0.0,0.0,0.0,0.0,0.0,0.0,0.0,0.0,0.0,0.0,0.0,0.0,0.0,0.0,0.0,0.0,0.0,0.626203650149531,0.6678419140571024,0.6295446377837463,0.17999999999999997,0.6799999999999999,0.7668726870991465,0.18857588665636382,4.9851396580487446e-17,3.3355816261924628e-12,2.2318541802593512e-07,0.014933446817270978,0.0,0.0,0.0,0.0,0.0,0.0,0.0,0.0,0.0,0.0,0.0,0.0,0.0,0.0,0.0,0.0006653742391405077,0.027537192531747568,0.01054641444287492,0.021425735430116815,0.009686732183516273,0.0015844500684484145,5.7792388857289825e-05,5.2880232530594106e-05,0.0008164842752658462,0.0053450566531207215,0.0020923347621348044,0.0037708602702900065,0.002062250402396479,0.0004995179864372707,1.5864165957144222e-06,3.493540366668514e-07
167,1.0,0.6721739130434783,0.64,0.18,0.68,0.11140080714524513,0.3207881450653076,278.3612967148902,0.6956521739130435,0.30434782608695654,0.0,0.0,0.0,0.0,0.0,0.0,0.0,0.0,0.0,0.0,0.0,0.0,0.0,0.0,0.0,0.0,0.0,0.0,0.0,0.6322043373504261,0.6697275547113526,0.6340956674843263,0.17999999999999997,0.6799999999999999,0.7413173702218897,0.23011712899355993,3.196373782325265e-17,2.138709522721903e-12,1.4310211302177086e-07,0.009575033230895875,0.0,0.0,0.0,0.0,0.0,0.0,0.0,0.0,0.0,0.0,0.0,0.0,0.0,0.0,0.0,0.00068159076038948,0.020136201218952394,0.007975889637942702,0.02193288114740144,0.003733413616020541,0.0009466789142457575,5.6080136274274436e-05,5.428688939205492e-05,1.6216521248972366e-05,0.007400991312795174,0.0025705248049322175,0.0005071457172846246,0.005953318567495732,0.000637771154202657,1.712252583015389e-06,1.4066568614608127e-06
168,1.0,0.6739130434782609,0.64,0.18,0.68,0.10308371803472252,0.32563531398773193,279.0652269626308,0.6521739130434783,0.34782608695652173,0.0,0.0,0.0,0.0,0.0,0.0,0.0,0.0,0.0,0.0,0.0,0.0,0.0,0.0,0.0,0.0,0.0,0.0,0.0,0.6355965423096505,0.6715494221221279,0.6366657164300394,0.17999999999999997,0.6799999999999999,0.7093309495431211,0.2723534115681447,2.0494521833186367e-17,1.3712986025176726e-12,9.17542684124463e-08,0.00613932352621554,0.0,0.0,0.0,0.0,0.0,0.0,0.0,0.0,0.0,0.0,0.0,0.0,0.0,0.0,0.0,0.0007916259390113592,0.025404444438587453,0.007185027838924645,0.020896154421564898,0.005227760239216603,0.0009332740023333185,5.765477589459031e-05,5.334665075521273e-05,0.0001100351786218792,0.005268243219635059,0.0007908617990180569,0.0010367267258365419,0.0014943466231960617,1.3404911912438962e-05,1.574639620315875e-06,9.402386368421878e-07
169,1.0,0.6756521739130436,0.64,0.18,0.68,0.0801111475983874,0.2718697190284729,279.7569698747442,0.6086956521739131,0.391304347826087,0.0,0.0,0.0,0.0,0.0,0.0,0.0,0.0,0.0,0.0,0.0,0.0,0.0,0.0,0.0,0.0,0.0,0.0,0.0,0.6375130226560425,0.6733352756266137,0.6381170696441305,0.17999999999999997,0.6799999999999999,0.6732210312308659,0.3150353403121128,1.314068546968862e-17,8.792497706157353e-13,5.8831037460798636e-08,0.003936413843236039,0.0,0.0,0.0,0.0,0.0,0.0,0.0,0.0,0.0,0.0,0.0,0.0,0.0,0.0,0.0,0.00015184182596604003,0.016992329421070654,0.00615704613906249,0.012795315465538302,0.002570363888152928,0.0007898666771824764,6.089836483397058e-05,5.502592250159849e-05,0.0006397841130453192,0.008412115017516798,0.001027981699862155,0.008100838956026596,0.002657396351063675,0.00014340732515084214,3.2435889393802716e-06,1.6792717463857582e-06
170,1.0,0.6773913043478261,0.64,0.18,0.68,0.06902475584848222,0.23868636786937714,280.44252054841587,0.5652173913043479,0.43478260869565216,0.0,0.0,0.0,0.0,0.0,0.0,0.0,0.0,0.0,0.0,0.0,0.0,0.0,0.0,0.0,0.0,0.0,0.0,0.0,0.6385954953205017,0.6751007914255734,0.638936675105562,0.17999999999999997,0.6799999999999999,0.6344672071042816,0.35800300864006834,8.42554981369081e-18,5.637577094503457e-13,3.772130745085208e-08,0.002523951357027134,0.0,0.0,0.0,0.0,0.0,0.0,0.0,0.0,0.0,0.0,0.0,0.0,0.0,0.0,0.0,0.0025856904197620054,0.018439240218262563,0.004528085155516419,0.010664816820569393,0.0024135339344675106,0.0010053961924146098,6.212675266730075e-05,6.228967653915948e-05,0.0024338485937959653,0.0014469107971919089,0.0016289609835460715,0.0021304986449689096,0.00015682995368541735,0.00021552951523213344,1.228387833330171e-06,7.263754037560989e-06
171,1.0,0.6791304347826087,0.64,0.18,0.68,0.062159605416204376,0.20677369832992554,281.12527515442355,0.5217391304347826,0.4782608695652174,0.0,0.0,0.0,0.0,0.0,0.0,0.0,0.0,0.0,0.0,0.0,0.0,0.0,0.0,0.0,0.0,0.0,0.0,0.0,0.6392068355361611,0.6768548221536627,0.6393995211625288,0.17999999999999997,0.6799999999999999,0.5940181624206937,0.4011538875854749,5.4022973022782054e-18,3.614703871257542e-13,2.4186162563423077e-08,0.0016183081114769689,0.0,0.0,0.0,0.0,0.0,0.0,0.0,0.0,0.0,0.0,0.0,0.0,0.0,0.0,0.0,0.002877476076883893,0.020739867457704793,0.004838723232408445,0.007319385783867791,0.0019103070479557138,0.0009634579927962698,5.842478274089047e-05,5.910779642075114e-05,0.0002917856571218874,0.0023006272394422295,0.00031063807689202683,0.0033454310367016012,0.0005032268865117968,4.193819961834002e-05,3.701969926410283e-06,3.1818801184083377e-06
172,1.0,0.6808695652173913,0.64,0.18,0.68,0.08177462265971869,0.24095511436462402,281.80715815401635,0.4782608695652174,0.5217391304347826,0.0,0.0,0.0,0.0,0.0,0.0,0.0,0.0,0.0,0.0,0.0,0.0,0.0,0.0,0.0,0.0,0.0,0.0,0.0,0.6395520820063169,0.6786023670540988,0.6396608987185979,0.17999999999999997,0.6799999999999999,0.5524821755618917,0.44442223758574306,3.4638470826888355e-18,2.3176772322321714e-13,1.5507693107045635e-08,0.0010376274235161492,0.0,0.0,0.0,0.0,0.0,0.0,0.0,0.0,0.0,0.0,0.0,0.0,0.0,0.0,0.0,0.003175740652593257,0.03260953649536486,0.009060026531151856,0.005338479046302806,0.002042935289876914,0.0015706989086888643,6.081317355871454e-05,6.0631591362482254e-05,0.0002982645757093642,0.011869669037660069,0.00422130329874341,0.001980906737564985,0.0001326282419212004,0.0006072409158925945,2.3883908178240715e-06,1.523794941731113e-06
173,1.0,0.682608695652174,0.64,0.18,0.68,0.10650256349979395,0.2631532847881317,282.4892607422946,0.4347826086956522,0.5652173913043478,0.0,0.0,0.0,0.0,0.0,0.0,0.0,0.0,0.0,0.0,0.0,0.0,0.0,0.0,0.0,0.0,0.0,0.0,0.0,0.6397470517177336,0.680346249290123,0.6398085033611962,0.17999999999999997,0.6799999999999999,0.5102492626969851,0.48776590772259676,2.2209508179403925e-18,1.4860491880178856e-13,9.94322869002805e-09,0.0006653063544556576,0.0,0.0,0.0,0.0,0.0,0.0,0.0,0.0,0.0,0.0,0.0,0.0,0.0,0.0,0.0,0.0021492401311926715,0.044670649922101555,0.007685398820065137,0.003438667140585883,0.0011917662152834607,0.0021347394242605343,6.611812243510698e-05,6.262237480420961e-05,0.0010265005214005855,0.012061113426736693,0.0013746277110867188,0.0018998119057169233,0.0008511690745934535,0.00056404051557167,5.304948876392439e-06,1.9907834417273582e-06
174,1.0,0.6843478260869565,0.64,0.18,0.68,0.1185647468282971,0.24471759796142578,283.17220237000527,0.3913043478260869,0.6086956521739131,0.0,0.0,0.0,0.0,0.0,0.0,0.0,0.0,0.0,0.0,0.0,0.0,0.0,0.0,0.0,0.0,0.0,0.0,0.0,0.639857155311604,0.6820880631531788,0.639891858377764,0.17999999999999997,0.6799999999999999,0.4675694945447773,0.531157871653883,1.4240301081308463e-18,9.528255955993266e-14,6.375403233720054e-09,0.0004265813867747956,0.0,0.0,0.0,0.0,0.0,0.0,0.0,0.0,0.0,0.0,0.0,0.0,0.0,0.0,0.0,0.003388272233290505,0.053227620846442336,0.005911513604018732,0.0016060232871512666,0.0010035776102119726,0.002134196972444903,5.8234446469364936e-05,5.965462394428976e-05,0.0012390321020978334,0.008556970924340782,0.001773885216046405,0.0018326438534346165,0.00018818860507148808,5.424518156314263e-07,7.883675965742045e-06,2.9677508599198544e-06
175,1.0,0.6860869565217391,0.64,0.18,0.68,0.12809835532552966,0.2649509012699127,283.85633542973943,0.34782608695652173,0.6521739130434783,0.0,0.0,0.0,0.0,0.0,0.0,0.0,0.0,0.0,0.0,0.0,0.0,0.0,0.0,0.0,0.0,0.0,0.0,0.0,0.6399193329656306,0.6838287089685364,0.63993893046618,0.17999999999999997,0.6799999999999999,0.4246032115458858,0.574580800619042,9.130601778672864e-19,6.109330854923791e-14,4.087783521794213e-09,0.00027351561926925214,0.0,0.0,0.0,0.0,0.0,0.0,0.0,0.0,0.0,0.0,0.0,0.0,0.0,0.0,0.0,0.0007886735867060368,0.04826920788166978,0.01011064193594499,0.010421664225484278,0.00609731259465376,0.0025289589903120056,5.811533924759289e-05,6.652580253861668e-05,0.002599598646584468,0.004958412964772556,0.004199128331926258,0.008815640938333012,0.005093734984441788,0.00039476201786710265,1.1910722177204606e-07,6.871178594326918e-06
176,1.0,0.6878260869565218,0.64,0.18,0.68,0.10095952132333275,0.2507983148097992,284.5418611363042,0.30434782608695654,0.6956521739130435,0.0,0.0,0.0,0.0,0.0,0.0,0.0,0.0,0.0,0.0,0.0,0.0,0.0,0.0,0.0,0.0,0.0,0.0,0.0,0.6399544458518127,0.6855686951661916,0.6399655129275493,0.17999999999999997,0.6799999999999999,0.38145322084630673,0.6180235837566476,5.854362795048701e-19,3.9171831306071434e-14,2.6210066263215815e-09,0.00017537285100471865,0.0,0.0,0.0,0.0,0.0,0.0,0.0,0.0,0.0,0.0,0.0,0.0,0.0,0.0,0.0,0.0004436661620091143,0.03523154918851031,0.004457256965265851,0.008996052195635498,0.006503897618203835,0.0012917255298586405,6.753962072063419e-05,5.6024746853776134e-05,0.00034500742469692247,0.013037658693159468,0.005653384970679139,0.0014256120298487794,0.0004065850235500752,0.001237233460453365,9.424281473041296e-06,1.0501055684840541e-05
177,1.0,0.6895652173913044,0.64,0.18,0.68,0.08163243186279746,0.20579083263874054,285.228895128066,0.26086956521739135,0.7391304347826086,0.0,0.0,0.0,0.0,0.0,0.0,0.0,0.0,0.0,0.0,0.0,0.0,0.0,0.0,0.0,0.0,0.0,0.0,0.0,0.639974274744103,0.6873083088657764,0.6399805245252121,0.17999999999999997,0.6799999999999999,0.33818544037184317,0.6614790970002543,3.7537026109392013e-19,2.5116210012339538e-14,1.6805380467423564e-09,0.00011244563272727407,0.0,0.0,0.0,0.0,0.0,0.0,0.0,0.0,0.0,0.0,0.0,0.0,0.0,0.0,0.0,0.0003873421021919189,0.027468269391312656,0.005847968305142657,0.00851151215049111,0.005083153573916282,0.0012756134603199203,7.790276740893033e-05,5.8718097814846896e-05,5.6324059817195425e-05,0.0077632797971976565,0.0013907113398768057,0.00048454004514438855,0.0014207440442875535,1.6112069538720252e-05,1.0363146688296149e-05,2.6933509610707618e-06
178,1.0,0.691304347826087,0.64,0.18,0.68,0.07910377626253963,0.19634398818016052,285.91750460381127,0.21739130434782605,0.782608695652174,0.0,0.0,0.0,0.0,0.0,0.0,0.0,0.0,0.0,0.0,0.0,0.0,0.0,0.0,0.0,0.0,0.0,0.0,0.0,0.6399854724811107,0.6890477122089506,0.6399890018464526,0.17999999999999997,0.6799999999999999,0.29484213540376614,0.7049427725381716,2.406800498132532e-19,1.6104021291600178e-14,1.0775280375815812e-09,7.209793446932561e-05,0.0,0.0,0.0,0.0,0.0,0.0,0.0,0.0,0.0,0.0,0.0,0.0,0.0,0.0,0.0,0.0009194696637366788,0.019406862952034018,0.006315841722727706,0.010263030161057769,0.004581934184209544,0.00079896947487897,6.791389483788818e-05,5.5481492722690474e-05,0.00053212756154476,0.008061406439278638,0.00046787341758504873,0.0017515180105666592,0.000501219389706738,0.0004766439854409503,9.988872571042154e-06,3.2366050921564215e-06
179,1.0,0.6930434782608696,0.64,0.18,0.68,0.07634452974341671,0.18806736171245575,286.60772934560833,0.17391304347826086,0.8260869565217391,0.0,0.0,0.0,0.0,0.0,0.0,0.0,0.0,0.0,0.0,0.0,0.0,0.0,0.0,0.0,0.0,0.0,0.0,0.0,0.6399917960466498,0.6907869967600475,0.6399937891433831,0.17999999999999997,0.6799999999999999,0.25145040561153803,0.7484116815791254,1.5431932782660253e-19,1.0325582627032462e-14,6.90889845680725e-10,4.6227781628039605e-05,0.0,0.0,0.0,0.0,0.0,0.0,0.0,0.0,0.0,0.0,0.0,0.0,0.0,0.0,0.0,0.0010474251908501144,0.027672110803860974,0.006880170238901495,0.007333170317441802,0.0035866210390071047,0.0012084205206965859,9.187314344228589e-05,5.7010016368825774e-05,0.0001279555271134356,0.008265247851826956,0.0005643285161737888,0.002929859843615967,0.0009953131452024389,0.0004094510458176159,2.3959248604397707e-05,1.5285236461352994e-06
180,1.0,0.6947826086956522,0.64,0.18,0.68,0.08987337114589795,0.18998074531555176,287.2995936195842,0.13043478260869568,0.8695652173913043,0.0,0.0,0.0,0.0,0.0,0.0,0.0,0.0,0.0,0.0,0.0,0.0,0.0,0.0,0.0,0.0,0.0,0.0,0.0,0.6399953670788313,0.6925262142271057,0.6399964926167152,0.17999999999999997,0.6799999999999999,0.20802762677175107,0.791883946239589,9.894652655811052e-20,6.620561079566265e-15,4.4298501961587866e-10,2.9640346980521552e-05,0.0,0.0,0.0,0.0,0.0,0.0,0.0,0.0,0.0,0.0,0.0,0.0,0.0,0.0,0.0,0.00128178505106824,0.03598190821445703,0.008071578887463135,0.005644099682793755,0.002436707166939936,0.0016692915084647807,0.00013115608805635813,5.9138087212404265e-05,0.00023435986021812564,0.008309797410596054,0.0011914086485616407,0.0016890706346480468,0.0011499138720671687,0.00046087098776819487,3.9282944614072246e-05,2.1280708435784915e-06
181,1.0,0.6965217391304348,0.64,0.18,0.68,0.08712598182002619,0.20280039310455322,287.9931129127793,0.08695652173913049,0.9130434782608695,0.0,0.0,0.0,0.0,0.0,0.0,0.0,0.0,0.0,0.0,0.0,0.0,0.0,0.0,0.0,0.0,0.0,0.0,0.0,0.6399973837054487,0.6942653938105916,0.6399980193170982,0.17999999999999997,0.6799999999999999,0.16458493989158998,0.8353583624574734,6.344257233232412e-20,4.2449739246205375e-15,2.840333069459601e-10,1.9004809190169443e-05,0.0,0.0,0.0,0.0,0.0,0.0,0.0,0.0,0.0,0.0,0.0,0.0,0.0,0.0,0.0,0.001538152866345337,0.031002697726162848,0.014483627548107664,0.005182381224619121,0.0010534018030695352,0.0018159579365507167,8.869917743952562e-05,5.932114873501183e-05,0.0002563678152770969,0.004979210488294181,0.006412048660644529,0.00046171845817463437,0.0013833053638704009,0.000146666428085936,4.245691061683251e-05,1.8306152260756653e-07
182,1.0,0.6982608695652174,0.64,0.18,0.68,0.09210980592971421,0.2007838636636734,288.6882977467772,0.04347826086956519,0.9565217391304348,0.0,0.0,0.0,0.0,0.0,0.0,0.0,0.0,0.0,0.0,0.0,0.0,0.0,0.0,0.0,0.0,0.0,0.0,0.0,0.639998522531052,0.6960045520005376,0.6399988814724714,0.17999999999999997,0.6799999999999999,0.12112948836636889,0.8788341582117806,4.0678133171035074e-20,2.7217940298632254e-15,1.8211658607465524e-10,1.2185510938590014e-05,0.0,0.0,0.0,0.0,0.0,0.0,0.0,0.0,0.0,0.0,0.0,0.0,0.0,0.0,0.0,0.0008126810344209883,0.03128250915150079,0.018292199938269044,0.0026570723181712284,0.0008506291638615146,0.0017840625021315344,9.022555639003951e-05,5.803063374797533e-05,0.0007254718319243486,0.0002798114253379433,0.0038085723901613803,0.0025253089064478924,0.00020277263920802054,3.189543441918237e-05,1.5263789505138843e-06,1.2905149870365046e-06
183,1.0,0.7000000000000001,0.64,0.18,0.68,0.10492937868742645,0.22485941648483276,289.3851558365434,0.0,1.0,0.0,0.0,0.0,0.0,0.0,0.0,0.0,0.0,0.0,0.0,0.0,0.0,0.0,0.0,0.0,0.0,0.0,0.0,0.0,0.6399991656465099,0.6977436981091639,0.6399993683472347,0.17999999999999997,0.6799999999999999,0.07766585240107007,0.9223108384977871,2.608202122720969e-20,1.7451609532940344e-15,1.1676958339888471e-10,7.813110636822606e-06,0.0,0.0,0.0,0.0,0.0,0.0,0.0,0.0,0.0,0.0,0.0,0.0,0.0,0.0,0.0,0.0006997722009726461,0.029083356861572044,0.026908199898204564,0.0012153867891982082,0.0003551911521824592,0.0015345700217394645,0.00010229074555440747,5.849131349218675e-05,0.00011290883344834224,0.002199152289928747,0.00861599995993552,0.0014416855289730202,0.0004954380116790555,0.0002494924803920699,1.2065189164367967e-05,4.606797442114244e-07
184,0.0,0.63,0.0,0.18,0.68,0.09159984331074898,0.21168896555900574,277.79405245801576,0.0,0.0,0.0,0.0,0.0,0.0,0.0,0.0,0.0,0.0,0.0,0.0,0.0,0.0,0.0,0.0,0.0,0.0,0.0,0.0,0.0,0.4704899342108181,0.6682560939740676,0.36141924137920256,0.17999999999999997,0.6799999999999999,0.049797821410261636,0.5913676216811683,1.6723280501500632e-20,1.1189629779058589e-15,7.487036684050088e-11,5.009613312964129e-06,0.0,0.0,0.0,0.0,0.0,0.0,0.0,0.0,0.0,0.0,0.0,0.0,0.0,0.0,0.0,0.00288494295136571,0.02907404129319948,0.022975402504299663,0.0008164198493584523,0.00024171957563535638,0.001343227818926072,9.862110760341467e-05,5.151931220244957e-05,0.002185170750393064,9.315568372563615e-06,0.0039327973939049,0.000398966939839756,0.00011347157654710284,0.00019134220281339254,3.6696379509928084e-06,6.972001289737184e-06
185,0.0,0.63,0.0,0.18,0.68,0.06725131148341819,0.152983620762825,271.45467737516475,0.0,0.0,0.0,0.0,0.0,0.0,0.0,0.0,0.0,0.0,0.0,0.0,0.0,0.0,0.0,0.0,0.0,0.0,0.0,0.0,0.0,0.345876666839225,0.6516039095443878,0.2040999952491323,0.17999999999999997,0.6799999999999999,0.03192938647479707,0.37917332137442994,1.0722639487775262e-20,7.1745711681241735e-16,4.800541089268555e-11,3.212065809890212e-06,0.0,0.0,0.0,0.0,0.0,0.0,0.0,0.0,0.0,0.0,0.0,0.0,0.0,0.0,0.0,0.0051774964538172695,0.021449663352346934,0.015082630275186158,0.0005200346111604023,0.00020043155783340714,0.001116839700494509,5.4903398877329244e-05,3.9835932886448755e-05,0.0022925535024515597,0.007624377940852547,0.007892772229113505,0.00029638523819804996,4.1288017801949234e-05,0.00022638811843156284,4.371770872608542e-05,1.1683379316000813e-05
186,0.0,0.63,0.0,0.18,0.68,0.05157669251945916,0.11471313238143921,267.93884650390476,0.0,0.0,0.0,0.0,0.0,0.0,0.0,0.0,0.0,0.0,0.0,0.0,0.0,0.0,0.0,0.0,0.0,0.0,0.0,0.0,0.0,0.2542682849623047,0.6422001192259322,0.11525896601888258,0.17999999999999997,0.6799999999999999,0.02047249642224052,0.243118497481133,6.875146151766112e-21,4.60019432839621e-16,3.0780128002911694e-11,2.0595136036479826e-06,0.0,0.0,0.0,0.0,0.0,0.0,0.0,0.0,0.0,0.0,0.0,0.0,0.0,0.0,0.0,0.0033564536080888455,0.016066708152064537,0.010988631461344314,0.00031515227009986535,0.00012971843799163717,0.0007249714737226957,3.690679640611156e-05,2.9058482967141786e-05,0.001821042845728424,0.005382955200282397,0.004093998813841844,0.00020488234106053694,7.071311984176997e-05,0.00039186822677181343,1.7996602471217685e-05,1.0777449919306969e-05
187,0.0,0.63,0.0,0.18,0.68,0.03511205816321638,0.07509897649288177,265.97354962125775,0.0,0.0,0.0,0.0,0.0,0.0,0.0,0.0,0.0,0.0,0.0,0.0,0.0,0.0,0.0,0.0,0.0,0.0,0.0,0.0,0.0,0.186923163474697,0.6368896284175392,0.06508882683473952,0.17999999999999997,0.6799999999999999,0.013126563208143033,0.1558828126494598,4.408208880102104e-21,2.9495543863343564e-16,1.9735614428830643e-11,1.3205197323637891e-06,0.0,0.0,0.0,0.0,0.0,0.0,0.0,0.0,0.0,0.0,0.0,0.0,0.0,0.0,0.0,0.0028558139260467987,0.01213963498226316,0.00805720023442935,0.0001606864968598282,9.444689728596074e-05,0.00046577132592779265,2.2811837989455634e-05,1.974410443341385e-05,0.0005006396820420467,0.0039270731698013775,0.002931431226914964,0.00015446577324003714,3.5271540705676435e-05,0.000259200147794903,1.4094958416655925e-05,9.314378533727935e-06
188,0.0,0.63,0.0,0.18,0.68,0.029630172028013147,0.0626930519938469,264.87008646525567,0.0,0.0,0.0,0.0,0.0,0.0,0.0,0.0,0.0,0.0,0.0,0.0,0.0,0.0,0.0,0.0,0.0,0.0,0.0,0.0,0.0,0.13741497115367024,0.633890698021284,0.03675684005380235,0.17999999999999997,0.6799999999999999,0.008416494896547501,0.09994900236413448,2.826457082024242e-21,1.8911964271251392e-16,1.2654088925381449e-11,8.466913549264341e-07,0.0,0.0,0.0,0.0,0.0,0.0,0.0,0.0,0.0,0.0,0.0,0.0,0.0,0.0,0.0,0.002463439275166674,0.009945115034586989,0.005724248280081135,0.000389847322664561,5.935754001638625e-05,0.0003146228029451307,2.446917774817344e-05,1.5708979342337155e-05,0.00039237465088012456,0.002194519947676171,0.002332951954348215,0.0002291608258047328,3.508935726957449e-05,0.00015114852298266193,1.6573397587178077e-06,4.035125091076696e-06
189,0.0,0.63,0.0,0.18,0.68,0.019742712520165323,0.048850830644369125,264.2489646670306,0.0,0.0,0.0,0.0,0.0,0.0,0.0,0.0,0.0,0.0,0.0,0.0,0.0,0.0,0.0,0.0,0.0,0.0,0.0,0.0,0.0,0.10101944534937275,0.6321971476798788,0.02075725368612285,0.17999999999999997,0.6799999999999999,0.005396491466987058,0.0640853401590222,1.8122688497328996e-21,1.2125980597414393e-16,8.113553652403265e-12,5.428818918320156e-07,0.0,0.0,0.0,0.0,0.0,0.0,0.0,0.0,0.0,0.0,0.0,0.0,0.0,0.0,0.0,0.0022558063538290016,0.00763680576646571,0.004166454245330586,0.000538619827786489,6.041651158142662e-05,0.0002475934949485219,2.207017964849118e-05,1.1365680381357598e-05,0.00020763292133767252,0.0023083092681212784,0.0015577940347505492,0.00014877250512192804,1.05897156504037e-06,6.702930799660882e-05,2.3989980996822624e-06,4.343298960979557e-06
190,1.0,0.63,0.7,0.28,0.68,0.03774857216472593,0.10964731872081757,263.89884966543383,0.65,0.0,0.0,0.0,0.0,0.0,1.0,0.0,0.0,0.0,0.0,0.0,0.0,0.0,0.0,0.0,0.0,0.0,0.0,0.0,0.0,0.26479851064254517,0.6312407691115548,0.31641931191423445,0.22352818779922407,0.6799999999999999,0.23669287201549122,0.04109026329582763,1.1619912450112476e-21,7.774940949544253e-17,5.202251482395202e-12,3.4808522227644034e-07,0.6708070121920944,0.0,0.0,0.0,0.0,0.0,0.0,0.0,0.0,0.0,0.0,0.0,0.0,0.0,0.0,0.00014515048184624759,0.004162008695823265,0.003089547790950549,0.008257941910000493,0.0010374384250878715,0.0004641686556028567,2.199259485872532e-05,2.136909229524791e-05,0.002110655871982754,0.003474797070642445,0.0010769064543800365,0.007719322082214004,0.0009770219135064448,0.00021657516065433483,7.758478976585976e-08,1.0003411913890311e-05
191,1.0,0.63,0.7,0.28,0.68,0.08145332050925091,0.22254905104637146,263.70133836775005,0.65,0.0,0.0,0.0,0.0,0.0,1.0,0.0,0.0,0.0,0.0,0.0,0.0,0.0,0.0,0.0,0.0,0.0,0.0,0.0,0.0,0.4310005472664258,0.6307006848025225,0.4833850341857624,0.24810934426760295,0.6799999999999999,0.38499557513802374,0.026346270980707867,7.450459978285183e-22,4.9851396580487446e-17,3.3355816261924628e-12,2.2318541802593512e-07,0.8916319767781041,0.0,0.0,0.0,0.0,0.0,0.0,0.0,0.0,0.0,0.0,0.0,0.0,0.0,0.0,0.0001309967876829589,0.010453619345221243,0.006728978164885424,0.016951246231153797,0.0032082486847929206,0.0010115955250498525,4.46554563045154e-05,4.661106287322906e-05,1.4153694163288684e-05,0.006291610649397978,0.0036394303739348747,0.008693304321153304,0.002170810259705049,0.0005474268694469957,2.266286144579008e-05,2.5241970577981152e-05
192,1.0,0.63,0.7,0.28,0.68,0.13322292682457124,0.3293147385120392,263.5898654764245,0.65,0.0,0.0,0.0,0.0,0.0,1.0,0.0,0.0,0.0,0.0,0.0,0.0,0.0,0.0,0.0,0.0,0.0,0.0,0.0,0.0,0.5425232534084963,0.6303956894057999,0.5776736033066088,0.2619907687852048,0.6799999999999999,0.48008435993134135,0.01689271226109111,4.777088822858724e-22,3.196373782325265e-17,2.138709522721903e-12,1.4310211302177086e-07,0.9643260066527476,0.0,0.0,0.0,0.0,0.0,0.0,0.0,0.0,0.0,0.0,0.0,0.0,0.0,0.0,0.00016930164161690296,0.018588069026137067,0.011324463418563788,0.027808541229360002,0.006392779646609449,0.0010928610171070249,6.21146185897304e-05,6.57536144535962e-05,3.8304853933944055e-05,0.008134449680915824,0.004595485253678364,0.010857294998206205,0.003184530961816528,8.126549205717242e-05,1.7459162285215007e-05,1.9142551580367143e-05
193,1.0,0.63,0.7,0.28,0.68,0.1412848965782468,0.38267838954925537,263.5269355350576,0.65,0.0,0.0,0.0,0.0,0.0,1.0,0.0,0.0,0.0,0.0,0.0,0.0,0.0,0.0,0.0,0.0,0.0,0.0,0.0,0.0,0.6097356789950136,0.6302234529781418,0.6309200669873319,0.2698298607695773,0.6799999999999999,0.5410534239004531,0.010831275809201856,3.0629756670049515e-22,2.0494521833186367e-17,1.3712986025176726e-12,9.17542684124463e-08,0.9882563715429786,0.0,0.0,0.0,0.0,0.0,0.0,0.0,0.0,0.0,0.0,0.0,0.0,0.0,0.0,0.00044379166389909696,0.02320519816146927,0.011732027419339718,0.029530629827591845,0.004443934494523769,0.001232718902442203,8.633467871421126e-05,7.596655970513078e-05,0.000274490022282194,0.004617129135332201,0.00040756400077593055,0.0017220885982318426,0.0019488451520856794,0.00013985788533517817,2.4220060124480856e-05,1.0212945251534574e-05
194,1.0,0.63,0.7,0.18,0.68,0.14534643615934456,0.3980311453342438,263.491404494775,1.0,0.0,0.0,0.0,0.0,0.0,0.0,0.0,0.0,0.0,0.0,0.0,0.0,0.0,0.0,0.0,0.0,0.0,0.0,0.0,0.0,0.6487063241783418,0.6301261879461733,0.6609893099606643,0.23072855027401418,0.6799999999999999,0.7057324560678948,0.006944801630536017,1.9639199279217341e-22,1.314068546968862e-17,8.792497706157353e-13,5.8831037460798636e-08,0.3253270676684328,0.0,0.0,0.0,0.0,0.0,0.0,0.0,0.0,0.0,0.0,0.0,0.0,0.0,0.0,0.0006196026471399884,0.02368707551251434,0.010893338912850069,0.029407651455400103,0.0037241702502288495,0.0012472592399234638,6.811149644470576e-05,7.457085091952428e-05,0.00017581098324089147,0.0004818773510450701,0.0008386885064896495,0.00012297837219174199,0.0007197642442949197,1.4540337481260771e-05,1.8223182269505497e-05,1.3957087856064968e-06
195,1.0,0.63,0.7,0.18,0.68,0.1465554320355018,0.4111914336681366,263.4713415890257,1.0,0.0,0.0,0.0,0.0,0.0,0.0,0.0,0.0,0.0,0.0,0.0,0.0,0.0,0.0,0.0,0.0,0.0,0.0,0.0,0.0,0.6709568965949199,0.630071260619983,0.6779699563827595,0.2086473316429175,0.6799999999999999,0.811321421879284,0.004452870607036066,1.259226942230186e-22,8.42554981369081e-18,5.637577094503457e-13,3.772130745085208e-08,0.10709538942055608,0.0,0.0,0.0,0.0,0.0,0.0,0.0,0.0,0.0,0.0,0.0,0.0,0.0,0.0,0.0011266213881950295,0.02428325463077801,0.01059232744002277,0.03151978519338564,0.005950898112784838,0.0009823347203655746,7.096007436921354e-05,6.70525383773703e-05,0.000507018741055041,0.0005961791182636719,0.0003010114728272985,0.0021121337379855394,0.002226727862555989,0.00026492451955788926,2.8485779245077803e-06,7.518312542153987e-06
196,1.0,0.63,0.7,0.18,0.68,0.12288796133612766,0.3581518232822418,263.4600123775069,1.0,0.0,0.0,0.0,0.0,0.0,0.0,0.0,0.0,0.0,0.0,0.0,0.0,0.0,0.0,0.0,0.0,0.0,0.0,0.0,0.0,0.683580467500864,0.6300402421634899,0.6875592351407229,0.19617766732592182,0.6799999999999999,0.8790229959921478,0.0028550933054477126,8.073916199406146e-23,5.4022973022782054e-18,3.614703871257542e-13,2.4186162563423077e-08,0.035255051223804026,0.0,0.0,0.0,0.0,0.0,0.0,0.0,0.0,0.0,0.0,0.0,0.0,0.0,0.0,0.0014517448833857387,0.026171503276294295,0.010663371703333419,0.023502219488075876,0.003224370956841423,0.0007335930028560374,6.04625879223529e-05,6.189109021615099e-05,0.00032512349519070926,0.0018882486455162849,7.10442633106486e-05,0.008017565705309766,0.002726527155943415,0.00024874171750953716,1.0497486446860641e-05,5.1614481612193035e-06
197,1.0,0.63,0.7,0.18,0.68,0.09951471468501347,0.3044617474079132,263.45361478168604,1.0,0.0,0.0,0.0,0.0,0.0,0.0,0.0,0.0,0.0,0.0,0.0,0.0,0.0,0.0,0.0,0.0,0.0,0.0,0.0,0.0,0.6907231910869319,0.6300227254789915,0.6929744746323289,0.18913582191076087,0.6799999999999999,0.9224319175791532,0.0018306298345907275,5.176836724886136e-23,3.4638470826888355e-18,2.3176772322321714e-13,1.5507693107045635e-08,0.011605715647684808,0.0,0.0,0.0,0.0,0.0,0.0,0.0,0.0,0.0,0.0,0.0,0.0,0.0,0.0,0.004431981801242184,0.021341231645436283,0.0077101412849813955,0.019896622583035335,0.0026453999374353564,0.000456474167764881,6.829431409109814e-05,6.257259621193138e-05,0.0029802369178564456,0.004830271630858012,0.0029532304183520234,0.0036055969050405416,0.0005789710194060668,0.0002771188350911564,7.831726168745232e-06,6.815059957803935e-07
198,1.0,0.63,0.7,0.18,0.68,0.08125645743674637,0.24617207050323486,263.4500020120258,1.0,0.0,0.0,0.0,0.0,0.0,0.0,0.0,0.0,0.0,0.0,0.0,0.0,0.0,0.0,0.0,0.0,0.0,0.0,0.0,0.0,0.6947601631028816,0.6300128334898178,0.6960325585082509,0.18515916419244222,0.6799999999999999,0.9502648667836348,0.0011737639484143462,3.3192861821009464e-23,2.2209508179403925e-18,1.4860491880178856e-13,9.94322869002805e-09,0.0038205202097103246,0.0,0.0,0.0,0.0,0.0,0.0,0.0,0.0,0.0,0.0,0.0,0.0,0.0,0.0,0.008043286752762502,0.018753961617545004,0.006619064351055741,0.014674084462127101,0.0032131984565513883,0.00045198815549602264,6.707432644154666e-05,6.53558773474657e-05,0.0036113049515203175,0.0025872700278912787,0.0010910769339256545,0.005222538120908234,0.0005677985191160318,4.486012268858344e-06,1.219987649551474e-06,2.783281135534317e-06
199,1.0,0.63,0.7,0.18,0.68,0.06996961516852408,0.2174130231142044,263.44796183741636,1.0,0.0,0.0,0.0,0.0,0.0,0.0,0.0,0.0,0.0,0.0,0.0,0.0,0.0,0.0,0.0,0.0,0.0,0.0,0.0,0.0,0.697040716366434,0.6300072473042687,0.6977595138916037,0.18291347351388565,0.6799999999999999,0.9681108079657154,0.0007525944243693877,2.128261203549666e-23,1.4240301081308463e-18,9.528255955993266e-14,6.375403233720054e-09,0.001257688462815028,0.0,0.0,0.0,0.0,0.0,0.0,0.0,0.0,0.0,0.0,0.0,0.0,0.0,0.0,0.009322188946569282,0.017844670130781514,0.005863739263318292,0.011278803501025642,0.003605053421048807,0.0004846077166240105,5.979881161261275e-05,6.230936159173216e-05,0.0012789021938067798,0.0009092914867634902,0.0007553250877374486,0.0033952809611014594,0.00039185496449741864,3.261956112798783e-05,7.275514828933913e-06,3.0465157557335424e-06
200,1.0,0.63,0.7,0.18,0.68,0.06098792530350512,0.2017403542995453,263.44680972082267,1.0,0.0,0.0,0.0,0.0,0.0,0.0,0.0,0.0,0.0,0.0,0.0,0.0,0.0,0.0,0.0,0.0,0.0,0.0,0.0,0.0,0.6983287783246402,0.6300040926840562,0.698734756892482,0.18164529129128085,0.6799999999999999,0.9795532754647399,0.0004825487853473821,1.3645993451723774e-23,9.130601778672864e-19,6.109330854923791e-14,4.087783521794213e-09,0.0004140222228056111,0.0,0.0,0.0,0.0,0.0,0.0,0.0,0.0,0.0,0.0,0.0,0.0,0.0,0.0,0.01000915558962941,0.017284644349637952,0.005076816356377973,0.009572130386233313,0.0030894828023758504,0.00039059803913649263,7.017248710846236e-05,6.017051083770274e-05,0.0006869666430601284,0.0005600257811435617,0.0007869229069403195,0.001706673114792329,0.0005155706186729565,9.400967748751784e-05,1.0373675495849615e-05,2.138850754029418e-06
201,1.0,0.63,0.7,0.18,0.68,0.0569879030666194,0.16529592871665955,263.44615910192965,1.0,0.0,0.0,0.0,0.0,0.0,0.0,0.0,0.0,0.0,0.0,0.0,0.0,0.0,0.0,0.0,0.0,0.0,0.0,0.0,0.0,0.6990562163161343,0.6300023112128542,0.6992854942884391,0.18092912580816783,0.6799999999999999,0.9868899612203617,0.00030940081762543723,8.749543381888866e-24,5.854362795048701e-19,3.9171831306071434e-14,2.6210066263215815e-09,0.0001362932125442495,0.0,0.0,0.0,0.0,0.0,0.0,0.0,0.0,0.0,0.0,0.0,0.0,0.0,0.0,0.010959127294443562,0.017620108509266857,0.0039617729010073734,0.006783134360763377,0.0020273303075247035,0.0003165738885831276,6.249015286853507e-05,6.332510343641039e-05,0.0009499717048141523,0.00033546415962890444,0.0011150434553705993,0.0027889960254699354,0.0010621524948511468,7.402415055336503e-05,7.682334239927292e-06,3.154592598707651e-06
202,1.0,0.63,0.7,0.18,0.68,0.07940936237011502,0.3267146348953247,263.4457916863601,1.0,0.0,0.0,0.0,0.0,0.0,0.0,0.0,0.0,0.0,0.0,0.0,0.0,0.0,0.0,0.0,0.0,0.0,0.0,0.0,0.0,0.6994670247712366,0.6300013051837826,0.6995965056764035,0.18052469418149747,0.6799999999999999,0.9915941002429397,0.0001983817364256234,5.610035624184242e-24,3.7537026109392013e-19,2.5116210012339538e-14,1.6805380467423564e-09,4.4866769855379424e-05,0.0,0.0,0.0,0.0,0.0,0.0,0.0,0.0,0.0,0.0,0.0,0.0,0.0,0.0,0.008618601477180372,0.012904282237922237,0.004118377673085364,0.010859891844938017,0.001237758780741934,0.0006852907575091586,6.45406900775911e-05,6.748779866720858e-05,0.0023405258172631907,0.00471582627134462,0.00015660477207799037,0.00407675748417464,0.0007895715267827695,0.00036871686892603095,2.0505372090560303e-06,4.162695230798189e-06
203,1.0,0.63,0.7,0.18,0.68,0.1629158312525328,0.4218674600124359,263.4455842003561,1.0,0.0,0.0,0.0,0.0,0.0,0.0,0.0,0.0,0.0,0.0,0.0,0.0,0.0,0.0,0.0,0.0,0.0,0.0,0.0,0.0,0.6996990183959352,0.6300007370609346,0.6997721394433378,0.18029630431280363,0.6799999999999999,0.9946103019286648,0.0001271984788187901,3.597044820620335e-24,2.406800498132532e-19,1.6104021291600178e-14,1.0775280375815812e-09,1.4769826021982026e-05,0.0,0.0,0.0,0.0,0.0,0.0,0.0,0.0,0.0,0.0,0.0,0.0,0.0,0.0,0.0005114421157295529,0.020670946106770834,0.012037791812402046,0.036423789183262514,0.0026113078299540866,0.001869439800241631,5.72809052907039e-05,6.915087610502445e-05,0.008107159361450818,0.007766663868848597,0.007919414139316683,0.025563897338324496,0.0013735490492121525,0.0011841490427324725,7.259784786887202e-06,1.6630774378158719e-06
204,1.0,0.63,0.7,0.18,0.68,0.16366247280915522,0.4170754849910736,263.4454670293218,1.0,0.0,0.0,0.0,0.0,0.0,0.0,0.0,0.0,0.0,0.0,0.0,0.0,0.0,0.0,0.0,0.0,0.0,0.0,0.0,0.0,0.6998300300339724,0.6300004162316668,0.6998713230143621,0.18016732841506927,0.6799999999999999,0.9965442312971011,8.155717005673118e-05,2.3063545952853026e-24,1.5431932782660253e-19,1.0325582627032462e-14,6.90889845680725e-10,4.862123157579216e-06,0.0,0.0,0.0,0.0,0.0,0.0,0.0,0.0,0.0,0.0,0.0,0.0,0.0,0.0,0.00023259816691013587,0.02155909293174285,0.012334930629071978,0.0367147552533989,0.00288401947299744,0.0023244504445088456,6.570476749092575e-05,6.656074641186905e-05,0.000278843948819417,0.0008881468249720172,0.00029713881666993194,0.0002909660701363864,0.0002727116430433535,0.0004550106442672145,8.423862200221846e-06,2.5901296931553992e-06
205,1.0,0.63,0.7,0.18,0.68,0.16532895057529948,0.3747827708721161,263.44540086073835,1.0,0.0,0.0,0.0,0.0,0.0,0.0,0.0,0.0,0.0,0.0,0.0,0.0,0.0,0.0,0.0,0.0,0.0,0.0,0.0,0.0,0.6999040148320997,0.6300002350535652,0.6999273337743249,0.18009449338831646,0.6799999999999999,0.9977842288807512,5.229285797622276e-05,1.4787893352622411e-24,9.894652655811052e-20,6.620561079566265e-15,4.4298501961587866e-10,1.6005768493335105e-06,0.0,0.0,0.0,0.0,0.0,0.0,0.0,0.0,0.0,0.0,0.0,0.0,0.0,0.0,0.00015917019752107508,0.022906977837827577,0.013630831497939307,0.035383146844870074,0.0049491930464690735,0.002500129518206559,6.403516114296021e-05,6.797080637921004e-05,7.342796938906079e-05,0.0013478849060847252,0.0012959008688673296,0.0013316084085288268,0.0020651735734716335,0.0001756790736977135,1.6696063479655306e-06,1.4100599673409905e-06
206,1.0,0.63,0.7,0.18,0.68,0.19233694855714734,0.43225935101509094,263.4453634941475,1.0,0.0,0.0,0.0,0.0,0.0,0.0,0.0,0.0,0.0,0.0,0.0,0.0,0.0,0.0,0.0,0.0,0.0,0.0,0.0,0.0,0.6999457954247665,0.6300001327390079,0.6999589640655034,0.18005336212879222,0.6799999999999999,0.9985792910130882,3.352915498930696e-05,9.481707203895181e-25,6.344257233232412e-20,4.2449739246205375e-15,2.840333069459601e-10,5.268986752482623e-07,0.0,0.0,0.0,0.0,0.0,0.0,0.0,0.0,0.0,0.0,0.0,0.0,0.0,0.0,0.0002576473884090604,0.02678281862844788,0.016990802758620974,0.04164181478471861,0.009049360956576921,0.001753857103536847,5.996150046612995e-05,7.00032668681715e-05,9.847719088798532e-05,0.003875840790620304,0.003359971260681667,0.006258667939848535,0.004100167910107848,0.0007462724146697121,4.073660676830267e-06,2.032460488961453e-06
207,1.0,0.63,0.7,0.18,0.68,0.18071243103036067,0.43169453740119934,263.4453423925588,1.0,0.0,0.0,0.0,0.0,0.0,0.0,0.0,0.0,0.0,0.0,0.0,0.0,0.0,0.0,0.0,0.0,0.0,0.0,0.0,0.0,0.6999693896913196,0.6300000749601232,0.6999768262641363,0.18003013456115788,0.6799999999999999,0.9990890692599259,2.149823661977199e-05,6.079484707972612e-25,4.0678133171035074e-20,2.7217940298632254e-15,1.8211658607465524e-10,1.7345134917700286e-07,0.0,0.0,0.0,0.0,0.0,0.0,0.0,0.0,0.0,0.0,0.0,0.0,0.0,0.0,0.00046319176095096034,0.027536174621683205,0.015182854907563964,0.03680088076761904,0.007774384505773078,0.001475917095202379,6.512216270296437e-05,5.629342793452739e-05,0.00020554437254189994,0.0007533559932353245,0.0018079478510570103,0.00484093401709957,0.0012749764508038436,0.00027794000833446806,5.160662236834426e-06,1.3709838933644105e-05
208,1.0,0.63,0.7,0.18,0.68,0.157302745977396,0.4401773512363434,263.44533047611003,1.0,0.0,0.0,0.0,0.0,0.0,0.0,0.0,0.0,0.0,0.0,0.0,0.0,0.0,0.0,0.0,0.0,0.0,0.0,0.0,0.0,0.6999827138033088,0.63000004233134,0.6999869133714031,0.1800170175327846,0.6799999999999999,0.9994159290742465,1.378424770642448e-05,3.8980463665118484e-25,2.608202122720969e-20,1.7451609532940344e-15,1.1676958339888471e-10,5.709896787488989e-08,0.0,0.0,0.0,0.0,0.0,0.0,0.0,0.0,0.0,0.0,0.0,0.0,0.0,0.0,0.0008783782996162674,0.026566973122460744,0.01278169709850031,0.03459349317683299,0.0035492832083632415,0.0021888196248350277,5.591139640410817e-05,6.785520879119909e-05,0.0004151865386653071,0.0009692014992224614,0.002401157809063654,0.00220738759078605,0.0042251012974098365,0.0007129025296326488,9.210766298856206e-06,1.1561780856671695e-05
209,0.0,0.63,0.0,0.18,0.68,0.1445643861355069,0.41577836871147156,263.44532374667574,0.2,0.0,0.0,0.0,0.0,0.0,0.0,0.0,0.0,0.0,0.0,0.0,0.0,0.0,0.0,0.0,0.0,0.0,0.0,0.0,0.0,0.5145863286139498,0.6300000239052749,0.39529529514910683,0.1800096101091553,0.6799999999999999,0.7125698159209184,8.838189298619959e-06,2.49935088339804e-25,1.6723280501500632e-20,1.1189629779058589e-15,7.487036684050088e-11,1.8796579835482622e-08,0.0,0.0,0.0,0.0,0.0,0.0,0.0,0.0,0.0,0.0,0.0,0.0,0.0,0.0,0.0009415639485428463,0.022535866207764543,0.010147290381485978,0.029023215469766623,0.005777732089165729,0.0009228621047910553,5.019540067193026e-05,5.843546916815948e-05,6.318564892657892e-05,0.0040311069146962,0.002634406717014332,0.005570277707066366,0.002228448880802488,0.0012659575200439726,5.715995732177906e-06,9.419739623039605e-06
210,0.0,0.63,0.0,0.18,0.68,0.09150917566808918,0.2941589951515198,263.4453199464423,0.2,0.0,0.0,0.0,0.0,0.0,0.0,0.0,0.0,0.0,0.0,0.0,0.0,0.0,0.0,0.0,0.0,0.0,0.0,0.0,0.0,0.3782937555094982,0.6300000134997419,0.22323041671510652,0.18000542700279448,0.6799999999999999,0.5286497136696447,5.6668736475066135e-06,1.6025347702399055e-25,1.0722639487775262e-20,7.1745711681241735e-16,4.800541089268555e-11,6.187702276612355e-09,0.0,0.0,0.0,0.0,0.0,0.0,0.0,0.0,0.0,0.0,0.0,0.0,0.0,0.0,0.00036364432043453984,0.017457518554190272,0.007760863680078427,0.01887493892951967,0.0019210838331331203,0.0005503692368662956,4.506239431384415e-05,4.2806580905967483e-05,0.0005779196281083066,0.0050783476535742715,0.0023864267014075506,0.010148276540246953,0.003856648256032609,0.0003724928679247597,5.133006358086109e-06,1.5628888262191997e-05
211,0.0,0.63,0.0,0.18,0.68,0.046930312589252406,0.16857606172561646,263.4453178003816,0.2,0.0,0.0,0.0,0.0,0.0,0.0,0.0,0.0,0.0,0.0,0.0,0.0,0.0,0.0,0.0,0.0,0.0,0.0,0.0,0.0,0.2780994315238412,0.6300000076235489,0.12606226170236445,0.18000306472682623,0.6799999999999999,0.4107237510680962,3.633488246491764e-06,1.0275138664549307e-25,6.875146151766112e-21,4.60019432839621e-16,3.0780128002911694e-11,2.0369482001038008e-09,0.0,0.0,0.0,0.0,0.0,0.0,0.0,0.0,0.0,0.0,0.0,0.0,0.0,0.0,0.0014786367825756373,0.01065280964212514,0.004082543771471203,0.009330350206282862,0.001804319909307502,0.00032108250425022235,2.554020521481835e-05,3.0450666747723884e-05,0.0011149924621410975,0.006804708912065131,0.0036783199086072244,0.009544588723236809,0.0001167639238256182,0.0002292867326160732,1.9522189099025803e-05,1.23559141582436e-05
212,0.0,0.63,0.0,0.18,0.68,0.03410625419175513,0.12532000243663788,263.4453165884623,0.2,0.0,0.0,0.0,0.0,0.0,0.0,0.0,0.0,0.0,0.0,0.0,0.0,0.0,0.0,0.0,0.0,0.0,0.0,0.0,0.0,0.2044424278421424,0.6300000043051562,0.07118964368460992,0.18000173070677777,0.6799999999999999,0.335111936561259,2.329721405241264e-06,6.58821740010737e-26,4.408208880102104e-21,2.9495543863343564e-16,1.9735614428830643e-11,6.705490640021058e-10,0.0,0.0,0.0,0.0,0.0,0.0,0.0,0.0,0.0,0.0,0.0,0.0,0.0,0.0,0.0030205351206059098,0.006923865904629898,0.0024529148515840308,0.005925418501849279,0.0010212474762584735,0.00021161269831016609,2.509871036203008e-05,2.211688678229081e-05,0.0015418983380302725,0.003728943737495242,0.0016296289198871722,0.0034049317044335826,0.0007830724330490286,0.00010946980594005626,4.414948527882712e-07,8.333779965433073e-06
213,1.0,0.63,0.7,0.28,0.68,0.01613972442387274,0.05443304404616356,263.4453159040695,0.0,0.65,0.0,0.0,0.0,0.0,0.0,0.0,0.0,0.0,0.0,0.0,0.0,0.0,0.0,0.0,1.0,0.0,0.0,0.0,0.0,0.311238738372401,0.6300000024311998,0.344899396482543,0.22352916516070537,0.6799999999999999,0.21486720165186235,0.23323424129220505,4.2242357916618295e-26,2.826457082024242e-21,1.8911964271251392e-16,1.2654088925381449e-11,2.2074004985064775e-10,0.0,0.0,0.0,0.0,0.0,0.0,0.0,0.0,0.0,0.6708070121920944,0.0,0.0,0.0,0.0,0.001047679739148757,0.0045723934689104115,0.0031003540158421315,0.001467348719306448,0.0004231031591431326,0.0002490946788401444,0.00020912914078220342,0.00030713062694795923,0.0019728553814571527,0.002351472435719487,0.0006474391642581007,0.004458069782542831,0.0005981443171153408,3.748198052997833e-05,0.00018403043042017334,0.0002850137401656684
214,1.0,0.63,0.7,0.28,0.68,0.033803219430862376,0.08914598822593689,263.4453155175804,0.0,0.65,0.0,0.0,0.0,0.0,0.0,0.0,0.0,0.0,0.0,0.0,0.0,0.0,0.0,0.0,1.0,0.0,0.0,0.0,0.0,0.45435885553486044,0.6300000013729425,0.4994682540577997,0.24810989620134322,0.6799999999999999,0.1377686358159985,0.3827779689474313,2.708497145717449e-26,1.8122688497328996e-21,1.2125980597414393e-16,8.113553652403265e-12,7.266607653920076e-11,0.0,0.0,0.0,0.0,0.0,0.0,0.0,0.0,0.0,0.8916319767781041,0.0,0.0,0.0,0.0,0.0027191221231063164,0.009940229358501189,0.006450402533124682,0.0008415122320786738,0.0003368690291764849,0.00042892056535334704,0.00035531599350552425,0.0005965519833599605,0.0016714423839575593,0.005367835889590777,0.00335004851728255,0.0006258364872277742,8.623412996664772e-05,0.00017982588651320263,0.00014618685272332083,0.00028942135641200125
215,1.0,0.63,0.7,0.28,0.68,0.038463089453718444,0.12091614305973053,263.4453152993231,0.0,0.65,0.0,0.0,0.0,0.0,0.0,0.0,0.0,0.0,0.0,0.0,0.0,0.0,0.0,0.0,1.0,0.0,0.0,0.0,0.0,0.555026954799789,0.6300000007753256,0.5867560890285836,0.26199108047219005,0.6799999999999999,0.08833454742596687,0.4786624743326726,1.7366352519525373e-26,1.1619912450112476e-21,7.774940949544253e-17,5.202251482395202e-12,2.3921162848217456e-11,0.0,0.0,0.0,0.0,0.0,0.0,0.0,0.0,0.0,0.9643260066527476,0.0,0.0,0.0,0.0,0.005267545399330489,0.014552463032379708,0.00687368083964372,0.0005067110499988566,0.0002344335012803613,0.0005775532749176939,0.0005337195866900143,0.0008404101460059829,0.0025484232762241726,0.004612233673878519,0.00042327830651903847,0.0003348011820798172,0.0001024355278961236,0.0001486327095643469,0.00017840359318449002,0.00024385816264602242
216,1.0,0.63,0.7,0.28,0.68,0.04892899590642916,0.117510586977005,263.44531517606924,0.0,0.65,0.0,0.0,0.0,0.0,0.0,0.0,0.0,0.0,0.0,0.0,0.0,0.0,0.0,0.0,1.0,0.0,0.0,0.0,0.0,0.6166320674951953,0.6300000004378404,0.6360491112674078,0.26983003678486633,0.6799999999999999,0.05663837943036569,0.5401417387399957,1.11349646540808e-26,7.450459978285183e-22,4.9851396580487446e-17,3.3355816261924628e-12,7.874679069844175e-12,0.0,0.0,0.0,0.0,0.0,0.0,0.0,0.0,0.0,0.9882563715429786,0.0,0.0,0.0,0.0,0.0009210505394299519,0.018194659926248368,0.0016991871915193334,0.0002907819331234991,0.0002057707309091447,0.0015421325522883603,0.0005852000248565614,0.0010224129680231015,0.004346494859900537,0.00364219689386866,0.005174493648124386,0.0002159291168753575,2.8662770371216598e-05,0.0009645792773706664,5.1480438166547115e-05,0.00018200282201711855
217,1.0,0.63,0.7,0.18,0.68,0.08094432672387564,0.16993850469589233,263.4453151064655,0.0,1.0,0.0,0.0,0.0,0.0,0.0,0.0,0.0,0.0,0.0,0.0,0.0,0.0,0.0,0.0,0.0,0.0,0.0,0.0,0.0,0.6525613744232773,0.6300000002472564,0.6638857742142034,0.23072864967303763,0.6799999999999999,0.036315418123205025,0.7051479014225869,7.139520962057343e-27,4.777088822858724e-22,3.196373782325265e-17,2.138709522721903e-12,2.5922891310303833e-12,0.0,0.0,0.0,0.0,0.0,0.0,0.0,0.0,0.0,0.3253270676684328,0.0,0.0,0.0,0.0,0.000701029509626213,0.03460257180987752,0.0028887357762241994,0.0012785341680866863,0.0002966006442235665,0.002307865725314913,0.00025637371744994966,0.00042153478122027406,0.00022002102980373884,0.01640791188362915,0.001189548584704866,0.000987752234963187,9.082991331442177e-05,0.0007657331730265525,0.0003288263074066117,0.0006008781868028273
218,1.0,0.63,0.7,0.18,0.68,0.09799922110925915,0.1985163539648056,263.4453150671591,0.0,1.0,0.0,0.0,0.0,0.0,0.0,0.0,0.0,0.0,0.0,0.0,0.0,0.0,0.0,0.0,0.0,0.0,0.0,0.0,0.0,0.6731244554252376,0.6300000001396302,0.6796056422364807,0.20864738777534733,0.6799999999999999,0.02328473389823281,0.810946616904747,4.57772082365573e-27,3.0629756670049515e-22,2.0494521833186367e-17,1.3712986025176726e-12,8.533634043058512e-13,0.0,0.0,0.0,0.0,0.0,0.0,0.0,0.0,0.0,0.10709538942055608,0.0,0.0,0.0,0.0,0.0006293193512916053,0.040737955962191874,0.003031229865129246,0.001013147482071716,0.00042622944949471096,0.001909593707220638,0.00011323454888858163,0.00018315274145012825,7.171015833460769e-05,0.006135384152314356,0.00014249408890504647,0.00026538668601497036,0.00012962880527114448,0.00039827201809427486,0.00014313916856136802,0.00023838203977014582
219,1.0,0.63,0.7,0.18,0.68,0.10746465732855423,0.2070595920085907,263.44531504496194,0.0,1.0,0.0,0.0,0.0,0.0,0.0,0.0,0.0,0.0,0.0,0.0,0.0,0.0,0.0,0.0,0.0,0.0,0.0,0.0,0.0,0.6848022606563068,0.6300000000788517,0.688482936584231,0.1961776990249222,0.6799999999999999,0.014929714725357044,0.8787826783929886,2.935144815835473e-27,1.9639199279217341e-22,1.314068546968862e-17,8.792497706157353e-13,2.8092124874936894e-13,0.0,0.0,0.0,0.0,0.0,0.0,0.0,0.0,0.0,0.035255051223804026,0.0,0.0,0.0,0.0,0.00046047308127497225,0.04527602981811914,0.003442995476906661,0.0006414031067334592,0.0005363564042541738,0.002482410437063521,8.493840311329008e-05,0.00010791626032788818,0.00016884627001663308,0.004538073855927263,0.0004117656117774153,0.0003717443753382567,0.00011012695475946289,0.0005728167298428828,2.8296145775291552e-05,7.523648112224007e-05
220,1.0,0.63,0.7,0.18,0.68,0.11316048688123141,0.22922196984291077,263.44531503242683,0.0,1.0,0.0,0.0,0.0,0.0,0.0,0.0,0.0,0.0,0.0,0.0,0.0,0.0,0.0,0.0,0.0,0.0,0.0,0.0,0.0,0.6914126166309418,0.6300000000445289,0.6934961055768026,0.18913583981176083,0.6799999999999999,0.009572640286752842,0.9222778306475777,1.8819572931155564e-27,1.259226942230186e-22,8.42554981369081e-18,5.637577094503457e-13,9.247730521453263e-14,0.0,0.0,0.0,0.0,0.0,0.0,0.0,0.0,0.0,0.011605715647684808,0.0,0.0,0.0,0.0,0.0005175664448515218,0.048367286188707295,0.004937392078331897,0.0005017373880751332,0.000497850016458048,0.0029435615247850005,8.297435589832209e-05,8.135113956358352e-05,5.7093363576549594e-05,0.003091256370588158,0.0014943966014252358,0.00013966571865832607,3.850638779612583e-05,0.00046115108772147974,1.964047214967989e-06,2.6565120764304658e-05
221,1.0,0.63,0.7,0.18,0.68,0.12467102126323462,0.2592639625072479,263.44531502534807,0.0,1.0,0.0,0.0,0.0,0.0,0.0,0.0,0.0,0.0,0.0,0.0,0.0,0.0,0.0,0.0,0.0,0.0,0.0,0.0,0.0,0.695149364024782,0.6300000000251463,0.6963271329555952,0.18515917430146128,0.6799999999999999,0.006137789217360419,0.9501660692649951,1.2066741082084184e-27,8.073916199406146e-23,5.4022973022782054e-18,3.614703871257542e-13,3.044288040799561e-14,0.0,0.0,0.0,0.0,0.0,0.0,0.0,0.0,0.0,0.0038205202097103246,0.0,0.0,0.0,0.0,0.00015427470850965042,0.05204213132075303,0.006849283546811428,0.0006198337509508252,0.0005498300501047584,0.002590513832805101,7.816418762625236e-05,6.820477595299802e-05,0.00036329173634187144,0.0036748451320457315,0.001911891468479531,0.000118096362875692,5.198003364671039e-05,0.0003530476919798996,4.81016827206973e-06,1.3146363610585501e-05
222,1.0,0.63,0.7,0.18,0.68,0.15576355660790817,0.3363403379917145,263.44531502135055,0.0,1.0,0.0,0.0,0.0,0.0,0.0,0.0,0.0,0.0,0.0,0.0,0.0,0.0,0.0,0.0,0.0,0.0,0.0,0.0,0.0,0.6972604739831817,0.6300000000142006,0.6979258654202996,0.1829134792226319,0.6799999999999999,0.003935430074488341,0.9680474609343381,7.736957734094428e-28,5.176836724886136e-23,3.4638470826888355e-18,2.3176772322321714e-13,1.0021582758986828e-14,0.0,0.0,0.0,0.0,0.0,0.0,0.0,0.0,0.0,0.001257688462815028,0.0,0.0,0.0,0.0,0.000959011504929786,0.06471081069133824,0.006918004591371316,0.0007754492749692451,0.0009992928153022876,0.002715362513782001,7.60591124956234e-05,7.240832010905256e-05,0.0008047367964201356,0.012668679370585217,6.872104455988778e-05,0.00015561552401841992,0.00044946276519752923,0.0001248486809769002,2.1050751306289666e-06,4.20354415605454e-06
223,1.0,0.63,0.7,0.18,0.68,0.20220893658797687,0.42198503017425537,263.4453150190931,0.0,1.0,0.0,0.0,0.0,0.0,0.0,0.0,0.0,0.0,0.0,0.0,0.0,0.0,0.0,0.0,0.0,0.0,0.0,0.0,0.0,0.6984528719568851,0.6300000000080194,0.6988286986153602,0.1816452945151133,0.6799999999999999,0.0025233205837993595,0.9795126585905556,4.960785565212807e-28,3.3192861821009464e-23,2.2209508179403925e-18,1.4860491880178856e-13,3.2990347709950678e-15,0.0,0.0,0.0,0.0,0.0,0.0,0.0,0.0,0.0,0.0004140222228056111,0.0,0.0,0.0,0.0,0.002087206314014002,0.0886074365190128,0.007870048800673093,0.0010181727627253763,0.00157447843922815,0.0038978411845639323,7.446822166505936e-05,7.802335824539852e-05,0.0011281948090842162,0.02389662582767456,0.0009520442093017773,0.0002427234877561312,0.0005751856239258623,0.0011824786707819311,1.5908908305640361e-06,5.615038136345962e-06
224,1.0,0.63,0.7,0.18,0.68,0.23300793154906868,0.43086519837379456,263.44531501781825,0.0,1.0,0.0,0.0,0.0,0.0,0.0,0.0,0.0,0.0,0.0,0.0,0.0,0.0,0.0,0.0,0.0,0.0,0.0,0.0,0.0,0.6991262924473662,0.6300000000045287,0.6993385448817612,0.18092912762872446,0.6799999999999999,0.0016179036720537733,0.9868639184771953,3.1807584156208593e-28,2.128261203549666e-23,1.4240301081308463e-18,9.528255955993266e-14,1.086019113146036e-15,0.0,0.0,0.0,0.0,0.0,0.0,0.0,0.0,0.0,0.0001362932125442495,0.0,0.0,0.0,0.0,0.0021976360804232117,0.09937984507942316,0.009348822678482561,0.0009164543074437375,0.0008558336195000508,0.004294306082828379,7.478527338852536e-05,7.974135209086289e-05,0.00011042976640920953,0.010772408560410354,0.0014787738778094684,0.00010171845528163877,0.0007186448197280991,0.0003964648982644468,3.170517234659954e-07,1.7179938454643645e-06
225,1.0,0.63,0.7,0.18,0.68,0.23306534051956337,0.4403366446495056,263.4453150170983,0.0,1.0,0.0,0.0,0.0,0.0,0.0,0.0,0.0,0.0,0.0,0.0,0.0,0.0,0.0,0.0,0.0,0.0,0.0,0.0,0.0,0.6995065976030752,0.6300000000025574,0.6996264643078357,0.1805246952095988,0.6799999999999999,0.0010373681048896884,0.9915774021467606,2.0394399164296297e-28,1.3645993451723774e-23,9.130601778672864e-19,6.109330854923791e-14,3.575098766730355e-16,0.0,0.0,0.0,0.0,0.0,0.0,0.0,0.0,0.0,4.4866769855379424e-05,0.0,0.0,0.0,0.0,0.001336852530386442,0.09662111949368508,0.011430191536728205,0.0010413977197141712,0.001115376722657806,0.004084659232367811,7.378103212604827e-05,7.533504223639396e-05,0.0008607835500367698,0.0027587255857380727,0.002081368858245643,0.0001249434122704337,0.0002595431031577551,0.00020964685046056825,1.0042412624770841e-06,4.406309854468931e-06
226,1.0,0.63,0.7,0.18,0.68,0.16637982486859637,0.38274264335632324,263.4453150166917,0.0,1.0,0.0,0.0,0.0,0.0,0.0,0.0,0.0,0.0,0.0,0.0,0.0,0.0,0.0,0.0,0.0,0.0,0.0,0.0,0.0,0.6997213657883102,0.6300000000014442,0.6997890576254181,0.1802963048933911,0.6799999999999999,0.0006651400844380163,0.9945995954368707,1.3076488777959043e-28,8.749543381888866e-24,5.854362795048701e-19,3.9171831306071434e-14,1.176897444728324e-16,0.0,0.0,0.0,0.0,0.0,0.0,0.0,0.0,0.0,1.4769826021982026e-05,0.0,0.0,0.0,0.0,0.0034632493052093563,0.06817122382592805,0.012919233214108396,0.0009465923696796225,0.0003636247413493097,0.003311879174954188,7.474622874917495e-05,7.68170938914481e-05,0.002126396774822914,0.028449895667757033,0.0014890416773801918,9.480535003454865e-05,0.0007517519813084962,0.0007727800574136227,9.65196623126677e-07,1.482051655054146e-06
227,1.0,0.63,0.7,0.18,0.68,0.12352344741722499,0.2214638739824295,263.4453150164622,0.0,1.0,0.0,0.0,0.0,0.0,0.0,0.0,0.0,0.0,0.0,0.0,0.0,0.0,0.0,0.0,0.0,0.0,0.0,0.0,0.0,0.6998426499867653,0.6300000000008156,0.6998808770183742,0.18016732874293753,0.6799999999999999,0.00042647477770030014,0.9965373665045338,8.384388153951722e-29,5.610035624184242e-24,3.7537026109392013e-19,2.5116210012339538e-14,3.874263861736064e-17,0.0,0.0,0.0,0.0,0.0,0.0,0.0,0.0,0.0,4.862123157579216e-06,0.0,0.0,0.0,0.0,0.0016976879615085178,0.051662127442419756,0.008173777795374683,0.0006190024205176279,0.00025786103879571877,0.002021231152904495,7.670076692958983e-05,6.565248757552196e-05,0.0017655613437008385,0.016509096383508295,0.0047454554187337135,0.00032758994916199464,0.00010576370255359092,0.001290648022049693,1.9545381804148806e-06,1.116460631592614e-05
228,1.0,0.63,0.7,0.18,0.68,0.10314809545692268,0.19558334350585938,263.4453150163325,0.0,1.0,0.0,0.0,0.0,0.0,0.0,0.0,0.0,0.0,0.0,0.0,0.0,0.0,0.0,0.0,0.0,0.0,0.0,0.0,0.0,0.6999111415422308,0.6300000000004605,0.6999327290935283,0.1800944935734696,0.6799999999999999,0.000273447263621457,0.9977798273103864,5.375905253298275e-29,3.597044820620335e-24,2.406800498132532e-19,1.6104021291600178e-14,1.2753804962010893e-17,0.0,0.0,0.0,0.0,0.0,0.0,0.0,0.0,0.0,1.6005768493335105e-06,0.0,0.0,0.0,0.0,0.0022616865751044156,0.04424420792489867,0.006919224357290671,0.0004557371853606777,0.00020524430039658588,0.001399530264368593,9.744396762334112e-05,6.82191364403176e-05,0.0005639986135958978,0.0074179195175210835,0.001254553438084012,0.00016326523515695018,5.261673839913289e-05,0.0006217008885359022,2.0743200693751292e-05,2.566648864795636e-06
229,1.0,0.63,0.7,0.18,0.68,0.08893859652016209,0.1770559847354889,263.44531501625926,0.0,1.0,0.0,0.0,0.0,0.0,0.0,0.0,0.0,0.0,0.0,0.0,0.0,0.0,0.0,0.0,0.0,0.0,0.0,0.0,0.0,0.6999498200057115,0.63000000000026,0.6999620109000315,0.18005336223335155,0.6799999999999999,0.000175329022703914,0.998576468812492,3.446925018472421e-29,2.3063545952853026e-24,1.5431932782660253e-19,1.0325582627032462e-14,4.1984631613636575e-18,0.0,0.0,0.0,0.0,0.0,0.0,0.0,0.0,0.0,5.268986752482623e-07,0.0,0.0,0.0,0.0,0.0013360688676759644,0.03612615037774367,0.005510261308198385,0.00031674687113321067,0.00017651543898611203,0.0012278314211512178,6.538461210575722e-05,6.908945522019478e-05,0.0009256177074284512,0.008118057547155,0.0014089630490922858,0.00013899031422746704,2.872886141047385e-05,0.00017169884321737512,3.2059355517583904e-05,8.703187798771801e-07
230,1.0,0.63,0.7,0.18,0.68,0.0983005714188448,0.1980045586824417,263.44531501621793,0.0,1.0,0.0,0.0,0.0,0.0,0.0,0.0,0.0,0.0,0.0,0.0,0.0,0.0,0.0,0.0,0.0,0.0,0.0,0.0,0.0,0.6999716624447733,0.6300000000001469,0.699978546866809,0.18003013462020442,0.6799999999999999,0.00011241753088033991,0.9990872597202515,2.2101007222330757e-29,1.4787893352622411e-24,9.894652655811052e-20,6.620561079566265e-15,1.3821046322907276e-18,0.0,0.0,0.0,0.0,0.0,0.0,0.0,0.0,0.0,1.7345134917700286e-07,0.0,0.0,0.0,0.0,0.0016020925520096297,0.04137638774054813,0.0076085323496486385,0.0003924983657740751,0.0002155800299092375,0.0018145391447270632,8.305175596253693e-05,6.326338410265377e-05,0.00026602368433366525,0.005250237362804458,0.0020982710414502535,7.575149464086444e-05,3.906459092312546e-05,0.0005867077235758454,1.766714385677971e-05,5.826071117541009e-06
231,1.0,0.63,0.7,0.18,0.68,0.11129992132009026,0.22409386932849884,263.44531501619457,0.0,1.0,0.0,0.0,0.0,0.0,0.0,0.0,0.0,0.0,0.0,0.0,0.0,0.0,0.0,0.0,0.0,0.0,0.0,0.0,0.0,0.6999839972682896,0.6300000000000829,0.6999878850269132,0.18001701756612926,0.6799999999999999,7.207991611619277e-05,0.9994147688328952,1.4170732395507265e-29,9.481707203895181e-25,6.344257233232412e-20,4.2449739246205375e-15,4.549791533669313e-19,0.0,0.0,0.0,0.0,0.0,0.0,0.0,0.0,0.0,5.709896787488989e-08,0.0,0.0,0.0,0.0,0.0018019561648499852,0.04497752107560607,0.011214487208017728,0.0003189975505442478,0.0002144130696631537,0.0023454968529457985,0.00013627276821425908,6.470125174146338e-05,0.0001998636128403555,0.003601133335057939,0.00360595485836909,7.350081522982733e-05,1.1669602460837741e-06,0.0005309577082187353,5.322101225172215e-05,1.4378676388096144e-06
232,0.0,0.63,0.0,0.18,0.68,0.09696245472160792,0.23695600032806396,263.44531501618144,0.0,0.2,0.0,0.0,0.0,0.0,0.0,0.0,0.0,0.0,0.0,0.0,0.0,0.0,0.0,0.0,0.0,0.0,0.0,0.0,0.0,0.514587272142296,0.6300000000000469,0.39529584386058175,0.18000961012798566,0.6799999999999999,4.621622861337902e-05,0.7125690719969181,9.08599570168829e-30,6.079484707972612e-25,4.0678133171035074e-20,2.7217940298632254e-15,1.4977594688717145e-19,0.0,0.0,0.0,0.0,0.0,0.0,0.0,0.0,0.0,1.8796579835482622e-08,0.0,0.0,0.0,0.0,0.0022109520828350526,0.03545203015225265,0.0147427520749448,0.0002096967382565354,0.00022445746397392968,0.0018244554796651,7.361569686945757e-05,5.649777850063272e-05,0.0004089959179850674,0.009525490923353419,0.0035282648669270715,0.00010930081228771238,1.0044394310775967e-05,0.0005210413732806985,6.26570713448015e-05,8.203473240830667e-06
233,0.0,0.63,0.0,0.18,0.68,0.07094261146952732,0.16906794905662537,263.44531501617394,0.0,0.2,0.0,0.0,0.0,0.0,0.0,0.0,0.0,0.0,0.0,0.0,0.0,0.0,0.0,0.0,0.0,0.0,0.0,0.0,0.0,0.3782944491363236,0.6300000000000264,0.22323072658242016,0.1800054270134283,0.6799999999999999,2.9632939414093942e-05,0.5286492366801654,5.825762253281396e-30,3.8980463665118484e-25,2.608202122720969e-20,1.7451609532940344e-15,4.9305191457546156e-20,0.0,0.0,0.0,0.0,0.0,0.0,0.0,0.0,0.0,6.187702276612355e-09,0.0,0.0,0.0,0.0,0.0037687293160303817,0.024028979744410244,0.013863171086958842,0.00018748600971456365,0.00015493602756208558,0.0015330903645517382,4.4196132869691075e-05,4.2898477022425394e-05,0.0015577772331953291,0.011423050407842406,0.0008795809879859583,2.221072854197175e-05,6.95214364118441e-05,0.0002913651151133618,2.9419563999766497e-05,1.3599301478207324e-05
234,0.0,0.63,0.0,0.18,0.68,0.056818824755627016,0.12721000611782074,263.4453150161698,0.0,0.2,0.0,0.0,0.0,0.0,0.0,0.0,0.0,0.0,0.0,0.0,0.0,0.0,0.0,0.0,0.0,0.0,0.0,0.0,0.0,0.2780999414376926,0.6300000000000149,0.1260624366900519,0.18000306473283134,0.6799999999999999,1.9000059603850065e-05,0.41072344523179655,3.735364504459533e-30,2.49935088339804e-25,1.6723280501500632e-20,1.1189629779058589e-15,1.6230923290350443e-20,0.0,0.0,0.0,0.0,0.0,0.0,0.0,0.0,0.0,2.0369482001038008e-09,0.0,0.0,0.0,0.0,0.0035991655972743095,0.016849609508124443,0.014008142553845134,0.00016257715182512033,0.00012102425485387512,0.0008092658619501645,3.9694060216892585e-05,2.8013849103938315e-05,0.0001695637187560722,0.007179370236285801,0.00014497146688629246,2.490885788944332e-05,3.391177270821047e-05,0.0007238245026015736,4.5020726527984894e-06,1.4884627918487078e-05
235,0.0,0.63,0.0,0.18,0.68,0.04245025643174858,0.10037754476070404,263.44531501616734,0.0,0.2,0.0,0.0,0.0,0.0,0.0,0.0,0.0,0.0,0.0,0.0,0.0,0.0,0.0,0.0,0.0,0.0,0.0,0.0,0.0,0.2044428027009661,0.6300000000000084,0.07118974250332816,0.18000173071016898,0.6799999999999999,1.2182465596988874e-05,0.33511174046502157,2.3950424638968287e-30,1.6025347702399055e-25,1.0722639487775262e-20,7.1745711681241735e-16,5.343106132831385e-21,0.0,0.0,0.0,0.0,0.0,0.0,0.0,0.0,0.0,6.705490640021058e-10,0.0,0.0,0.0,0.0,0.003726963024413518,0.014001206436987811,0.010483367960758182,0.00012040235083973377,0.00010445370425052919,0.0005855455913590549,2.574595835209689e-05,2.2691878253709212e-05,0.00012779742713920836,0.0028484030711366324,0.0035247745930869524,4.217480098538656e-05,1.657055060334593e-05,0.0002237202705911097,1.3948101864795695e-05,5.321970850229103e-06
236,1.0,0.63,0.7,0.28,0.68,0.03340502714692058,0.1340879201889038,263.44531501616603,0.0,0.0,0.65,0.0,0.0,0.0,0.0,0.0,0.0,0.0,0.0,0.0,1.0,0.0,0.0,0.0,0.0,0.0,0.0,0.0,0.0,0.3112388706387683,0.6300000000000048,0.34489945228726393,0.22352916516262045,0.6799999999999999,7.811158023511885e-06,0.21486707591880067,0.2332327475205295,1.0275138664549307e-25,6.875146151766112e-21,4.60019432839621e-16,1.758913072041508e-21,0.0,0.0,0.0,0.0,0.0,0.6708070121920944,0.0,0.0,0.0,2.2074004985064775e-10,0.0,0.0,0.0,0.0,0.003708066924251536,0.008080323159149451,0.003574276690646028,0.001152284836285791,0.0005961115974468441,0.0006663124405515106,0.0006815790564805588,0.0006118278049373205,1.8896100161982024e-05,0.00592088327783836,0.006909091270112154,0.0010318824854460573,0.0004916578931963149,8.076684919245574e-05,0.0006558330981284619,0.0005891359266836112
237,1.0,0.63,0.7,0.28,0.68,0.017818627880767993,0.05128851160407066,263.44531501616524,0.0,0.0,0.65,0.0,0.0,0.0,0.0,0.0,0.0,0.0,0.0,0.0,1.0,0.0,0.0,0.0,0.0,0.0,0.0,0.0,0.0,0.45435891119422195,0.6300000000000027,0.49946828557173695,0.24810989620242468,0.6799999999999999,5.008361335603107e-06,0.13776855519842515,0.38277701117032814,6.58821740010737e-26,4.408208880102104e-21,2.9495543863343564e-16,5.790218494797261e-22,0.0,0.0,0.0,0.0,0.0,0.8916319767781041,0.0,0.0,0.0,7.266607653920076e-11,0.0,0.0,0.0,0.0,0.003441524119202429,0.006326879656982212,0.001821716211280707,0.001505938290310608,5.0880264596187985e-05,0.0001779378894421326,4.6615832622197283e-05,4.5845998016120185e-05,0.00026654280504910706,0.0017534435021672387,0.001752560479365321,0.0003536534540248171,0.0005452313328506562,0.0004883745511093779,0.0006349632238583615,0.0005659818069212003
238,1.0,0.63,0.7,0.28,0.68,0.01961692426841577,0.06206722930073738,263.4453150161649,0.0,0.0,0.65,0.0,0.0,0.0,0.0,0.0,0.0,0.0,0.0,0.0,1.0,0.0,0.0,0.0,0.0,0.0,0.0,0.0,0.0,0.5550269816701565,0.6300000000000016,0.586756106825075,0.2619910804728008,0.6799999999999999,3.2112630665595666e-06,0.08833449573555988,0.4786618602247776,4.2242357916618295e-26,2.826457082024242e-21,1.8911964271251392e-16,1.906099326362904e-22,0.0,0.0,0.0,0.0,0.0,0.9643260066527476,0.0,0.0,0.0,2.3921162848217456e-11,0.0,0.0,0.0,0.0,0.0030026555786229563,0.006020455483944298,0.0036113189468106217,0.0018001733705692686,7.033296174491853e-05,0.00010733633893734027,6.026967999943163e-05,7.043230540467775e-05,0.0004388685405794725,0.0003064241730379143,0.0017896027355299147,0.0002942350802586605,1.9452697148730545e-05,7.060155050479233e-05,1.3653847377234346e-05,2.4586307388557565e-05
239,1.0,0.63,0.7,0.28,0.68,0.053855571840560335,0.206216499209404,263.4453150161646,0.0,0.0,0.65,0.0,0.0,0.0,0.0,0.0,0.0,0.0,0.0,0.0,1.0,0.0,0.0,0.0,0.0,0.0,0.0,0.0,0.0,0.6166320815762146,0.6300000000000009,0.636049121317409,0.2698300367852112,0.6799999999999999,2.05899890036743e-06,0.056638346287490454,0.540141344986057,2.708497145717449e-26,1.8122688497328996e-21,1.2125980597414393e-16,6.274745323040407e-23,0.0,0.0,0.0,0.0,0.0,0.9882563715429786,0.0,0.0,0.0,7.874679069844175e-12,0.0,0.0,0.0,0.0,0.0018837611765544333,0.009761000747657454,0.00954826990596644,0.0082045340136931,0.0019308522810423888,0.0004845566558179898,7.953304485873794e-05,7.466740758357341e-05,0.001118894402068523,0.003740545263713156,0.005936950959155819,0.0064043606431238315,0.0018605193192974703,0.0003772203168806495,1.926336485930631e-05,4.235102178895664e-06
240,1.0,0.63,0.7,0.18,0.68,0.13230968295789255,0.4050738513469696,263.44531501616456,0.0,0.0,1.0,0.0,0.0,0.0,0.0,0.0,0.0,0.0,0.0,0.0,0.0,0.0,0.0,0.0,0.0,0.0,0.0,0.0,0.0,0.6525613821131063,0.6300000000000006,0.6638857798896212,0.23072864967323242,0.6799999999999999,1.3201897147144382e-06,0.03631539687264341,0.7051476489552836,1.7366352519525373e-26,1.1619912450112476e-21,7.774940949544253e-17,2.0656021606253535e-23,0.0,0.0,0.0,0.0,0.0,0.3253270676684328,0.0,0.0,0.0,2.5922891310303833e-12,0.0,0.0,0.0,0.0,0.002495043148286057,0.03005919918909969,0.02385889842138253,0.020611214068490667,0.0038342271820300177,0.0009879845777545622,6.30404142294267e-05,6.848663388646245e-05,0.0006112819717316235,0.020298198441442233,0.014310628515416089,0.012406680054797567,0.001903374900987629,0.0005034279219365724,1.649263062931124e-05,6.180773697110961e-06
241,1.0,0.63,0.7,0.18,0.68,0.17322771092112407,0.4900776445865631,263.44531501616444,0.0,0.0,1.0,0.0,0.0,0.0,0.0,0.0,0.0,0.0,0.0,0.0,0.0,0.0,0.0,0.0,0.0,0.0,0.0,0.0,0.0,0.6731244597050401,0.6300000000000003,0.679605645441492,0.20864738777545733,0.6799999999999999,8.464797540818345e-07,0.02328472027278946,0.8109464550276634,1.11349646540808e-26,7.450459978285183e-22,4.9851396580487446e-17,6.799817468787256e-24,0.0,0.0,0.0,0.0,0.0,0.10709538942055608,0.0,0.0,0.0,8.533634043058512e-13,0.0,0.0,0.0,0.0,0.0025439891740816002,0.04908731829030732,0.02904293615711011,0.02734045767837763,0.0024432382325634645,0.0010057696156979311,7.682251388812374e-05,6.365343526192429e-05,4.894602579554345e-05,0.01902811910120763,0.005184037735727582,0.006729243609886963,0.0013909889494665532,1.7785037943368913e-05,1.3782099658697037e-05,4.833198624538162e-06
242,1.0,0.63,0.7,0.18,0.68,0.1752285221235322,0.4891837239265442,263.4453150161644,0.0,0.0,1.0,0.0,0.0,0.0,0.0,0.0,0.0,0.0,0.0,0.0,0.0,0.0,0.0,0.0,0.0,0.0,0.0,0.0,0.0,0.6848022630581427,0.6300000000000002,0.688482938394159,0.1961776990249843,0.6799999999999999,5.427462175202832e-07,0.014929705988989985,0.8787825746005773,7.139520962057343e-27,4.777088822858724e-22,3.196373782325265e-17,2.2384522290984665e-24,0.0,0.0,0.0,0.0,0.0,0.035255051223804026,0.0,0.0,0.0,2.8092124874936894e-13,0.0,0.0,0.0,0.0,0.001096598355975166,0.04827523894476757,0.029119899144482545,0.023833665105734796,0.000893321669452865,0.0009031359931833353,6.612051418867849e-05,6.619840974740039e-05,0.0014473908181064342,0.0008120793455397499,7.696298737243368e-05,0.003506792572642834,0.0015499165631105995,0.00010263362251459584,1.0701999699445246e-05,2.5449744854760993e-06
243,1.0,0.63,0.7,0.18,0.68,0.1777557152112643,0.45556873083114624,263.44531501616433,0.0,0.0,1.0,0.0,0.0,0.0,0.0,0.0,0.0,0.0,0.0,0.0,0.0,0.0,0.0,0.0,0.0,0.0,0.0,0.0,0.0,0.6914126179836962,0.6300000000000001,0.6934961065989018,0.18913583981179588,0.6799999999999999,3.479982305685438e-07,0.009572634685165619,0.9222777640979191,4.57772082365573e-27,3.0629756670049515e-22,2.0494521833186367e-17,7.368827773621907e-25,0.0,0.0,0.0,0.0,0.0,0.011605715647684808,0.0,0.0,0.0,9.247730521453263e-14,0.0,0.0,0.0,0.0,0.0008888153172906028,0.054577682073831325,0.03389476129886865,0.018156293405341976,0.0004968822780467157,0.0007309273605933698,6.418736629305046e-05,6.270641634143559e-05,0.00020778303868456327,0.0063024431290637575,0.004774862154386102,0.005677371700392821,0.0003964393914061493,0.00017220863258996552,1.9331478956280325e-06,3.4919934059647996e-06
244,1.0,0.63,0.7,0.18,0.68,0.188910566882473,0.47640982270240784,263.44531501616433,0.0,0.0,1.0,0.0,0.0,0.0,0.0,0.0,0.0,0.0,0.0,0.0,0.0,0.0,0.0,0.0,0.0,0.0,0.0,0.0,0.0,0.6951493647878428,0.6300000000000001,0.6963271335327932,0.1851591743014811,0.6799999999999999,2.2312964064887581e-07,0.006137785625732547,0.9501660265946592,2.935144815835473e-27,1.9639199279217341e-22,1.314068546968862e-17,2.425766431440473e-25,0.0,0.0,0.0,0.0,0.0,0.0038205202097103246,0.0,0.0,0.0,3.044288040799561e-14,0.0,0.0,0.0,0.0,0.0022224389728017426,0.05764184027058538,0.038430110805537536,0.018403509374961508,0.0006360951656560916,0.0005306781437481654,6.523534598675221e-05,5.5709721210559574e-05,0.0013336236555111397,0.003064158196754055,0.004535349506668888,0.0002472159696195325,0.00013921288760937597,0.00020024921684520434,1.0479796937017523e-06,6.996695130876016e-06
245,1.0,0.63,0.7,0.18,0.68,0.1957998700311892,0.4779702425003052,263.44531501616433,0.0,0.0,1.0,0.0,0.0,0.0,0.0,0.0,0.0,0.0,0.0,0.0,0.0,0.0,0.0,0.0,0.0,0.0,0.0,0.0,0.0,0.6972604744138889,0.6300000000000001,0.6979258657462537,0.1829134792226431,0.6799999999999999,1.430663496614824e-07,0.003935427771606987,0.9680474335749556,1.8819572931155564e-27,1.259226942230186e-22,8.42554981369081e-18,7.985452992900103e-26,0.0,0.0,0.0,0.0,0.0,0.001257688462815028,0.0,0.0,0.0,1.0021582758986828e-14,0.0,0.0,0.0,0.0,0.0014553592916332187,0.06668705024759776,0.039021913756712906,0.012763135187260482,0.0004007788703351903,0.0005728742495249793,5.926431915406229e-05,5.646216161834491e-05,0.0007670796811685239,0.00904520997701238,0.00059180295117537,0.005640374187701027,0.00023531629532090137,4.2196105776813836e-05,5.97102683268992e-06,7.524404077853363e-07
246,1.0,0.63,0.7,0.18,0.68,0.18212515311793037,0.41780051589012146,263.44531501616433,0.0,0.0,1.0,0.0,0.0,0.0,0.0,0.0,0.0,0.0,0.0,0.0,0.0,0.0,0.0,0.0,0.0,0.0,0.0,0.0,0.0,0.6984528722000637,0.6300000000000001,0.6988286987994324,0.18164529451511963,0.6799999999999999,9.173133764720499e-08,0.0025233191072369984,0.9795126410482561,1.2066741082084184e-27,8.073916199406146e-23,5.4022973022782054e-18,2.6287551297323675e-26,0.0,0.0,0.0,0.0,0.0,0.0004140222228056111,0.0,0.0,0.0,3.2990347709950678e-15,0.0,0.0,0.0,0.0,0.001212866451412121,0.06832913632256274,0.029063071111146147,0.011199181153687964,0.0002960207504428741,0.00030476095738191794,6.145055841463658e-05,5.775354406112171e-05,0.00024249284022109774,0.0016420860749649796,0.009958842645566759,0.0015639540335725174,0.00010475811989231617,0.0002681132921430613,2.1862392605742935e-06,1.2913824427768e-06
247,1.0,0.63,0.7,0.18,0.68,0.16799788863470924,0.41356343030929565,263.44531501616433,0.0,0.0,1.0,0.0,0.0,0.0,0.0,0.0,0.0,0.0,0.0,0.0,0.0,0.0,0.0,0.0,0.0,0.0,0.0,0.0,0.0,0.6991262925846816,0.6300000000000001,0.69933854498571,0.180929127628728,0.6799999999999999,5.8816334703834215e-08,0.001617902725310945,0.986863907229417,7.736957734094428e-28,5.176836724886136e-23,3.4638470826888355e-18,8.653677553719567e-27,0.0,0.0,0.0,0.0,0.0,0.0001362932125442495,0.0,0.0,0.0,1.086019113146036e-15,0.0,0.0,0.0,0.0,0.0006832079801037061,0.061075544576219484,0.02715816736790385,0.011728581257150848,0.00024014467951248282,0.0003822397976259548,6.0213673692226694e-05,5.783860463589029e-05,0.0005296584713084148,0.007253591746343255,0.001904903743242297,0.0005294001034628834,5.5876070930391286e-05,7.747884024403686e-05,1.2368847224098888e-06,8.506057476857966e-08
248,1.0,0.63,0.7,0.18,0.68,0.15110681694802408,0.37113410234451294,263.44531501616433,0.0,0.0,1.0,0.0,0.0,0.0,0.0,0.0,0.0,0.0,0.0,0.0,0.0,0.0,0.0,0.0,0.0,0.0,0.0,0.0,0.0,0.6995065976806168,0.6300000000000001,0.6996264643665375,0.1805246952096008,0.6799999999999999,3.771188033143064e-08,0.001037367497856754,0.9915773949349056,4.960785565212807e-28,3.3192861821009464e-23,2.2209508179403925e-18,2.8487299694351524e-27,0.0,0.0,0.0,0.0,0.0,4.4866769855379424e-05,0.0,0.0,0.0,3.575098766730355e-16,0.0,0.0,0.0,0.0,0.001145536984882011,0.04783210177948464,0.0281871138233138,0.013302579444563048,0.00027366068630992166,0.00037291290964914554,6.341636949056778e-05,6.193960800004857e-05,0.00046232900477830485,0.013243442796734846,0.0010289464554099487,0.0015739981874122004,3.351600679743884e-05,9.326887976809255e-06,3.202695798341091e-06,4.1010033641582835e-06
249,1.0,0.63,0.7,0.18,0.68,0.14254855863170734,0.389691025018692,263.44531501616433,0.0,0.0,1.0,0.0,0.0,0.0,0.0,0.0,0.0,0.0,0.0,0.0,0.0,0.0,0.0,0.0,0.0,0.0,0.0,0.0,0.0,0.6997213658320987,0.6300000000000001,0.699789057658568,0.1802963048933922,0.6799999999999999,2.4180118079330664e-08,0.0006651396952204037,0.9945995908127707,3.1807584156208593e-28,2.128261203549666e-23,1.4240301081308463e-18,9.377819300962816e-28,0.0,0.0,0.0,0.0,0.0,1.4769826021982026e-05,0.0,0.0,0.0,1.176897444728324e-16,0.0,0.0,0.0,0.0,0.000811523784180969,0.03689324048983182,0.031408028637314844,0.01639542812104974,0.000368762204065751,0.0006200967659517425,6.602499293815714e-05,6.202308909857385e-05,0.0003340132007010419,0.010938861289652817,0.0032209148140010455,0.003092848676486692,9.510151775582936e-05,0.0002471838563025969,2.608623447589357e-06,8.348109852528152e-08
250,1.0,0.63,0.7,0.18,0.68,0.10968697781847081,0.3488258719444275,263.44531501616433,0.0,0.0,1.0,0.0,0.0,0.0,0.0,0.0,0.0,0.0,0.0,0.0,0.0,0.0,0.0,0.0,0.0,0.0,0.0,0.0,0.0,0.6998426500114933,0.6300000000000001,0.6998808770370946,0.18016732874293814,0.6799999999999999,1.5503817502387403e-08,0.0004264745281416001,0.9965373635396516,2.0394399164296297e-28,1.3645993451723774e-23,9.130601778672864e-19,3.087112354806594e-28,0.0,0.0,0.0,0.0,0.0,4.862123157579216e-06,0.0,0.0,0.0,3.874263861736064e-17,0.0,0.0,0.0,0.0,0.0022550599574703897,0.028961891601949973,0.025284770440266953,0.013038880543470544,0.0016020829929930028,0.0007817758550370332,6.050539376204067e-05,6.183950490756082e-05,0.0014435361732894206,0.00793134888788185,0.006123258197047891,0.003356547577579196,0.0012333207889272519,0.00016167908908529076,5.5195991761164705e-06,1.8358419101303686e-07
251,1.0,0.63,0.7,0.18,0.68,0.10301171806604653,0.31079134345054626,263.44531501616433,0.0,0.0,1.0,0.0,0.0,0.0,0.0,0.0,0.0,0.0,0.0,0.0,0.0,0.0,0.0,0.0,0.0,0.0,0.0,0.0,0.0,0.699911141556195,0.6300000000000001,0.6999327291041,0.18009449357346993,0.6799999999999999,9.940743728327884e-09,0.00027344710360931277,0.997779825409362,1.3076488777959043e-28,8.749543381888866e-24,5.854362795048701e-19,1.016255739777482e-28,0.0,0.0,0.0,0.0,0.0,1.6005768493335105e-06,0.0,0.0,0.0,1.2753804962010893e-17,0.0,0.0,0.0,0.0,0.0012679063174939943,0.030055296757026416,0.017258637542621563,0.010631147535171451,0.003427184128941021,0.0006882340217806719,5.713327930926859e-05,5.877878229299771e-05,0.0009871536399763954,0.0010934051550764434,0.00802613289764539,0.0024077330082990928,0.001825101135948018,9.354183325636131e-05,3.372114452772083e-06,3.060722614563111e-06
252,1.0,0.63,0.7,0.18,0.68,0.10284554928020477,0.2896171510219574,263.44531501616433,0.0,0.0,1.0,0.0,0.0,0.0,0.0,0.0,0.0,0.0,0.0,0.0,0.0,0.0,0.0,0.0,0.0,0.0,0.0,0.0,0.0,0.6999498200135973,0.6300000000000001,0.6999620109060015,0.18005336223335175,0.6799999999999999,6.373809925011908e-09,0.0001753289201072652,0.9985764675935924,8.384388153951722e-29,5.610035624184242e-24,3.7537026109392013e-19,3.3454426335428273e-29,0.0,0.0,0.0,0.0,0.0,5.268986752482623e-07,0.0,0.0,0.0,4.1984631613636575e-18,0.0,0.0,0.0,0.0,0.0020791016600945783,0.029898910410876684,0.013059063020906815,0.014943599041533993,0.0036145856657683064,0.0013308340036246003,6.21014548179369e-05,6.55340597947319e-05,0.000811195342600584,0.00015638634614973182,0.004199574521714747,0.004312451506362542,0.00018740153682728555,0.0006425999818439284,4.968175508668312e-06,6.7552775017341895e-06
253,1.0,0.63,0.7,0.18,0.68,0.09758316903107717,0.2996515929698944,263.44531501616433,0.0,0.0,1.0,0.0,0.0,0.0,0.0,0.0,0.0,0.0,0.0,0.0,0.0,0.0,0.0,0.0,0.0,0.0,0.0,0.0,0.0,0.6999716624492265,0.6300000000000001,0.6999785468701804,0.18003013462020453,0.6799999999999999,4.0867619234978345e-09,0.00011241746509738079,0.999087258938717,5.375905253298275e-29,3.597044820620335e-24,2.406800498132532e-19,1.1012962560759116e-29,0.0,0.0,0.0,0.0,0.0,1.7345134917700286e-07,0.0,0.0,0.0,1.3821046322907276e-18,0.0,0.0,0.0,0.0,0.001521346652914469,0.02785805628099937,0.01317201012705857,0.015125206909475636,0.0037419198014005876,0.0018873443970402397,6.322568365028472e-05,6.639714280090453e-05,0.0005577550071801092,0.0020408541298773154,0.00011294710615175445,0.00018160786794164246,0.00012733413563228123,0.0005565103934156393,1.1242288323478169e-06,8.630830061726361e-07
254,1.0,0.63,0.7,0.18,0.68,0.09283466166841375,0.27792128920555115,263.44531501616433,0.0,0.0,1.0,0.0,0.0,0.0,0.0,0.0,0.0,0.0,0.0,0.0,0.0,0.0,0.0,0.0,0.0,0.0,0.0,0.0,0.0,0.6999839972708044,0.6300000000000001,0.699987885028817,0.1800170175661293,0.6799999999999999,2.62035159752909e-09,7.207987393744948e-05,0.9994147683317905,3.446925018472421e-29,2.3063545952853026e-24,1.5431932782660253e-19,3.6253900499928964e-30,0.0,0.0,0.0,0.0,0.0,5.709896787488989e-08,0.0,0.0,0.0,4.549791533669313e-19,0.0,0.0,0.0,0.0,0.0008819261882936901,0.02579822158015648,0.01433522956393601,0.013283163111180333,0.003919815857206457,0.0016720695895818209,6.6654221478787e-05,6.733681915345929e-05,0.0006394204646207789,0.002059834700842887,0.0011632194368774405,0.001842043798295303,0.00017789605580586934,0.0002152748074584188,3.4285378285022828e-06,9.396763525547586e-07
255,0.0,0.63,0.0,0.18,0.68,0.08967601503505662,0.29561111330986023,263.44531501616433,0.0,0.0,0.2,0.0,0.0,0.0,0.0,0.0,0.0,0.0,0.0,0.0,0.0,0.0,0.0,0.0,0.0,0.0,0.0,0.0,0.0,0.5145872721441448,0.6300000000000001,0.3952958438616569,0.1800096101279857,0.6799999999999999,1.680118055126754e-09,4.621620156919602e-05,0.7125690716756197,2.2101007222330757e-29,1.4787893352622411e-24,9.894652655811052e-20,1.1934529825262139e-30,0.0,0.0,0.0,0.0,0.0,1.8796579835482622e-08,0.0,0.0,0.0,1.4977594688717145e-19,0.0,0.0,0.0,0.0,0.0011943697169979593,0.021201131423300705,0.013817628589906724,0.013540969434529884,0.004054865423081015,0.00110757444440132,6.409071415869497e-05,5.5937556657290436e-05,0.0003124435287042692,0.0045970901568557765,0.000517600974029286,0.0002578063233495513,0.00013504956587455808,0.0005644951451805008,2.5635073200920322e-06,1.1399262496168855e-05
256,0.0,0.63,0.0,0.18,0.68,0.07461144727786621,0.2585112750530243,263.44531501616433,0.0,0.0,0.2,0.0,0.0,0.0,0.0,0.0,0.0,0.0,0.0,0.0,0.0,0.0,0.0,0.0,0.0,0.0,0.0,0.0,0.0,0.3782944491376827,0.6300000000000001,0.2232307265830273,0.18000542701342834,0.6799999999999999,1.077258747194352e-09,2.963292207389418e-05,0.5286492364741551,1.4170732395507265e-29,9.481707203895181e-25,6.344257233232412e-20,3.928763531260605e-31,0.0,0.0,0.0,0.0,0.0,6.187702276612355e-09,0.0,0.0,0.0,4.9305191457546156e-20,0.0,0.0,0.0,0.0,0.0010716594572073627,0.01456707946489194,0.009932570626558408,0.012524388144326572,0.003812201075168859,0.0007074140284169688,3.9181228631354046e-05,4.189361419180741e-05,0.00012271025979059664,0.006634051958408766,0.003885057963348317,0.0010165812902033118,0.0002426643479121562,0.00040016041598435123,2.4909485527340922e-05,1.4043942465483024e-05
257,0.0,0.63,0.0,0.18,0.68,0.05203695494420725,0.19822727143764496,263.44531501616433,0.0,0.0,0.2,0.0,0.0,0.0,0.0,0.0,0.0,0.0,0.0,0.0,0.0,0.0,0.0,0.0,0.0,0.0,0.0,0.0,0.0,0.2780999414386917,0.6300000000000001,0.12606243669039477,0.18000306473283137,0.6799999999999999,6.907171819656408e-10,1.9000048485654047e-05,0.41072344509970676,9.08599570168829e-30,6.079484707972612e-25,4.0678133171035074e-20,1.2933214052464164e-31,0.0,0.0,0.0,0.0,0.0,2.0369482001038008e-09,0.0,0.0,0.0,1.6230923290350443e-20,0.0,0.0,0.0,0.0,0.002318798384859361,0.010952634873376483,0.006364169331284987,0.00862814577145813,0.002879539995416721,0.0005248347386216873,4.294554932959534e-05,2.8305411434832226e-05,0.0012471389276519983,0.003614444591515456,0.003568401295273421,0.003896242372868442,0.000932661079752138,0.0001825792897952815,3.7643206982412918e-06,1.3588202756975187e-05
258,0.0,0.63,0.0,0.18,0.68,0.029488876800801214,0.11220145225524902,263.44531501616433,0.0,0.0,0.2,0.0,0.0,0.0,0.0,0.0,0.0,0.0,0.0,0.0,0.0,0.0,0.0,0.0,0.0,0.0,0.0,0.0,0.0,0.20444280270170057,0.6300000000000001,0.07118974250352178,0.18000173071016898,0.6799999999999999,4.428743110279732e-10,1.2182458468219633e-05,0.3351117403803282,5.825762253281396e-30,3.8980463665118484e-25,2.608202122720969e-20,4.257523375889869e-32,0.0,0.0,0.0,0.0,0.0,6.705490640021058e-10,0.0,0.0,0.0,5.343106132831385e-21,0.0,0.0,0.0,0.0,0.0028419573592052085,0.007768084514850808,0.0036379795576491156,0.00421834140875165,0.001517023507924602,0.00023888203083799575,3.108960865809412e-05,2.0900560214776766e-05,0.0005231589743458476,0.0031845503585256757,0.002726189773635871,0.00440980436270648,0.0013625164874921188,0.0002859527077836916,1.1855940671501217e-05,7.40485122005546e-06
259,1.0,0.63,0.7,0.28,0.68,0.01287741705456633,0.03941645845770836,263.44531501616433,0.0,0.0,0.0,0.65,0.0,0.0,0.0,0.0,0.0,0.0,0.0,0.0,0.0,0.0,0.0,1.0,0.0,0.0,0.0,0.0,0.0,0.3112388706390275,0.6300000000000001,0.3448994522873733,0.22352916516262045,0.6799999999999999,2.8396232277056434e-10,7.811153452684855e-06,0.21486707586449694,0.2332327475205295,2.49935088339804e-25,1.6723280501500632e-20,1.401546840771187e-32,0.0,0.0,0.0,0.0,0.0,2.2074004985064775e-10,0.0,0.0,0.6708070121920944,1.758913072041508e-21,0.0,0.0,0.0,0.0,0.0012241690347366864,0.001986778273892951,0.0014678162955155008,0.001562787315463724,0.0005710895370322086,0.0002447289224902031,0.0001750342273244559,0.00028958664753883206,0.0016177883244685221,0.005781306240957856,0.002170163262133615,0.002655554093287926,0.0009459339708923934,5.846891652207335e-06,0.00014394461866636178,0.0002686860873240553
260,1.0,0.63,0.7,0.28,0.68,0.023226558175869348,0.08949583768844604,263.44531501616433,0.0,0.0,0.0,0.65,0.0,0.0,0.0,0.0,0.0,0.0,0.0,0.0,0.0,0.0,0.0,1.0,0.0,0.0,0.0,0.0,0.0,0.454358911194331,0.6300000000000001,0.4994682855717987,0.24810989620242468,0.6799999999999999,1.820710724135026e-10,5.008358404878457e-06,0.13776855516360667,0.38277701117032814,1.6025347702399055e-25,1.0722639487775262e-20,4.61379392066198e-33,0.0,0.0,0.0,0.0,0.0,7.266607653920076e-11,0.0,0.0,0.8916319767781041,5.790218494797261e-22,0.0,0.0,0.0,0.0,0.0013860733532542408,0.004058090250219552,0.0028259884964702865,0.002270869747036474,0.000616451993377942,0.00039007280308855376,0.0003414275200755113,0.0006163105614463703,0.0001619043185175544,0.002071311976326601,0.0013581722009547857,0.0007080824315727498,4.536245634573341e-05,0.00014534388059835068,0.0001663932927510554,0.00032672391390753825
261,1.0,0.63,0.7,0.28,0.68,0.038318743037302365,0.14922869205474854,263.44531501616433,0.0,0.0,0.0,0.65,0.0,0.0,0.0,0.0,0.0,0.0,0.0,0.0,0.0,0.0,0.0,1.0,0.0,0.0,0.0,0.0,0.0,0.5550269816702091,0.6300000000000001,0.5867561068251098,0.2619910804728008,0.6799999999999999,1.1674040093194797e-10,3.211261187436397e-06,0.08833449571323496,0.4786618602247776,1.0275138664549307e-25,6.875146151766112e-21,1.518828605872668e-33,0.0,0.0,0.0,0.0,0.0,2.3921162848217456e-11,0.0,0.0,0.9643260066527476,1.906099326362904e-22,0.0,0.0,0.0,0.0,0.001380875515295972,0.008034274874266905,0.005864412197893342,0.004302788448645969,0.0016735705669265934,0.0005871467815349379,0.00044924771291201827,0.0008018967058219743,5.197837958268716e-06,0.003976184624047353,0.0030384237014230552,0.0020319187016094955,0.0010571185735486514,0.0001970739784463841,0.00010782019283650697,0.00018558614437560398
262,1.0,0.63,0.7,0.28,0.68,0.053650105875159115,0.1815267950296402,263.44531501616433,0.0,0.0,0.0,0.65,0.0,0.0,0.0,0.0,0.0,0.0,0.0,0.0,0.0,0.0,0.0,1.0,0.0,0.0,0.0,0.0,0.0,0.6166320815762422,0.6300000000000001,0.6360491213174286,0.2698300367852112,0.6799999999999999,7.485165561501504e-11,2.0589976955105062e-06,0.05663834627317615,0.540141344986057,6.58821740010737e-26,4.408208880102104e-21,4.999877267353395e-34,0.0,0.0,0.0,0.0,0.0,7.874679069844175e-12,0.0,0.0,0.9882563715429786,6.274745323040407e-23,0.0,0.0,0.0,0.0,0.0008501772184218418,0.014263593887112465,0.0084492023202049,0.007720714311232232,0.0016211637575581596,0.0009284421363470375,0.0005994196943242429,0.0009551581408918357,0.0005306982968741302,0.00622931901284556,0.0025847901223115585,0.0034179258625862624,5.2406809368433886e-05,0.00034129535481209965,0.0001501719814122246,0.00015326143506986145
263,1.0,0.63,0.7,0.18,0.68,0.10957405787025315,0.3666380047798157,263.44531501616433,0.0,0.0,0.0,1.0,0.0,0.0,0.0,0.0,0.0,0.0,0.0,0.0,0.0,0.0,0.0,0.0,0.0,0.0,0.0,0.0,0.0,0.6525613821131213,0.6300000000000001,0.6638857798896323,0.23072864967323242,0.6799999999999999,4.7993413621860535e-11,1.3201889421838078e-06,0.036315396863465355,0.7051476489552836,4.2242357916618295e-26,2.826457082024242e-21,1.6459245363128907e-34,0.0,0.0,0.0,0.0,0.0,2.5922891310303833e-12,0.0,0.0,0.3253270676684328,2.0656021606253535e-23,0.0,0.0,0.0,0.0,0.0008796740061183479,0.022811379533301132,0.014761623092296774,0.019223943883756124,0.005738499214953716,0.002053898436460865,0.0002740502388069964,0.0003671935156767781,2.949678769650606e-05,0.008547785646188667,0.006312420772091874,0.011503229572523893,0.004117335457395556,0.0011254563001138274,0.0003253694555172465,0.0005879646252150576
264,1.0,0.63,0.7,0.18,0.68,0.1316285292080056,0.44029369950294495,263.44531501616433,0.0,0.0,0.0,1.0,0.0,0.0,0.0,0.0,0.0,0.0,0.0,0.0,0.0,0.0,0.0,0.0,0.0,0.0,0.0,0.0,0.0,0.6731244597050484,0.6300000000000001,0.6796056454414983,0.20864738777545733,0.6799999999999999,3.077243558814401e-11,8.464792587503448e-07,0.023284720266904674,0.8109464550276634,2.708497145717449e-26,1.8122688497328996e-21,5.41826815815182e-35,0.0,0.0,0.0,0.0,0.0,8.533634043058512e-13,0.0,0.0,0.10709538942055608,6.799817468787256e-24,0.0,0.0,0.0,0.0,0.0011413691477365488,0.029190762556858204,0.02043996497871365,0.022794127237286556,0.006881994300839063,0.0030620097511776267,0.00014630918612687637,0.00018435351960900546,0.00026169514161820094,0.006379383023557072,0.005678341886416876,0.0035701833535304317,0.001143495085885347,0.0010081113147167617,0.00012774105268012001,0.00018283999606777266
265,1.0,0.63,0.7,0.18,0.68,0.16518139030431464,0.4898785948753357,263.44531501616433,0.0,0.0,0.0,1.0,0.0,0.0,0.0,0.0,0.0,0.0,0.0,0.0,0.0,0.0,0.0,0.0,0.0,0.0,0.0,0.0,0.0,0.6848022630581474,0.6300000000000001,0.6884829383941625,0.1961776990249843,0.6799999999999999,1.9730682203341938e-11,5.427458999234462e-07,0.014929705985216776,0.8787825746005773,1.7366352519525373e-26,1.1619912450112476e-21,1.7836558837264357e-35,0.0,0.0,0.0,0.0,0.0,2.8092124874936894e-13,0.0,0.0,0.035255051223804026,2.2384522290984665e-24,0.0,0.0,0.0,0.0,0.001409274240073922,0.03155870456745055,0.026831361000035577,0.025784519237103586,0.007952580673289874,0.0033336561457344423,9.983349787816924e-05,0.00011032007767537672,0.00026790509233737313,0.002367942010592348,0.0063913960213219274,0.0029903919998170297,0.0010705863724508116,0.00027164639455681556,4.6475688248707135e-05,7.403344193362873e-05
266,1.0,0.63,0.7,0.18,0.68,0.1553122393406754,0.48279324173927307,263.44531501616433,0.0,0.0,0.0,1.0,0.0,0.0,0.0,0.0,0.0,0.0,0.0,0.0,0.0,0.0,0.0,0.0,0.0,0.0,0.0,0.0,0.0,0.6914126179836989,0.6300000000000001,0.6934961065989038,0.18913583981179588,0.6799999999999999,1.2650926479126777e-11,3.479980269316805e-07,0.009572634682746311,0.9222777640979191,1.11349646540808e-26,7.450459978285183e-22,5.871670095850557e-36,0.0,0.0,0.0,0.0,0.0,9.247730521453263e-14,0.0,0.0,0.011605715647684808,7.368827773621907e-25,0.0,0.0,0.0,0.0,0.0013660012244698886,0.030161586657632036,0.02363471797119894,0.02703997273878212,0.0075502051364892825,0.002852534414105934,0.00016626299702381087,7.759476293818723e-05,4.3273015604033396e-05,0.0013971179098185155,0.003196643028836637,0.0012554535016785356,0.0004023755368005918,0.00048112173162850836,6.642949914564163e-05,3.27253147371895e-05
267,1.0,0.63,0.7,0.18,0.68,0.16825654380756808,0.49508368968963623,263.44531501616433,0.0,0.0,0.0,1.0,0.0,0.0,0.0,0.0,0.0,0.0,0.0,0.0,0.0,0.0,0.0,0.0,0.0,0.0,0.0,0.0,0.0,0.6951493647878444,0.6300000000000001,0.6963271335327943,0.1851591743014811,0.6799999999999999,8.111525953885305e-12,2.231295100809127e-07,0.006137785624181335,0.9501660265946592,7.139520962057343e-27,4.777088822858724e-22,1.932912622275376e-36,0.0,0.0,0.0,0.0,0.0,3.044288040799561e-14,0.0,0.0,0.0038205202097103246,2.425766431440473e-25,0.0,0.0,0.0,0.0,0.0009670774337508243,0.02642660733726539,0.023087937789639357,0.03196462708355369,0.008497066315539436,0.002785620574825468,0.00010281364651185045,7.559769977511783e-05,0.00039892379071906426,0.003734979320366646,0.0005467801815595835,0.004924654344771566,0.0009468611790501534,6.691383928046591e-05,6.344935051196042e-05,1.9970631630693942e-06
268,1.0,0.63,0.7,0.18,0.68,0.1797594235110754,0.535250723361969,263.44531501616433,0.0,0.0,0.0,1.0,0.0,0.0,0.0,0.0,0.0,0.0,0.0,0.0,0.0,0.0,0.0,0.0,0.0,0.0,0.0,0.0,0.0,0.6972604744138897,0.6300000000000001,0.6979258657462543,0.1829134792226431,0.6799999999999999,5.200951361871838e-12,1.430662659438651e-07,0.0039354277706123795,0.9680474335749556,4.57772082365573e-27,3.0629756670049515e-22,6.363012812984448e-37,0.0,0.0,0.0,0.0,0.0,1.0021582758986828e-14,0.0,0.0,0.001257688462815028,7.985452992900103e-26,0.0,0.0,0.0,0.0,0.0010105668620964347,0.024447390680745657,0.02234040606550191,0.03479878705996877,0.008767525697321294,0.0025442367093145178,0.0001691565248633597,7.638514597084101e-05,4.3489428345610355e-05,0.0019792166565197333,0.0007475317241374471,0.0028341599764150835,0.00027045938178185853,0.0002413838655109502,6.634287835150925e-05,7.874461957231826e-07
269,1.0,0.63,0.7,0.18,0.68,0.1632924572459994,0.5074606537818909,263.44531501616433,0.0,0.0,0.0,1.0,0.0,0.0,0.0,0.0,0.0,0.0,0.0,0.0,0.0,0.0,0.0,0.0,0.0,0.0,0.0,0.0,0.0,0.6984528722000641,0.6300000000000001,0.6988286987994328,0.18164529451511963,0.6799999999999999,3.3347480144102866e-12,9.17312839691106e-08,0.002523319106599276,0.9795126410482561,2.935144815835473e-27,1.9639199279217341e-22,2.0946591993663368e-37,0.0,0.0,0.0,0.0,0.0,3.2990347709950678e-15,0.0,0.0,0.0004140222228056111,2.6287551297323675e-26,0.0,0.0,0.0,0.0,0.0004400120096685506,0.02425617282190687,0.021658718189096118,0.030875171567417432,0.007052594671897035,0.001893632984463085,0.00024631834358164044,7.090093149899151e-05,0.0005705548524278841,0.00019121785883878875,0.000681687876405792,0.003923615492551338,0.0017149310254242593,0.0006506037248514328,7.716181871828074e-05,5.484214471849504e-06
270,1.0,0.63,0.7,0.18,0.68,0.13602389793683275,0.4576876759529114,263.44531501616433,0.0,0.0,0.0,1.0,0.0,0.0,0.0,0.0,0.0,0.0,0.0,0.0,0.0,0.0,0.0,0.0,0.0,0.0,0.0,0.0,0.0,0.6991262925846818,0.6300000000000001,0.6993385449857102,0.180929127628728,0.6799999999999999,2.138175027195607e-12,5.8816300286492806e-08,0.00161790272490205,0.986863907229417,1.8819572931155564e-27,1.259226942230186e-22,6.895471202787198e-38,0.0,0.0,0.0,0.0,0.0,1.086019113146036e-15,0.0,0.0,0.0001362932125442495,8.653677553719567e-27,0.0,0.0,0.0,0.0,0.0003845077009222777,0.02446055437175203,0.020881185346955173,0.024959814188287757,0.005753840905903813,0.0020336447779059135,0.0002178181015995248,7.042159583836198e-05,5.550430874627291e-05,0.00020438154984516246,0.0007775328421409447,0.005915357379129675,0.0012987537659932217,0.00014001179344282858,2.8500241982115648e-05,4.793356606295335e-07
271,1.0,0.63,0.7,0.18,0.68,0.11146467680742837,0.3755214214324951,263.44531501616433,0.0,0.0,0.0,1.0,0.0,0.0,0.0,0.0,0.0,0.0,0.0,0.0,0.0,0.0,0.0,0.0,0.0,0.0,0.0,0.0,0.0,0.699506597680617,0.6300000000000001,0.6996264643665376,0.1805246952096008,0.6799999999999999,1.3709558944685082e-12,3.7711858263706306e-08,0.0010373674975945784,0.9915773949349056,1.2066741082084184e-27,8.073916199406146e-23,2.2699407675888902e-38,0.0,0.0,0.0,0.0,0.0,3.575098766730355e-16,0.0,0.0,4.4866769855379424e-05,2.8487299694351524e-27,0.0,0.0,0.0,0.0,0.0007771263119752032,0.024040842580708557,0.018331081738685747,0.018096053921926175,0.004985734849101675,0.002332824949748257,0.00020202133955333912,7.341834193606522e-05,0.0003926186110529255,0.0004197117910434735,0.002550103608269426,0.006863760266361582,0.0007681060568021387,0.0002991801718423433,1.579676204618567e-05,2.9967460977032418e-06
272,1.0,0.63,0.7,0.18,0.68,0.08852352681594258,0.32619285583496094,263.44531501616433,0.0,0.0,0.0,1.0,0.0,0.0,0.0,0.0,0.0,0.0,0.0,0.0,0.0,0.0,0.0,0.0,0.0,0.0,0.0,0.0,0.0,0.6997213658320988,0.6300000000000001,0.6997890576585681,0.1802963048933922,0.6799999999999999,8.79030032935654e-13,2.4180103929938605e-08,0.0006651396950523018,0.9945995908127707,7.736957734094428e-28,5.176836724886136e-23,7.472485834295574e-39,0.0,0.0,0.0,0.0,0.0,1.176897444728324e-16,0.0,0.0,1.4769826021982026e-05,9.377819300962816e-28,0.0,0.0,0.0,0.0,0.0011037458972297826,0.02156710914220253,0.013078667076680841,0.011005184603966205,0.005029551899213525,0.0016609996519195683,0.0001474931187090105,6.974401855137822e-05,0.0003266195852545794,0.002473733438506029,0.005252414662004906,0.0070908693179599705,4.381705011185025e-05,0.0006718252978286886,5.4528220844328614e-05,3.6743233846869952e-06
273,1.0,0.63,0.7,0.18,0.68,0.0755950396126917,0.24441593885421753,263.44531501616433,0.0,0.0,0.0,1.0,0.0,0.0,0.0,0.0,0.0,0.0,0.0,0.0,0.0,0.0,0.0,0.0,0.0,0.0,0.0,0.0,0.0,0.6998426500114934,0.6300000000000001,0.6998808770370947,0.18016732874293814,0.6799999999999999,5.636168179592785e-13,1.550380843007471e-08,0.0004264745280338164,0.9965373635396516,4.960785565212807e-28,3.3192861821009464e-23,2.4598899381440103e-39,0.0,0.0,0.0,0.0,0.0,3.874263861736064e-17,0.0,0.0,4.862123157579216e-06,3.087112354806594e-28,0.0,0.0,0.0,0.0,0.0017602319429333557,0.021316715448725355,0.011085927240888662,0.008802644999485135,0.003845338413422576,0.001391372394176512,0.0003195241158614313,6.735093105833489e-05,0.000656486045703573,0.00025039369347717305,0.001992739835792179,0.0022025396044810693,0.001184213485790949,0.0002696272577430562,0.0001720309971524208,2.3930874930433302e-06
274,1.0,0.63,0.7,0.18,0.68,0.07300749172542119,0.20648899674415588,263.44531501616433,0.0,0.0,0.0,1.0,0.0,0.0,0.0,0.0,0.0,0.0,0.0,0.0,0.0,0.0,0.0,0.0,0.0,0.0,0.0,0.0,0.0,0.6999111415561952,0.6300000000000001,0.6999327291041001,0.18009449357346993,0.6799999999999999,3.613800502647852e-13,9.940737911338906e-09,0.000273447103540204,0.997779825409362,3.1807584156208593e-28,2.128261203549666e-23,8.09778518416231e-40,0.0,0.0,0.0,0.0,0.0,1.2753804962010893e-17,0.0,0.0,1.6005768493335105e-06,1.016255739777482e-28,0.0,0.0,0.0,0.0,0.0017733963434935123,0.021168826003678705,0.010571646938186203,0.009071339097750437,0.0032634334165533474,0.001303274546022997,0.000188496160045345,6.542601721563339e-05,1.3164400560156629e-05,0.00014788944504665058,0.0005142803027024592,0.000268694098265302,0.0005819049968692285,8.809784815351496e-05,0.0001310279558160863,1.9249138427015068e-06
275,1.0,0.63,0.7,0.18,0.68,0.07922083237820905,0.21922630071640015,263.44531501616433,0.0,0.0,0.0,1.0,0.0,0.0,0.0,0.0,0.0,0.0,0.0,0.0,0.0,0.0,0.0,0.0,0.0,0.0,0.0,0.0,0.0,0.6999498200135974,0.6300000000000001,0.6999620109060016,0.18005336223335175,0.6799999999999999,2.317098009996115e-13,6.373806195272655e-09,0.000175328920062954,0.9985764675935924,2.0394399164296297e-28,1.3645993451723774e-23,2.665734099400982e-40,0.0,0.0,0.0,0.0,0.0,4.1984631613636575e-18,0.0,0.0,5.268986752482623e-07,3.3454426335428273e-29,0.0,0.0,0.0,0.0,0.0016103762454233094,0.022326127225487186,0.010431753469160324,0.010558402823902874,0.0035761128426919056,0.0015236276390868247,0.00021928437117245972,6.492905648675293e-05,0.00016302009807020283,0.0011573012218084808,0.0001398934690258792,0.001487063726152437,0.0003126794261385582,0.00022035309306382765,3.0788211127114723e-05,4.969607288804597e-07
276,1.0,0.63,0.7,0.18,0.68,0.07348347733731977,0.19178572297096252,263.44531501616433,0.0,0.0,0.0,1.0,0.0,0.0,0.0,0.0,0.0,0.0,0.0,0.0,0.0,0.0,0.0,0.0,0.0,0.0,0.0,0.0,0.0,0.6999716624492266,0.6300000000000001,0.6999785468701805,0.18003013462020453,0.6799999999999999,1.485677802079584e-13,4.086759532062172e-09,0.00011241746506896932,0.999087258938717,1.3076488777959043e-28,8.749543381888866e-24,8.775409728832258e-41,0.0,0.0,0.0,0.0,0.0,1.3821046322907276e-18,0.0,0.0,1.7345134917700286e-07,1.1012962560759116e-29,0.0,0.0,0.0,0.0,0.001334207956083927,0.019858391670337285,0.010987862352056857,0.009831142252330451,0.002664381035383144,0.0014277620994775691,0.00013957931313209884,6.268527166927234e-05,0.00027616828933938234,0.0024677355551499004,0.0005561088828965333,0.0007272605715724235,0.0009117318073087618,9.58655396092556e-05,7.970505804036088e-05,2.2437848174805877e-06
277,1.0,0.63,0.7,0.18,0.68,0.10250156047651726,0.3231336176395416,263.44531501616433,0.0,0.0,0.0,1.0,0.0,0.0,0.0,0.0,0.0,0.0,0.0,0.0,0.0,0.0,0.0,0.0,0.0,0.0,0.0,0.0,0.0,0.6999839972708045,0.6300000000000001,0.6999878850288171,0.1800170175661293,0.6799999999999999,9.525874702191488e-14,2.6203500641874433e-09,7.207987391923259e-05,0.9994147683317905,8.384388153951722e-29,5.610035624184242e-24,2.888803347872854e-41,0.0,0.0,0.0,0.0,0.0,4.549791533669313e-19,0.0,0.0,5.709896787488989e-08,3.6253900499928964e-30,0.0,0.0,0.0,0.0,0.0010335660559538128,0.026582404232551263,0.018343262390000375,0.012946774882669525,0.005339146294177942,0.0015372247273162012,9.2859247740655e-05,6.0934976469848044e-05,0.00030064190013011425,0.006724012562213978,0.007355400037943518,0.0031156326303390745,0.002674765258794798,0.00010946262783863205,4.672006539144383e-05,1.750295199424294e-06
278,0.0,0.63,0.0,0.18,0.68,0.11088522923974149,0.31127455830574036,263.44531501616433,0.0,0.0,0.0,0.2,0.0,0.0,0.0,0.0,0.0,0.0,0.0,0.0,0.0,0.0,0.0,0.0,0.0,0.0,0.0,0.0,0.0,0.5145872721441449,0.6300000000000001,0.39529584386165695,0.1800096101279857,0.6799999999999999,6.107804041686216e-14,1.6801170719781614e-09,4.6216201557515706e-05,0.7125690716756197,5.375905253298275e-29,3.597044820620335e-24,9.509738052757455e-42,0.0,0.0,0.0,0.0,0.0,1.4977594688717145e-19,0.0,0.0,1.8796579835482622e-08,1.1934529825262139e-30,0.0,0.0,0.0,0.0,0.0007896262200411022,0.030015849294893943,0.017527864766699392,0.017026029994417782,0.0033988369273532737,0.001946880647223223,8.670328176257872e-05,5.254668264325723e-05,0.00024393983591271067,0.00343344506234268,0.0008153976233009827,0.004079255111748257,0.0019403093668246682,0.00040965591990702174,6.1559659780762805e-06,8.388293826590813e-06
279,0.0,0.63,0.0,0.18,0.68,0.09279696028968666,0.3048807680606842,263.44531501616433,0.0,0.0,0.0,0.2,0.0,0.0,0.0,0.0,0.0,0.0,0.0,0.0,0.0,0.0,0.0,0.0,0.0,0.0,0.0,0.0,0.0,0.37829444913768273,0.6300000000000001,0.22323072658302734,0.18000542701342834,0.6799999999999999,3.916204167902415e-14,1.0772581168187556e-09,2.9632922066404993e-05,0.5286492364741551,3.446925018472421e-29,2.3063545952853026e-24,3.130539082857761e-42,0.0,0.0,0.0,0.0,0.0,4.9305191457546156e-20,0.0,0.0,6.187702276612355e-09,3.928763531260605e-31,0.0,0.0,0.0,0.0,0.0005470014752578669,0.02028682299912298,0.013195019542446439,0.016913976258174746,0.005124596628136645,0.001869652537843138,6.43362554174746e-05,5.248678816980396e-05,0.0002426247447832353,0.009729026295770965,0.004332845224252953,0.00011205373624303613,0.0017257597007833709,7.7228109380085e-05,2.236702634510413e-05,5.989447345327339e-08
280,0.0,0.63,0.0,0.18,0.68,0.07797002633394465,0.25719237327575684,263.44531501616433,0.0,0.0,0.0,0.2,0.0,0.0,0.0,0.0,0.0,0.0,0.0,0.0,0.0,0.0,0.0,0.0,0.0,0.0,0.0,0.0,0.0,0.27809994143869177,0.6300000000000001,0.1260624366903948,0.18000306473283137,0.6799999999999999,2.510993309546678e-14,6.907167777811711e-10,1.9000048480852126e-05,0.41072344509970676,2.2101007222330757e-29,1.4787893352622411e-24,1.030551514135367e-42,0.0,0.0,0.0,0.0,0.0,1.6230923290350443e-20,0.0,0.0,2.0369482001038008e-09,1.2933214052464164e-31,0.0,0.0,0.0,0.0,0.0002773945758510821,0.016284461428119682,0.011356328467793953,0.012567897776920016,0.003761502953101283,0.0016569955477558687,5.928341060756514e-05,3.501931487997994e-05,0.0002696068994067848,0.004002361571003296,0.0018386910746524855,0.00434607848125473,0.0013630936750353615,0.0002126569900872692,5.052844809909452e-06,1.746747328982402e-05
281,0.0,0.63,0.0,0.18,0.68,0.059481294597136095,0.21707677841186523,263.44531501616433,0.0,0.0,0.0,0.2,0.0,0.0,0.0,0.0,0.0,0.0,0.0,0.0,0.0,0.0,0.0,0.0,0.0,0.0,0.0,0.0,0.0,0.20444280270170062,0.6300000000000001,0.07118974250352181,0.18000173071016898,0.6799999999999999,1.6099996655601564e-14,4.4287405187281796e-10,1.2182458465140736e-05,0.3351117403803282,1.4170732395507265e-29,9.481707203895181e-25,3.3925033202818258e-43,0.0,0.0,0.0,0.0,0.0,5.343106132831385e-21,0.0,0.0,6.705490640021058e-10,4.257523375889869e-32,0.0,0.0,0.0,0.0,0.0007403977916925558,0.012071718533536935,0.010234688627664832,0.009770738698863596,0.0030752013065049213,0.0012555251363302123,3.548509396770981e-05,2.822875883616768e-05,0.0004630032158414737,0.004212742894582747,0.0011216398401291214,0.0027971590780564194,0.0006863016465963618,0.00040147041142565647,2.3798316639855332e-05,6.790556043812256e-06
282,1.0,0.63,0.7,0.28,0.68,0.042589695273808806,0.14367514848709106,263.44531501616433,0.0,0.0,0.0,0.0,0.65,0.0,0.0,1.0,0.0,0.0,0.0,0.0,0.0,0.0,0.0,0.0,0.0,0.0,0.0,0.0,0.0,0.3112388706390275,0.6300000000000001,0.3448994522873733,0.22352916516262045,0.6799999999999999,1.0323002109359582e-14,2.839621566053613e-10,7.811153450710726e-06,0.21486707586449694,0.2332327475205295,6.079484707972612e-25,1.1167883041518144e-43,0.6708070121920944,0.0,0.0,0.0,0.0,1.758913072041508e-21,0.0,0.0,2.2074004985064775e-10,1.401546840771187e-32,0.0,0.0,0.0,0.0,0.00018883487272180886,0.013197349959808475,0.006914045263284305,0.006112256201393734,0.0015332553882114921,0.0006124661458603184,3.733897660302048e-05,2.916589184462094e-05,0.000551562918970747,0.001125631426271539,0.0033206433643805273,0.0036584824974698624,0.0015419459182934292,0.0006430589904698939,1.8538826353106688e-06,9.371330084532585e-07
283,1.0,0.63,0.7,0.28,0.68,0.0945739355995671,0.3718125820159912,263.44531501616433,0.0,0.0,0.0,0.0,0.65,0.0,0.0,1.0,0.0,0.0,0.0,0.0,0.0,0.0,0.0,0.0,0.0,0.0,0.0,0.0,0.0,0.454358911194331,0.6300000000000001,0.4994682855717987,0.24810989620242468,0.6799999999999999,6.6189065022424175e-15,1.8207096587163318e-10,5.008358403612684e-06,0.13776855516360667,0.38277701117032814,3.8980463665118484e-25,3.676388785926598e-44,0.8916319767781041,0.0,0.0,0.0,0.0,5.790218494797261e-22,0.0,0.0,7.266607653920076e-11,4.61379392066198e-33,0.0,0.0,0.0,0.0,0.0004122804496964627,0.025843748930372747,0.011084557511351723,0.013029605299007164,0.0020597438849814355,0.0007283843226230462,5.605251443657172e-05,5.0477895172762845e-05,0.00022344557697465383,0.012646398970564273,0.0041705122480674185,0.00691734909761343,0.0005264884967699434,0.00011591817676272784,1.8713537833551243e-05,2.1312003328141906e-05
284,1.0,0.63,0.7,0.28,0.68,0.11615178372636104,0.3638392388820648,263.44531501616433,0.0,0.0,0.0,0.0,0.65,0.0,0.0,1.0,0.0,0.0,0.0,0.0,0.0,0.0,0.0,0.0,0.0,0.0,0.0,0.0,0.0,0.5550269816702091,0.6300000000000001,0.5867561068251098,0.2619910804728008,0.6799999999999999,4.243913042089346e-15,1.167403326193908e-10,3.211261186624808e-06,0.08833449571323496,0.4786618602247776,2.49935088339804e-25,1.2102414087826555e-44,0.9643260066527476,0.0,0.0,0.0,0.0,1.906099326362904e-22,0.0,0.0,2.3921162848217456e-11,1.518828605872668e-33,0.0,0.0,0.0,0.0,0.0009691151582556715,0.03609602869260296,0.01141657228113791,0.01975434756925555,0.0021505555757224785,0.0012374498932545095,9.181385685407619e-05,6.546692484677066e-05,0.0005568347085592088,0.010252279762230216,0.00033201476978618645,0.006724742270248387,9.081169074104303e-05,0.0005090655706314633,3.5761342417504465e-05,1.4989029674007814e-05
285,1.0,0.63,0.7,0.28,0.68,0.11927800666785685,0.3345930874347687,263.44531501616433,0.0,0.0,0.0,0.0,0.65,0.0,0.0,1.0,0.0,0.0,0.0,0.0,0.0,0.0,0.0,0.0,0.0,0.0,0.0,0.0,0.0,0.6166320815762422,0.6300000000000001,0.6360491213174286,0.2698300367852112,0.6799999999999999,2.721113812789797e-15,7.485161181434309e-11,2.058997694990131e-06,0.05663834627317615,0.540141344986057,1.6025347702399055e-25,3.984029853260112e-45,0.9882563715429786,0.0,0.0,0.0,0.0,6.274745323040407e-23,0.0,0.0,7.874679069844175e-12,4.999877267353395e-34,0.0,0.0,0.0,0.0,0.0012572774471101098,0.03832816069281003,0.009486815130345569,0.01591637744582388,0.0022452471120579178,0.0007919842799983707,8.746417315361977e-05,8.315688827399806e-05,0.0002881622888544383,0.0022321320002070683,0.0019297571507923411,0.0038379701234316707,9.469153633543921e-05,0.00044546561325613883,4.34968370045642e-06,1.76899634272274e-05
286,1.0,0.63,0.7,0.18,0.68,0.11154157592379993,0.30616632103919983,263.44531501616433,0.0,0.0,0.0,0.0,1.0,0.0,0.0,0.0,0.0,0.0,0.0,0.0,0.0,0.0,0.0,0.0,0.0,0.0,0.0,0.0,0.0,0.6525613821131213,0.6300000000000001,0.6638857798896323,0.23072864967323242,0.6799999999999999,1.7447248114466768e-15,4.7993385537728684e-11,1.3201889418501535e-06,0.036315396863465355,0.7051476489552836,1.0275138664549307e-25,1.311514690910588e-45,0.3253270676684328,0.0,0.0,0.0,0.0,2.0656021606253535e-23,0.0,0.0,2.5922891310303833e-12,1.6459245363128907e-34,0.0,0.0,0.0,0.0,0.002197433502989165,0.04174417839335859,0.011491622650339508,0.010806911646575997,0.0015961521117733404,0.0006229972043789825,7.71960940489667e-05,6.969817838755338e-05,0.0009401560558790552,0.003416017700548557,0.0020048075199939393,0.005109465799247884,0.0006490950002845774,0.00016898707561938814,1.0268079104653062e-05,1.3458709886444677e-05
287,1.0,0.63,0.7,0.18,0.68,0.11285297885239925,0.27751415967941284,263.44531501616433,0.0,0.0,0.0,0.0,1.0,0.0,0.0,0.0,0.0,0.0,0.0,0.0,0.0,0.0,0.0,0.0,0.0,0.0,0.0,0.0,0.0,0.6731244597050484,0.6300000000000001,0.6796056454414983,0.20864738777545733,0.6799999999999999,1.1186833323067595e-15,3.0772417581149446e-11,8.464792585364122e-07,0.023284720266904674,0.8109464550276634,6.58821740010737e-26,4.317414396548184e-46,0.10709538942055608,0.0,0.0,0.0,0.0,6.799817468787256e-24,0.0,0.0,8.533634043058512e-13,5.41826815815182e-35,0.0,0.0,0.0,0.0,0.001425787792580082,0.042688761077867364,0.013095065717223625,0.00909472461735221,0.0005878021003089325,0.000497967249748816,6.563096767315311e-05,7.043313290362901e-05,0.000771645710409083,0.0009445826845087754,0.0016034430668841176,0.001712187029223787,0.0010083500114644079,0.0001250299546301665,1.1565126375813597e-05,7.349545160756328e-07
288,1.0,0.63,0.7,0.18,0.68,0.1302796303728425,0.32171884179115295,263.44531501616433,0.0,0.0,0.0,0.0,1.0,0.0,0.0,0.0,0.0,0.0,0.0,0.0,0.0,0.0,0.0,0.0,0.0,0.0,0.0,0.0,0.0,0.6848022630581474,0.6300000000000001,0.6884829383941625,0.1961776990249843,0.6799999999999999,7.172778135385641e-16,1.973067065761017e-11,5.427458997862768e-07,0.014929705985216776,0.8787825746005773,4.2242357916618295e-26,1.4212625448045626e-46,0.035255051223804026,0.0,0.0,0.0,0.0,2.2384522290984665e-24,0.0,0.0,2.8092124874936894e-13,1.7836558837264357e-35,0.0,0.0,0.0,0.0,0.002102217858220918,0.05256536252193111,0.013760053869757465,0.010612457564741305,0.0002880056562162557,0.0005117200492096045,6.723708764865357e-05,6.0238632534657365e-05,0.0006764300656408359,0.009876601444063743,0.0006649881525338398,0.001517732947389095,0.0002997964440926768,1.375279946078849e-05,1.606119975500466e-06,1.019450036897165e-05
289,1.0,0.63,0.7,0.18,0.68,0.11384731618816986,0.29120758175849915,263.44531501616433,0.0,0.0,0.0,0.0,1.0,0.0,0.0,0.0,0.0,0.0,0.0,0.0,0.0,0.0,0.0,0.0,0.0,0.0,0.0,0.0,0.0,0.6914126179836989,0.6300000000000001,0.6934961065989038,0.18913583981179588,0.6799999999999999,4.599044670968451e-16,1.2650919076229996e-11,3.479980268437302e-07,0.009572634682746311,0.9222777640979191,2.708497145717449e-26,4.678696635836813e-47,0.011605715647684808,0.0,0.0,0.0,0.0,7.368827773621907e-25,0.0,0.0,9.247730521453263e-14,5.871670095850557e-36,0.0,0.0,0.0,0.0,0.00025779006849772115,0.04415566900327963,0.011997951698910693,0.0085480281418929,0.00019868357723642143,0.00022178938287735725,6.357801650291242e-05,6.424682103050992e-05,0.0018444277897231968,0.008409693518651479,0.0017621021708467723,0.002064429422848405,8.932207897983425e-05,0.0002899306663322473,3.659071145741154e-06,4.0081884958525525e-06
290,1.0,0.63,0.7,0.18,0.68,0.09834051709690009,0.23646871745586395,263.44531501616433,0.0,0.0,0.0,0.0,1.0,0.0,0.0,0.0,0.0,0.0,0.0,0.0,0.0,0.0,0.0,0.0,0.0,0.0,0.0,0.0,0.0,0.6951493647878444,0.6300000000000001,0.6963271335327943,0.1851591743014811,0.6799999999999999,2.948817248538264e-16,8.111521207293071e-12,2.231295100245207e-07,0.006137785624181335,0.9501660265946592,1.7366352519525373e-26,1.5401941245979168e-47,0.0038205202097103246,0.0,0.0,0.0,0.0,2.425766431440473e-25,0.0,0.0,3.044288040799561e-14,1.932912622275376e-36,0.0,0.0,0.0,0.0,0.0019233203533355412,0.03689192954337351,0.009654812025326288,0.006454031852961705,0.0001527082956871725,0.00020972886616266086,6.0617947812303766e-05,5.925894061532658e-05,0.0016655302848378201,0.007263739459906118,0.0023431396735844046,0.002093996288931195,4.597528154924894e-05,1.2060516714696383e-05,2.9600686906086537e-06,4.987880415183335e-06
291,1.0,0.63,0.7,0.18,0.68,0.07960882328644334,0.1732303500175476,263.44531501616433,0.0,0.0,0.0,0.0,1.0,0.0,0.0,0.0,0.0,0.0,0.0,0.0,0.0,0.0,0.0,0.0,0.0,0.0,0.0,0.0,0.0,0.6972604744138897,0.6300000000000001,0.6979258657462543,0.1829134792226431,0.6799999999999999,1.8907237888267142e-16,5.200948318449986e-12,1.4306626590770764e-07,0.0039354277706123795,0.9680474335749556,1.11349646540808e-26,5.070211056805699e-48,0.001257688462815028,0.0,0.0,0.0,0.0,7.985452992900103e-26,0.0,0.0,1.0021582758986828e-14,6.363012812984448e-37,0.0,0.0,0.0,0.0,0.0022837060301062707,0.031970064509810305,0.007605408273453772,0.005197288156432713,0.0001186828126358133,0.00011178501311532708,6.334387245204181e-05,6.264115705501331e-05,0.0003603856767707295,0.004921865033563205,0.0020494037518725165,0.0012567436965289919,3.4025483051359194e-05,9.794385304733379e-05,2.725924639738045e-06,3.3822164396867256e-06
292,1.0,0.63,0.7,0.18,0.68,0.0729148582971015,0.27735722064971924,263.44531501616433,0.0,0.0,0.0,0.0,1.0,0.0,0.0,0.0,0.0,0.0,0.0,0.0,0.0,0.0,0.0,0.0,0.0,0.0,0.0,0.0,0.0,0.6984528722000641,0.6300000000000001,0.6988286987994328,0.18164529451511963,0.6799999999999999,1.212295013333668e-16,3.3347460630278812e-12,9.173128394592715e-08,0.002523319106599276,0.9795126410482561,7.139520962057343e-27,1.6690779266065467e-48,0.0004140222228056111,0.0,0.0,0.0,0.0,2.6287551297323675e-26,0.0,0.0,3.2990347709950678e-15,2.0946591993663368e-37,0.0,0.0,0.0,0.0,0.0005473625600574053,0.017555463114528613,0.0072599386192924685,0.006035966872075633,0.003952928049984173,0.001023700182250185,6.151033410341839e-05,6.90486311501961e-05,0.0017363434700488653,0.014414601395281692,0.0003454696541613034,0.0008386787156429206,0.0038342452373483593,0.0009119151691348579,1.8335383486234189e-06,6.407474095182798e-06
293,1.0,0.63,0.7,0.18,0.68,0.12186752710634277,0.3184189796447754,263.44531501616433,0.0,0.0,0.0,0.0,1.0,0.0,0.0,0.0,0.0,0.0,0.0,0.0,0.0,0.0,0.0,0.0,0.0,0.0,0.0,0.0,0.0,0.6991262925846818,0.6300000000000001,0.6993385449857102,0.180929127628728,0.6799999999999999,7.772997875409784e-17,2.1381737760074786e-12,5.881630027162803e-08,0.00161790272490205,0.986863907229417,4.57772082365573e-27,5.494487495438334e-49,0.0001362932125442495,0.0,0.0,0.0,0.0,8.653677553719567e-27,0.0,0.0,1.086019113146036e-15,6.895471202787198e-38,0.0,0.0,0.0,0.0,0.0006579622383403634,0.03791245659287815,0.020456483699283164,0.012053372608976834,0.00390010133615309,0.0017199794669213843,6.334188040720374e-05,6.348523634901822e-05,0.00011059967828295808,0.02035699347834954,0.013196545079990695,0.006017405736901201,5.2826713831082527e-05,0.0006962792846711993,1.8315463037853479e-06,5.563394801177889e-06
294,1.0,0.63,0.7,0.18,0.68,0.13877164471837578,0.3914993703365326,263.44531501616433,0.0,0.0,0.0,0.0,1.0,0.0,0.0,0.0,0.0,0.0,0.0,0.0,0.0,0.0,0.0,0.0,0.0,0.0,0.0,0.0,0.0,0.699506597680617,0.6300000000000001,0.6996264643665376,0.1805246952096008,0.6799999999999999,4.9838937970204573e-17,1.3709550922312179e-12,3.7711858254175306e-08,0.0010373674975945784,0.9915773949349056,2.935144815835473e-27,1.808746755096521e-49,4.4866769855379424e-05,0.0,0.0,0.0,0.0,2.8487299694351524e-27,0.0,0.0,3.575098766730355e-16,2.2699407675888902e-38,0.0,0.0,0.0,0.0,0.0006670486412937676,0.04554038019222898,0.02355103572184572,0.013522945238575848,0.0024350562798225624,0.002132558016602424,5.680170506404904e-05,6.386428934544226e-05,9.086402953404206e-06,0.007627923599350828,0.0030945520225625564,0.0014695726295990141,0.0014650450563305278,0.00041257854968103965,6.5401753431546975e-06,3.790529964240396e-07
295,1.0,0.63,0.7,0.18,0.68,0.15824996190943433,0.4819965660572052,263.44531501616433,0.0,0.0,0.0,0.0,1.0,0.0,0.0,0.0,0.0,0.0,0.0,0.0,0.0,0.0,0.0,0.0,0.0,0.0,0.0,0.0,0.0,0.6997213658320988,0.6300000000000001,0.6997890576585681,0.1802963048933922,0.6799999999999999,3.1955749606672184e-17,8.790295185568365e-13,2.4180103923827514e-08,0.0006651396950523018,0.9945995908127707,1.8819572931155564e-27,5.954267484980779e-50,1.4769826021982026e-05,0.0,0.0,0.0,0.0,9.377819300962816e-28,0.0,0.0,1.176897444728324e-16,7.472485834295574e-39,0.0,0.0,0.0,0.0,0.0009583359846999857,0.0510830458191808,0.025245090166339367,0.018976279751659424,0.002303383161439777,0.002190535986928447,6.619278219818091e-05,6.748470035055231e-05,0.00029128734340621806,0.005542665626951819,0.0016940544444936471,0.005453334513083576,0.00013167311838278547,5.7977970326022945e-05,9.391077134131864e-06,3.620411005110055e-06
296,1.0,0.63,0.7,0.18,0.68,0.21146009435954355,0.5465410351753235,263.44531501616433,0.0,0.0,0.0,0.0,1.0,0.0,0.0,0.0,0.0,0.0,0.0,0.0,0.0,0.0,0.0,0.0,0.0,0.0,0.0,0.0,0.0,0.6998426500114934,0.6300000000000001,0.6998808770370947,0.18016732874293814,0.6799999999999999,2.048939994537644e-17,5.636164881496684e-13,1.5503808426156393e-08,0.0004264745280338164,0.9965373635396516,1.2066741082084184e-27,1.9601031035882861e-50,4.862123157579216e-06,0.0,0.0,0.0,0.0,3.087112354806594e-28,0.0,0.0,3.874263861736064e-17,2.4598899381440103e-39,0.0,0.0,0.0,0.0,0.001104690865135809,0.06296701370764422,0.023582981323472328,0.031884406488893555,0.0035192520029308522,0.002039749275046222,0.00011698499225256119,7.51637872847165e-05,0.00014635488043582344,0.011883967888463423,0.001662108842867039,0.01290812673723413,0.0012158688414910753,0.00015078671188222502,5.0792210054380286e-05,7.679086934164192e-06
297,1.0,0.63,0.7,0.18,0.68,0.16804692621439957,0.5335083603858948,263.44531501616433,0.0,0.0,0.0,0.0,1.0,0.0,0.0,0.0,0.0,0.0,0.0,0.0,0.0,0.0,0.0,0.0,0.0,0.0,0.0,0.0,0.0,0.6999111415561952,0.6300000000000001,0.6999327291041001,0.18009449357346993,0.6799999999999999,1.3137401415673157e-17,3.6137983879733134e-13,9.94073790882656e-09,0.000273447103540204,0.997779825409362,7.736957734094428e-28,6.452521970817766e-51,1.6005768493335105e-06,0.0,0.0,0.0,0.0,1.016255739777482e-28,0.0,0.0,1.2753804962010893e-17,8.09778518416231e-40,0.0,0.0,0.0,0.0,0.0028023894990533175,0.05176579994576159,0.013946134681657243,0.024512832679178975,0.0028952174665524523,0.0010927926951789695,7.614191850364692e-05,6.300466240131958e-05,0.0016976986339175084,0.011201213761882635,0.009636846641815085,0.007371573809714579,0.0006240345363783999,0.0009469565798672524,4.084307374891427e-05,1.2159124883396921e-05
298,1.0,0.63,0.7,0.18,0.68,0.13579897444733108,0.3949909806251526,263.44531501616433,0.0,0.0,0.0,0.0,1.0,0.0,0.0,0.0,0.0,0.0,0.0,0.0,0.0,0.0,0.0,0.0,0.0,0.0,0.0,0.0,0.0,0.6999498200135974,0.6300000000000001,0.6999620109060016,0.18005336223335175,0.6799999999999999,8.42344414266155e-18,2.317096654108273e-13,6.373806193661789e-09,0.000175328920062954,0.9985764675935924,4.960785565212807e-28,2.124124986469656e-51,5.268986752482623e-07,0.0,0.0,0.0,0.0,3.3454426335428273e-29,0.0,0.0,4.1984631613636575e-18,2.665734099400982e-40,0.0,0.0,0.0,0.0,0.002095194357601754,0.0486512314473101,0.013620708220748174,0.0160161043286033,0.002487735968178593,0.0009479075322638383,7.241793013495682e-05,5.8374125700555434e-05,0.0007071951414515634,0.0031145684984514865,0.0003254264609090698,0.008496728350575675,0.00040748149837385944,0.00014488516291513123,3.7239883686901053e-06,4.630536700764148e-06
299,1.0,0.63,0.7,0.18,0.68,0.12249485352893569,0.3074377477169037,263.44531501616433,0.0,0.0,0.0,0.0,1.0,0.0,0.0,0.0,0.0,0.0,0.0,0.0,0.0,0.0,0.0,0.0,0.0,0.0,0.0,0.0,0.0,0.6999716624492266,0.6300000000000001,0.6999785468701805,0.18003013462020453,0.6799999999999999,5.4009471873097584e-18,1.4856769327108906e-13,4.0867595310293165e-09,0.00011241746506896932,0.999087258938717,3.1807584156208593e-28,6.992470507733733e-52,1.7345134917700286e-07,0.0,0.0,0.0,0.0,1.1012962560759116e-29,0.0,0.0,1.3821046322907276e-18,8.775409728832258e-41,0.0,0.0,0.0,0.0,0.001548440755319911,0.046384458229406955,0.013483782657454702,0.010881557358139757,0.0011071341607773223,0.0005019950745254753,7.291339291804022e-05,6.412849347187139e-05,0.000546753602281843,0.0022667732179031466,0.00013692556329347218,0.005134546970463543,0.0013806018074012706,0.00044591245773836297,4.954627830834081e-07,5.754367771315957e-06
300,1.0,0.63,0.7,0.18,0.68,0.13085681805368118,0.3403945863246918,263.44531501616433,0.0,0.0,0.0,0.0,1.0,0.0,0.0,0.0,0.0,0.0,0.0,0.0,0.0,0.0,0.0,0.0,0.0,0.0,0.0,0.0,0.0,0.6999839972708045,0.6300000000000001,0.6999878850288171,0.1800170175661293,0.6799999999999999,3.462981415448942e-18,9.525869127969923e-14,2.6203500635251962e-09,7.207987391923259e-05,0.9994147683317905,2.0394399164296297e-28,2.3018722585995302e-52,5.709896787488989e-08,0.0,0.0,0.0,0.0,3.6253900499928964e-30,0.0,0.0,4.549791533669313e-19,2.888803347872854e-41,0.0,0.0,0.0,0.0,0.0015411535960927621,0.05002160223174699,0.01436428923318848,0.010082237963934638,0.0003416745769311695,0.0006252422284695074,6.557108364951296e-05,6.0253501494885075e-05,7.2871592271489625e-06,0.003637144002340033,0.000880506575733778,0.0007993193942051197,0.0007654595838461529,0.00012324715394403216,7.342309268527263e-06,3.8749919769863155e-06
301,0.0,0.63,0.0,0.18,0.68,0.11539271302752359,0.3231460154056549,263.44531501616433,0.0,0.0,0.0,0.0,0.2,0.0,0.0,0.0,0.0,0.0,0.0,0.0,0.0,0.0,0.0,0.0,0.0,0.0,0.0,0.0,0.0,0.5145872721441449,0.6300000000000001,0.39529584386165695,0.1800096101279857,0.6799999999999999,2.2203957690832667e-18,6.107800467604669e-14,1.6801170715535415e-09,4.6216201557515706e-05,0.7125690716756197,1.3076488777959043e-28,7.577602063605114e-53,1.8796579835482622e-08,0.0,0.0,0.0,0.0,1.1934529825262139e-30,0.0,0.0,1.4977594688717145e-19,9.509738052757455e-42,0.0,0.0,0.0,0.0,0.0007251997430175812,0.04397929674042341,0.011063152637630242,0.00915696095827276,0.00019678271353161343,0.00032140774750506507,4.8912436447271345e-05,5.020798012808648e-05,0.0008159538530751809,0.006042305491323577,0.003301136595558238,0.0009252770056618776,0.00014489186339955605,0.0003038344809644424,1.6658647202241617e-05,1.0045521366798593e-05
302,0.0,0.63,0.0,0.18,0.68,0.07027673541145645,0.2031029462814331,263.44531501616433,0.0,0.0,0.0,0.0,0.2,0.0,0.0,0.0,0.0,0.0,0.0,0.0,0.0,0.0,0.0,0.0,0.0,0.0,0.0,0.0,0.0,0.37829444913768273,0.6300000000000001,0.22323072658302734,0.18000542701342834,0.6799999999999999,1.4236742216890367e-18,3.91620187627142e-14,1.0772581165464977e-09,2.9632922066404993e-05,0.5286492364741551,8.384388153951722e-29,2.494493463737519e-53,6.187702276612355e-09,0.0,0.0,0.0,0.0,3.928763531260605e-31,0.0,0.0,4.9305191457546156e-20,3.130539082857761e-42,0.0,0.0,0.0,0.0,0.0010732061049419956,0.027267408567392657,0.006984887146384626,0.00488276823743157,0.0001060843917896393,0.0001260300669369884,3.846710631586717e-05,3.838410359226534e-05,0.00034800636192441436,0.016711888173030754,0.0040782654912456156,0.00427419272084119,9.069832174197413e-05,0.00019537768056807666,1.0445330131404174e-05,1.1823876535821145e-05
303,0.0,0.63,0.0,0.18,0.68,0.040095351501330735,0.10262951999902725,263.44531501616433,0.0,0.0,0.0,0.0,0.2,0.0,0.0,0.0,0.0,0.0,0.0,0.0,0.0,0.0,0.0,0.0,0.0,0.0,0.0,0.0,0.0,0.27809994143869177,0.6300000000000001,0.1260624366903948,0.18000306473283137,0.6799999999999999,9.128319904602899e-19,2.5109918401978263e-14,6.907167776066048e-10,1.9000048480852126e-05,0.41072344509970676,5.375905253298275e-29,8.211697563950454e-54,2.0369482001038008e-09,0.0,0.0,0.0,0.0,1.2933214052464164e-31,0.0,0.0,1.6230923290350443e-20,1.030551514135367e-42,0.0,0.0,0.0,0.0,0.0004370803815072183,0.01622034660040347,0.0040707653206281235,0.0027111338650740568,7.193685355128797e-05,7.105668094252915e-05,2.8430292712919523e-05,2.995166230658109e-05,0.0006361257234347773,0.011047061966989187,0.0029141218257565027,0.0021716343723575133,3.414753823835133e-05,5.497338599445926e-05,1.0036813602947648e-05,8.432441285684246e-06
304,0.0,0.63,0.0,0.18,0.68,0.02630987968881987,0.06742313504219055,263.44531501616433,0.0,0.0,0.0,0.0,0.2,0.0,0.0,0.0,0.0,0.0,0.0,0.0,0.0,0.0,0.0,0.0,0.0,0.0,0.0,0.0,0.0,0.20444280270170062,0.6300000000000001,0.07118974250352181,0.18000173071016898,0.6799999999999999,5.852899702146173e-19,1.6099987234424888e-14,4.4287405176088946e-10,1.2182458465140736e-05,0.3351117403803282,3.446925018472421e-29,2.70323325605175e-54,6.705490640021058e-10,0.0,0.0,0.0,0.0,4.257523375889869e-32,0.0,0.0,5.343106132831385e-21,3.3925033202818258e-43,0.0,0.0,0.0,0.0,0.0003895595348588822,0.010698760500492946,0.00238837410169935,0.0015064643245302923,0.00021805201685242272,8.149730980753772e-05,2.303838415025823e-05,2.30564388623268e-05,4.752084664833608e-05,0.0055215860999105245,0.0016823912189287736,0.0012046695405437645,0.00014611516330113476,1.0440628865008572e-05,5.391908562661293e-06,6.895223444254291e-06
305,0.0,0.63,0.0,0.18,0.68,0.02488486383444121,0.07878338545560837,263.44531501616433,0.0,0.0,0.0,0.0,0.0,0.0,0.0,0.0,0.0,0.0,0.0,0.0,0.0,0.0,0.0,0.0,0.0,0.0,0.0,0.0,0.0,0.15029438467444184,0.6300000000000001,0.0402021376928048,0.18000097736339637,0.6799999999999999,3.7527645044636483e-19,1.0322996068685861e-14,2.8396215653359493e-10,7.811153450710726e-06,0.21486707586449694,2.2101007222330757e-29,8.898854323013688e-55,2.2074004985064775e-10,0.0,0.0,0.0,0.0,1.401546840771187e-32,0.0,0.0,1.758913072041508e-21,1.1167883041518144e-43,0.0,0.0,0.0,0.0,0.0003093027114913037,0.00782868720637413,0.004679427952340595,0.0028791961264261847,0.001339800538190141,0.0004768935206586024,1.6661795577588304e-05,1.6993664921313164e-05,8.02568233675785e-05,0.002870073294118815,0.0022910538506412453,0.0013727318018958924,0.0011217485213377183,0.00039539621085106464,6.376588572669926e-06,6.062773941013636e-06
306,0.0,0.63,0.0,0.18,0.68,0.024739040413992202,0.06857024878263474,263.44531501616433,0.0,0.0,0.0,0.0,0.0,0.0,0.0,0.0,0.0,0.0,0.0,0.0,0.0,0.0,0.0,0.0,0.0,0.0,0.0,0.0,0.0,0.11048763647418536,0.6300000000000001,0.022702875698578078,0.18000055193482173,0.6799999999999999,2.406199002658148e-19,6.618902629080895e-15,1.8207096582561797e-10,5.008358403612684e-06,0.13776855516360667,1.4170732395507265e-29,2.9294404426601736e-55,7.266607653920076e-11,0.0,0.0,0.0,0.0,4.61379392066198e-33,0.0,0.0,5.790218494797261e-22,3.676388785926598e-44,0.0,0.0,0.0,0.0,0.00015188936346702866,0.007932347431806116,0.00434392973991134,0.002417915591246978,0.0005501243767083229,0.00038374712804059634,1.242380801300587e-05,1.1941375266365367e-05,0.00015741334802427505,0.00010366022543198579,0.0003354982124292548,0.0004612805351792066,0.0007896761614818182,9.314639261800604e-05,4.2379875645824335e-06,5.052289654947797e-06
307,0.0,0.63,0.0,0.18,0.68,0.02116540562371776,0.06198843568563461,263.44531501616433,0.0,0.0,0.0,0.0,0.0,0.0,0.0,0.0,0.0,0.0,0.0,0.0,0.0,0.0,0.0,0.0,0.0,0.0,0.0,0.0,0.0,0.08122404466470842,0.6300000000000001,0.012820725328676608,0.180000311687596,0.6799999999999999,1.5428076111641208e-19,4.243910558694136e-15,1.1674033258988673e-10,3.211261186624808e-06,0.08833449571323496,9.08599570168829e-30,9.643512519246163e-56,2.3921162848217456e-11,0.0,0.0,0.0,0.0,1.518828605872668e-33,0.0,0.0,1.906099326362904e-22,1.2102414087826555e-44,0.0,0.0,0.0,0.0,8.443030095662405e-05,0.006860776084393696,0.0037352251364898633,0.0022366865745277855,0.0003661994121452087,0.00029485105420610347,8.14442288388794e-06,9.207767759169284e-06,6.745906251040461e-05,0.0010715713474124203,0.0006087046034214771,0.00018122901671919264,0.0001839249645631142,8.889607383449287e-05,4.2793851291179305e-06,2.733607507196083e-06
308,0.0,0.63,0.0,0.18,0.68,0.02100793221969211,0.06305529177188873,263.44531501616433,0.0,0.0,0.0,0.0,0.0,0.0,0.0,0.0,0.0,0.0,0.0,0.0,0.0,0.0,0.0,0.0,0.0,0.0,0.0,0.0,0.0,0.05971116445445886,0.6300000000000001,0.007240095930387567,0.18000017601563387,0.6799999999999999,9.892179833989013e-20,2.721112220485492e-15,7.485161179542566e-11,2.058997694990131e-06,0.05663834627317615,5.825762253281396e-30,3.174576699173588e-56,7.874679069844175e-12,0.0,0.0,0.0,0.0,4.999877267353395e-34,0.0,0.0,6.274745323040407e-23,3.984029853260112e-45,0.0,0.0,0.0,0.0,0.00016219136623909507,0.00636464415842588,0.0030842233958372186,0.0029112371417903573,0.0003551944563044876,0.00018342359712817156,9.484650146112374e-06,7.028394890011326e-06,7.776106528247103e-05,0.0004961319259678158,0.0006510017406526447,0.0006745505672625719,1.1004955840721085e-05,0.00011142745707793192,1.3402272622244344e-06,2.1793728691579585e-06
309,0.0,0.63,0.0,0.18,0.68,0.015517924689801798,0.051824960857629776,263.44531501616433,0.0,0.0,0.0,0.0,0.0,0.0,0.0,0.0,0.0,0.0,0.0,0.0,0.0,0.0,0.0,0.0,0.0,0.0,0.0,0.0,0.0,0.043896153844904445,0.6300000000000001,0.004088613376964487,0.1800000993992182,0.6799999999999999,6.342671708376039e-20,1.744723790492384e-15,4.79933855255992e-11,1.3201889418501535e-06,0.036315396863465355,3.735364504459533e-30,1.0450483886263122e-56,2.5922891310303833e-12,0.0,0.0,0.0,0.0,1.6459245363128907e-34,0.0,0.0,2.0656021606253535e-23,1.311514690910588e-45,0.0,0.0,0.0,0.0,0.0001373913821826134,0.004583325480789638,0.00148758081706015,0.002337241914493105,0.0002670502864995604,0.0001474317863580507,1.0205796438981524e-05,5.376189999567825e-06,2.4799984056481664e-05,0.0017813186776362419,0.0015966425787770685,0.0005739952272972525,8.814416980492719e-05,3.5991810770120855e-05,7.211462928691494e-07,1.6522048904435011e-06
310,0.0,0.63,0.0,0.18,0.68,0.008000376554163222,0.026292473077774048,263.44531501616433,0.0,0.0,0.0,0.0,0.0,0.0,0.0,0.0,0.0,0.0,0.0,0.0,0.0,0.0,0.0,0.0,0.0,0.0,0.0,0.0,0.0,0.03226988352982342,0.6300000000000001,0.002308914067855188,0.18000005613253983,0.6799999999999999,4.066796709660233e-20,1.1186826776908895e-15,3.0772417573372255e-11,8.464792585364122e-07,0.023284720266904674,2.3950424638968287e-30,3.44022601455733e-57,8.533634043058512e-13,0.0,0.0,0.0,0.0,5.41826815815182e-35,0.0,0.0,6.799817468787256e-24,4.317414396548184e-46,0.0,0.0,0.0,0.0,4.251947404313967e-05,0.0027867340452597546,0.0007890856500867144,0.0011544850446462138,0.00017068542072706016,5.611115113821232e-05,5.1668014568910825e-06,3.525333793612103e-06,9.487190813947373e-05,0.0017965914355298836,0.0006984951669734357,0.001182756869846891,9.636486577250026e-05,9.132063521983839e-05,5.038994982090441e-06,1.8508562059557219e-06
311,0.0,0.63,0.0,0.18,0.68,0.005277503392420628,0.016279837116599083,263.44531501616433,0.0,0.0,0.0,0.0,0.0,0.0,0.0,0.0,0.0,0.0,0.0,0.0,0.0,0.0,0.0,0.0,0.0,0.0,0.0,0.0,0.0,0.0237229299566356,0.6300000000000001,0.0013038856162764778,0.18000003169906248,0.6799999999999999,2.6075502939656094e-20,7.172773938117062e-16,1.9730670652623585e-11,5.427458997862768e-07,0.014929705985216776,1.5356542573076042e-30,1.132498280466611e-57,2.8092124874936894e-13,0.0,0.0,0.0,0.0,1.7836558837264357e-35,0.0,0.0,2.2384522290984665e-24,1.4212625448045626e-46,0.0,0.0,0.0,0.0,0.00012506329580120245,0.0019085241150528375,0.0005667236026505311,0.0005152690257859866,7.595045450581375e-05,2.9255553858557918e-05,2.9902477102767352e-06,2.344784071398419e-06,8.254382175806277e-05,0.0008782099302069172,0.00022236204743618327,0.0006392160188602273,9.473496622124641e-05,2.6855597279654405e-05,2.1765537466143473e-06,1.180549722213684e-06
312,0.0,0.63,0.0,0.18,0.68,0.0036820951509915737,0.010182669386267662,263.44531501616433,0.0,0.0,0.0,0.0,0.0,0.0,0.0,0.0,0.0,0.0,0.0,0.0,0.0,0.0,0.0,0.0,0.0,0.0,0.0,0.0,0.0,0.01743970985229392,0.6300000000000001,0.0007363278365365825,0.18000001790103504,0.6799999999999999,1.6719101103355116e-20,4.599041979762153e-16,1.2650919073032696e-11,3.479980268437302e-07,0.009572634682746311,9.84631393194603e-31,3.728104926341191e-58,9.247730521453263e-14,0.0,0.0,0.0,0.0,5.871670095850557e-36,0.0,0.0,7.368827773621907e-25,4.678696635836813e-47,0.0,0.0,0.0,0.0,3.4581370574347216e-05,0.0013987205509412588,0.0004286426419121538,0.00030110317469707847,1.8817150250456885e-05,1.5320423670688022e-05,1.7986785282036077e-06,1.7962426789619263e-06,9.048192522685523e-05,0.0005098035641115787,0.00013808096073837731,0.0002141658510889081,5.713330425535687e-05,1.3935130187869895e-05,1.1915691820731275e-06,5.485413924364925e-07
313,0.0,0.63,0.0,0.18,0.68,0.003135471238883167,0.008247786201536655,263.44531501616433,0.0,0.0,0.0,0.0,0.0,0.0,0.0,0.0,0.0,0.0,0.0,0.0,0.0,0.0,0.0,0.0,0.0,0.0,0.0,0.0,0.0,0.01282065412190474,0.6300000000000001,0.0004158176730309752,0.18000001010903888,0.6799999999999999,1.0719959739648915e-20,2.9488155229895647e-16,8.111521205243025e-12,2.231295100245207e-07,0.006137785624181335,6.31326339148843e-31,1.2272659995636285e-58,3.044288040799561e-14,0.0,0.0,0.0,0.0,1.932912622275376e-36,0.0,0.0,2.425766431440473e-25,1.5401941245979168e-47,0.0,0.0,0.0,0.0,6.957166771968137e-05,0.001203844523627874,0.0003218858777557058,0.0002492956663269759,6.3663923893381465e-06,1.1493305106168693e-05,1.2979542172913081e-06,1.372344711803772e-06,3.499029714533416e-05,0.0001948760273133847,0.00010675676415644803,5.180750837010254e-05,1.2450757861118738e-05,3.82711856451933e-06,5.007243109122996e-07,4.238979671581542e-07
314,0.0,0.63,0.0,0.18,0.68,0.0018678248475211038,0.005057553760707378,263.44531501616433,0.0,0.0,0.0,0.0,0.0,0.0,0.0,0.0,0.0,0.0,0.0,0.0,0.0,0.0,0.0,0.0,0.0,0.0,0.0,0.0,0.0,0.009424994653330934,0.6300000000000001,0.0002348197754116888,0.18000000570875746,0.6799999999999999,6.873427949821566e-21,1.8907226824387288e-16,5.200948317135536e-12,1.4306626590770764e-07,0.0039354277706123795,4.0479406736151645e-31,4.040073612314066e-59,1.0021582758986828e-14,0.0,0.0,0.0,0.0,6.363012812984448e-37,0.0,0.0,7.985452992900103e-26,5.070211056805699e-48,0.0,0.0,0.0,0.0,1.6238033928176474e-05,0.0007202115349741695,0.00020010642093990316,0.0001421965277339539,3.2507231482687807e-06,3.5677778715735817e-06,8.602891721244392e-07,1.0428240247545953e-06,5.33336337915049e-05,0.0004836329886537046,0.00012177945681580263,0.00010709913859302203,3.115669241069366e-06,7.92552723459511e-06,4.376650451668689e-07,3.295206870491768e-07
315,0.0,0.63,0.0,0.18,0.68,0.0011202053666631913,0.002950091380625963,263.44531501616433,0.0,0.0,0.0,0.0,0.0,0.0,0.0,0.0,0.0,0.0,0.0,0.0,0.0,0.0,0.0,0.0,0.0,0.0,0.0,0.0,0.0,0.006928704524018413,0.6300000000000001,0.00013260698258077272,0.1800000032238388,0.6799999999999999,4.407107202711899e-21,1.21229430393939e-16,3.334746062185082e-12,9.173128394592715e-08,0.002523319106599276,2.595460173449983e-31,1.3299639034015456e-59,3.2990347709950678e-15,0.0,0.0,0.0,0.0,2.0946591993663368e-37,0.0,0.0,2.6287551297323675e-26,1.6690779266065467e-48,0.0,0.0,0.0,0.0,1.963436652920814e-05,0.00043788242822470044,0.00011393708531543106,7.682751939663848e-05,1.9221454095813065e-06,2.5465313072147803e-06,7.856947350496843e-07,7.729586019855513e-07,3.3963326010316663e-06,0.000282329106749469,8.61693356244721e-05,6.536900833731542e-05,1.3285777386874742e-06,1.0212465643588015e-06,7.459443707475493e-08,2.6986542276904396e-07
316,0.0,0.63,0.0,0.18,0.68,0.0007128359913624053,0.0017152299406006932,263.44531501616433,0.0,0.0,0.0,0.0,0.0,0.0,0.0,0.0,0.0,0.0,0.0,0.0,0.0,0.0,0.0,0.0,0.0,0.0,0.0,0.0,0.0,0.005093578102369199,0.6300000000000001,7.488556616812962e-05,0.1800000018205602,0.6799999999999999,2.8257507080872657e-21,7.772993326912795e-17,2.1381737754670922e-12,5.881630027162803e-08,0.00161790272490205,1.6641581621671374e-31,4.378147910374195e-60,1.086019113146036e-15,0.0,0.0,0.0,0.0,6.895471202787198e-38,0.0,0.0,8.653677553719567e-27,5.494487495438334e-49,0.0,0.0,0.0,0.0,1.8883224200143472e-05,0.0002781957153182268,6.637597877857832e-05,4.5743409508272086e-05,9.354317564645808e-07,1.1167256334074313e-06,5.359433429990133e-07,5.00507170827704e-07,7.511423290646684e-07,0.00015968671290647363,4.7561106536852746e-05,3.1084109888366394e-05,9.867136531167257e-07,1.429805673807349e-06,2.49751392050671e-07,2.724514311578474e-07
317,0.0,0.63,0.0,0.18,0.68,0.00047229195592703307,0.0015947105130180717,263.44531501616433,0.0,0.0,0.0,0.0,0.0,0.0,0.0,0.0,0.0,0.0,0.0,0.0,0.0,0.0,0.0,0.0,0.0,0.0,0.0,0.0,0.0,0.0037445005476850757,0.6300000000000001,4.2289236291953954e-05,0.18000000102810335,0.6799999999999999,1.8118159366176123e-21,4.983890880613391e-17,1.3709550918847328e-12,3.7711858254175306e-08,0.0010373674975945784,1.0670255768272046e-31,1.44125559168102e-60,3.575098766730355e-16,0.0,0.0,0.0,0.0,2.2699407675888902e-38,0.0,0.0,2.8487299694351524e-27,1.808746755096521e-49,0.0,0.0,0.0,0.0,1.3342844596644373e-06,0.0001066843409111772,5.0956589384623766e-05,3.97534276546042e-05,2.6921887301258782e-05,7.041158332794631e-06,3.603949052540386e-07,4.010914842628734e-07,1.7548939740479036e-05,0.0001715113744070496,1.541938939395455e-05,5.989981853667888e-06,2.59864555447942e-05,5.9244326993872e-06,1.7554843774497474e-07,9.941568656483057e-08
318,0.0,0.63,0.0,0.18,0.68,0.0005745455852961029,0.0016685797600075603,263.44531501616433,0.0,0.0,0.0,0.0,0.0,0.0,0.0,0.0,0.0,0.0,0.0,0.0,0.0,0.0,0.0,0.0,0.0,0.0,0.0,0.0,0.0,0.00275273767670158,0.6300000000000001,2.3881498099934614e-05,0.1800000005805886,0.6799999999999999,1.1617008460040627e-21,3.195573090724203e-17,8.790295183346771e-13,2.4180103923827514e-08,0.0006651396950523018,6.841558738147634e-32,4.744512344203259e-61,1.176897444728324e-16,0.0,0.0,0.0,0.0,7.472485834295574e-39,0.0,0.0,9.377819300962816e-28,5.954267484980779e-50,0.0,0.0,0.0,0.0,3.2234806869409123e-06,0.00018008574807910565,9.844552172604204e-05,5.700846361722665e-05,1.8181283382154434e-05,8.264496244035704e-06,2.73698400306569e-07,3.1693196377539375e-07,1.889196227276475e-06,7.340140716792845e-05,4.748893234141828e-05,1.725503596262245e-05,8.740603919104349e-06,1.223337911241073e-06,8.669650494746959e-08,8.415952048747962e-08
319,0.0,0.63,0.0,0.18,0.68,0.0004884903702333341,0.0013472603168338537,263.44531501616433,0.0,0.0,0.0,0.0,0.0,0.0,0.0,0.0,0.0,0.0,0.0,0.0,0.0,0.0,0.0,0.0,0.0,0.0,0.0,0.0,0.0,0.0020236516513309133,0.6300000000000001,1.3486314757726947e-05,0.1800000003278689,0.6799999999999999,7.448597996802918e-22,2.048938795566855e-17,5.636164880072243e-13,1.5503808426156393e-08,0.0004264745280338164,4.3866732891918507e-32,1.561860194279761e-61,3.874263861736064e-17,0.0,0.0,0.0,0.0,2.4598899381440103e-39,0.0,0.0,3.087112354806594e-28,1.9601031035882861e-50,0.0,0.0,0.0,0.0,1.923263971017451e-06,0.00015980431617478656,8.288680041347993e-05,4.8482899830777945e-05,8.891841227211324e-06,7.700715375085164e-06,2.1972568665791486e-07,2.2209633356521574e-07,1.3002167159234612e-06,2.028143190431909e-05,1.5558721312562118e-05,8.525563786448703e-06,9.28944215494311e-06,5.637808689505396e-07,5.3972713648654146e-08,9.483563021017801e-08
